:020000040800F2
:10000000000002206D200008311800083318000895
:1000100035180008371800083918000800000000DB
:1000200000000000000000000000000081500008F7
:100030003B1800080000000021510008855100080D
:10004000BD200008BD200008BD200008BD2000081C
:10005000BD200008BD200008BD200008BD2000080C
:10006000BD200008BD200008BD200008BD200008FC
:100070003D180008BD200008BD200008BD20000874
:10008000BD200008BD200008BD200008BD200008DC
:100090004D180008BD200008BD200008BD20000844
:1000A000BD200008BD200008BD200008BD200008BC
:1000B000BD200008BD200008BD200008BD200008AC
:1000C000BD200008BD200008BD200008BD2000089C
:1000D000BD2000085D180008BD200008018100084F
:1000E000BD200008BD200008BD200008BD2000087C
:1000F000BD200008BD200008BD200008BD2000086C
:10010000BD200008BD200008BD200008BD2000085B
:10011000BD200008BD200008BD2000086D180008A3
:10012000BD2000087D1800088D180008BD200008BB
:10013000BD200008BD200008BD200008BD2000082B
:100140009D180008BD200008BD200008BD20000843
:10015000BD200008AD180008BD180008CD18000823
:10016000BD200008BD200008BD200008BD200008FB
:10017000BD200008BD200008BD20000800000000D0
:08018000BD200008BD200008AD
:1001C00081F0004102E000BF83F0004330B54FEA08
:1001D00041044FEA430594EA050F08BF90EA020F75
:1001E0001FBF54EA000C55EA020C7FEA645C7FEA08
:1001F000655C00F0E2804FEA5454D4EB5555B8BF2B
:100200006D420CDD2C4480EA020281EA030382EA9B
:10021000000083EA010180EA020281EA0303362D2D
:1002200088BF30BD11F0004F4FEA01314FF4801C00
:100230004CEA113102D0404261EB410113F0004F12
:100240004FEA03334CEA133302D0524263EB4303C9
:1002500094EA050F00F0A780A4F10104D5F1200E67
:100260000DDB02FA0EFC22FA05F2801841F10001C2
:1002700003FA0EF2801843FA05F359410EE0A5F196
:1002800020050EF1200E012A03FA0EFC28BF4CF0C7
:10029000020C43FA05F3C01851EBE37101F000457D
:1002A00007D54FF0000EDCF1000C7EEB00006EEB8A
:1002B0000101B1F5801F1BD3B1F5001F0CD3490814
:1002C0005FEA30004FEA3C0C04F101044FEA44526B
:1002D00012F5800F80F09A80BCF1004F08BF5FEAF2
:1002E000500C50F1000041EB045141EA050130BDD2
:1002F0005FEA4C0C404141EB0101013C28BFB1F5E4
:10030000801FE9D291F0000F04BF01460020B1FA2E
:1003100081F308BF2033A3F10B03B3F120020CDA01
:100320000C3208DD02F1140CC2F10C0201FA0CF0DF
:1003300021FA02F10CE002F11402D8BFC2F1200C44
:1003400001FA02F120FA0CFCDCBF41EA0C019040FA
:10035000E41AA2BF01EB0451294330BD6FEA040443
:100360001F3C1CDA0C340EDC04F11404C4F120022E
:1003700020FA04F001FA02F340EA030021FA04F340
:1003800045EA030130BDC4F10C04C4F1200220FA97
:1003900002F001FA04F340EA0300294630BD21FAD5
:1003A00004F0294630BD94F0000F83F4801306BF9B
:1003B00081F480110134013D4EE77FEA645C18BF8F
:1003C0007FEA655C29D094EA050F08BF90EA020F26
:1003D00005D054EA000C04BF1946104630BD91EA1E
:1003E000030F1EBF0021002030BD5FEA545C05D121
:1003F0004000494128BF41F0004130BD14F5800460
:100400003CBF01F5801130BD01F0004545F0FE41D3
:1004100041F470014FF0000030BD7FEA645C1ABF08
:10042000194610467FEA655C1CBF0B46024650EA3F
:10043000013406BF52EA033591EA030F41F400216B
:1004400030BD00BF90F0000F04BF0021704730B5F1
:100450004FF4806404F132044FF000054FF00001C6
:1004600050E700BF90F0000F04BF0021704730B587
:100470004FF4806404F1320410F0004548BF40425C
:100480004FF000013EE700BF42004FEAE2014FEAB1
:1004900031014FEA02701FBF12F07F4393F07F4F8C
:1004A00081F06051704732F07F4208BF704793F08F
:1004B0007F4F04BF41F40021704730B54FF46074A2
:1004C00001F0004521F000411CE700BF50EA0102A5
:1004D00008BF704730B54FF000050AE050EA01024E
:1004E00008BF704730B511F0004502D5404261EBBE
:1004F00041014FF4806404F132045FEA915C3FF4FF
:10050000D8AE4FF003025FEADC0C18BF03325FEA9B
:10051000DC0C18BF033202EBDC02C2F1200300FA4C
:1005200003FC20FA02F001FA03FE40EA0E0021FA71
:1005300002F11444BDE600BF4FEA4102B2F1E043CC
:1005400024BFB3F5001CDCF1FE5C0DD901F0004CBA
:100550004FEAC0024CEA5070B2F1004F40EB83000A
:1005600008BF20F00100704711F0804F21D113F136
:100570003872BCBF01F00040704741F480114FEA6F
:100580005252C2F11802C2F1200C10FA0CF320FAF8
:1005900002F018BF40F001004FEAC1234FEAD32315
:1005A00003FA0CFC40EA0C0023FA02F34FEA43037F
:1005B000CCE77FEA625307D150EA01331EBF4FF008
:1005C000FE4040F44000704701F0004040F0FE4023
:1005D00040F40000704700BF53B94AB9002908BF72
:1005E00000281CBF4FF0FF314FF0FF3000F00CB877
:1005F000ADF1080C6DE904CE07F042FFDDF804E030
:10060000DDE9022304B07047704700BF844641EA29
:10061000000313F003036DD1403A41D351F8043B7A
:1006200040F8043B51F8043B40F8043B51F8043BCC
:1006300040F8043B51F8043B40F8043B51F8043BBC
:1006400040F8043B51F8043B40F8043B51F8043BAC
:1006500040F8043B51F8043B40F8043B51F8043B9C
:1006600040F8043B51F8043B40F8043B51F8043B8C
:1006700040F8043B51F8043B40F8043B51F8043B7C
:1006800040F8043B51F8043B40F8043B51F8043B6C
:1006900040F8043B51F8043B40F8043B403ABDD2DB
:1006A000303211D351F8043B40F8043B51F8043B7D
:1006B00040F8043B51F8043B40F8043B51F8043B3C
:1006C00040F8043B103AEDD20C3205D351F8043B0C
:1006D00040F8043B043AF9D2043208D0D2071CBFD8
:1006E00011F8013B00F8013B01D30B880380604601
:1006F000704700BF082A13D38B078DD010F0030377
:100700008AD0C3F10403D21ADB071CBF11F8013BE6
:1007100000F8013B80D331F8023B20F8023B7BE735
:10072000043AD9D3013A11F8013B00F8013BF9D260
:100730000B7803704B7843708B78837060467047FA
:1007400001F0FF01102A2BDB10F0070F08D010F882
:10075000013B013A8B422DD010F0070F42B3F6D186
:10076000F0B441EA012141EA014122F007047FF09F
:1007700000070023F0E80256083C85EA010586EAF6
:10078000010685FA47F5A3FA87F586FA47F6A5FA32
:1007900087F68EB9EED1F0BC01F0FF0102F007023E
:1007A00032B110F8013B013A83EA010313B1F8D1E9
:1007B0000020704701387047002D06BF35460338CA
:1007C000073815F0010F07D1013015F4807F02BF03
:1007D000013015F4C03F0130F0BC0138704700BF54
:1007E0000000000000000000000000000000000009
:1007F00000000000000000000000000000000000F9
:1008000030B490F800F020F007016FF0000C10F009
:10081000070491F820F040F048804FF000046FF09A
:100820000700D1E9002391F840F000F1080082FAB6
:100830004CF2A4FA8CF283FA4CF3A2FA8CF34BBB81
:10084000D1E9022382FA4CF200F10800A4FA8CF2FA
:1008500083FA4CF3A2FA8CF3E3B9D1E9042382FAC8
:100860004CF200F10800A4FA8CF283FA4CF3A2FADD
:100870008CF37BB9D1E9062301F1200182FA4CF215
:1008800000F10800A4FA8CF283FA4CF3A2FA8CF37C
:10089000002BC6D0002A04BF04301A4612BAB2FA9E
:1008A00082F200EBD20030BC7047D1E9002304F0A3
:1008B0000305C4F100004FEAC50514F0040F91F8D8
:1008C00040F00CFA05F562EA05021CBF63EA050375
:1008D00062464FF00004AAE770B54FF0FF0C4CF4ED
:1008E000E06C1CEA11541DBF1CEA135594EA0C0F6E
:1008F00095EA0C0F00F0DEF82C4481EA030621EAA9
:100900004C5123EA4C5350EA013518BF52EA0335E3
:1009100041F4801143F4801338D0A0FB02CE4FF095
:100920000005E1FB02E506F00042E0FB03E54FF0C5
:100930000006E1FB03569CF0000F18BF4EF0010EBD
:10094000A4F1FF04B6F5007F64F5407404D25FEAB9
:100950004E0E6D4146EB060642EAC62141EA55516C
:100960004FEAC52040EA5E504FEACE2EB4F1FD0CAE
:1009700088BFBCF5E06F1ED8BEF1004F08BF5FEA2C
:10098000500E50F1000041EB045170BD06F00046DE
:1009900046EA010140EA020081EA0301B4EB5C048B
:1009A000C2BFD4EB0C0541EA045170BD41F4801183
:1009B0004FF0000E013C00F3AB8014F1360FDEBFA8
:1009C000002001F0004170BDC4F10004203C35DA84
:1009D0000C341BDC04F11404C4F1200500FA05F307
:1009E00020FA04F001FA05F240EA020001F00042A8
:1009F00021F0004110EBD37021FA04F642EB06011E
:100A00005EEA430E08BF20EAD37070BDC4F10C0447
:100A1000C4F1200500FA04F320FA05F001FA04F20B
:100A200040EA020001F0004110EBD37041F10001F7
:100A30005EEA430E08BF20EAD37070BDC4F1200502
:100A400000FA05F24EEA020E20FA04F301FA05F26A
:100A500043EA020321FA04F001F0004121FA04F212
:100A600020EA020000EBD3705EEA430E08BF20EAE2
:100A7000D37070BD94F0000F0FD101F0004640001C
:100A800041EB010111F4801F08BF013CF7D041EA9E
:100A9000060195F0000F18BF704703F000465200A2
:100AA00043EB030313F4801F08BF013DF7D043EA73
:100AB0000603704794EA0C0F0CEA135518BF95EA29
:100AC0000C0F0CD050EA410618BF52EA4306D1D1B0
:100AD00081EA030101F000414FF0000070BD50EACF
:100AE000410606BF1046194652EA430619D094EA59
:100AF0000C0F02D150EA013613D195EA0C0F05D143
:100B000052EA03361CBF104619460AD181EA030196
:100B100001F0004141F0FE4141F470014FF000004E
:100B200070BD41F0FE4141F4780170BD70B54FF0E9
:100B3000FF0C4CF4E06C1CEA11541DBF1CEA135569
:100B400094EA0C0F95EA0C0F00F0A7F8A4EB05044B
:100B500081EA030E52EA03354FEA013100F0888042
:100B60004FEA03334FF0805545EA131343EA12630B
:100B70004FEA022245EA111545EA10654FEA0026C0
:100B80000EF000419D4208BF964244F1FD0404F579
:100B9000407402D25B084FEA3202B61A65EB0305D5
:100BA0005B084FEA32024FF480104FF4002CB6EB92
:100BB000020E75EB030E22BFB61A754640EA0C0012
:100BC0005B084FEA3202B6EB020E75EB030E22BF52
:100BD000B61A754640EA5C005B084FEA3202B6EB93
:100BE000020E75EB030E22BFB61A754640EA9C0052
:100BF0005B084FEA3202B6EB020E75EB030E22BF22
:100C0000B61A754640EADC0055EA060E18D04FEADF
:100C1000051545EA16754FEA06164FEAC30343EA7F
:100C200052734FEAC2025FEA1C1CC0D111F4801F4C
:100C30000BD141EA00014FF000004FF0004CB6E745
:100C400011F4801F04BF01430020B4F1FD0C88BFE4
:100C5000BCF5E06F3FF6AFAEB5EB030C04BFB6EBEF
:100C6000020C5FEA500C50F1000041EB045170BDE2
:100C70000EF0004E4EEA113114EB5C04C2BFD4EB0F
:100C80000C0541EA045170BD41F480114FF0000E93
:100C9000013C90E645EA060E8DE60CEA135594EA0F
:100CA0000C0F08BF95EA0C0F3FF43BAF94EA0C0F12
:100CB0000AD150EA01347FF434AF95EA0C0F7FF487
:100CC00025AF104619462CE795EA0C0F06D152EADB
:100CD00003353FF4FDAE1046194622E750EA4106BF
:100CE00018BF52EA43067FF4C5AE50EA41047FF4D0
:100CF0000DAF52EA43057FF4EBAE12E74FF0FF3C35
:100D000006E000BF4FF0010C02E000BF4FF0010C05
:100D10004DF804CD4FEA410C7FEA6C5C4FEA430C7E
:100D200018BF7FEA6C5C1BD001B050EA410C0CBFCD
:100D300052EA430C91EA030F02BF90EA020F00202F
:100D4000704710F1000F91EA030F58BF994208BF96
:100D500090422CBFD8176FEAE37040F00100704753
:100D60004FEA410C7FEA6C5C02D150EA013C07D1AA
:100D70004FEA430C7FEA6C5CD6D152EA033CD3D0F5
:100D80005DF8040B704700BF8446104662468C46EF
:100D90001946634600E000BF01B5FFF7B7FF002822
:100DA00048BF10F1000F01BD4DF808EDFFF7F4FF4B
:100DB0000CBF012000205DF808FB00BF4DF808EDD6
:100DC000FFF7EAFF34BF012000205DF808FB00BFF9
:100DD0004DF808EDFFF7E0FF94BF012000205DF81B
:100DE00008FB00BF4DF808EDFFF7CEFF94BF0120D0
:100DF00000205DF808FB00BF4DF808EDFFF7C4FFC9
:100E000034BF012000205DF808FB00BF4FEA410C11
:100E10007FEA6C5C02D150EA013C0AD14FEA430CF4
:100E20007FEA6C5C02D152EA033C02D14FF0000031
:100E300070474FF0010070474FEA410212F500126F
:100E400015D211D56FF47873B3EB625212D94FEA11
:100E5000C12343F0004343EA505311F0004F23FAFB
:100E600002F018BF404270474FF00000704750EA50
:100E7000013005D111F0004008BF6FF0004070470D
:100E80004FF00000704700BF0348044B834202D07C
:100E9000034B03B1184770479407002094070020C4
:100EA000000000000548064B1B1AD90F01EBA301F7
:100EB000491002D0034B03B1184770479407002034
:100EC000940700200000000010B5064C237843B9B9
:100ED000FFF7DAFF044B13B10448AFF3008001239E
:100EE000237010BD9807002000000000C802010810
:100EF00008B5054B1BB105490548AFF30080BDE8B7
:100F00000840FFF7CFBF00BF000000009C07002093
:100F1000C802010808B50D480D4B03600323436068
:100F200000238360C3604FF4102202614FF400126B
:100F30004261037643768376C3760377437701F085
:100F4000FFF800B908BD00F0C3FAFBE7E007002096
:100F50000064004008B50D480D4B03600323436057
:100F600000238360C3604FF4102202614FF400122B
:100F70004261037643768376C3760377437701F045
:100F8000DFF800B908BD00F0A3FAFBE7B8070020BE
:100F90000068004010B58AB00023059306930793BC
:100FA0000893099303683D4A934204D03C4A934214
:100FB00034D00AB010BD3B4A136801331360012BD3
:100FC0001FD000240194384B1A6B42F008021A63B8
:100FD0001B6B03F008030193019B0323059302227B
:100FE000069208930923099305A9304801F052FF9E
:100FF00022460521142001F0D7FC142001F0E4FC66
:10100000D7E700230093284B1A6C42F000721A6451
:101010001B6C03F000730093009BD2E70023029344
:10102000214B1A6C42F080621A641B6C03F08063DF
:101030000293029B1B4A136801331360012B20D0DB
:1010400000240494184B1A6B42F002021A631B6BC3
:1010500003F002030493049B602305930223069389
:10106000032308930923099305A9114801F012FFEE
:1010700022460521402001F097FC402001F0A4FC0D
:1010800097E700230393084B1A6C42F000721A642E
:101090001B6C03F000730393039BD1E700640040D3
:1010A00000680040B407002000380240000C0240F5
:1010B0000004024010B582B0002400941E4B1A6B4D
:1010C00042F480021A631A6B02F480020092009AC2
:1010D00001941A6B42F400121A631B6B03F40013A1
:1010E0000193019B224605210C2001F05DFC0C20A0
:1010F00001F06AFC22460521392001F055FC392017
:1011000001F062FC224605213A2001F04DFC3A2014
:1011100001F05AFC22460521452001F045FC4520FE
:1011200001F052FC22460521462001F03DFC4620FC
:1011300001F04AFC02B010BD0038024008B50120A1
:1011400003F0FDFEFBE70000034B0360034B0B6065
:1011500080231360704700BF080A002008080020A1
:1011600010B5DCB0754C0DF5AA7CA646BEE80F00A4
:10117000ACE80F009EE807008CE80700002155A8A6
:1011800003F0AAFE6E4B18600DF59C7C04F11C0E5A
:10119000BEE80F00ACE80F009EE807008CE80700EF
:1011A00000214EA803F098FE664B18600DF58E7C6A
:1011B00004F1380EBEE80F00ACE80F009EE807000F
:1011C0008CE80700002147A803F086FE5E4B1860FC
:1011D0000DF5807C04F1540EBEE80F00ACE80F0062
:1011E0009EE807008CE80700002140A803F074FE89
:1011F000564B18600DF1E40C04F1700EBEE80F00C0
:10120000ACE80F009EE807008CE80700002139A831
:1012100003F062FE4E4B18600DF1C80C04F18C0E09
:10122000BEE80F00ACE80F009EE807008CE807005E
:10123000002132A803F050FE464B18600DF1AC0CB3
:1012400004F1A80EBEE80F00ACE80F009EE807000E
:101250008CE8070000212BA803F03EFE3E4B1860EF
:101260000DF1900C04F1C40EBEE80F00ACE80F00C5
:101270009EE807008CE80700002124A803F02CFE5C
:10128000364B18600DF1740C04F1E00EBEE80F004F
:10129000ACE80F009EE807008CE8070000211DA8BD
:1012A00003F01AFE2E4B18600DF1580C04F1FC0EE1
:1012B000BEE80F00ACE80F009EE807008CE80700CE
:1012C000002116A803F008FE264B18600DF13C0C17
:1012D00004F58C7EBEE80F00ACE80F009EE8070026
:1012E0008CE8070000210FA803F0F6FD1E4B1860E4
:1012F0000DF1200C04F59A7EBEE80F00ACE80F005B
:101300009EE807008CE80700002108A803F0E4FD30
:10131000164B18600DF1040C04F5A8740FCCACE862
:101320000F0094E807008CE80700002101A803F0F3
:10133000D3FD0F4B18605CB010BD00BFE002010888
:10134000D00B0020CC0B0020C80B0020C40B0020C9
:10135000C00B0020BC0B0020B80B0020B40B0020F9
:10136000B00B0020AC0B0020A80B0020A40B002029
:10137000A00B00202DE9F0418EB0002409940A94BE
:101380000B940C940D940194464B1A6B42F002029C
:101390001A631A6B02F002020192019A02941A6B0C
:1013A00042F040021A631A6B02F040020292029A63
:1013B00003941A6B42F001021A631A6B02F00102E5
:1013C0000392039A04941A6B42F008021A631A6B90
:1013D00002F008020492049A05941A6B42F0040287
:1013E0001A631A6B02F004020592059A06941A6BAE
:1013F00042F480721A631A6B02F480720692069AA3
:1014000007941A6B42F080021A631A6B02F0800292
:101410000792079A08941A6B42F010021A631B6B2A
:1014200003F010030893089BDFF8888022464FF4EE
:10143000E051404601F024FE1B4F012210213846A6
:1014400001F01EFE194E01221146304601F018FE31
:101450004FF4E053099301250A950B940C9409A9C4
:10146000404601F017FD102309930A950B950224BD
:101470000C9409A9384601F00DFD302309934FF46F
:1014800088130A930B9509A9094801F003FD0995F2
:101490000A950B950C9409A9304601F0FBFC0EB09F
:1014A000BDE8F08100380240000002400004024024
:1014B00000080240001C024008B50268034B9A4233
:1014C00000D008BD00F016FEFBE700BF001400408E
:1014D00072B6FEE700B595B03022002108A807F0EB
:1014E00081FA0023039304930593069307930193D2
:1014F000204A116C41F080511164126C02F080524C
:101500000192019A02931C4B1A6842F480421A60BD
:101510001B6803F480430293029B012308934FF45A
:101520008033099302230E934FF480020F92062218
:101530001092A822119212930423139308A801F089
:10154000AFFD98B90F23039302230493002305935F
:101550004FF4A05306934FF480530793052103A83B
:1015600001F0EEFF20B915B05DF804FBFFF7B0FF06
:10157000FFF7AEFF003802400070004008B500F0F1
:101580009FFDFFF7A7FFFFF7F5FEFFF793FD00F0C4
:10159000E9FB00F0C9FBFFF7BDFCFFF7DBFC00F047
:1015A000A9FB00F08DFA00F01DFB00F05DF8294C5E
:1015B000204602F0AFFB0021204602F0E7FE0421A6
:1015C000204602F0E3FE0821204602F0DFFE002163
:1015D000204602F0DBFE204C204602F09BFB00215F
:1015E000204602F0D3FE0421204602F0CFFE08215F
:1015F000204602F0CBFE01221849194803F04EFCA8
:1016000006F070FD06F078FD164B1860042000F01F
:1016100083FD04F009FD05F0A3FB05F0B3FD05F023
:10162000E1FD05F00FFE05F03DFE05F099FE06F028
:1016300067FA06F041FA06F091FA06F0BDFA06F0F4
:101640000DFB06F03BFB06F063FEFFF789FD03F0A0
:101650003EFCFEE7F80D0020B00D0020E00B00205E
:10166000B0100020080D002008B50F480F4B036094
:101670004FF48273436000238360C36002220261DF
:10168000012242614FF4007282613822C26103621A
:10169000436283620A23C36202F0EAF800B908BD1C
:1016A000FFF716FFFBE700BF0C0D002000300140E4
:1016B000F0B589B000230393049305930693079331
:1016C00002681E4B9A4201D009B0F0BD002400947C
:1016D00003F584335A6C42F480525A645A6C02F413
:1016E00080520092009A01941A6B42F002021A632F
:1016F0001A6B02F002020192019A02941A6B42F0F4
:1017000001021A631B6B03F001030293029B18236F
:10171000039302270497032606960525079503A938
:10172000074801F0B7FB80230393049705940696BE
:10173000079503A9034801F0ADFBC5E70030014060
:10174000000402400000024000B583B00022009275
:101750000D4B596C41F480415964596C01F480413E
:10176000009100990192196C41F0805119641B6C31
:1017700003F080530193019B0F216FF0010001F0F2
:1017800013F903B05DF804FB0038024030B589B0AE
:10179000044600230193214B1A6C42F020021A6484
:1017A0001B6C03F020030193019B02A903A801F025
:1017B0009DFF069BCBB901F079FF0346184AA2FBB7
:1017C00003239B0C013B1748174A026040F2E732A3
:1017D000C2604360002303618360836102F03CFCCC
:1017E000054630B1284609B030BD01F05FFF430027
:1017F000E4E70C4802F0CCFA05460028F2D1372085
:1018000001F0E2F80F2C01D90125EBE70022214677
:10181000372001F0C9F8054B1C60E3E700380240AF
:1018200083DE1B43640D0020001400401C000020D8
:10183000FEE7FEE7FEE7FEE7FEE7704708B5024871
:1018400001F03AFA08BD00BF000F002008B50248B9
:1018500000F02EFF08BD00BFE007002008B50248D9
:1018600003F02CF908BD00BFB010002008B50248F5
:1018700002F0D7FA08BD00BF640D002008B5024889
:1018800001F01AFA08BD00BF400E002008B502485A
:1018900001F012FA08BD00BFC00F002008B50248D1
:1018A00000F006FF08BD00BFB807002008B50248D9
:1018B00001F002FA08BD00BFA00E002008B50248E2
:1018C00001F0FAF908BD00BF600F002008B502481A
:1018D00003F0F4F808BD00BF20100020012070477D
:1018E00008B507F05BF9162303604FF0FF3008BD21
:1018F00008B54FF0FF31FFF7F3FFFEE770B50C4678
:101900001646002506E0AFF30080214601F8010BE2
:1019100001350C46B542F6DB304670BD70B50C465D
:101920001646002504E014F8010BAFF300800135E2
:10193000B542F8DB304670BD4FF0FF3070474FF4D2
:1019400000534B6000207047012070470020704713
:1019500010B503460C4A0D490D48006840B10C48CB
:1019600000680344521A934206D8094A136010BD16
:101970000748084C0460F2E707F010F90C230360F5
:101980004FF0FF30F3E700BF00000220000400002A
:10199000AC0D0020987B0020034AD2F8883043F435
:1019A0007003C2F88830704700ED00E082B0036831
:1019B000104A934204D0104A93420ED002B07047AE
:1019C000002300930D4B5A6C42F001025A645B6C89
:1019D00003F001030093009BF0E700230193074B02
:1019E0005A6C42F002025A645B6C03F002030193EA
:1019F000019BE3E700000140000401400038024081
:101A000070B588B00023039304930593069307935E
:101A10000368254A934204D0244A934219D008B05F
:101A200070BD00230093224B1A6B42F010021A6320
:101A30001B6B03F010030093009B4FF4D4430393FC
:101A4000022304930123079303A91A4801F022FA01
:101A5000E5E700240194164B1A6B42F480721A6376
:101A60001A6B02F480720192019A02941A6B42F08E
:101A700004021A631B6B03F004030293029BC0234E
:101A80000393022604960325079503A90A4801F04B
:101A900001FA40230393049605940694079503A93D
:101AA000064801F0F7F9BAE70000014000040140E0
:101AB00000380240001002400020024000080240AE
:101AC00010B596B0002412941394149415941094A5
:101AD000119409940A940B940C940D940E940F9401
:101AE0002022214601A806F07DFF3C483C4B0360C4
:101AF000A7234360846044F61F63C36004614461AC
:101B0000846102F0A9FA00284DD14FF4805312935A
:101B100012A9324802F0ABFB002847D12F4802F04F
:101B2000C7FA002845D100231093119310A92B4820
:101B300002F0AEFC00283FD1602309934FF4FA6312
:101B40000A9300220B920C920D920E920F9209A909
:101B5000224802F011FB002831D1042209A91F48B4
:101B600002F00AFB70BB082209A91C4802F004FB22
:101B700058BB0C2209A9194802F0FEFA40BB002309
:101B8000019302930393049305934FF4005206923A
:101B9000089301A9114802F0C1FCE0B90F48FFF712
:101BA0002FFF16B010BDFFF793FCAEE7FFF790FCD8
:101BB000B4E7FFF78DFCB6E7FFF78AFCBCE7FFF759
:101BC00087FCCAE7FFF784FCCDE7FFF781FCD0E78D
:101BD000FFF77EFCD3E7FFF77BFCDFE7F80D002083
:101BE0000000014010B596B0002412941394149490
:101BF00015941094119409940A940B940C940D94D8
:101C00000E940F942022214601A806F0EBFE3748DF
:101C1000374B0360A7234360846044F61F63C360AF
:101C200004614461846102F017FA002846D14FF440
:101C30008053129312A92D4802F019FB002840D1BD
:101C40002A4802F035FA00283ED100231093119360
:101C500010A9264802F01CFC002838D16023099303
:101C60004FF4FA630A9300220B920C920D920E929B
:101C70000F9209A91D4802F07FFA58BB042209A956
:101C80001A4802F079FA40BB082209A9174802F065
:101C900073FA28BB002301930293039304930593E3
:101CA0004FF400520692089301A9104802F036FC46
:101CB000C8B90E48FFF7A4FE16B010BDFFF708FC28
:101CC000B5E7FFF705FCBBE7FFF702FCBDE7FFF751
:101CD000FFFBC3E7FFF7FCFBD0E7FFF7F9FBD3E718
:101CE000FFF7F6FBD6E7FFF7F3FBE2E7B00D0020C6
:101CF0000004014008B50A480A4B03604FF4E13381
:101D0000436000238360C36003610C2242618361EE
:101D1000C36102F068FD00B908BDFFF7D9FBFBE71E
:101D2000B01000200010014008B50B480B4B0360B9
:101D30000B4B436000238360C3604FF480620261F9
:101D4000042242618361C36102F04DFD00B908BD08
:101D5000FFF7BEFBFBE700BF681000200048004013
:101D6000A086010008B50A480A4B03604FF46123BE
:101D7000436000238360C36003610C22426183617E
:101D8000C36102F030FD00B908BDFFF7A1FBFBE71E
:101D900020100020001401402DE9F0418CB00446D1
:101DA00000230793089309930A930B9303689D4AB2
:101DB00093420AD09C4A934200F082809B4A93420D
:101DC00000F0C7800CB0BDE8F08100250095984B6D
:101DD0005A6C42F010025A645A6C02F010020092DF
:101DE000009A01951A6B42F002021A631A6B02F014
:101DF00002020192019A02951A6B42F001021A63E3
:101E00001B6B03F001030293029B802307934FF0A7
:101E10000208CDF8208003270A9707260B9607A90A
:101E2000844801F037F84FF400730793CDF8208011
:101E300009950A970B9607A97F4801F02BF87F4870
:101E40007F4B03604FF0006343608560C5604FF4D3
:101E50008063036145618561C5614FF400330362AE
:101E6000456200F031FE28BB744BE3639C63754808
:101E7000754B03604FF00063436040238360002391
:101E8000C3604FF48062026143618361C3614FF4B8
:101E900000320262436200F017FE70B9694BA3631F
:101EA0009C6300220521252000F07EFD252000F006
:101EB0008BFD87E7FFF70CFBD6E7FFF709FBEDE7A4
:101EC000002503955A4B1A6C42F480221A641A6C4E
:101ED00002F480220392039A04951A6B42F00402E2
:101EE0001A631B6B03F004030493049B4FF44063D9
:101EF00007930223089303230A9307230B9307A94D
:101F0000524800F0C7FF5248524B03604FF0006345
:101F100043608560C5604FF48063036145618561FE
:101F20004FF48073C3614FF400330362456200F0E5
:101F3000CBFD58B9464BE3639C6300220521272063
:101F400000F032FD272000F03FFD3BE7FFF7C0FA2D
:101F5000F0E700250595364B5A6C42F020025A6492
:101F60005A6C02F020020592059A06951A6B42F00F
:101F700040021A631B6B03F040030693069B4FF469
:101F8000844307930223089303230A9308230B93A4
:101F900007A9314800F07EFF3048314B03604FF015
:101FA0002063436040238360C5604FF48063036116
:101FB000456185614FF48073C3614FF480330362E0
:101FC000456200F081FD30BB244BA3639C63254830
:101FD000254B03604FF02063436000238360C360A0
:101FE0004FF480620261436183614FF48072C26189
:101FF0004FF480320262436200F066FD70B9194B03
:10200000E3639C6300220521472000F0CDFC4720BC
:1020100000F0DAFCD6E6FFF75BFAD5E7FFF758FAEF
:10202000EDE700BF001001400048004000140140EF
:10203000003802400004024000000240C00F0020AF
:1020400040640240600F0020B86402400008024073
:10205000000F00202860024000180240A00E00205F
:10206000A0640240400E002028640240DFF834D013
:10207000FFF792FC0C480D490D4A002302E0D458AA
:10208000C4500433C4188C42F9D30A4A0A4C0023C2
:1020900001E013600432A242FBD306F085FDFFF796
:1020A0006DFA704700000220000000209407002015
:1020B000840B010898070020947B0020FEE70000B5
:1020C00008B50B4B1A6842F400721A601A6842F4A1
:1020D00080621A601A6842F480721A60032000F06D
:1020E00051FC0F20FFF752FBFFF72EFB002008BD2D
:1020F000003C0240034A1168034B1B780B441360F9
:10210000704700BFF810002018000020014B18682D
:10211000704700BFF810002038B50446FFF7F6FFFF
:102120000546B4F1FF3F02D0044B1B781C44FFF777
:10213000EDFF401BA042FAD338BD00BF18000020BD
:10214000002800F0A18038B5044690F82030D3B1C3
:102150002268136843F001031360FFF7D7FF0546B9
:1021600023685A6812F0010F10D1FFF7CFFF401B10
:102170000A28F5D9636A43F400336362052384F8BF
:102180002030012038BDFEF705FFE1E71A6822F094
:1021900002021A60FFF7BAFF054623685A6812F078
:1021A000020F0DD0FFF7B2FF401B0A28F5D9636A72
:1021B00043F400336362052384F820300120E1E713
:1021C000227E012A3DD01A6822F080021A60637EC6
:1021D000012B3BD02268136823F040031360A37ED9
:1021E000012B39D02268136823F020031360E37EAB
:1021F000012B37D02268136843F010031360237F4C
:10220000012B35D02268136823F008031360637F25
:10221000012B33D02268136823F004031360A368F2
:10222000E268134322691343626913436268013A07
:1022300021681343CB6100206062012384F82030C1
:10224000A0E71A6842F080021A60C0E722681368AB
:1022500043F040031360C2E72268136843F0200391
:102260001360C4E72268136823F010031360C6E705
:102270002268136843F008031360C8E722681368F4
:1022800043F004031360CAE70120704790F8203040
:10229000013BDBB2012B05D9436A43F4802343623F
:1022A0000120704730B5464BD3F8002242F00102BE
:1022B000C3F80022D3F8002222F47C52C3F8002293
:1022C000D3F80022486A42EA0022C3F800224A6991
:1022D00002F01F02012000FA02F2D3F81C026FEA9A
:1022E000020C20EA0200C3F81C02CB69C3B9344BCC
:1022F000D3F80C020CEA0000C3F80C028C88486981
:10230000CD6844EA0544483043F830408C6808887A
:1023100040EA04404C6904F1480E03EBCE035860D8
:10232000CB69012B1ED08B69002B33D12448D0F808
:1023300004320CEA0303C0F804320B698BBB20485B
:10234000D0F814320CEA0303C0F814320B6A012BE4
:102350002ED01B4AD2F8003223F00103C2F800321B
:10236000002030BD164BD3F80C021043C3F80C020A
:102370008C8848690D6844EA0544483043F8304089
:1023800088894C698D6840EA0540483403EBC403F2
:102390005860C8E70A48D0F804321343C0F8043242
:1023A000CBE70748D0F814321343C0F81432CDE716
:1023B0000349D1F81C321343C1F81C32C9E700BFEE
:1023C0000064004070B5044690F82050EDB2012D35
:1023D00006D0436A43F4002343620125284670BDBA
:1023E000022380F820300268136823F00103136091
:1023F000FFF78CFE064623685B6813F0010F0CD0D4
:10240000FFF784FE831B0A2BF5D9636A43F400337C
:102410006362052384F82030E0E700256562DDE78C
:1024200030B590F820C00468A4680CF1FF3C5FFA56
:102430008CFCBCF1010F62D814F0E05F59D0C4F3FA
:10244000016C012404FA0CF41C608B68002B3DD154
:102450000D68CB68046843EA45550CF118031B016D
:10246000E55003680C690CF1180E03EB0E135C6069
:102470000B7D012B35D0D17993791B0443EA01639D
:10248000517943EA012314790168234301EB0C11CC
:10249000C1F88C31D17893781B0443EA01635178F9
:1024A00043EA0123117802680B4302EB0C12C2F8D5
:1024B000883102680CF1180C4FEA0C1C52F80C30F1
:1024C00043F0010342F80C3000201DE04C6843EA61
:1024D000C403CC6823430CF11804240105682B5174
:1024E000BFE7036803EB0E13596841F4807159602C
:1024F000C1E7436A43F400134362012004E0436AE6
:1025000043F480234362012030BD90F820C00CF1D9
:10251000FF3C5FFA8CFCBCF1010F00F2A58030B4E7
:1025200051B90468E46814F0030F10D1436A43F40E
:102530000013436201207EE00468246914F0030F55
:1025400005D1436A43F400134362012073E0056838
:1025500001F11B0424012C5904F004049460002CA4
:102560006BD1056801F11B0424012C59640D146022
:10257000046801F11B0C4FEA0C1C54F80C4004F0E9
:102580000204D4600468A444DCF8045015F0080F79
:102590005BD008241461046801F11B0C04EB0C14DB
:1025A0006468C4F307249461046804EB0C14646841
:1025B000240C5461026802EB0112D2F8B8211A709F
:1025C000026802EB0112D2F8B821C2F307225A7056
:1025D000026802EB0112D2F8B821C2F307429A70E6
:1025E000026802EB0112D2F8B821120EDA7002680A
:1025F00002EB0112D2F8BC211A71026802EB01123F
:10260000D2F8BC21C2F307225A71026802EB011210
:10261000D2F8BC21C2F307429A71026802EB0112A0
:10262000D2F8BC21120EDA71C1B90268D36843F046
:102630002003D360002030BC7047056801F11B0403
:1026400024012C59E408546092E701F11B0504EBC6
:102650000514646804F00F0414619CE702681369B0
:1026600043F020031361E5E7436A43F480234362A8
:102670000120704790F82030013BDBB2012B05D9D7
:10268000436A43F480234362012070470268536920
:102690000B43536100207047704770477047704785
:1026A0007047704770477047704770477047704772
:1026B0002DE9F84F054603685C69D3F804809F68EC
:1026C000D3F80CA0D3F81090D3F818B014F001068A
:1026D0003BD017F0010616D001229A6017F0020FC6
:1026E00008D117F0040F0CD117F0080606D04FF4EC
:1026F000805608E0FFF7D0FF002604E0FFF7CFFF89
:1027000001E04FF4006617F4807F0DD02B684FF482
:1027100080729A6017F4007F40F0968017F4806F03
:1027200000F0968046F4005617F4803F0DD02B68D9
:102730004FF480329A6017F4003F40F0938017F412
:10274000802F00F0938046F4004614F0080F07D065
:102750001AF0100F04D046F400762B681022DA60CD
:1027600014F0040F03D01AF0080F40F0898014F021
:10277000020F05D02B68DB6813F0030F40F0878051
:1027800014F0400F07D019F0100F04D046F4806603
:102790002B6810221A6114F0200F02D019F0080FD4
:1027A00079D114F0100F04D02B681B6913F0030FBC
:1027B00078D114F4003F02D018F0100F76D114F441
:1027C000803F02D018F0080F77D114F4004F37D0B3
:1027D00018F0040F31D014F4807F04D01BF0010FE7
:1027E00001D046F0010614F4007F04D01BF0020F64
:1027F00001D046F0020614F4806F04D01BF0040FE1
:1028000001D046F0040614F4006F16D01BF0700BD4
:1028100013D0BBF1400F66D056D8BBF1200F5CD06F
:10282000BBF1300F5CD0BBF1100F01D146F00806B0
:102830002A68936923F0700393612B6804225A601D
:10284000002E56D1BDE8F88F2846FFF726FF6BE72C
:1028500017F4006F02D046F4804665E72846FFF77C
:102860001FFF61E72846FFF719FF6EE717F4002FF7
:1028700002D046F4803668E72846FFF712FF64E787
:102880002B680822DA602846FFF70CFF6FE728461E
:1028900003F08AFC74E72B6808221A612846FFF7C8
:1028A00003FF7EE72846FFF7FEFE82E72B68102233
:1028B0005A602846FFF7F9FE81E72B6808225A6024
:1028C0002846FFF7F3FE80E7BBF1500F0ED0BBF1B7
:1028D000600FADD146F48076AAE746F01006A7E770
:1028E00046F02006A4E746F04006A1E746F0800641
:1028F0009EE76B6A33436B622846FFF7D8FEA1E779
:10290000002807DB00F01F02400901239340024A20
:1029100042F82030704700BF00E100E0002808DBEB
:102920000901C9B200F1604000F5614080F8001370
:10293000704700F00F000901C9B2014B19547047EC
:1029400014ED00E000B500F00700C0F1070CBCF189
:10295000040F28BF4FF0040C031D062B0FD9C31E14
:102960004FF0FF3E0EFA0CF021EA000199400EFAFA
:1029700003FE22EA0E0241EA02005DF804FB002396
:10298000EEE70000074AD36823F4E0631B041B0C46
:10299000000200F4E060034343F0BF6343F40033FC
:1029A000D360704700ED00E010B50446054BD868D1
:1029B000C0F30220FFF7C6FF01462046FFF7AEFF37
:1029C00010BD00BF00ED00E008B5FFF799FF08BD9E
:1029D00030B405682C6824F480242C60046863609B
:1029E0008368402B05D0036899600368DA6030BCC7
:1029F000704703689A600368D960F8E710B4036809
:102A0000D9B210390A4AA2FB01421209094CA25C50
:102A1000C2655F2907D96FF3090304338365806DAD
:102A20005DF8044B70476FF309038365F7E700BF58
:102A3000ABAAAAAAD8060108836A826992B9012BB7
:102A40000AD0022B02D00BB100207047C36A13F0EA
:102A5000807F28D100207047C36AB3F1C07F24D0A3
:102A600000207047B2F5005F09D0022B25D9032B57
:102A700025D1C36A13F0807F23D100207047032B38
:102A800003D8DFE803F01404140A00207047C36A77
:102A900013F0807F0DD100207047C36AB3F1C07F6F
:102AA00009D00020704701207047012070470120A5
:102AB00070470120704701207047012070470020B7
:102AC000704701207047000070B50446FFF71EFBF9
:102AD000002C5BD00546022384F83530002384F8AF
:102AE00034302268136823F00103136023681A68E6
:102AF00012F0010F0AD0FFF709FB431B052BF5D994
:102B000020236365032084F8350070BD1A682049CE
:102B100011406268A0680243E068024320690243F2
:102B200060690243A0690243E0690243206A0243EC
:102B30000A43616A04291ED01A602668756925F067
:102B40000705636A1D43042B07D1A36A1D43E36A8B
:102B50001BB12046FFF770FF90B975612046FFF763
:102B60004DFFE26D3F2393408360002060650123A9
:102B700084F83530C9E7E16A206B01430A43DBE79B
:102B800040236365012084F83500BEE70120BCE7DF
:102B90003F8010F038B50446856D90F83400012868
:102BA0002BD0012084F8340094F83500C0B20128FD
:102BB00004D0002384F83430022038BD022084F889
:102BC0003500002060652046FFF702FFE26D3F23DD
:102BD0009340AB602268136843F016031360236CC4
:102BE00023B12268136843F0080313602268136856
:102BF00043F0010313600020DFE70220DDE770B53A
:102C00000446866DFFF782FA94F83530DBB2022B6A
:102C100006D080236365002384F83430012070BD22
:102C200005462268136823F016031360226853696F
:102C300023F080035361236CE3B12268136823F00F
:102C4000080313602268136823F0010313602368EC
:102C50001B6813F0010F11D0FFF758FA431B052B27
:102C6000F5D920236365032084F83500002384F818
:102C70003430D4E7A36C002BDFD1E3E7E26D3F23D0
:102C80009340B360012384F83530002084F8340089
:102C9000C5E790F83530DBB2022B03D080234365C3
:102CA00001207047052380F835300268136823F04F
:102CB0000103136000207047F0B583B00446002381
:102CC0000193724B1D68724BA3FB0535AD0A876DEE
:102CD0003E68C26D08239340334210D003681A68DF
:102CE00012F0040F0BD01A6822F004021A60C26DB1
:102CF00008239340BB60436D43F001034365E26DDD
:102D000001239340334209D02268526912F0800FA8
:102D100004D0BB60636D43F002036365E26D04237E
:102D20009340334209D02268126812F0020F04D097
:102D3000BB60636D43F004036365E26D1023934051
:102D4000334224D02268126812F0080F1FD0BB60F3
:102D500023681A6812F4802F0DD01B6813F4002F1B
:102D600004D1236C9BB12046984710E0A36C73B14B
:102D7000204698470BE01A6812F4807F03D11A6846
:102D800022F008021A60236C0BB120469847E26DCE
:102D900020239340334255D02268126812F0100F5E
:102DA00050D0BB6094F83530DBB2052B0ED02368D1
:102DB0001A6812F4802F33D01B6813F4002F2AD125
:102DC000636C002B3ED0204698473BE02268136896
:102DD00023F0160313602268536923F080035361C4
:102DE000236CA3B12268136823F008031360E26D1B
:102DF0003F239340BB60012384F83530002384F8DF
:102E00003430236D002B3FD0204698473CE0A36C24
:102E1000002BE7D1EBE7E36BA3B12046984711E025
:102E20001A6812F4807F09D11A6822F010021A6021
:102E3000012384F83530002384F83430E36B0BB180
:102E400020469847636DFBB1636D13F0010F17D0F7
:102E5000052384F835302268136823F001031360DA
:102E6000019B01330193AB4204D823681B6813F024
:102E7000010FF5D1012384F83530002384F8343074
:102E8000E36C0BB12046984703B0F0BD140000205E
:102E9000B5814E1B00230F2B00F2E98070B582B084
:102EA00065E085684FEA430E032404FA0EF425EA30
:102EB0000405CC6804FA0EF42C438460446824EAC8
:102EC00002044A68C2F300129A40224342605CE066
:102ED000DC08083450F8242003F00705AD004FF05B
:102EE0000F0E0EFA05FE22EA0E0E0A69AA4042EA09
:102EF0000E0240F824205CE0072200E0002202FAE3
:102F00000EF22A4302345A4D45F82420594A946857
:102F10006FEA0C0224EA0C054E6816F4801F01D0FB
:102F20004CEA0405534CA560E46802EA04054E68C7
:102F300016F4001F01D04CEA04054E4CE5606468AD
:102F400002EA04054E6816F4003F01D04CEA04057D
:102F5000484C6560246822404D6815F4803F01D0DC
:102F60004CEA0402434C226001330F2B7DD801222E
:102F70009A400C6804EA020C32EA0404F4D14C686A
:102F800004F00304013C012C8BD94A6802F00302CF
:102F9000032A09D0C4685D000322AA4024EA02047F
:102FA0008A68AA402243C2604A6802F00302022AE9
:102FB0008ED004684FEA430E032202FA0EF224EA8E
:102FC00002044A6802F0030202FA0EF2224302608F
:102FD0004A6812F4403FC7D000220192264A546C3E
:102FE00044F480445464526C02F480420192019A89
:102FF0009C08A51C1E4A52F8255003F0030E4FEA08
:103000008E0E0F2202FA0EF225EA02051B4A9042AA
:103010003FF474AF02F5806290421AD002F58062EC
:10302000904218D002F58062904216D002F580627C
:10303000904214D002F58062904212D002F5806274
:10304000904210D002F5806290423FF455AF0822C2
:1030500055E7012253E7022251E703224FE70422FA
:103060004DE705224BE7062249E702B070BD7047E5
:1030700000380140003C014000380240000002409E
:103080000AB181617047090481617047436901EAAF
:10309000030221EA030141EA024181617047000015
:1030A000002800F0E08170B582B00446036813F098
:1030B000010F3BD09F4B9B6803F00C03042B2CD0DB
:1030C0009C4B9B6803F00C03082B21D06368B3F57D
:1030D000803F4FD0B3F5A02F52D0964B1A6822F400
:1030E00080321A601A6822F480221A606368002B0A
:1030F00050D0FFF70BF805468E4B1B6813F4003FCA
:1031000014D1FFF703F8401B6428F5D90320B1E17F
:10311000884B5B6813F4800FD8D0864B1B6813F480
:10312000003F03D06368002B00F09F81236813F0F9
:10313000020F54D07F4B9B6813F00C0F3ED07D4B99
:103140009B6803F00C03082B33D0E368002B68D096
:10315000794B01221A60FEF7D9FF0546754B1B68B3
:1031600013F0020F54D1FEF7D1FF401B0228F5D90E
:1031700003207FE16F4A136843F480331360B5E79F
:103180006C4B1A6842F480221A601A6842F480324A
:103190001A60ABE7FEF7BAFF0546664B1B6813F4EF
:1031A000003FC3D0FEF7B2FF401B6428F5D90320CF
:1031B00060E1604B5B6813F4800FC6D15D4B1B6808
:1031C00013F0020F03D0E368012B40F05081594AFD
:1031D000136823F0F803216943EAC10313602368ED
:1031E00013F0080F42D063696BB3534B0122C3F84D
:1031F000802EFEF78BFF05464E4B5B6F13F0020FE0
:1032000034D1FEF783FF401B0228F5D9032031E1BA
:10321000484A136823F0F803216943EAC1031360A5
:10322000DDE7454B00221A60FEF770FF0546414B73
:103230001B6813F0020FD2D0FEF768FF401B022874
:10324000F5D9032016E13C4B0022C3F8802EFEF78F
:103250005DFF0546374B5B6F13F0020F06D0FEF79C
:1032600055FF401B0228F5D9032003E1236813F022
:10327000040F77D02F4B1B6C13F0805F33D10023EA
:1032800001932C4B1A6C42F080521A641B6C03F0B1
:1032900080530193019B0125284B1B6813F4807F09
:1032A00023D0A368012B34D0052B38D0214B1A6FC3
:1032B00022F001021A671A6F22F004021A67A3684B
:1032C000002B3DD0FEF722FF06461A4B1B6F13F072
:1032D000020F46D1FEF71AFF801B41F28833984255
:1032E000F3D90320C6E00025D6E7144A136843F457
:1032F00080731360FEF70AFF0646104B1B6813F439
:10330000807FCED1FEF702FF801B0228F5D9032073
:10331000B0E0084A136F43F001031367CFE7054B92
:103320001A6F42F004021A671A6F42F001021A671C
:10333000C5E700BF0038024000004742007000406F
:10334000FEF7E4FE0646524B1B6F13F0020F08D047
:10335000FEF7DCFE801B41F288339842F3D903204C
:1033600088E0EDB9A369002B00F08380484A926899
:1033700002F00C02082A51D0022B17D0454B002234
:103380001A66FEF7C3FE0446414B1B6813F0007F2C
:1033900042D0FEF7BBFE001B0228F5D9032069E0EE
:1033A0003B4A136C23F080531364DBE7394B002254
:1033B0001A66FEF7ABFE0546354B1B6813F0007F1F
:1033C00006D0FEF7A3FE401B0228F5D9032051E0EA
:1033D000E369226A1343626A43EA8213A26A5208CB
:1033E000013A43EA0243E26A43EA0263284A53602D
:1033F000284B01221A66FEF789FE0446244B1B68FF
:1034000013F0007F06D1FEF781FE001B0228F5D9DC
:1034100003202FE000202DE000202BE0012B2BD0FB
:103420001B4B5B6803F48001E269914226D103F0F3
:103430003F02216A8A4223D1616A47F6C0721A406C
:10344000B2EB811F1ED103F44031A26A5208013A47
:10345000B1EB024F18D103F07063E26AB3EB026F75
:1034600014D1002006E001207047012002E0012075
:1034700000E0002002B070BD0120FBE70120F9E769
:103480000120F7E70120F5E70120F3E70120F1E74C
:10349000003802400000474208B5264B9B6803F005
:1034A0000C03042B41D0082B41D1224B5A6802F067
:1034B0003F025B6813F4800F12D01E4B5968C1F3B2
:1034C00088111D480023A1FB0001FDF785F8194B69
:1034D0005B68C3F3014301335B00B0FBF3F008BD4D
:1034E000144B5868C0F388104FEA401CBCEB000C2A
:1034F0006EEB0E0E4FEA8E1343EA9C634FEA8C117B
:10350000B1EB0C0163EB0E03DB0043EA5173C9001E
:1035100011EB000C43F10003990200234FEA8C20C9
:1035200041EA9C51FDF758F8D1E70348D7E7034833
:10353000D5E700BF00380240001BB7000024F400AC
:10354000002800F09B8070B50D4604464F4B1B6869
:1035500003F007038B4208D2CBB24C4A13701368B6
:1035600003F007038B4240F08B80236813F0020FB7
:1035700017D013F0040F04D0454A936843F4E05386
:103580009360236813F0080F04D0414A936843F412
:10359000604393603E4A936823F0F003A1680B43B5
:1035A0009360236813F0010F32D06368012B21D0A0
:1035B0009A1E012A25D9364A126812F0020F61D0EC
:1035C00033498A6822F0030213438B60FEF79EFDA5
:1035D00006462F4B9B6803F00C036268B3EB820F27
:1035E00016D0FEF793FD801B41F288339842F0D944
:1035F000032042E0264A126812F4003FE0D1012085
:103600003BE0234A126812F0007FD9D1012034E058
:103610001E4B1B6803F00703AB4207D9EAB21B4BF2
:103620001A701B6803F00703AB422DD1236813F017
:10363000040F06D0164A936823F4E053E1680B4365
:103640009360236813F0080F07D0114A936823F49E
:103650006043216943EAC1039360FFF71DFF0C4BF0
:103660009B68C3F303130B4AD35CD8400A4B186022
:103670000A4B1868FEF78AF8002070BD01207047D9
:103680000120FAE70120F8E70120F6E7003C0240BC
:1036900000380240C8060108140000201C00002069
:1036A000014B1868704700BF1400002008B5FFF7F1
:1036B000F7FF044B9B68C3F38223034AD35CD840D3
:1036C00008BD00BF00380240C006010808B5FFF77A
:1036D000E7FF044B9B68C3F34233034AD35CD840F3
:1036E00008BD00BF00380240C00601080F23036078
:1036F0000B4B9A6802F0030242609A6802F0F002F3
:1037000082609A6802F4E052C2609B68DB0803F4AE
:10371000E0530361034B1B6803F007030B60704722
:1037200000380240003C02402DE9F04782B00546D7
:10373000884617461E46FEF7E9FC0A9B1B1A03EB58
:103740000609FEF7E3FC8246284B1B68C3F3CB3324
:1037500009FB03F301932B689C6838EA04040CBF4F
:1037600001230023BB423DD0B6F1FF3FF3D0FEF76B
:10377000CDFCA0EB0A00484507D2019A02B14A46A7
:10378000019B013B01939146E5E72A68536823F0CA
:10379000E00353606B68B3F5827F0BD0AB6AB3F57F
:1037A000005F14D0012385F85130002385F8503094
:1037B000032018E0AB68B3F5004F02D0B3F5806F7B
:1037C000ECD12A68136823F040031360E6E72A6807
:1037D000136823F4005313602A68136843F40053FA
:1037E0001360DFE7002002B0BDE8F087140000207E
:1037F00070B584B004460D46164600920B46012271
:103800000221FFF791FFD0B9174B1B68174AA2FBA3
:1038100003235B0D4FF47A7202FB03F30393636897
:10382000B3F5827F11D0039B3BB1039B013B039314
:1038300023689B6813F0800FF5D104B070BD636DF1
:1038400043F0200363650320F7E700962B46002230
:1038500080212046FFF768FF0028EED0636D43F01B
:10386000200363650320E8E714000020819F5E16B3
:1038700000285AD010B50446436A33B94368B3F5FB
:10388000827F05D00023C36102E00023036143610E
:103890000023A36294F85130002B40D0022384F817
:1038A00051302268136823F040031360636803F407
:1038B0008273A26802F404421343E26802F40062D5
:1038C0001343226902F002021343626902F001020B
:1038D0001343A26902F400721343E26902F0380252
:1038E0001343226A02F080021343A26A02F40052D8
:1038F000216813430B60638B03F00403626A02F0D8
:103900001002216813434B602268D36923F40063DB
:10391000D36100206065012384F8513010BD84F824
:1039200050302046FDF7C4FEB8E7012070472DE96E
:10393000F04383B00446884691461F460A9DFEF731
:10394000E5FB064694F85130DBB26268012B0AD0E1
:10395000B2F5827F40F00581A268002A40F005811F
:10396000042B40F00481B8F1000F00F00281B9F19E
:10397000000F00F00081002F00F0FF8094F850301D
:10398000012B00F0FC80012384F8503094F8513072
:10399000DBB2042B02D0052384F851300023636589
:1039A000C4F83890E787A787C4F83080E786A786F1
:1039B0002364636423681A6812F0400F03D11A6805
:1039C00042F040021A60E368B3F5006F11D06368FB
:1039D0000BB1012F0BD1226B236812781A73236B62
:1039E00001332363E38E9BB2013B9BB2E386012745
:1039F00071E063680BB1012F0BD1226B2368128831
:103A0000DA60236B02332363E38E9BB2013B9BB2EC
:103A1000E38601271BE023689A6812F0010F0ED09D
:103A2000E28F92B25AB1DA68A36B1A80A36B0233A9
:103A3000A363E38F9BB2013B9BB2E3870127FEF7B1
:103A400065FB801BA84202D3B5F1FF3F1ED1E38E78
:103A50009BB21BB9E38F9BB2002B62D023689A689C
:103A600012F0020FD7D0E28E92B2002AD3D0002FEC
:103A7000D1D0226B1288DA60236B02332363E38E8A
:103A80009BB2013B9BB2E3860027C4E7012384F885
:103A90005130002384F85030032063E023689A6893
:103AA00012F0010F0ED0E28F92B25AB1DA68A36B16
:103AB0001A70A36B0133A363E38F9BB2013B9BB2EC
:103AC000E3870127FEF722FB831BAB4202D3B5F14C
:103AD000FF3F1ED1EDB1E38E9BB213B9E38F9BB2D2
:103AE000FBB123689A6812F0020FD7D0E28E92B22F
:103AF000002AD3D0002FD1D0226B12781A73236BF7
:103B000001332363E38E9BB2013B9BB2E386002724
:103B1000C4E7012384F85130002384F85030032097
:103B200020E0324629462046FFF762FE90B9A3689E
:103B300033B901932368DA6801929B680193019B72
:103B4000012384F85130002384F85030636D4BB169
:103B5000012007E020236365002384F85030012012
:103B600000E0022003B0BDE8F0830220FAE7022063
:103B7000F8E70120F6E70120F4E70120F2E7022050
:103B8000F0E7000030B4036A026A22F00102026228
:103B90004268846924F0730C0C6844EA0C0423F036
:103BA000020C8B6843EA0C03114DA84203D005F5C3
:103BB0008065A84205D123F00803CD682B4323F08C
:103BC00004030B4DA84203D005F58065A84207D138
:103BD00022F440724D6945EA020C8A6942EA0C02FD
:103BE000426084614A684263036230BC704700BF30
:103BF0000000014030B4036A026A22F4807202625B
:103C00004268C46924F0730C0C6844EA0C0523F480
:103C100000738C6843EA0423114CA04203D004F5DE
:103C20008064A04206D123F40063CC6843EA0423F5
:103C300023F480630A4CA04203D004F58064A042C0
:103C400007D122F440524C6942EA04128C6942EADC
:103C500004124260C5614A68C263036230BC7047A7
:103C60000000014030B4036A026A22F4805202620A
:103C70004468C26922F4E6420D6842EA052223F450
:103C800000538D6843EA0533094DA84203D005F57A
:103C90008065A84204D124F480444D6944EA851427
:103CA0004460C2614A680264036230BC704700BF6E
:103CB0000000014010B4036A046A24F001040462A5
:103CC000846924F0F00C4CEA021223F00A030B433F
:103CD000826103625DF8044B704710B4036A046AA2
:103CE00024F010040462846924F4704C4CEA02321B
:103CF00023F0A00343EA0113826103625DF8044BE1
:103D00007047836823F070030B4343F0070383601D
:103D10007047000090F83D30DBB2012B32D1022316
:103D200080F83D300368194A934220D0B3F1804FA8
:103D30001DD0A2F57C42934219D002F580629342D5
:103D400015D002F58062934211D002F57842934279
:103D50000DD002F57052934209D0A2F594329342ED
:103D600005D01A6842F001021A60002070479A6874
:103D700002F00702062A07D01A6842F001021A6010
:103D8000002070470120704700207047000001406C
:103D900090F83D30DBB2012B37D1022380F83D3063
:103DA0000268D36843F00103D3600368194A934261
:103DB00020D0B3F1804F1DD0A2F57C42934219D0A0
:103DC00002F58062934215D002F58062934211D0D1
:103DD00002F5784293420DD002F57052934209D019
:103DE000A2F59432934205D01A6842F001021A609B
:103DF000002070479A6802F00702062A07D01A6866
:103E000042F001021A600020704701207047002034
:103E1000704700BF0000014070477047704770470F
:103E2000704770B504460368DE681D6915F0020F1F
:103E300010D016F0020F0DD06FF002021A610123AC
:103E4000037703689B6913F0030F5ED0FFF7E6FF6B
:103E50000023237715F0040F12D016F0040F0FD0B3
:103E600023686FF004021A610223237723689B6999
:103E700013F4407F4FD02046FFF7D0FF0023237775
:103E800015F0080F12D016F0080F0FD023686FF04E
:103E900008021A61042323772368DB6913F0030FF8
:103EA00040D02046FFF7BAFF0023237715F0100F0C
:103EB00012D016F0100F0FD023686FF010021A61A5
:103EC000082323772368DB6913F4407F31D0204631
:103ED000FFF7A4FF0023237715F0010F02D016F09F
:103EE000010F2DD115F0800F02D016F0800F2FD1C9
:103EF00015F0400F02D016F0400F31D115F0200F11
:103F000002D016F0200F33D170BDFFF786FF204698
:103F1000FFF785FF9CE72046FFF77FFF2046FFF76E
:103F20007EFFABE72046FFF778FF2046FFF777FFDD
:103F3000BAE72046FFF771FF2046FFF770FFC9E799
:103F400023686FF001021A612046FDF7B5FAC9E750
:103F500023686FF080021A61204600F009FBC7E772
:103F600023686FF040021A612046FFF759FFC5E74A
:103F700023686FF020021A61204600F0F8FAC3E7C8
:103F80000368344A904212D0B0F1804F0FD0A2F5AE
:103F90007C4290420BD002F58062904207D002F53D
:103FA0008062904203D002F57842904203D123F020
:103FB00070034A681343274A90422AD0B0F1804FD9
:103FC00027D0A2F57C42904223D002F58062904235
:103FD0001FD002F5806290421BD002F578429042D9
:103FE00017D002F57052904213D002F580629042D1
:103FF0000FD002F5806290420BD0A2F59832904229
:1040000007D002F58062904203D002F580629042B0
:1040100003D123F44073CA68134323F080034A6931
:10402000134303608B68C3620B688362094B984239
:1040300003D003F58063984201D10B690363012328
:104040004361036913F0010F03D0036923F00103F7
:10405000036170470000014040B310B5044690F87A
:104060003D30F3B1022384F83D30214651F8040B72
:10407000FFF786FF012384F8463084F83E3084F849
:104080003F3084F8403084F8413084F8423084F87E
:10409000433084F8443084F8453084F83D300020C3
:1040A00010BD80F83C30FDF781FCDBE70120704754
:1040B00040B310B5044690F83D30F3B1022384F8C4
:1040C0003D30214651F8040BFFF75AFF012384F8D5
:1040D000463084F83E3084F83F3084F8403084F82D
:1040E000413084F8423084F8433084F8443084F816
:1040F000453084F83D30002010BD80F83C30FFF79B
:104100008BFEDBE70120704730B4036A026A22F0BD
:10411000100202624468826922F4E6420D6842EAB3
:10412000052223F020038D6843EA0513114DA842B0
:1041300003D005F58065A84206D123F08003CD6841
:1041400043EA051323F040030A4DA84203D005F5C6
:104150008065A84207D124F440644D6944EA85048F
:104160008D6944EA8504446082614A68826303621F
:1041700030BC70470000014038B590F83C30012B4E
:1041800066D004460D46012380F83C300C2A5AD8EC
:10419000DFE802F0075959591B59595930595959F3
:1041A00044000068FFF7EEFC2268936943F00803BF
:1041B00093612268936923F00403936122689369F1
:1041C00029690B43936100203EE00068FFF79CFFE4
:1041D0002268936943F4006393612268936923F42E
:1041E0008063936122689369296943EA012393619B
:1041F000002029E00068FFF7FDFC2268D36943F046
:104200000803D3612268D36923F00403D3612268D1
:10421000D36929690B43D361002015E00068FFF7DB
:1042200021FD2268D36943F40063D3612268D36916
:1042300023F48063D3612268D369296943EA0123A7
:10424000D361002000E00120002384F83C3038BD19
:104250000220FCE710B4846824F47F4C42EA032275
:104260000A4342EA0C0282605DF8044B704790F802
:104270003C30012B78D010B50446012380F83C3047
:10428000022380F83D300268936823F47F4323F0D3
:10429000770393600B68602B4CD023D8402B54D00D
:1042A00011D8202B03D00AD80BB1102B05D11946F9
:1042B0002068FFF726FD002028E0012026E0302BB3
:1042C000F5D0012022E0502B0AD1CA684968006865
:1042D000FFF7F0FC50212068FFF713FD002015E0E8
:1042E000012013E0B3F5805F3AD0B3F5005F14D03E
:1042F000702B37D1CB684A6889680068FFF7AAFF3E
:104300002268936843F0770393600020012384F8C8
:104310003D30002384F83C3010BDCB684A68896882
:104320000068FFF797FF2268936843F48043936027
:104330000020EBE7CA6849680068FFF7CEFC6021FF
:104340002068FFF7DEFC0020E0E7CA6849680068E3
:10435000FFF7B0FC40212068FFF7D3FC0020D5E731
:104360000020D3E70120D1E70220704701F01F01B0
:104370004FF0010C0CFA01FC036A23EA0C03036200
:10438000036A8A40134303627047000010B5044675
:104390000846002942D194F83E30DBB2013B18BFF9
:1043A0000123002B6ED1002851D1022384F83E3026
:1043B000012201462068FFF7D9FF2368334A934260
:1043C00003D002F58062934203D15A6C42F400425A
:1043D0005A6423682D4A934249D0B3F1804F46D0A6
:1043E000A2F57C42934242D002F5806293423ED0D5
:1043F00002F5806293423AD002F57842934236D079
:1044000002F57052934232D0A2F5943293422ED0EC
:104410001A6842F001021A60002032E0042908D034
:1044200008290DD094F84130DBB2013B18BF0123BD
:10443000B7E794F83F30DBB2013B18BF0123B0E788
:1044400094F84030DBB2013B18BF0123A9E70428F0
:1044500005D0082807D0022384F84130A8E70223BA
:1044600084F83F30A4E7022384F84030A0E79A683C
:1044700002F00702062A07D01A6842F001021A6009
:10448000002010BD0120FCE70020FAE700000140F9
:1044900090F83C20012A3DD010B40346012280F858
:1044A0003C20022280F83D2002685068946820F089
:1044B000700C086840EA0C0050601A681648824286
:1044C0001AD0B2F1804F17D0A0F57C40824213D0B1
:1044D00000F5806082420FD000F5806082420BD0F0
:1044E00000F57840824207D000F57050824203D038
:1044F000A0F59430824204D124F08004496821431D
:104500009160012283F83D20002083F83C005DF893
:10451000044B70470220704700000140024690F8AB
:104520003C30012B21D0012380F83C30CB6823F4B0
:1045300040738868034323F480634868034323F48B
:1045400000630868034323F480530869034323F49A
:1045500000534869034323F48043C9690B4311683E
:104560004B64002082F83C0070470220704770477F
:104570007047026802F10C0353E8003F23F0C003C8
:104580000C3242E800310029F3D1202380F8413079
:104590007047026802F10C0353E8003F23F4907364
:1045A0000C3242E800310029F3D1026802F1140311
:1045B00053E8003F23F00103143242E800310029A0
:1045C000F3D1036B012B05D0202380F84230002368
:1045D00003637047026802F10C0353E8003F23F0C5
:1045E00010030C3242E800310029F3D1ECE790F8D7
:1045F0004130DBB2212B01D0022070478368B3F534
:10460000805F17D0036A5A1C02621A7803685A60E6
:10461000C38C9BB2013B9BB2C3844BB90268D36885
:1046200023F08003D3600268D36843F04003D36073
:10463000002070470369002BE4D1036A1B880268DD
:10464000C3F308035360036A02330362E0E7000028
:1046500010B504460268136923F44053C1680B4344
:104660001361836802691A4343691A43C3691A4391
:104670000168CB6823F4164323F00C031343CB608B
:104680000268536923F4407381690B4353610368E3
:10469000314A934206D002F58062934202D0FFF77E
:1046A00005F801E0FFF712F8E369B3F5004F29D0F0
:1046B0000021031849411B1841F10001C90041EADA
:1046C0005371DB00181863684FEA83024FEA937353
:1046D00041F10001FBF780FF204AA2FB00314909AC
:1046E000642303FB11031B013233A2FB03235B0989
:1046F00003F0F00202EB011203F00F0321681344F0
:104700008B6010BD0023021843EB0301121841F126
:104710000001C90041EA5271D200101841F10001B4
:10472000626892185B41FBF757FF0C4AA2FB00310D
:104730004909642303FB1103DB003233A2FB03238B
:104740005B095A0002F4F87202EB011203F007034E
:10475000216813448B60D4E7001001401F85EB51A2
:104760002DE9F04383B005460E4617469946DDF81D
:1047700028802B681C6836EA04040CBF012400243E
:10478000BC4228D1B8F1FF3FF3D0FDF7BFFCA0EB4E
:104790000900404523D8B8F1000F22D02B68DA6811
:1047A00012F0040FE5D0802EE3D0402EE1D01A683D
:1047B00012F0080FDDD0002401941A6801925B68A2
:1047C0000193019B2846FFF7E4FE08236B6485F8FC
:1047D0004040012000E0002003B0BDE8F08303204A
:1047E000FAE70320F8E760B310B5044690F84130CB
:1047F00013B3242384F841302268D36823F4005390
:10480000D3602046FFF724FF2268136923F4904306
:1048100013612268536923F02A0353612268D36825
:1048200043F40053D36000206064202384F84130B7
:1048300084F84230606310BD80F84030FDF7ACFA78
:10484000D7E7012070472DE9F04182B01E4690F86D
:104850004130DBB2202B56D104460D46904600294C
:1048600055D00AB901204FE000234364212380F88A
:104870004130FDF74BFC0746A4F82480A4F82680BD
:10488000A368B3F5805F02D04FF0000814E02369FD
:104890002BB34FF000080FE0202384F841300320B1
:1048A00032E038F8023B2268C3F308035360E28C1D
:1048B00092B2013A92B2E284E38C9BB293B1009639
:1048C0003B46002280212046FFF74AFF0028E3D123
:1048D000002DE6D015F8012B23685A60E7E7A846BB
:1048E0000025E9E700963B46002240212046FFF7DD
:1048F00037FF18B9202384F8413005E0202384F8DD
:104900004130032000E0022002B0BDE8F081012028
:10491000FAE790F84130DBB2202B10D189B192B187
:1049200001628284C28400234364212280F84120F2
:104930000168CA6842F08002CA60184670470220C7
:1049400070470120704701207047704708B5016823
:10495000CA6822F04002CA60202280F84120FFF796
:10496000F4FF002008BD7047704710B5846B2368C2
:104970005A6994F84130DBB2212B10D023685A6970
:1049800002F0400294F84230DBB2222B11D0636C6B
:1049900043F0100363642046FFF7E6FF10BD02F00A
:1049A0008002002AEAD00023E3842046FFF7E1FDDD
:1049B000E4E7002AEBD00023E3852046FFF7E9FD7A
:1049C000E5E708B5806B0023C385C384FFF7CCFF00
:1049D00008BD704790F84230DBB2222B69D1836862
:1049E000B3F5805F4FD0826AB3F5805F04D0002BAF
:1049F00056D10369002B53D103685B681370836A37
:104A000001338362C38D9BB2013B9BB2C385002BF4
:104A100051D100B583B00268D36823F02003D3607E
:104A20000268D36823F48073D3600268536923F06B
:104A300001035361202380F8423000234363036B5A
:104A4000012B33D100230363026802F10C0353E806
:104A5000003F23F010030C3242E800310029F3D16B
:104A600003681A6812F0100F06D0002201921A682B
:104A700001925B680193019B818DFFF7AAFF0020E3
:104A800003B05DF804FB0269002AACD1826A0368B6
:104A90005B68C3F308031380836A02338362B1E760
:104AA00003685B6803F07F031370A8E703F070FCF2
:104AB000E5E70220704700207047000010B582B083
:104AC000044602681368D068516913F00F0F09D1CA
:104AD00013F0200F0CD010F0200F09D02046FFF764
:104AE00079FF16E011F0010115D110F4907F12D179
:104AF000216B012979D013F0800F03D010F0800FC3
:104B000040F0148113F0400F03D010F0400F40F03C
:104B1000118102B010BD13F0010F06D010F4807F98
:104B200003D0626C42F00102626413F0040F04D0FF
:104B300019B1626C42F00202626413F0020F04D0F9
:104B400019B1626C42F00402626413F0080F07D0DE
:104B500010F0200F00D119B1626C42F008026264BB
:104B6000626C002AD5D013F0200F02D010F0200F75
:104B700029D123685B6903F04003626C12F0080FCF
:104B800000D163B32046FFF704FD23685B6913F08F
:104B9000400F20D0226802F1140353E8003F23F0B5
:104BA0004003143242E800310029F3D1E36B73B1C2
:104BB000624A1A65E06BFEF76CF80028A9D0E06B3A
:104BC000036D9847A5E72046FFF704FFD1E720468D
:104BD000FFF7CAFE9DE72046FFF7C6FE99E720468D
:104BE000FFF7C2FE0023636493E713F0100F82D037
:104BF00010F0100F3FF47FAF00230193136801936F
:104C000053680193019B536913F0400F52D0E26B3C
:104C100013685B689BB2002B3FF47BAFA18D994278
:104C20007FF677AFE385D369B3F5807F37D022680D
:104C300002F10C0353E8003F23F480730C3242E886
:104C400000310029F3D1226802F1140353E8003F38
:104C500023F00103143242E800310029F3D1226825
:104C600002F1140353E8003F23F04003143242E8FA
:104C700000310029F3D1202384F84230002323633C
:104C8000226802F10C0353E8003F23F010030C32BA
:104C900042E800310029F3D1E06BFDF7B0FF0223B9
:104CA0006363A18DE38D9BB2C91A89B22046FFF7D9
:104CB00090FE2EE7A18DE38D9BB2C91A89B2E38DD8
:104CC0009BB2002B3FF425AF00293FF422AF2268AE
:104CD00002F10C0353E8003F23F490730C3242E8D6
:104CE00000300028F3D1226802F1140353E8003F9A
:104CF00023F00103143242E800300028F3D12023CE
:104D000084F8423000232363226802F10C0353E845
:104D1000003F23F010030C3242E800300028F3D1AA
:104D2000022363632046FFF754FEF2E62046FFF7B6
:104D30005EFCEEE62046FFF709FEEAE6C3490008FE
:104D400008B5806B01234363036B012B02D0FFF78F
:104D50000AFE08BD818D4908FFF73BFEF9E708B55B
:104D60000346806B1B681B6813F4807F2BD10023E4
:104D7000C385026802F10C0353E8003F23F48073FB
:104D80000C3242E800310029F3D1026802F1140329
:104D900053E8003F23F00103143242E800310029B8
:104DA000F3D1026802F1140353E8003F23F04003FB
:104DB000143242E800310029F3D1202380F8423038
:104DC000036B012B07D000234363036B012B0FD030
:104DD00003F0DEFA08BD026802F10C0353E8003F5D
:104DE00023F010030C3242E800310029F3D1EAE746
:104DF000818DFFF7EEFDEDE730B583B00446134635
:104E00008162828500254564222280F84220C26B9F
:104E10001F48D063E26B1F481064E26B1E48D064E9
:104E2000E26B156520680A46011DE06BFDF7B2FED6
:104E3000019523681A6801925B680193019B2369BD
:104E40005BB1226802F10C0353E8003F43F4807326
:104E50000C3242E800310029F3D1226802F1140338
:104E600053E8003F43F00103143242E800310029C7
:104E7000F3D1226802F1140353E8003F43F04003EA
:104E8000143242E800310029F3D1002003B030BDD4
:104E90005F4D0008414D00086B49000808B590F8C7
:104EA0004230DBB2202B08D149B10AB9012008BD3C
:104EB00000230363FFF7A0FFF9E70220F7E70120D3
:104EC000F5E7842801D0033070470020704708B50B
:104ED00000F064FD002008BD2DE9F04387B00E46C8
:104EE0004469C4B18569B5B14768D0F80080D0F88D
:104EF0001090B0F90800FFF7E4FF029501940090CC
:104F000033464A464146384600F0D8FC059005989D
:104F100007B0BDE8F083446805680769B0F9080088
:104F2000FFF7CFFF05AB019300903346BAB2294695
:104F3000204600F000FD0128E9D00020E8E708B590
:104F400000B9012000F07CFE002008BD00F108033C
:104F500043604FF0FF328260C3600361002303604F
:104F6000704700230361704743684B609A688A600A
:104F7000516099600861036801330360704730B481
:104F80000D68B5F1FF3F11D000F108031C465B68C6
:104F90001A68AA42FAD963684B6099608C606160B4
:104FA000086103680133036030BC70470469F2E7AD
:104FB0000369416882688A60416851605A68824228
:104FC00006D0002202611A68013A1A601868704718
:104FD00082685A60F5E7000082B0002301930D4B10
:104FE0001B68B3F1FF3F08D04FF0500383F31188E3
:104FF000BFF36F8FBFF34F8FFEE74FF0500383F384
:105000001188BFF36F8FBFF34F8F019B002BFCD034
:1050100002B070472000002008480068006880F354
:1050200008884FF0000080F3148862B661B6BFF3C1
:105030004F8FBFF36F8F00DF00BF000008ED00E06F
:10504000DFF80C00016841F4700101607047000056
:1050500088ED00E04FF0807340F8043C21F001013E
:1050600040F8081C054B40F80C3C40F8202C6FF031
:10507000020340F8243C4438704700BFD94F000871
:10508000074B19680868B0E8F04F80F30988BFF350
:105090006F8F4FF0000080F311887047AFF30080EE
:1050A0004C7200204FF0500383F31188BFF36F8FD1
:1050B000BFF34F8F0B4A136801331360012B00D0ED
:1050C00070474FF0E023D3F8043D13F0FF0FF7D003
:1050D0004FF0500383F31188BFF36F8FBFF34F8FEF
:1050E000FEE700BF20000020094B1B6843B94FF0CA
:1050F000500383F31188BFF36F8FBFF34F8FFEE729
:10510000013B034A13600BB983F31188704700BF5A
:10511000200000200000000000000000000000004F
:10512000EFF30980BFF36F8F154B1A681EF0100F55
:1051300008BF20ED108A20E9F04F10602DE909002A
:105140004FF0500080F31188BFF34F8FBFF36F8F84
:1051500000F09CFD4FF0000080F3118809BC196835
:105160000868B0E8F04F1EF0100F08BFB0EC108ACE
:1051700080F30988BFF36F8F704700BFAFF30080E3
:105180004C72002008B54FF0500383F31188BFF331
:105190006F8FBFF34F8F00F04BFC28B14FF0E0232F
:1051A0004FF08052C3F8042D002383F3118808BD0B
:1051B0004FF0E022002313619361054B1B68054902
:1051C000A1FB03139B09013B536107231361704744
:1051D00014000020D34D62104FF0E023D3F8002DCF
:1051E0003D4B9A421CD04FF0E023D3F8002D3B4BAF
:1051F0009A421ED030B583B0394B1A78D2B20192A0
:10520000FF221A701B78DBB28DF803309DF8033053
:1052100003F05003334A1370334B07221A601BE02C
:105220004FF0500383F31188BFF36F8FBFF34F8F9D
:10523000FEE74FF0500383F31188BFF36F8FBFF386
:105240004F8FFEE7284A1368013B13609DF8033037
:105250005B00DBB28DF803309DF8033013F0800F54
:10526000F0D1214B1B68032B08D04FF0500383F380
:105270001188BFF36F8FBFF34F8FFEE71B021A4AEF
:10528000136003F4E0631360019BDBB2144A1370F4
:105290004FF0E024D4F8203D43F47003C4F8203DDF
:1052A000D4F8203D43F07043C4F8203DFFF780FF61
:1052B00000250E4B1D60FFF7C3FED4F8343F43F0CA
:1052C0004043C4F8343FFFF7A7FE00F0DFFCFFF7D0
:1052D00083FE284603B030BD71C20F4170C20F413A
:1052E00000E400E000110020FC100020200000205D
:1052F000124A12F0070F1ED0D11D21F00701C1F58F
:10530000C04313440A460E48026000214160134422
:10531000083B23F007030B48036059601960991A92
:1053200051601360084B1960084B1960084B4FF02F
:1053300000421A6070474FF4C043E4E72411002094
:105340001C11002018110020101100201411002041
:1053500004110020164B1A461B688342FBD3516888
:1053600002EB010C844509D0416800EB010C634558
:1053700009D00360904219D0106070474068014422
:1053800051601046F0E710B40A4C2468A3420BD0D9
:105390005B681944416013681B680360904200D049
:1053A00010605DF8044B70470460F7E7704700BF7A
:1053B0001C1100201811002038B5044600F030FB05
:1053C000384B1B68B3B1384B1B681C4250D1002CC2
:1053D00050D004F1080214F0070F02D022F00702A7
:1053E0000832002A55D0314B1B68934253D33049C1
:1053F0000C6804E0FFF77CFFE5E721461C46636884
:10540000934202D22368002BF7D1264B1B68A3429C
:1054100043D00D68083523680B6063689B1A102B16
:1054200010D9A01810F0070F08D04FF0500383F3E5
:105430001188BFF36F8FBFF34F8FFEE74360626049
:10544000FFF788FF626819490B689B1A0B601949BE
:1054500009688B4201D217490B60134B1B68134339
:10546000636000232360144A13680133136002E071
:10547000002500E0002500F067FB15F0070F0ED0B7
:105480004FF0500383F31188BFF36F8FBFF34F8F3B
:10549000FEE70025EFE70025EDE70025EBE72846CE
:1054A00038BD00BF18110020041100201411002085
:1054B0001C110020101100200C110020002834D0F5
:1054C00038B50446A0F1080550F8043C174A1268A4
:1054D000134208D14FF0500383F31188BFF36F8F4D
:1054E000BFF34F8FFEE750F8081C41B14FF0500357
:1054F00083F31188BFF36F8FBFF34F8FFEE723EA6B
:10550000020340F8043C00F08BFA54F8041C084AEB
:1055100013680B4413602846FFF71CFF054A136805
:105520000133136000F010FB38BD704704110020F8
:105530001411002008110020084B1B681B6823B9B8
:10554000074B4FF0FF321A607047044B1B68DB6853
:10555000DB685A68024B1A60704700BF94710020E4
:105560002C7100202DE9F04707469846089DDDF88C
:1055700024900A9C266B02F18042013A06EB8206D7
:1055800026F00706002964D008464FF0000CBCF155
:105590000F0F09D810F80C2004EB0C0383F834200B
:1055A00012B10CF1010CF2E7002384F84330062D10
:1055B00000D90625E56265644FF0000AC4F848A0EA
:1055C000201DFFF7CEFC04F11800FFF7CAFC246190
:1055D000C5F10705A5616462C4F890A184F894A19F
:1055E0004FF4A072514604F1500003F0FBF91B4B3D
:1055F000636503F16802A265D033E36501220023ED
:10560000C4E93A2343F20E33A4F8F0304AF6CD331E
:10561000A4F8F23041F23423A4F8F4304EF26D6372
:10562000A4F8F6304DF6EC63A4F8F8300523A4F89E
:10563000FA300B23A4F8FC30424639463046FFF7D7
:1056400009FD2060B9F1000F01D0C9F80040BDE8A4
:10565000F087002384F83430A9E700BF8078002069
:1056600038B5002407E004EB840293000E48184488
:10567000FFF76CFC0134062CF5D90C4D2846FFF7DA
:1056800065FC0B4C2046FFF761FC0A48FFF75EFC07
:105690000948FFF75BFC0948FFF758FC084B1D6001
:1056A000084B1C6038BD00BFC0710020AC710020E9
:1056B000987100207C7100206871002050710020DA
:1056C000947100209071002010B50446FFF7EAFCA9
:1056D000214A136801331360204B1B685BB1204BD8
:1056E0001B686BB91D4B1B68DA6AE36A9A4207D8DC
:1056F0001A4B1C6004E0194B1C601368012B28D066
:10570000184A136801331360E06A01238340164A84
:1057100011680B43136000EB8000211D134B03EB5A
:105720008000FFF721FCFFF7DFFC0D4B1B687BB10E
:105730000A4B1B68DA6AE36A9A4209D24FF0E02307
:105740004FF08052C3F8042DBFF34F8FBFF36F8F1C
:1057500010BDFFF785FFD3E74C7100204C7200208D
:10576000407100203071002044710020C071002081
:1057700010B50446503003F099F994F8953163B1AF
:10578000012B11D0022B0ED04FF0500383F3118860
:10579000BFF36F8FBFF34F8FFEE7206BFFF78EFED7
:1057A0002046FFF78BFE10BD2046FFF787FEFAE785
:1057B0000F4B1B68D3B110B5FFF774FC0D4BDB68C2
:1057C000DC68201DFFF7F4FB0B4A1368013B1360F4
:1057D000074A1368013B1360FFF786FC2046FFF77A
:1057E000C7FF034B1B68002BE6D110BD704700BFFD
:1057F00064710020687100204C71002008B5FFF72B
:10580000D7FF074B1B68012BF9D94FF0E0234FF06E
:105810008052C3F8042DBFF34F8FBFF36F8FEEE7B5
:10582000C071002070B504460D461D4B1E681D4B0F
:1058300018680430FFF7BCFB48B91A4B1B68DB6AD9
:1058400001229A4018490B6823EA02030B60B4F165
:10585000FF3F0DD03444134B1B685C60A64210D947
:10586000124B18680F4B19680431FFF788FB70BDA5
:10587000002DEFD00B4B196804310D48FFF774FB76
:10588000F5E70C4B1868074B19680431FFF777FBF5
:10589000094B1B68A342EAD9074B1C60E7E700BF2E
:1058A000487100204C72002044710020907100204B
:1058B00050710020947100202C71002030B587B009
:1058C0000B9C8CB10C9DC5B14FF4CC750495049D17
:1058D000B5F5CC7F1AD04FF0500383F31188BFF396
:1058E0006F8FBFF34F8FFEE74FF0500383F31188A4
:1058F000BFF36F8FBFF34F8FFEE74FF0500383F37B
:105900001188BFF36F8FBFF34F8FFEE7049D0C9D8F
:105910002C63022485F8954100240394029505AC7C
:1059200001940A9C0094FFF71DFE0C98FFF7CCFE33
:10593000059807B030BD2DE9F04385B0074688468D
:1059400014461E469000FFF737FD10B381464FF412
:10595000CC70FFF731FD0546A8B1C0F830900023A8
:1059600080F89531039302900D9B01930C9B00935B
:105970003346224641463846FFF7F4FD2846FFF7F6
:10598000A3FE012007E04846FFF798FD4FF0FF30E7
:1059900001E04FF0FF3005B0BDE8F08310B588B0EE
:1059A00000240594069407AA06A905A8FBF7CCFBDA
:1059B000059B0293069B019300942346079A104986
:1059C0001048FFF77BFF104B1860B8B14FF0500341
:1059D00083F31188BFF36F8FBFF34F8F0B4B1B689F
:1059E00050330B4A13600B4B4FF0FF321A600A4BD7
:1059F00001221A60094B1C60FFF7EEFB08B010BDD6
:105A0000FC040108FD570008287100204C7200209A
:105A1000CC0000202C710020407100204871002033
:105A2000024A136801331360704700BF24710020DD
:105A3000F8B53A4B1B68002B69D1394B1D6801350D
:105A40001D60C5B9374B1B681B6843B14FF050034D
:105A500083F31188BFF36F8FBFF34F8FFEE7314A97
:105A60001168314B186810601960304A13680133AF
:105A70001360FFF761FD2E4B1B68AB423DD9002739
:105A80002C4B1B68DB6A03EB83039A002A4B9B5861
:105A9000012B00D90127294B1B68002B3CD0012783
:105AA0003AE001271F4B1B681B6843B31D4B1B6863
:105AB000DB68DC6863689D4226D3261D3046FFF70D
:105AC00077FAA36A1BB104F11800FFF771FAE36AD1
:105AD00001229A401A49086802430A6003EB8303D3
:105AE0009A00314614481044FFF73EFAE26A114B1F
:105AF0001B68DB6A9A42D4D2D4E70027D2E70C4B6A
:105B00004FF0FF321A60BBE7094A1360B8E70D4A4D
:105B100013680133136000273846F8BD2471002054
:105B20004871002094710020907100203471002091
:105B30002C7100204C720020C071002038710020B0
:105B4000447100203C71002038B5354B1B6843B9C7
:105B50004FF0500383F31188BFF36F8FBFF34F8F64
:105B6000FEE7FFF79FFA2E4B1A68013A1A601B688E
:105B7000002B4FD12B4B1B680BB900244BE00024AA
:105B8000294B1B681BB3284BDB68DC6804F1180049
:105B9000FFF70EFA251D2846FFF70AFAE06A0123EF
:105BA0008340224A11680B43136000EB80002946B2
:105BB0001F4B03EB8000FFF7D7F9E26A1D4B1B6810
:105BC000DB6A9A42DCD31C4B01221A60D8E70CB185
:105BD000FFF7B2FC194B1C6884B9174B1C68D4B191
:105BE0004FF0E0234FF08052C3F8042DBFF34F8FE6
:105BF000BFF36F8F01240EE0013C07D0FFF718FFC1
:105C00000028F9D00C4B01221A60F5E70B4B00225B
:105C10001A60E2E70024FFF767FA204638BD00BFAC
:105C2000247100204C7100207C7100204471002000
:105C3000C07100204C720020387100203C7100209F
:105C400010B5A8B10446104B1B6843B14FF0500388
:105C500083F31188BFF36F8FBFF34F8FFEE7FFF71A
:105C6000DFFE00212046FFF7DDFDFFF76DFF48B99D
:105C70004FF0E0234FF08052C3F8042DBFF34F8F55
:105C8000BFF36F8F10BD00BF24710020224B1B6833
:105C90001BB1224B01221A607047204B00221A6070
:105CA0001F4B1B68B3FA83F3DBB2C3F11F0303EB93
:105CB00083018A001B498A5842B94FF0500383F38D
:105CC0001188BFF36F8FBFF34F8FFEE7154803EBCB
:105CD00083018A00024451684968516003EB830CD8
:105CE0004FEA8C020832024491420DD003EB830349
:105CF0009A000C4B13445B68DA680B4B1A601B6804
:105D000050330A4A13607047486862469100054A5A
:105D10000A445060EAE700BF247100203871002077
:105D200044710020C07100204C720020CC00002083
:105D30007047704710B5FCF7E9F90446FCF7E6F93F
:105D4000A042FBD0FCF7E2F910BD10B504E04FF41F
:105D50007A70FFF7EFFF2046431E9CB20028F6D171
:105D600010BD000008B5002210210248FDF788F997
:105D700008BD00BF0000024008B501221021024802
:105D8000FDF77EF908BD00BF0000024008B5002203
:105D900001210248FDF774F908BD00BF000402406C
:105DA00008B5012211460248FDF76AF908BD00BF97
:105DB0000004024000B587B08DF80F004FF47A73ED
:105DC000009301230DF117020DF10F010348FDF7B8
:105DD000AEFD9DF8170007B05DF804FB0C0D002028
:105DE00010B50C46FFF7E6FF2046FFF7E3FF10BDB6
:105DF00010B50C4640F08000FFF7DCFF5520FFF7A0
:105E0000D9FF207010BD38B50D46144640F0800013
:105E1000FFF7D0FF06E05520FFF7CCFF05F8010B98
:105E2000013CE4B2002CF6D138BD000070B5FFF79C
:105E300099FF8020FFF7BEFF5520FFF7BBFF5520DD
:105E4000FFF7B8FFFFF798FF9620FFF773FFFFF704
:105E500089FF8020FFF7AEFF5520FFF7ABFF5520ED
:105E6000FFF7A8FFFFF788FF9620FFF763FFFFF714
:105E700079FFB6217E20FFF7B3FFFFF77DFF5020AB
:105E8000FFF763FFFFF76EFF8020FFF793FF5520BA
:105E9000FFF790FF5520FFF78DFFFFF76DFF96206E
:105EA000FFF748FFFFF75EFF8020FFF783FF5520D5
:105EB000FFF780FF5520FFF77DFF0446FFF75CFFEB
:105EC0009620FFF737FF1E2C32D10024052C2DD849
:105ED000FFF748FF174A04EB4403D1184E78D55C0E
:105EE00031462846FFF77CFFFFF746FF9620FFF775
:105EF00021FFFFF737FF45F08000FFF75BFF5520DC
:105F0000FFF758FF5520FFF755FF0546FFF734FF11
:105F10009620FFF70FFFAE4202D10134E4B2D5E77D
:105F200004EB4404034B2344987800E0002070BD48
:105F3000FF20FCE7F406010870B582B000248DF85C
:105F40000740FFF723FF0DF107012046FFF750FF41
:105F5000FFF726FF9620FFF7EDFEFFF717FF0DF185
:105F600007012046FFF744FFFFF71AFF9620FFF7CF
:105F7000E1FEFFF70BFFB6211420FFF731FFFFF71B
:105F80000FFF5020FFF7E1FEFFF700FF0DF10701C3
:105F90002046FFF72DFFFFF703FF9620FFF7CAFE0D
:105FA000FFF7F4FE0DF107012046FFF721FFFFF791
:105FB000F7FE9620FFF7BEFE9DF807300F2B2ED17F
:105FC000052C29D8FFF7E2FE164A04EB4403D1184A
:105FD0004D78D65C29463046FFF702FFFFF7E0FE1A
:105FE0009620FFF7A7FEFFF7D1FE0DF1070130461F
:105FF000FFF7FEFEFFF7D4FE9620FFF79BFE9DF80D
:1060000007309D4202D10134E4B2D9E704EB4404E5
:10601000044B2344987800E0002002B070BDFF20BC
:10602000FBE700BFE006010810B5FFF781FEFFF7B0
:1060300080FEFFF7FBFE0446FFF77EFF2043C0B261
:1060400010BD0000F0B583B006460D46144600278B
:1060500000970197FFF786FE9220FFF7ABFE06221E
:1060600069461220FFF7CFFEFFF786FE9DF801304C
:106070001B021BB29DF80020134307EE903AF8EE86
:10608000E77A474A92ED007A67EE877AC5ED007AA3
:106090009DF803301B021BB29DF802100B4307EE64
:1060A000903A92ED007AF8EEE77A67EE877AC5EDDE
:1060B000017A9DF805301B021BB29DF804201343A2
:1060C00007EE903AF8EEE77A67EE877AC5ED027A46
:1060D000FFF75CFE082269463846FFF794FEFFF79B
:1060E0005FFE9DF800300F2B27D0FFF73BFEA2206C
:1060F000FFF760FE022269462220FFF784FEFFF7C9
:106100003BFE9DF800209DF801305B0943EAC20385
:10611000B3F5806F01DBA3F5006307EE903AF8EE6C
:10612000E77AB4EE007A67EE877AB3EE077A77EE15
:10613000877AC4ED007A03B0F0BD9DF803301B02EE
:106140001BB29DF80220134307EE903AF8EEE77A6F
:10615000144A92ED007A67EE877AC6ED007A9DF8D0
:1061600005301B021BB29DF804100B4307EE903A5A
:1061700092ED007AF8EEE77A67EE877AC6ED017A5B
:106180009DF807301B021BB29DF80620134307EE53
:10619000903AF8EEE77A67EE877AC6ED027AA4E7DE
:1061A000280000202400002000B58BB0394B984215
:1061B00005D0394B984237D00BB05DF804FB01ABEA
:1061C00003AA0021FCF7A1F9039BA3F20122062AEE
:1061D000F2D8013BDBB2314A1370314903EB830241
:1061E00001EB420031F912C0A0F808C09DF804E0AC
:1061F0009DF805C04CEA0E2C21F812C09DF806202F
:10620000120212B29DF807C042EA0C0242809DF8C9
:106210000820120212B29DF809C042EA0C028280E4
:106220009DF80A208271C7E701AB03AA0021FCF7A1
:106230006CF9039BA3F20122062ABDD8013BDBB215
:10624000184A1370184903EB830201EB420031F93D
:1062500012C0A0F808C09DF804E09DF805C04CEA03
:106260000E2C21F812C09DF80620120212B29DF8E1
:1062700007C042EA0C0242809DF80820120212B2C6
:106280009DF809C042EA0C0282809DF80A208271C2
:1062900092E700BFE0070020B807002051720020FD
:1062A0001C73002050720020D472002010B582B000
:1062B0008E469446104940F2FF120A6000228A601E
:1062C000CA6008220A610D4A4FEA2E24147082F82F
:1062D00001E04FEA202E82F802E0D0704FEA2C2035
:1062E000107182F805C018129071D37101AB044887
:1062F000FCF796F802B010BD9C720020947200204A
:10630000B807002010B582B08E4694460F494FF46E
:1063100000720A6000228A60CA6008220A610C4A80
:106320000412147050704FEA2E20907082F803E02F
:106330004FEA2C20107182F805C018129071D371A9
:1063400001AB0448FCF76CF802B010BDBC72002031
:10635000B4720020B807002010B582B08E46944673
:106360000F49AC220A6000228A60CA6008220A61D2
:106370000C4A0412147050704FEA2E20907082F86C
:1063800003E04FEA2C20107182F805C018129071BA
:10639000D37101AB0448FCF743F802B010BD00BF55
:1063A0007C72002074720020E007002010B582B0DB
:1063B0008E4694460F49AD220A6000228A60CA6068
:1063C00008220A610C4A0412147050704FEA2E2001
:1063D000907082F803E04FEA2C20107182F805C01B
:1063E00018129071D37101AB0448FCF719F802B090
:1063F00010BD00BF5C72002054720020E007002036
:1064000008B5334C334D344A21462846FFF71AFE6F
:1064100095ED000AF1EE407A304BC3ED007AD5EDF0
:10642000010AF1EE607A2E4BC3ED007A95ED021A67
:106430002C4B83ED001A9FED2C3A2C4EB0EE434AC4
:10644000F0EE433AD4ED022A94ED012AD4ED001A7D
:10645000304600F0ABF9264CA4F108052346221F74
:106460002946304600F094FB54ED025ADFED217AC4
:1064700025EEA75A204B83ED005A54ED016A26EE13
:10648000A76A83ED016A95ED027A67EE277AC3ED7C
:10649000027A1A4B83ED005AB1EE466A184B83ED2F
:1064A000006AF1EE677A174BC3ED007A164BC3ED25
:1064B000005AF1EE666A154BC3ED006AB1EE477AF9
:1064C000134B83ED007A0120FEF739FD99E700BFF9
:1064D000280C0020340C0020240C0020000C00208C
:1064E000080C0020040C0020000000000000002028
:1064F000200C0020E02E65420C0C0020F80B002040
:10650000FC0B0020F40B0020EC0B0020F00B002013
:10651000E80B0020F6EE007A60EE277A10EE103AD3
:10652000074AA2EB630307EE103A67EE277A67EE9D
:10653000277AB7EE080A30EE670A27EE000A70479E
:10654000DF59375F10B52DED068B0446B0EE409A4B
:10655000F0EE609AB0EE418AF0EE618AB0EE42AAA7
:10656000F0EE62AAF5EE401AF1EE10FA0AD1B5EE9D
:10657000402AF1EE10FA05D1F5EE402AF1EE10FABC
:1065800000F0938068EEA87A2AEE0A7A77EE877A8E
:106590002AEEAA0A37EE800AFFF7BCFF68EE808A6F
:1065A0002AEE00AA6AEE80AA94ED017AD4ED036A7D
:1065B00027EE266AD4ED007AD4ED025A27EEA55ACA
:1065C00036EE456A27EE277A66EEA55A37EE257A2B
:1065D00067EEA77AF6EE005A77EEE57A66EEA66ADF
:1065E00077EEA67A6AEE275A6AEE876A75EEE65A61
:1065F0006AEE86AA68EEA77A7AEEE7AA68EE878A3C
:106600002AEE06AA78EECA8A614BD3ED007AF5EE3F
:10661000C07AF1EE10FA40F3B380D3ED007A67EE62
:10662000A57A9FED5C7A67EE877A5B49D1ED006AC7
:1066300076EEA77AC1ED007AD3ED007A67EEAA7AFA
:1066400067EE877A554AD2ED006A76EEA77AC2EDF8
:10665000007AD3ED007A67EEA87A67EE877A504B1E
:1066600093ED007A77EE277AC3ED007AD1ED007AC8
:1066700039EE279AD2ED007A79EEA79AD3ED007A17
:1066800038EE278A474BD3ED007A67EEA57A39EECC
:10669000279AD3ED007A67EEAAAA79EEAA9AD3EDEB
:1066A000007A67EEA87A38EE278ADFED3F7A29EE86
:1066B000270A69EEA70A28EE271AD4ED006A94ED9E
:1066C000017AD4ED027A27EE409A20EEA76A39EEDD
:1066D000469AD4ED039A29EE816A39EE469A39EE4C
:1066E000269A84ED009A60EE268A21EE276A78EEDB
:1066F000868A29EEA06A78EEC68A78EE878AC4ED8B
:10670000018A20EEA68A21EE076A38EE468A29EE33
:10671000806A38EE068A38EE278A84ED028A21EEF6
:10672000261A60EE870A31EE201A20EE270A31EE93
:10673000401A79EE819AC4ED039A69EE097A28EE3F
:10674000A87A77EE877A28EE087A77EE877A29EEAC
:10675000A90A37EE800AFFF7DDFE29EE009A84EDE4
:10676000009A68EE808AC4ED018A28EE008A84EDE2
:10677000028A69EE809AC4ED039ABDEC068B10BDC7
:106780000023054A1360054A1360054A136079E740
:10679000707300206F12833A6C73002068730020BE
:1067A000647300202C0000206F12033A10B52DED09
:1067B000108B86B00446B0EE40AAF0EE60AAB0EEB0
:1067C000418AF0EE618AB0EE42BAB0EE62CAB0EE33
:1067D000439AF0EE63BAF0EE449AB5EE403AF1EE29
:1067E00010FA0AD1F5EE403AF1EE10FA05D1B5EE05
:1067F000404AF1EE10FA00F0B181F5EE408AF1EE78
:1068000010FA0AD1B5EE40BAF1EE10FA05D1B5EEA4
:1068100040CAF1EE10FA00F0358168EEA87A2BEE4E
:106820000B7A77EE877A2CEE0C0A37EE800AFFF7A8
:1068300071FE68EE805ACDED025A2BEE005A8DEDB6
:10684000035A6CEE004ACDED044A69EE097A2BEE4C
:10685000AB7A77EE877A29EEA90A37EE800AFFF73E
:1068600059FE29EE009A6BEE80BA69EE809AD4ED5B
:10687000007A27EEA77A8DED057A94ED01BA27EE1E
:106880008BFAD4ED028A67EEA8FA94ED03DA67EE8C
:106890008D7A6BEE0BCA6BEE286A2BEE0DBA68EEA2
:1068A000A8EA68EE8D8A2DEE0DDAB6EE00EA3EEE2D
:1068B0006ECA3CEE4DCA2CEE097A76EEE7DA2DEE82
:1068C000AB6A37EE067A3FEE8B6A8DED016A26EEF3
:1068D000296A37EE067A37EE077A77EEA67A67EE00
:1068E000897A7EEE6CCA7CEECD6A66EEAB6A77EE94
:1068F000A67A78EECF6A66EEA96A77EEA67A77EE88
:10690000A77A27EE077A67EEA77A77EE277A17EE4F
:10691000900AF9F7B9FD41EC100B07F029FF51EC93
:10692000100BF9F709FE07EE100A3BEE6FBA6BEE9B
:10693000097A7FEE288A68EEAB6A77EEA67A7CEE5B
:10694000EECA6CEEA96A77EEA67A77EEA77ADDED4D
:10695000056A76EECE6A76EE8D6A2CEE07CA2BEECD
:10696000276A3CEE06CA6DEE87DA28EEA76A7DEE4E
:1069700086DA9DED016A26EE077A6CEEA7CA77EEFD
:106980002C7A9DED035A25EE266ADDED044A28EEA9
:10699000A47A36EE476A2BEEA77A69EEAD5A37EE47
:1069A000657A36EE076A2BEE247ADDED025A65EE43
:1069B000A66A37EE667A69EE8C9A69EE277A79EEE6
:1069C000E79A37EE297A68EEA58A2BEE05BA78EEBB
:1069D000CB8A29EE2D9A6BEE8CBA39EE6B9A78EE53
:1069E000898A644BD3ED007AF5EEC07AF1EE10FAA5
:1069F00040F3B780D3ED007A67EE867ADFED5E6A0A
:106A000067EEA67A5D49D1ED005A75EEA77AC1ED21
:106A1000007AD3ED007A67EE877A67EEA67A584A55
:106A2000D2ED005A75EEA77AC2ED007AD3ED007A66
:106A300067EEA87A67EEA67A524BD3ED006A76EE3F
:106A4000A77AC3ED007AD1ED007A3AEE27AAD2ED0B
:106A5000007A7AEEA7AAD3ED007A38EE278A4A4B5D
:106A6000D3ED007A67EE867A3AEE27AAD3ED007A64
:106A700027EE877A7AEE87AAD3ED007A67EEA87AB6
:106A800038EE278ADFED417A2AEE27AA6AEEA7AA16
:106A900028EE278A94ED006AD4ED016A94ED027A1B
:106AA00066EECA9A6AEE877A79EEE79AD4ED037AAF
:106AB00067EE885A79EEE59A79EE869AC4ED009AE7
:106AC0002AEE069A68EE075A39EE259A67EEAA5A18
:106AD00039EE659A39EE269A84ED019A6AEE868A35
:106AE00068EE265A78EEE58A67EE8A5A78EEA58A2D
:106AF00078EE878AC4ED028A28EE068A6AEEA6AA94
:106B000038EE2A8A2AEE07AA38EE4A8A37EE888AB1
:106B100084ED038A69EEA97A29EE097A77EE877AFD
:106B200028EEA87A77EE877A28EE080A37EE800AF0
:106B3000FFF7F0FC69EE809AC4ED009A29EE009A06
:106B400084ED019A68EE808AC4ED028A28EE008AFC
:106B500084ED038A06B0BDEC108B10BDFFF7F2FC8C
:106B6000F8E70023054A1360054A1360054A1360DD
:106B700075E700BF707300206F12833A6C730020BA
:106B800068730020647300202C0000206F12033A09
:106B9000F8B52DED028B04460F4616461D46D0ED86
:106BA000000A90ED030A20EE800AD0ED017A90ED04
:106BB000027A27EE877A30EE070A60EEA00A67EEC7
:106BC000A77A70EEA70A70EEA00AB7EE008A70EE00
:106BD000C80A30EE000A07F0B7FE87ED000AD4EDD0
:106BE000017A94ED037A67EE877A94ED007AD4ED1A
:106BF000026A27EE267A77EEC77AB8EE000A27EE09
:106C0000800A07F075FE86ED000AD4ED000A94EDC7
:106C1000010A20EE800A94ED027AD4ED037A27EE81
:106C2000277A30EE070A60EEA00A67EEA77A70EEC8
:106C3000A70A70EEA00A70EEC80A30EE000A07F04C
:106C400083FE85ED000ABDEC028BF8BD184B1B7866
:106C50004BB103F0FF02012A10D00023144A137035
:106C6000144A13707047FF2800D07047124B1870F9
:106C70000123104A13700E4A137070470D490A78A9
:106C8000531CDBB20B700C498854102BEDD110B49F
:106C9000CB7B0D2B07D00023054A1370054A1370D8
:106CA0005DF8044B7047054C0FC984E80F00F2E70C
:106CB000757300207473002088730020A87300206F
:106CC00010B5114BFF221A7000225A700F4A126839
:106CD000C3F802200E4AD2ED007AF1EE677A17EE81
:106CE000902AC3F806200B4A1268C3F80A200D2226
:106CF000DA73094C0FCB84E80F00102221460748B5
:106D0000FDF707FE10BD00BF98730020F40B0020B4
:106D1000FC0B0020F80B002078730020B01000203E
:106D200008B50E4C4FF480612046FCF7AFF96420A3
:106D3000FEF705F94FF480512046FCF7A7F96420CF
:106D4000FEF7FDF84FF400612046FCF79FF9642040
:106D5000FEF7F5F80120FEF7F2F8E2E7001C02402A
:106D600010B58AB00122089200230693079200937F
:106D7000019302930393059304930E4C69462046B6
:106D8000FBF784FA2046FBF71DFB02212046FBF7A8
:106D900071FC0E2309930593074C69462046FBF7C7
:106DA00075FA2046FBF70EFB02212046FBF762FC3A
:106DB0000AB010BDE0070020B807002010B4164B41
:106DC0001B685C6944F040045C61DC6844F01004BA
:106DD000DC60124B1C68236823F00103236003E08E
:106DE0001C6824F001041C600C4B1B681C6814F028
:106DF000010FF5D10A4C9C60D86019615A601A687D
:106E000042F480221A60054B1A68136843F00103AC
:106E100013605DF8044B704768100020000F0020DD
:106E20000448004070B50446084615461E46002337
:106E30001A461946FFF73AFA00231A463146284601
:106E4000FFF760FABDF91430002211462046FFF723
:106E500083FA00231A4619460248B0F90000FFF7EA
:106E6000A5FA70BD5A0C002000B583B00AE00020DE
:106E700001900090034602460146FFF7D3FF012030
:106E8000FEF75DF8204BB3F90010204BB3F900205A
:106E90001F4BB3F90030002A18BF0029E7D0B3FA1E
:106EA00083F35B09002BE2D11A4BB3F90030022BBC
:106EB00017D0012B18BF032B1CD10193164BB3F92C
:106EC00000300093154BB3F90030154AB2F9002099
:106ED0001449B1F900101448B0F90000FFF7A2FFFF
:106EE000CDE7019300200090034602460146FFF7DC
:106EF00099FFC4E701930020009003460246014633
:106F0000FFF790FFBBE700BFD00C0020CA0C0020A9
:106F1000C80C0020FC0C0020580C00205C0C002049
:106F2000600C0020640C0020740C002008B5544B49
:106F3000B3F90000012814BF00230123514AB2F91C
:106F40000010012914BF00220122134223D04E4B0E
:106F500000221A604D4BB3F90000012814BF002332
:106F600001234B4AB2F90010012914BF002201226B
:106F7000134246D0474B00221A60FBF7C7F8464B36
:106F80001B68C01AB0F5967F04D9444BB3F90030A2
:106F9000012B6CD008BD002914BF002303F00103AE
:106FA00073B13F4BD3ED007A9FED3E7A77EEC77A0F
:106FB000B5EE007A67EE877A334BC3ED007AC9E706
:106FC000002814BF002202F0010272B1344B93ED8D
:106FD000007ADFED347A37EE677AF5EE007A67EE05
:106FE000C77A294BC3ED007AB4E72F4BB3F90030D1
:106FF0009B0007EE903AF8EEE77A234BC3ED007A58
:10700000A8E7002914BF002303F0010373B1244B48
:1070100093ED007ADFED237A37EE677AF5EE007AAA
:1070200067EEC77A1B4BC3ED007AA6E7002814BFB2
:10703000002202F0010272B1194BD3ED007A9FEDEC
:10704000197A77EEC77AB5EE007A67EE877A114B38
:10705000C3ED007A91E7154BB3F900309B0007EEC2
:10706000903AF8EEE77A0B4BC3ED007A85E7FBF731
:107070004DF8094B18600E4A13880133138089E7D5
:10708000F80C0020F60C0020C00C0020F40C0020AE
:10709000F20C0020C40C0020A80C0020EC0C0020F6
:1070A000500C002000007A45040D0020060D002041
:1070B000A40C00200B4B1B8DA3F59453183B07EE3B
:1070C000903AF8EEE77ADFED086A87EEA67A074B8A
:1070D00083ED007ADFED067A27EE277A054B83ED04
:1070E000007A70471C730020610BB641B00C002081
:1070F00035FA8E3CAC0C002008B52DED068B1C4BF0
:107100001868F9F7C1F941EC190BB0EE490AF0EE35
:10711000690A07F061FB51EC100BF9F70DFA08EE64
:10712000900A144B93ED008A28EE88AAB0EE490A23
:10713000F0EE690A07F094FB51EC100BF9F7FCF93B
:1071400007EE900A0C4B93ED007A67EE876A3AEEF1
:1071500066AA0A4B83ED00AA28EE278A68EE878A82
:1071600038EE288A064B83ED008ABDEC068B08BDFD
:10717000AC0C0020C40C0020C00C0020BC0C002073
:10718000B80C002008B5DFED050A9FED050A054A99
:107190000021054800F0EBFD08BD00BF00007A4467
:1071A0000000804660000020D874002010B500EE7A
:1071B000900A0A4BB3F9023000EE103A084CF8EE90
:1071C000E00AB8EEC00A204600F0EAFDD4ED087AE5
:1071D000FDEEE77A17EE903A18B210BD1C7300204E
:1071E000D874002008B5DFED050A9FED050A054AB1
:1071F0000021054800F0BBFD08BD00BF00007A4437
:1072000000008046540000209074002010B500EE6D
:10721000900A0A4BB3F90C3000EE103A084CF8EE25
:10722000E00AB8EEC00A204600F0BAFDD4ED087AB4
:10723000FDEEE77A17EE903A18B210BD1C730020ED
:107240009074002008B5DFED050A9FED050A054A98
:107250000021054800F08BFD08BD00BF00007A4406
:1072600000008046480000204874002010B500EE61
:10727000900A0A4BB3F9163000EE103A084CF8EEBB
:10728000E00AB8EEC00A204600F08AFDD4ED087A84
:10729000FDEEE77A17EE903A18B210BD1C7300208D
:1072A0004874002008B5DFED050A9FED050A054A80
:1072B0000021054800F05BFD08BD00BF00007A44D6
:1072C000000080463C0000200074002010B500EE55
:1072D000900A0A4BB3F9203000EE103A084CF8EE51
:1072E000E00AB8EEC00A204600F05AFDD4ED087A54
:1072F000FDEEE77A17EE903A18B210BD1C7300202D
:107300000074002008B50E4BB3F90000FFF74EFFE4
:107310000C4B18800C4BB3F90000FFF777FF0B4BB9
:1073200018800B4BB3F90000FFF7A0FF094B188042
:10733000094BB3F90000FFF7C9FF084B188008BDDF
:10734000A20C0020A00C00209C0C00209A0C002015
:10735000960C0020940C0020900C00208E0C002035
:1073600008B5DFED050A9FED050A054A002105482D
:1073700000F0FDFC08BD00BF0000000000803B45A0
:1073800030000020B873002010B5F0EE400A064B24
:107390001B8D00EE103A054CB8EE400A204600F076
:1073A000FFFC94ED080A10BD1C730020B873002088
:1073B00010B5734BD3ED006A724B93ED007A76EE05
:1073C000C77AFDEEE77A17EE903A1BB26E4A138049
:1073D00076EE877AFDEEE77A17EE902A10B26B4AC6
:1073E000108077EE667AFDEEE77A17EE902A11B2FA
:1073F000674A1180B1EE477A37EE667ABDEEC77AFA
:1074000017EE102A12B2634C228007EE903AF8EE83
:10741000E77AF0EEE77A07EE100AB8EEC77AB0EE38
:10742000C77A77EE877A07EE101AB8EEC77AB0EE11
:10743000C77A77EE877A07EE102AB8EEC77AB0EEF1
:10744000C77A77EE877A544BC3ED007A534B93EDAE
:10745000007A77EEC77A524BC3ED007AF5EEC07A28
:10746000F1EE10FA6AD44F4B00221A604E4B012203
:107470001A80454BB3F9003007EE903AF8EEE77A00
:10748000484B93ED007A77EE877AFDEEE77A17EEB8
:10749000903A1BB2454A13803C4AB2F9002007EEED
:1074A000902AF8EEE77A77EE277AFDEEE77A17EE84
:1074B000902A10B23E4A1080354AB2F9002007EEF9
:1074C000902AF8EEE77A77EE277AFDEEE77A17EE64
:1074D000902A11B2374A11802E4AB2F9002007EEE5
:1074E000902AF8EEE77A37EE277ABDEEC77A17EEE4
:1074F000102A12B2304C228007EE903AF8EEE77A6A
:10750000F0EEE77A07EE100AB8EEC77AB0EEC77A67
:1075100077EE877A07EE101AB8EEC77AB0EEC77A20
:1075200077EE877A07EE102AB8EEC77AB0EEC77A00
:1075300077EE877A214BC3ED007A10BD1A4B0022FB
:107540001A801F4BB3F90030012B05D0032B0BD051
:10755000144B00221A608CE7B5EE007A67EE877A4A
:10756000104BC3ED007A84E79FED160AFFF70CFF7E
:10757000154B83ED000A0B4B83ED000A79E700BF42
:10758000BC0C0020B80C00209E0C0020980C0020A1
:10759000920C00208C0C0020880C0020500C002045
:1075A000800C0020B40C00207C0C0020A20C0020D9
:1075B0009C0C0020960C0020900C00204C0C00200D
:1075C000FC0C002000C09445840C002008B5FFF797
:1075D000ADFCFFF76FFDFFF78FFDFFF7E9FEFFF74B
:1075E00091FE0020FDF7ABFCF1E7000008B5FAF7CB
:1075F0008DFD074B1B68C01AB0F5967F03D9054B6C
:1076000000221A8008BD034B01221A80FAE700BF4E
:10761000CC0C0020D00C0020064B93F82E303B2BD6
:1076200003D8054B01221A807047034B00221A80B1
:10763000704700BF1C730020CA0C0020064B93F853
:1076400038303B2B03D8054B01221A807047034B7F
:1076500000221A80704700BFD4720020C80C00209E
:1076600008B5FFF7C3FFFFF7D7FFFFF7E7FF0120DC
:10767000FDF765FCF5E7000008B544E06C49002023
:10768000088072E06B490020088074E06A4900209D
:10769000088076E069490020088078E06849002089
:1076A00008807AE06749002008807CE06649002075
:1076B00008807FE065490020088082E0644900205E
:1076C000088085E063490020088088E06249002046
:1076D00008808BE06149002008808EE0604900202E
:1076E000088091E05F490020088094E05E4B012112
:1076F000198012F4004F40F096805C4B00221A80F3
:107700000120FDF71CFC5A4B1B68B3F90010594AC5
:107710001180B3F90210584A1180B3F90410574A86
:107720001180B3F90610564A1180B3F90810554A72
:107730001180997A544A1180D97A544A1180B3F948
:107740000C10534A1180B3F90E10524A1180997CE3
:10775000514A1180D97C514A11809A8A93B212F011
:10776000010F8BD032490120088013F0020F89D01D
:1077700030490120088013F0040F87D02E490120E2
:10778000088013F0080F85D02C490120088013F0E1
:10779000100F83D02A490120088013F0200F81D0D8
:1077A00028490120088013F0400F3FF47FAF26499D
:1077B0000120088013F0800F3FF47CAF23490120A3
:1077C000088013F4807F3FF479AF214901200880BD
:1077D00013F4007F3FF476AF1E490120088013F4B4
:1077E000806F3FF473AF1C490120088013F4006FD1
:1077F0003FF470AF19490120088013F4805F3FF413
:107800006DAF17490120088013F4005F3FF46AAFA1
:1078100014490120088013F4804F7FF467AF124BA6
:107820000021198065E7114B01221A8068E700BF2B
:10783000F80C0020F60C0020F40C0020F20C0020C4
:10784000F00C0020EE0C0020EC0C0020EA0C0020D4
:10785000E80C0020E60C0020E40C0020E20C0020E4
:10786000E00C0020DE0C0020DC0C0020DA0C0020F4
:10787000080D0020060D0020040D0020020D002040
:10788000000D0020FE0C0020FC0C0020FA0C002053
:10789000D80C0020D60C0020D40C0020D20C0020E4
:1078A000184BB3F9003007EE903AF8EEE77A9FED07
:1078B000167A67EE877A154B93ED007A77EE877A22
:1078C0009FED137AF4EEC77AF1EE10FA06DD9FED24
:1078D000117A77EEC77AC3ED007A70479FED0E7A82
:1078E000F4EEC77AF1EE10FA07D59FED0A7A77EE3B
:1078F000877A064BC3ED007A7047044BC3ED007ADC
:10790000704700BF020D00206F1283BA700C002078
:10791000000034430000B443000034C308B5344BC6
:107920001B88344A128813431BB2002B45D1324BBB
:10793000B3F90030012B22D1304BD3F80A30FFEEDF
:10794000007A07EE103AB4EE677AF1EE10FA13D02F
:107950002A4BD3F806202A490A60D3F8023007EEF2
:10796000903AF1EE677A274BC3ED007A264B1A6006
:10797000264BC3ED007A04E0FFF792FF01E0FFF72A
:107980008FFF234BB3F9003007EE903AF8EEE77A19
:107990009FED207A67EE877AF5EEC07AF1EE10FA65
:1079A0000CD4184B93ED007AF3EE096AB4EEE67A44
:1079B000F1EE10FA15DDC3ED006A08BD114B93ED31
:1079C000007AFBEE046AB4EEE67AF1EE10FA02D524
:1079D000C3ED006AF1E777EE877A0A4BC3ED007AD0
:1079E000EBE777EE877A074BC3ED007AE5E700BF58
:1079F000D60C0020D80C0020FA0C0020A873002020
:107A0000700C00206C0C0020D40B0020D80B002040
:107A1000000D00206F1203BA144BD3ED007A144B03
:107A200093ED007A37EE677ADFED126AB4EEE67A0C
:107A3000F1EE10FA07D59FED107A77EEC77A0F4B6B
:107A4000C3ED007A7047DFED0E6AB4EEE67AF1EE30
:107A500010FA07DD9FED087A77EE877A074BC3EDC2
:107A6000007A7047054BC3ED007A7047F80B002091
:107A7000700C0020000034C30000B443E40B00206D
:107A800000003443094BB3F90030022B08D0084BF7
:107A90004EF29C621A80074B41F664121A807047BE
:107AA0000023034A1380034A13807047FA0C002016
:107AB000620C00205E0C002008B5DFED050AB3EE75
:107AC0000E0A044A0021044800F051F908BD00BF25
:107AD00000000000A80000208876002010B5F0EE1D
:107AE000400A054C054B93ED000A204600F058F97A
:107AF00094ED080A10BD00BF88760020E40B00203A
:107B000008B5DFED050A9FED050A054A0021054885
:107B100000F02DF908BD00BF00409C460050C34650
:107B20009C000020D076002010B5F0EE400A094CF1
:107B3000094B93ED000A204600F032F994ED080A53
:107B4000BDEEC00A10EE103A1BB200EE103AB8EECD
:107B5000C00A10BDD0760020040C002008B5DFED6F
:107B6000050A9FED050A054A0021054800F0FFF8C7
:107B700008BD00BF00204B460050C34690000020C7
:107B80004076002010B5F0EE400A094C094B93ED09
:107B9000000A204600F004F994ED080ABDEEC00A80
:107BA00010EE103A1BB200EE103AB8EEC00A10BD4B
:107BB00040760020080C002008B5DFED050AB2EE83
:107BC000040A044A0021044800F0D1F808BD00BFAF
:107BD0000000000084000020F875002010B5F0EED1
:107BE000400A054C054B93ED000A204600F0D8F8FA
:107BF00094ED080A10BD00BFF8750020FC0B0020B2
:107C000008B5104B93ED000AFFF768FF0E4B83EDAC
:107C1000000AFFF789FFBDEEC00A0C4B10EE102AD8
:107C20001A800B4B93ED000AFFF7D8FF094B83ED49
:107C3000000AFFF7A7FFBDEEC00A074B10EE102A9F
:107C40001A8008BD700C0020780C0020740C0020F5
:107C50006C0C0020680C0020640C002008B5DFEDDF
:107C6000050A9FED050A054A0021054800F07FF846
:107C700008BD00BF00409C4500007A467800002007
:107C8000B075002010B500EE900A0A4BB3F902302F
:107C900000EE103A084CF8EEE00AB8EEC00A2046B2
:107CA00000F07EF8D4ED087AFDEEE77A17EE903A10
:107CB00018B210BDD4720020B075002008B5DFEDF9
:107CC000050A9FED050A054A0021054800F04FF816
:107CD00008BD00BF00409C4500007A466C000020B3
:107CE0006875002010B500EE900A0A4BB3F90C300D
:107CF00000EE103A084CF8EEE00AB8EEC00A204652
:107D000000F04EF8D4ED087AFDEEE77A17EE903ADF
:107D100018B210BDD47200206875002008B5074B5A
:107D2000B3F90000FFF7AEFF054B1880054BB3F920
:107D30000000FFF7D7FF044B188008BD620C00203D
:107D4000600C00205E0C00205C0C002008B5FFF7E2
:107D500099FEFFF7E3FFFFF7E1FDFFF75DFEFFF799
:107D60004FFF00F003FB0020FDF7E9F8EFE7B0B1AB
:107D7000AAB1017011684160516881609268C26067
:107D800080ED040AC0ED050A0022826342630263AB
:107D90000262C2628262426242640264C2637047EB
:107DA0000346002800F0A380D0ED107AC0ED117AD0
:107DB00090ED0F7A80ED107AC0ED060A80ED070A8B
:107DC00070EEC00AC0ED0F0A0278002A4CD1D0ED47
:107DD000017A60EEA77AC0ED097AD0ED0A6A90EDDB
:107DE000026A20EE866A76EE866AC0ED0A6A426B07
:107DF0008263026B426370EEC70AC0ED0C0A90ED1D
:107E0000037A60EE870AC0ED0B0A90ED057AF4EE76
:107E1000C76AF1EE10FA13DD80ED0A7A93ED0A7A63
:107E200077EE877A70EEA70AC3ED080AD3ED047ADD
:107E3000F4EEE70AF1EE10FA0CDDC3ED087A15E076
:107E4000B1EE477AF4EEC76AF1EE10FAE6D580EDAE
:107E50000A7AE3E7F1EE677AF4EEE70AF1EE10FA58
:107E600004D5C3ED087A01E0012A02D093ED080A97
:107E70007047D0ED016A30EEC76A66EE866AC0EDE3
:107E8000096A90ED026A20EE866A80ED0A6A426B0A
:107E90008263026B426337EE077A70EEC70A77EEB1
:107EA000A07AC0ED0C7A90ED037A67EE877AC0ED88
:107EB0000B7A90ED087A76EE866A77EEA67A77EE00
:107EC000277AC0ED087A90ED047AF4EEC77AF1EEE5
:107ED00010FA02DD80ED087AC8E7B1EE477AF4EED9
:107EE000C77AF1EE10FAC1D580ED087ABEE79FEDB2
:107EF000010A7047000000001A4BB3F90030013B43
:107F0000092B2DD8DFE803F005090D1115191D21E6
:107F10002529154B154A1A607047134B144A1A60ED
:107F20007047114B134A1A6070470F4B124A1A6080
:107F300070470D4B114A1A6070470B4B104A1A607C
:107F40007047094B0F4A1A607047074B0E4A1A6078
:107F50007047054B054A1A607047034B034A1A6085
:107F6000704700BF10000020500C002000606A46DF
:107F70000000FA4500A00C4600401C4600E02B46DD
:107F800000803B4600204B4600C05A4608B511E031
:107F9000FAF7BCF8174B1860174BB3F90030092BF0
:107FA00015DC0133144A138011E0FFF7A5FF01200F
:107FB000FCF7C5FFFAF7AAF80E4B1B68C01AB0F51C
:107FC000967FF2D90D4BB3F90030012BE0D00C4B6A
:107FD000B3F90030012BE8D1FAF798F8054B186097
:107FE000054BB3F90030012BDFDD013B024A138062
:107FF000DBE700BF540C002010000020DA0C00204A
:10800000DC0C002000286BD00346002968D030B576
:108010000478427844EA0224C4F30A040C804278CB
:1080200090F802E04FEA4E1E4EEAD20ECEF30A0E50
:10803000A1F802E08078DA78920042EA901218798A
:1080400042EA8022C2F30A028A801D795879C0016F
:1080500040EA5500C0F30A00C88093F805C0CCF38D
:10806000011C81F80AC093F805C04FEA9C1C81F8F6
:108070000BC093F806C0DD794CEA052CA1F80CC0C2
:1080800093F808C05D7A4CEA052CA1F80EC093F86D
:108090000AC0DD7A4CEA052CA1F810C01D7B8D7456
:1080A0005D7BCD7493F80EC0DD7B4CEA052CA1F806
:1080B00014C093F810C05B7C4CEA03230B81A4F539
:1080C00080640C80AEF5806EA1F802E0A2F58062BB
:1080D0008A80A0F58060C880A3F580630B8130BDE5
:1080E0007047000008B503492422A1F12400FEF7DF
:1080F00065FE08BD40770020004870476477002087
:1081000000B583B0314B1B681A6812F0200F09D0FC
:10811000002200921A6800925B680093009B03B0F3
:108120005DF804FB2A4A126812F0100FF7D0002203
:1081300001921A6801925B680193019B254B1B68B1
:108140001A6812F4002F1DD11A6822F001021A6079
:10815000204802685368C3F124039BB21E490B8078
:1081600024215160116841F40021116001680A68FE
:1081700042F001020A60122BD1D118491848FFF7CA
:1081800041FFCCE71A6822F001021A6011490A681F
:108190005368C3F124039BB20F480380242050602E
:1081A0001048826A22F40022826209680A6842F05A
:1081B00001020A60122BB2D108490B48FFF722FFD7
:1081C000F9F7A4FF094B1860A9E700BF6810002069
:1081D00000480040000F002018770020647700203E
:1081E0001C7700200060024040770020CC0C00206B
:1081F00008B51DE0F9F78AFF264B1860264A136878
:108200000133136021E0254BB3F90030012B33D04B
:10821000234B1A6840F2997353639363D3631364D7
:10822000204A126853639363D3630120FCF787FEEF
:10823000F9F76CFF174B1B68C01AB0F5967F04D98D
:10824000194BB3F90030012BD4D0F9F75FFF174B6E
:108250001B68C01AB0F5167FD5D9154BB3F900309D
:10826000B3F5967FCFDDF9F751FF104B18600A4A3E
:10827000136801331360C6E7094B1A684FF4FA73A9
:1082800053639363D3631364064A1268536393631F
:10829000D363CAE7480C0020400C0020FA0C0020F1
:1082A000F80D0020B00D0020EA0C0020440C002046
:1082B000FE0C00200E4BB3F900200E4BB3F900303A
:1082C000022B18BF022A03D10B4B00221A807047E1
:1082D0000A4BB3F9003013F5967F04DA064B4FF4DE
:1082E000FA621A807047044B00221A80704700BF60
:1082F000FA0C0020FC0C00205A0C0020FE0C002080
:1083000008B5FFF7D7FF0120FCF719FEF9E70000D9
:1083100008B5DFED050A9FED050A054A002105486D
:10832000FFF725FD08BD00BF0000FA4400007A45B4
:10833000B40000202075002010B5F0EE400A094B73
:10834000B3F9163000EE103A074CB8EEC00A2046DA
:10835000FFF726FDD4ED087AFDEEE77A17EE903AA6
:1083600018B210BDD47200202075002008B5064B4D
:10837000B3F9003000EE103AB8EEC00AFFF7DCFFA8
:10838000024B188008BD00BF5A0C0020580C00207A
:10839000094B834200D0704710B5084C2078FEF797
:1083A00055FCF9F7B3FE064B18600122214602483E
:1083B000FCF774FD10BD00BFB0100020E00B0020E2
:1083C000DC0B00200FB410B502AA52F8041B094BB5
:1083D0001A60094C204600F0E9FA82B2074B1A8075
:1083E0000A2321460648FCF72EFABDE8104004B0E7
:1083F000704700BF7C7800207C7700207A770020CF
:108400002010002000B589B0124B1868F8F73CF82E
:1084100004460D46104BB3F9003006930F4B186815
:10842000F8F732F8CDE904010D4B1868F8F72CF88D
:10843000CDE902010B4B1868F8F726F8CDE90001E9
:1084400022462B460848FFF7BDFF0520FCF777FDC5
:10845000DAE700BF040C0020740C0020700C002030
:10846000F80B0020780C00200405010808B5FEF781
:1084700027FC0520FCF763FD0120FCF760FDF6E713
:108480002DE9F047089D0E4604460F46002B4AD1C1
:1084900094468C45B2FA82F260D942B1C2F120030F
:1084A000974020FA03F30CFA02FC1F4394404FEA72
:1084B0001C4E1FFA8CF6B7FBFEF1230C0EFB117756
:1084C00043EA074301FB06F098420AD91CEB030379
:1084D00001F1FF3780F01581984240F21281023994
:1084E00063441B1AA4B2B3FBFEF00EFB103344EA44
:1084F000034400FB06F6A6420AD91CEB040400F173
:10850000FF3380F00081A64240F2FD8064440238CF
:1085100040EA0140A41B00211DB1D4400023C5E95D
:108520000043BDE8F0878B4205D90DB1C5E90001D4
:1085300000210846F5E7B3FA83F1002946D1B3429A
:1085400002D3824200F2F580841A66EB0302012016
:108550001746002DE5D0C5E90047E2E7002A40F0C4
:108560009380A1EB0C034FEA1C471FFA8CFE0121FC
:10857000B3FBF7F607FB1630230C43EA00430EFB70
:1085800006F0984208D91CEB030306F1FF3802D22B
:10859000984200F2D08046461B1AA4B2B3FBF7F013
:1085A00007FB103344EA03440EFB00FEA64508D93E
:1085B0001CEB040400F1FF3302D2A64500F2B680A2
:1085C0001846A4EB0E0440EA0640A5E7C1F12007D7
:1085D0008B4022FA07FC4CEA030C06FA01FE20FA53
:1085E00007F426FA07F344EA0E0400FA01F84FEA0A
:1085F0001C404FEA1449B3FBF0FE1FFA8CF600FB57
:108600001E3349EA03430EFB06F9994502FA01F2CB
:108610000BD91CEB03030EF1FF3A80F085809945DE
:1086200040F28280AEF1020E6344A3EB0909A4B2CA
:10863000B9FBF0F300FB139944EA094403FB06F687
:10864000A64208D91CEB040403F1FF3068D2A6420D
:1086500066D9023B644443EA0E40A41BA0FB02E639
:10866000B4427346B14652D34FD05DB1B8EB03026A
:1086700064EB090404FA07F722FA01F31F43CC4024
:10868000C5E9007400214CE7C2F1200120FA01F392
:108690000CFA02FC26FA01F1964033434FEA1C47DC
:1086A0001FFA8CFEB1FBF7F007FB1016190C41EA1C
:1086B000064100FB0EF68E4204FA02F408D91CEBC8
:1086C000010100F1FF382DD28E422BD902386144CE
:1086D000891B9BB2B1FBF7F607FB161143EA014376
:1086E00006FB0EF1994208D91CEB030306F1FF3893
:1086F00014D2994212D9023E63445B1A46EA004101
:1087000036E73946EDE6184602E7F045ADD2BEEB56
:10871000020366EB0C060138B146A6E74646ECE7D5
:10872000034698E74046D3E7D6467EE764440238DE
:1087300047E708460DE7023E63442DE7024A034936
:10874000034800F0C9B800BFC0000020EDAF00082A
:10875000D00000200C4B4168994210B5044601D06E
:1087600002F044FCA168094B994202D0204602F075
:108770003DFCE168064B994204D02046BDE810401C
:1087800002F034BC10BD00BF80780020E8780020E3
:10879000507900202DE9F843314A324C3249DFF854
:1087A000DC90DFF8DC80314F11600025042329467E
:1087B000082204F15C00C4E903352D4EA560C4E92C
:1087C0000055C4E90555656600F00CF904F1580040
:1087D000C4E90749C4E90987E66200F00DFA2946B1
:1087E000244B6367082204F1C400C4E91A55C4E9A4
:1087F0001E552567C4F8CC50C4F8805000F0F2F83C
:1088000004F1680304F1C000C4F88430C4E922987C
:10881000C4E9247600F0F0F9174BC4F8DC3029469F
:1088200004F596700822C4E93455C4E93855C4F8F3
:10883000D850C4F83451C4F8E85000F0D3F804F12B
:10884000D003C4E93D87C4F8F09004F59470C4F8EF
:10885000FC60C4F8EC30BDE8F84300F0CDB900BFCF
:10886000B8790020807800203D87000881890008C1
:10887000A589000809000100120002001D890008F6
:108880004189000810B504460A4800F0B9F9636B45
:1088900023B9094B094A1B68626323B1BDE8104044
:1088A000044800F0AFB9FFF775FFBDE8104001487C
:1088B00000F0A8B9C8790020B879002055870008D1
:1088C000014800F09DB900BFC8790020014800F0C0
:1088D00099B900BFC87900202DE9F84307468846BA
:1088E00016464FF00009D6E90154013D10D4A38982
:1088F000012B08D9B4F90E3001332146384602D095
:10890000C04749EA0009013D6B1C04F16804EED13F
:108910003668002EE7D14846BDE8F88310B50C460E
:10892000B1F90E1000F00EF9002803DB236D0344AB
:10893000236510BDA38923F48053A38110BD00BF1C
:108940002DE9F0410C46B1F90C101F46CB05054648
:1089500016460BD421F48051A1813B46B4F90E1088
:1089600032462846BDE8F04100F002B9B4F90E10D5
:108970000223002200F0D0F8B4F90C10EAE700BF9F
:1089800010B50C46B1F90E1000F0C6F8B4F90C3071
:10899000421C0EBF23F4805343F480532065A3810F
:1089A00010BD00BFB1F90E1000F06EB870B59AB0EE
:1089B00013460A4E0A466FF000410291059108499C
:1089C0000391044600253068199569460094049483
:1089D00000F042FD009B1D701AB070BDCC0000205D
:1089E0000802FFFF830730B547D0541E002A3ED04F
:1089F000CAB2034601E0013C39D303F8012B9D07BD
:108A0000F9D1032C2CD9CDB205EB05250F2C05EBA4
:108A1000054535D9A4F1100222F00F0C03F1100E18
:108A2000E6444FEA121C1A46C2E90055C2E9025553
:108A300010327245F8D10CF1010214F00C0F03EB67
:108A4000021204F00F0C13D0ACF1040323F0030363
:108A50000433134442F8045B9342FBD10CF003044B
:108A60002CB1C9B21C4403F8011BA342FBD130BD99
:108A700064461346002CF4D1F9E703461446C0E7D8
:108A80001A46A446E0E700BF38B5074D0022044669
:108A900008462A60F8F750FF431C00D038BD2B6809
:108AA000002BFBD0236038BDBC790020194B1B681C
:108AB00083422ED0416C70B5054681B100268C5999
:108AC0003CB121462468284600F00AF9002CF8D170
:108AD000696C0436802EF2D1284600F001F9A96BAA
:108AE00011B1284600F0FCF82C6C34B12146246802
:108AF000284600F0F5F8002CF8D1E96C11B12846B1
:108B000000F0EEF86B6B1BB12846BDE870401847CB
:108B100070BD7047CC00002038B50C46084D844627
:108B2000114620461A4600232B606446F8F70EFFD4
:108B3000431C00D038BD2B68002BFBD0236038BD10
:108B4000BC79002038B50C46084D844611462046B5
:108B50001A4600232B606446F8F7D0FE431C00D071
:108B600038BD2B68002BFBD0236038BDBC790020BA
:108B700038B50C46084D8446114620461A46002357
:108B80002B606446F8F7CAFE431C00D038BD2B6842
:108B9000002BFBD0236038BDBC790020014B186846
:108BA000704700BFCC00002070B50F4B0F4DAB429B
:108BB000A3EB050607D0B610002455F8043B01349A
:108BC0009847A642F9D807F07FFB094D094B5E1B79
:108BD000AB424FEAA60606D0002455F8043B013408
:108BE0009847A642F9D870BD780B0108780B0108A8
:108BF000780B0108800B0108704700BF704700BF69
:108C0000704700BF704700BF024B13B1024800F02D
:108C100005B8704700000000D9B2000800230146E3
:108C20001A46184602F0ACBB2DE9F8430646082068
:108C3000894602F065FBDFF8A4800546304600F067
:108C4000FDFBD8F808305F6827F00307A7F111048F
:108C5000A4EB09042C44B4FBF5F4013C05FB04F43B
:108C6000A54208DC0021304602F024FBD8F8083089
:108C70003B44984205D0304600F0E6FB0020BDE8BA
:108C8000F8836142304602F015FB01300FD0114AE3
:108C9000D8F808303F1B47F001075F601368304683
:108CA0001B1B136000F0D0FB0120BDE8F8830021FE
:108CB000304602F0FFFAD8F80820831A0F2BDADDCD
:108CC00043F001035360044B02491B68C01A08605B
:108CD000D1E700BFD079002014020020200200203C
:108CE00000297CD02DE9F0410C46804600F0A6FB1F
:108CF00054F8043C754FA4F1080523F001016818ED
:108D0000BE684268864222F0030200F08380DE07DC
:108D1000426000EB020C33D454F8084CDCF8043009
:108D20002D1B2144AC6807F1080C644503F00103D6
:108D300064D0D5F80CE0C4F80CE0CEF80840002B65
:108D400000F0818041F001036B600160B1F5007FAC
:108D500022D27868CB080122490901338A400243B4
:108D600057F833107A6007EBC302083AC5E90212DC
:108D700047F83350CD604046BDE8F04100F064BB99
:108D8000DCF80430DB072BD541F00103B1F5007F9F
:108D900044F8043C0160DCD3B1F5206F4FEA512365
:108DA00053D28B0903F1390003F13802C300F818DC
:108DB000FB580838984203D161E09B68984204D080
:108DC0005A6822F003028A42F7D8D868C5E902300F
:108DD0008560DD604046BDE8F04100F035BB70477E
:108DE000114407F1080C836863453FD0C268DA601C
:108DF000936041F001036B606950A7E7002B5FD1DE
:108E00000A44D0E90213CB60996042F001036B6021
:108E1000AA50B0E7DB070A4407D454F8083CED1A1F
:108E20001A44D5E90213CB60996042F001036B60EC
:108E3000274BBD601B6893429DD8264B404619685E
:108E4000FFF7F2FE97E71144CDE7142B08D9542B16
:108E50001DD80B0B03F16F0003F16E02C300A6E7F0
:108E600003F15C0003F15B02C300A0E741F00103E2
:108E7000C7E90455C5E902CC6B6069507BE77968A6
:108E80009210012404FA02F20A437A609EE7B3F5D5
:108E9000AA7F06D8CB0B03F1780003F17702C30059
:108EA00085E740F25452934206D88B0C03F17D00C3
:108EB00003F17C02C3007AE74FF47E737E2276E7EB
:108EC00041F001036B60016055E700BF2002002004
:108ED00018020020007A00202DE9F04F01F10B0567
:108EE000162D83B0064623D8102900F2AF8000F07B
:108EF000A5FA102518230220B74F3B44A3F108021E
:108F00005C68944200F01E816368E268A16823F007
:108F10000303CA602344304691605A6842F001025C
:108F20005A6000F091FA0834204603B0BDE8F08F93
:108F300035F0070500F18A80A94200F2878000F031
:108F40007DFAB5F5FC7FC0F06E816B0A00F082807F
:108F5000042B00F21D81AB0903F1390003F1380E37
:108F6000C3009D4F3B44A3F1080C5C68A44507D1A6
:108F70000DE0002AE16880F2DF808C4507D00C46C6
:108F8000636823F003035A1B0F2AF2DD7046DFF8F3
:108F900060823C69444500F0BC80636823F0030CA8
:108FA000ACEB05030F2B00F34281002BC7E90488CB
:108FB00080F22D81BCF5007FD7F804E080F0C880F6
:108FC0004FEADC0101314FEA5C1C012303FA0CF388
:108FD00057F83120A2604EEA030E07EBC103083BAD
:108FE000E360C7F804E047F83140D46083104FF0E5
:108FF000010C0CFA03FCF44532D81CEA0E0F08D120
:1090000020F003004FEA4C0C1CEA0E0F00F10400A4
:10901000F8D007EBC00AD6468146DEF80C300BE0EC
:10902000596821F003014A1B0F2A1C46DB6800F334
:10903000BB80002A80F2DE809E45F1D109F1010952
:1090400019F0030F0EF1080EE7D119E10C2333607C
:10905000002469E74FF4007340204FF03F0E80E793
:10906000BC68636823F00309A94503D3A9EB050392
:109070000F2B51DC594B1B68082003F1100804EB3F
:109080000903009302F03CF9554A13680133A844E0
:10909000834605D008F1FF388044434203EA0808BC
:1090A0004146304602F006F9B0F1FF3F4C4A824695
:1090B00000F0D880009B834200F2D280494B1868B0
:1090C00040440BF1FF311860844640F0FC801AEAFE
:1090D000010F40F0F880D7F808A0C84448F001021A
:1090E000CAF80420404B1968814238BF18603F4BD2
:1090F0001968814238BF1860544622F00308A84519
:10910000A8EB050301D30F2B06DC304600F09CF9D9
:109110009EE7D7F804E069E7621943F0010345F0E0
:10912000010565603046BA60536000F08DF908347F
:10913000204603B0BDE8F08FA2682344D1603046DA
:109140008A60EAE6DC68A3427FF4DEAE02301EE706
:10915000BCF5206F4FEA5C227BD3142A00F2128107
:1091600002F15C03DB005B32F918FB5808399942C5
:1091700003D1ECE09B68994204D05A6822F00302C4
:109180006245F7D8D968C4E902318C60DC602DE70C
:10919000142B6AD9542B00F2FE802B0B03F16F00C5
:1091A00003F16E0EC300DCE6D4F808C03046661941
:1091B00045F001056560CCF80C30C3F808C042F0FA
:1091C0000103C7E90466C6E902887360625000F0D3
:1091D0003BF90834A8E600BF20020020007A0020F6
:1091E00014020020D0790020FC790020F8790020BA
:1091F00028020020214430464A6842F001024A60B9
:1092000054F8082FD3609A6000F01EF98CE6A4444D
:109210003046DCF8043043F00103CCF8043000F0B1
:1092200013F9083480E6E80805F1080364E66219DA
:1092300043F0010145F0010565603046C7E90422AD
:10924000C2E90288516044F80C3000F0FDF808349F
:109250006AE64FEA9C1202F13903DB00383283E7F9
:10926000BC4228D0BC68626847E703F15C0003F1A8
:109270005B0EC30075E65AF80839534540F0D980B3
:1092800010F0030F00F1FF30F5D17B6823EA0C03E7
:109290007B604FEA4C0C9C453FF6E2AEBCF1000F00
:1092A00004D1DDE64FEA4C0C09F104091CEA030F76
:1092B000F8D04846ADE6604B186808EB000C0BF19F
:1092C000FF31C3F800C0106801306ED0009AAAEBDD
:1092D000020262441A601AF00702CDE9002340D06E
:1092E000C2F108029244D04408EA01005A44121A1A
:1092F00002EA010B5946304601F0DCFF421C019B9B
:109300006FD0A0EB0A0000EB0B081868C7F808A0A4
:1093100048F001025844BC42CAF8042018603FF4E7
:10932000E1AEB9F10F0F43D96168A9F10C0222F047
:10933000070201F00101114361604FF0050CA11813
:109340000F2AC1E901CC54D8DAF80420CAE69210F9
:109350004FF0010C0CFA02F24EEA020EC7F804E0DC
:1093600011E70AEB08020A40ABEB020202EA010B2A
:109370005946304601F09EFF431C019BC1D1DDF8E8
:1093800000B0C2E7542A17D84FEA1C3202F16F032B
:10939000DB006E32E8E6B3F5AA7F17D8EB0B03F1DA
:1093A000780003F1770EC300DBE5C2F800A092E776
:1093B0000123CAF80430A8E6B2F5AA7F24D84FEA00
:1093C000DC3202F17803DB007732CDE640F2545212
:1093D000934224D8AB0C03F17D0003F17C0EC30053
:1093E000BFE5009A083A9044A8EB0A084FF0000B3A
:1093F0008BE7304604F108010093FFF771FC009BF6
:10940000D7F808A018689FE740F254539A420CD846
:109410004FEA9C4202F17D03DB007C32A4E64FF46C
:109420007E737F204FF07E0E9BE54FF47E737E228D
:109430009AE67B682DE700BFD07900200148FFF74E
:10944000DFBB00BFC07900200148FFF7DBBB00BFD6
:10945000C0790020000000002DE9F04FD9B00C4683
:10946000099115460B93834601F020FF036816937C
:109470001846F7F7C5F900211490082228A8FFF72D
:10948000B1FAA389190603D52369002B00F05E8782
:109490009FED7F7B0023CDE92D33CDE917338DED93
:1094A000107B2FAA0E932C92144615931C9319939C
:1094B00006932E46B246784BD3F8E45001F0F0FE06
:1094C00028AA0346009224A952465846A8470028D5
:1094D00000F0B180C0F2A780249A252A034601D06B
:1094E0009A44E8E7BAEB0607054640F0A880002357
:1094F00019464FF0FF328DF8873007930AF1010AC1
:109500009AF80030059204910AF1010AA3F12002B1
:109510005A2A00F2C380DFE812F0F402C100C10051
:10952000ED02C100C100C1006A00C100C1003F02DC
:109530005102C1004A020603C100FF025B005B004A
:109540005B005B005B005B005B005B005B00C100DD
:10955000C100C100C100C100C100C1003B01C10088
:10956000BE01D3023B013B013B01C100C100C10070
:10957000C100CC02C100C1008802C100C100C1000D
:10958000E801C1005702C100C100B206C100C1001C
:10959000C100C100C100C100C100C1003B01C10048
:1095A000BE011A023B013B013B01A0021A027F00EF
:1095B000C100C202C100B302D80622037F00C1006D
:1095C000E8017C00AE06C100C100DB06C1007C00E2
:1095D000A3F1300200211AF8013B01EB810102EBFB
:1095E0004101A3F13002092AF5D907918EE75846C7
:1095F00001F05CFE436819931846F7F701F91C90D7
:109600000546584601F052FE83681793002D40F03E
:10961000B7859AF8003077E7049B43F02003049362
:109620009AF8003070E70822002128A8FFF7DAF93D
:1096300001239A443FE7BAEB0607054610D02E9B5C
:109640003B442E932D9B0133072BC4E900672D93D8
:1096500015DC0834069B3B440693002D7FF447AF8E
:109660002E9B002B41F09381099B9B8903F04003C3
:10967000002B41F09283069859B0BDE8F08F09990C
:109680002CAA584601F086FC0028EDD12FACE1E76A
:109690000000000000000000280600200C93002BB2
:1096A000DED000228DF8FC3001238DF88720029354
:1096B0000A920893059212920F920D923FAE049B6C
:1096C00013F0020302D002990231029104992E9DF7
:1096D00011F0840805D1079902980F1A002F00F3A2
:1096E000A1806AB1012262602D9A013201350DF12B
:1096F0008701072A2E952D92216000F3DB83083421
:109700006BB12D9B22AA013302352260072B4FF04B
:1097100002022E952D93626000F3C1830834B8F1E4
:10972000800F00F0C482059B089A9F1A002F00F357
:10973000FE82049BDA0500F12482089B63601D44CD
:109740002D9B26600133072B2E952D9300F33F832D
:109750000834049B5A0705D5079B029A9E1A002ECF
:1097600000F3B583DDE9063202998A42ACBF9B184B
:109770005B180693002D40F00B8300232D930A9B6A
:109780001BB10A995846FFF7ABFA2FAC564691E643
:109790000C930B9B073323F00703B3EC027B58ECCD
:1097A000177B0B9328F000431B938DED1A7ADDE9AC
:1097B0001A01AF4B4FF0FF328DED107BF7F726FB10
:1097C000002840F00285DDE91A01A94B4FF0FF3275
:1097D000F7F7FEFA002840F0F8840022002338460C
:1097E0004146F7F7EBFA002841F021809DF88720E9
:1097F000049BA04E23F0800304939F4B0C994729B0
:10980000D8BF1E46002303210A93029108910593B5
:1098100012930F930D93002A3FF451AF029B013333
:1098200002934CE795492D9A1391102F25DD21467F
:109830002846099C914D1D934FF0100904E0103FFC
:10984000102F01F1080115DD01321030072AC1E99E
:109850000059CDE92D20F2DD2CAA2146584601F011
:1098600099FB002840F09C82103F102FDDE92D204D
:109870002FA9E9DC1D9B0C46054601321399216096
:109880003D44072ACDE92D25676000F3D4869DF875
:109890008720083425E70B9A0C93432B02F104052B
:1098A00003D0049BDA0640F11785082200212AA87C
:1098B000FFF798F80B9B3FAE1A6831462AAB584623
:1098C00003F060F903460133089001F06182089BC0
:1098D00023EAE373029300220B958DF887200A9206
:1098E000059212920F920D92E9E60B9F0C9357F896
:1098F000046B00238DF88730002E00F016850C9B3A
:10990000532B00F0BF86049B13F010030D9340F01F
:10991000B986059B002BC1F245800D991A46304649
:10992000F6F70EFF0A90002801F066820A9B991B49
:109930000D9B0891059321EAE17112930F930A930D
:1099400073239DF887200B9702910C9363E70C9388
:10995000049B9B0640F1BD800B9B073323F007035C
:109960001A46596852F8083B0B920A460029C0F281
:10997000CA8305990029C0F28382049921F08005E9
:1099800053EA020140F07D82059A002A40F07E826F
:109990000495089258AE60E10B9B53F8042B079294
:1099A000002A80F2DA83079A0B9352420792049BB3
:1099B00043F0040304939AF80030A5E52B238DF8B7
:1099C00087309AF800309FE50C93049B43F0100514
:1099D00015F0200200F072830B9B073323F007037E
:1099E00019465A6851F8083B0B9101210020059E49
:1099F0008DF88700002EC0F2198125F080000490B8
:109A000053EA020040F01181002E40F02486002924
:109A100040F0808315F00103089300F0A383302306
:109A20008DF85F310DF25F1617E10C93049B43F044
:109A300010030493049B13F0200200F055830B9B4A
:109A4000073323F0070319465A6851F8083B0B9176
:109A5000049921F480650021C8E79AF80030682B4A
:109A600000F04E84049A42F0400204924CE500BF9C
:109A7000FFFFEF7F1C050108180501081807010802
:109A8000049B9D0640F190830B9B069A1B681A600D
:109A9000D2175A600B9B04330B9356460AE59AF88B
:109AA00000306C2B00F02284049A42F010020492E1
:109AB0002AE5049B43F0080304939AF8003023E559
:109AC0000C93049B43F010030493049B9B063FF507
:109AD00043AF04990B9ACF0652F8043B00F14B8335
:109AE00004994E0640F143860B9243F3C03211466F
:109AF0001BB23BE7049B43F0010304939AF8003048
:109B000002E59DF887209AF80030002A7FF4FCAC2B
:109B100020228DF88720F7E4049B43F08003049310
:109B20009AF80030F0E4504610F8013B2A2B01F07F
:109B3000E581A3F13002092A98BF002101F2E480F7
:109B400010F8013B01EB810102EB4101A3F130026E
:109B5000092AF5D941EAE17205928246D6E40B9AC8
:109B6000049B43F0020552F8043B0B9247F6300287
:109B7000ADF8882078209B4A1592022100220C9093
:109B800034E70C9B652B40F33381DDE910010022A3
:109B90000023F7F709F9002800F0D2812D9B924AA3
:109BA0002260013301350122072B2E952D9362602F
:109BB00000F35C850834239B0E9A934280F2C8829E
:109BC000149B169A1D44C4E900232D9B2E95013346
:109BD000072B2D9300F39E8308340E9B5E1E002EF0
:109BE0007FF7B7AD102E2D9BDFF8009240F3E58094
:109BF000DDF82480102704E00834103E102E40F3D6
:109C0000DC8001331035072BC4E90097CDE92D35F1
:109C1000F2DD2CAA4146584601F0BCF9002840F07C
:109C2000BF80DDE92D352FACE7E7049D012900F069
:109C30002881022958AE1FD1159803F00F011B0986
:109C4000415C06F8011D43EA0273120953EA02015E
:109C5000F3D158AB9B1B04950893059908989DF880
:109C6000872081424FF00003B8BF01460A9302915A
:109C700012930F930D93CEE503F00701DB0843EA3F
:109C80004273D208303153EA0207304606F8011D0C
:109C9000F2D1EF07DDD53029DBD03023023806F8CA
:109CA000013C58AB1B1A049508930646D5E7079B61
:109CB000029A9F1A002F7FF736AD102F2D9BDFF8E9
:109CC0002C9122DD2A464FF010084D46DDF82490F5
:109CD00004E0103F102F04F1080414DD01331032AA
:109CE000072BC4E90058CDE92D32F2DD2CAA4946F4
:109CF000584601F04FF9002852D1103F102FDDE9EE
:109D00002D322FACEADCA946154601333D44072B22
:109D1000CDE92D35C4F80090676000F3DB84059B26
:109D2000089A9F1A002F04F108047FF702AD102F44
:109D30002D9BDFF8B8901FDD2A464FF01008099DD3
:109D400004E0103F102F04F1080414DD013327490B
:109D50001032072BC4E90018CDE92D32F1DD2CAA11
:109D60002946584601F016F9D0B9103F102FDDE909
:109D70002D322FACEADC154601333D44072BCDE9EB
:109D80002D35C4F80090676000F38C810834D0E46E
:109D900009992CAA584601F0FDF800283FF4EDACD3
:109DA0000A9B002B3FF460AC0A995846FEF798FFD7
:109DB000099B9B8903F040035AE401333544072B88
:109DC000C4F800906660CDE92D357FF7C1AC0999E4
:109DD0002CAA584601F0DEF80028E1D12E9D2FACC8
:109DE000B7E400BF28050108580501080807010865
:109DF0000E9B2D9F012B05F1010507F1010704F1D1
:109E0000080840F30B810123072FCDE92D7526604B
:109E1000636000F38381149B169A01371D44072F5A
:109E2000C8E90023CDE92D7500F3858108F1080804
:109E30000E9BDDE910015C1E00220023F6F7B4FF43
:109E4000002840F00481013701362544072FCDE971
:109E50002D75C8F80060C8F8044000F3EB8008F1E5
:109E60000808189BC8F8043001371D44072F26AB9B
:109E7000CDE92D75C8F80030A9DC08F1080468E4C4
:109E8000049D0A2B72F1000180F05E8330338DF85F
:109E90005F310123049508930DF25F16DDE6099901
:109EA0002CAA584601F076F800287FF479AF2E9D51
:109EB0002FAC34E4099913932CAA584601F06AF8A0
:109EC00000287FF46DAF2E9D139B2FAC18E4B44A8D
:109ED0002D9B1392102E1FDDDDF824801027914654
:109EE00004E0103E102E04F1080415DD0133103596
:109EF000072BC4E90097CDE92D35F2DD2CAA4146A8
:109F0000584601F047F800287FF44AAF103E102E63
:109F1000DDE92D352FACE9DC0133139A3544072BED
:109F2000C4E90026CDE92D357FF71CAC09992CAA90
:109F3000584601F02FF800287FF432AF2E9D11E42F
:109F40002399002940F35183DDE90D329342A8BFE4
:109F50001346002B98460ADD1D44C4E900632D9B7F
:109F60002E950133072B2D9300F3618608340D9F46
:109F7000B8F1000FA8BFA7EB0807002F00F3F58189
:109F80000D9B33440593049B5F0500F11582239BD1
:109F90000E9A9342C0F2A082049AD00700F19C82EC
:109FA0000E9AB718D61A059BFF1AB742A8BF3746B4
:109FB000002F0ADD23602D9B676001333D44072B92
:109FC0002E952D9300F365860834002FA8BFF61B4D
:109FD000002E7FF7BEAB102E2D9BDFF8C8917FF7C8
:109FE000ECAEDDF82480102704E00834103E102E7B
:109FF0007FF7E3AE01331035072BC4E90097CDE9B5
:10A000002D35F2DD2CAA4146584600F0C3FF00284A
:10A010007FF4C6AEDDE92D352FACE7E7049BD90709
:10A020003FF5F1AE0123072FCDE92D752660636062
:10A030007FF717AF09992CAA584600F0ABFF00280C
:10A040007FF4AEAEDDE92D750DF1BC0809E70E9B7E
:10A05000012B7FF706AF112BDFF8489140F35C83AB
:10A06000CDF814A01026CA46DDF8249005E008F1CA
:10A070000808103C102C40F34C8301371035072F93
:10A08000C8E900A6CDE92D75F1DD2CAA4946584650
:10A0900000F080FF00287FF483AEDDE92D750DF11F
:10A0A000BC08E6E709992CAA584600F073FF00287F
:10A0B0007FF476AE2E9D2FACFFF73BBB0B9915F0CE
:10A0C000100051F8043B0CD115F0400604D00B9160
:10A0D0009BB20246012189E415F400721CBFDBB279
:10A0E00032460B91012181E404980B9910F0100085
:10A0F00051F8043B3DD1049A12F0400534D09BB294
:10A1000002460B91A4E45B42049D62EB42022D20C7
:10A1100001216CE4059B089358AE9EE509992CAA91
:10A12000584600F037FF00287FF43AAEDDE92D7580
:10A130000DF1BC086FE609992CAA584600F02AFFD9
:10A1400000287FF42DAEDDE92D750DF1BC086FE61A
:10A15000049BDB077FF5FDAA32E50B939AF80030EC
:10A16000FFF7D2B958AE78E5049A12F4007240F0C5
:10A1700009840B916CE40B92DA171146FFF7F6BBDA
:10A18000179A9AF80030002A3FF4BEA91278002AE4
:10A190003FF4BAA9049A42F480620492FFF7B4B97A
:10A1A0001807010808070108049BD80600F1AB82D4
:10A1B000049B590600F1E083049B9A0540F1A382B9
:10A1C0000B9B069A1B681A7064E4DDE910010246D5
:10A1D0000B46F6F71BFE002840F01E860C9B612BF9
:10A1E00000F03185412B00F04E85059B013300F0D6
:10A1F00002840C9B23F02003472B00F0E1850A909A
:10A20000DDE91001049A002942F48079C0F2F98452
:10A210009DED107B8DED1E7B002313930C9B413B2A
:10A22000252B00F22583DFE813F029042303230301
:10A230002303EA03B5042303230323032303230394
:10A2400023032303230323032303230323032303DE
:10A2500023032303230323032303230323032303CE
:10A2600023032303230323032303290423032303B7
:10A270002303EA03B504049D0C93FFF7A9BB0C93D9
:10A28000AD4B1593049B13F0200200F033810B9B20
:10A29000073323F0070319465A6851F8083B0B911E
:10A2A0000498C1070BD553EA020108D00C998DF828
:10A2B000891040F00201049130218DF88810049932
:10A2C00021F480650221FFF791BB0C93FFF7B2BB2D
:10A2D0000C939A4B1593D5E70B9B1B688DF8FC30BC
:10A2E0000123029308933FAEFFF7F5BA049B43F0B6
:10A2F000200304930AF1010A9AF80030FFF704B929
:10A30000049B43F4007304930AF1010A9AF80030A5
:10A31000FFF7FAB809992CAA584600F03BFE00282E
:10A320007FF43EAD2E9D2FAC57E4059B0A96062B7D
:10A33000314628BF0623059632460293804E0B977E
:10A34000089312910F910D91FFF765BA402158467D
:10A35000FEF7C2FD099B18601861002800F0038613
:10A36000099A40235361FFF793B8102F2D9BDFF814
:10A37000D49140F30B8249462A46B146099D4FF0DD
:10A3800010080E4604E00834103F102F40F3FA8105
:10A3900001331032072BC4E90068CDE92D32F2DD1C
:10A3A0002CAA2946584600F0F5FD00287FF4F8ACA9
:10A3B000DDE92D322FACE7E70E9BCDF830A006EBA0
:10A3C00003090F9BDDF85CA0DDF848800D96002B9B
:10A3D00022462946059C099DCDF81490DDF8709021
:10A3E00031DDB8F1000F40F33B8108F1FF382D98C3
:10A3F000199B013049440728C2E900392E912D905C
:10A4000000F387800832059B9AF800001F1B8742E3
:10A41000A8BF0746002F0CDD2D98013039440728CE
:10A42000C2E900472E912D9000F360819AF8000058
:10A430000832002FACBFC61B0646002E16DC0444B3
:10A440000F9B002BCDDCB8F1000FCEDCDDE90D63F6
:10A450002046F31898421446024628BF1A46CDF803
:10A460005CA00D46DDF830A0059290E5102E2D98E9
:10A47000344B23DD0894102734461E4604E0103C7C
:10A48000102C02F1080216DD01302E4B1031072886
:10A49000C2E90037CDE92D01F1DD2CAA2946584645
:10A4A00000F078FD00287FF47BAC103C102CDDE937
:10A4B0002D012FAAE8DC33462646089C13600130A4
:10A4C00031440728CDE92D01566000F3A2839AF8A4
:10A4D000000008320444B3E7149A16991544C4E9FD
:10A4E00000122D9A2E950132072A2D9200F3BE8379
:10A4F000083455E504980B9910F0100051F8043B0E
:10A5000017D1049A12F040050ED09BB202460B916F
:10A51000C6E62CAA2946584600F03CFD00287FF4E8
:10A520003FAC2E992FAA6EE7049A12F4007240F005
:10A530001F820B91B4E600BF3C0501082805010805
:10A54000500501080807010800210894DFF81C9352
:10A55000179CCDF810A005F4806758AE4FF00508A1
:10A5600002958C4605E00A2B72F1000234D3534663
:10A570002A46991841F10001A9FB010525F00300C5
:10A5800000EB9500091A581A4FF0CC3562F1000E15
:10A5900005FB00F5A0FB09A009FB0E550AF0010E12
:10A5A0000544AEFB080E40184FEA5A0A303006F850
:10A5B000010C4AEAC57A0CF1010C013E6D08002F2E
:10A5C000D1D021788C45CED1BCF1FF0FCBD00A2B56
:10A5D00072F1000280F0E7801794DDF810A0029D70
:10A5E000089CCDF838C0FFF734BB2D9B9E4A2260F3
:10A5F000013301350122072B2E952D93626000F364
:10A600001B810834002940F09380049B0E9A03F0CC
:10A61000010313433FF49DA8149B169A1D44C4E9FB
:10A6200000232D9B2E950133072B2D9300F3D6810C
:10A6300004F108028DE0099913932CAA584600F002
:10A64000A9FC00287FF4ACAB9DF887202E9D139BBE
:10A650002FACFFF746B80129049D7FF4EAAA15E460
:10A660000F9B013B0AF1FF3A0F93C0E609992CAA10
:10A67000584600F08FFC00287FF492AB2E9D2FAC43
:10A68000FFF799BA0DF1A808082200214046259647
:10A69000FEF7A8F9059B002BC0F2928000250297D7
:10A6A00099462F460EE03FA9584602F06BFA431C2C
:10A6B000384400F08F83484509DC05F1040500F0BB
:10A6C000BD830746259A52594346002AEBD1089785
:10A6D000029F83E009992CAA584600F05BFC0028F1
:10A6E0007FF45EAB2E9D2FACFFF71DB82CAA294638
:10A6F000584600F04FFC00287FF452AB9AF8000057
:10A700002E992FAA95E60B9B069A1B681A60FFF7F5
:10A71000C1B9D146DDF814A0C8F80090013725442E
:10A72000072FCDE92D75C8F804407FF798AB81E479
:10A73000149B169A1D44C4E900232D9B2E950133CA
:10A74000072B2D9300F34A8104F108020029C0F27F
:10A75000E0820E99166001330D44072BCDE92D35AB
:10A7600051603FF734AB02F10804FEF7F2BF0499E1
:10A770000B928D054ABF43F3C012DA175BB2114644
:10A78000FFF7F4B8154632464E46914601333D4434
:10A79000072BCDE92D35C4F80090676000F31281D6
:10A7A0000834FFF7EDBB1C9B1999F61A1A46304680
:10A7B00000F042FD637803B101344FF0000CD6E69F
:10A7C00000231946CDF8008025AA584602F000FA69
:10A7D00003460133089000F0FD822596089B002B6C
:10A7E00036D0632B00F3E48000230A933FAE0822A7
:10A7F00000214046FEF7F6F8089DCDF800802B4674
:10A8000025AA3146584602F0E3F9854240F0A58377
:10A8100008990B970023735421EAE1719DF8872072
:10A820000593029112930F930D93FEF7F4BF2D221F
:10A830008DF88720FEF7DCBF09992CAA584600F056
:10A84000A9FB00287FF4ACAA23992E9D2FACD9E652
:10A85000089B9DF887200B970293059312930F9303
:10A860000D930A93FEF7D7BF58050108CDCCCCCC89
:10A870002AAB019325AB0093022123AB9DED1E0B68
:10A88000059A584600F054FE049BD907064600F18D
:10A89000FC812A9B1B1A0E93239B0D930D9BDA1CA4
:10A8A00003DB059A9A4280F28B810C9B023B0C934E
:10A8B0000D9B013B9DF8302023930021002BB8BF56
:10A8C0000D9B8DF89820BABFC3F101032D222B22D6
:10A8D000092B8DF8992040F365820DF1AF05B34F38
:10A8E0002A461046A7FB0312D20802EB8201A3EB13
:10A8F0004101303100F8011C19466329134600F16B
:10A90000FF32EEDC303302F8013C831EAB4280F0B4
:10A9100021830DF1990213F8011B02F8011FAB42CC
:10A92000F9D158AB181AA0F1AD0318930E9B189AE1
:10A93000012B1A44089240F35882089B149A13443E
:10A940000893049B089A23F4806343F48073049370
:10A9500022EAE2720023129302920F930D93139B4B
:10A96000002B40F01B819DF887200593FEF753BF15
:10A97000DBB22A460B9193E40B9B069A1B681A8064
:10A98000FFF788B8DBB22A460B91FFF761B8099C44
:10A990002CAA2146584600F0FDFAA38903F0400393
:10A9A000FEF766BE3046F5F72BFF0146FEF7C0BF47
:10A9B000591C5846FEF790FA0646002800F0DB8244
:10A9C0000A9014E709992CAA584600F0E3FA0028E7
:10A9D0007FF4E6A92E9D2FACFFF7D2BA09992CAAD5
:10A9E000584600F0D7FA00287FF4DAA9DDE92D35C2
:10A9F00023992FAAAAE606230A90059300E4059B53
:10AA0000022103F101082AAB019325AB00939DEDD0
:10AA10001E0B23AB4246584600F08AFD0C9B23F0E8
:10AA20002007462F064600EB080518BF452705D12D
:10AA30003378302B00F03C81239B1D44DDE91E015F
:10AA400000220023F6F7B0F9002840F059812A9B34
:10AA5000AB4206D230215A1C2A9219702A9B9D4281
:10AA6000F9D8239A0D929B1B472F0E933FF416AFF4
:10AA7000462F00F02B810D9B013B1BE723A89DED8A
:10AA80001E0B00F04BFC00224FF07F5351EC100BDB
:10AA9000F5F722FF02460B46CDE9022300220023F0
:10AAA000F6F782F908B101232393059B404A0C98DD
:10AAB000CDF820A0591E3F4B0D96612808BF1A46BD
:10AAC0003746A0460592DDE902458A46164609E06A
:10AAD000002200230AF1FF39F6F766F9002840F05A
:10AAE000BB81CA46344B002220462946F5F7F4FEC6
:10AAF0000D460446F6F7A0F98146F5F7B3FC024689
:10AB00000B4620462946F5F75FFB16F80930BAF1E7
:10AB1000FF3F3A46044607F8013B0D46D8D1CDE940
:10AB20000245264BDDF820A00D9E444690460022AB
:10AB30004D46F6F761F9002800F0FF81059BCDF83E
:10AB4000A880D97B17F8012C91423B4609D13020CF
:10AB500003F8010C2A9B5A1E2A9213F8012C9142E9
:10AB6000F6D0392A0BBF059A0132927AD2B203F895
:10AB7000012C3B469B1B0C9A0E93239B0D93612A41
:10AB800003F1FF33239300F0B381412150220C9154
:10AB9000012193E6DDF81480032134E72D22002300
:10ABA0008DF887200593FEF739BE00BFCDCCCCCC05
:10ABB0003C05010828050108000030400000E03F86
:10ABC000DDE90D23934200F3C480049B13F0010FD1
:10ABD0000D9B00F00F81149A13440893049B5F05AA
:10ABE00003D50D9B002B00F34781089B23EAE373F9
:10ABF000029367230C930023CDF8109012930F93C8
:10AC0000ADE601F100431F932D231E901393FFF730
:10AC100005BB2CAA2946584600F0BCF900287FF451
:10AC2000BFA89AF800002E992FAA044408E40999B5
:10AC30002CAA584600F0AEF900287FF4B1A82E9D4A
:10AC40002FACFFF794B978238DF88930049B43F03B
:10AC50000203049330238DF88830059B632B00F3A7
:10AC60008E8000230A933FAEFFF7CABA09992CAA37
:10AC7000584600F08FF900287FF492A8239B2E9D60
:10AC80002FACFFF78DB95823DEE7059B4727C51882
:10AC9000D4E609992CAA584600F07CF900287FF4E4
:10ACA0007FA8239E0E9B2E9D9E1B2FACFFF78DB978
:10ACB000DDE91E0100220023F6F776F8002800F0F7
:10ACC0001981239B0D931D44AB1B0E93049B0D997F
:10ACD000059A03F00103002943EA020340F31A81B5
:10ACE000002B40F0F2800D9B089366230C93049B8D
:10ACF0005B0500F1C380089B23EAE37302937AE7C4
:10AD0000239A0D922B46AEE6002282460592FEF76C
:10AD1000FDBB4F421031DFF87892B8BF102404DB3E
:10AD200021E00832103F102F1DDD01331035072BB5
:10AD3000C2E90094CDE92D35F3DD09992CAA5846D6
:10AD400000F028F900287FF42BA8DDE92D352FAA83
:10AD5000E8E70E9B149A9A180D9B0892002B71DD60
:10AD600067230C93C3E701333D44072BCDE92D3511
:10AD7000C2F80090576000F3AF800832E9E4591C34
:10AD80005846FEF7A9F8064610B10A90FFF738BA00
:10AD9000099A938943F0400393814FF0FF33069360
:10ADA000FEF769BC002934D130228DF89A200DF1CC
:10ADB0009B02303302F8013B26ABD31A1893B5E55A
:10ADC000059B002B7FF41BAA059B0A930123059387
:10ADD000FFF716BA099BB3F90C3000220A9243F030
:10ADE0004003099A9381FEF7DBBF049BDB077FF5E5
:10ADF000A8ADA2E50893F1E6059B0293089373239F
:10AE00009DF887200B97059012900F900C93FEF7FA
:10AE100002BD0DF19A02CCE7119B5A4E002B049B08
:10AE2000A8BF9DF8872023F08003B8BF2D2204938C
:10AE3000B8BF8DF88720544BFEF7E0BC059B029FFE
:10AE40000893CBE4C3F101031A4422EAE2730293AC
:10AE5000672308920C93CEE651460029DDF820A026
:10AE60000D9E4446FFF685AE4B1C3B44302207F84E
:10AE7000012B9F42FBD17DE667230C9317990B783A
:10AE8000FF2B74D000250D9A284603E001300131D4
:10AE9000FF2B08D0934206DAD21A4B78002BF5D15B
:10AEA0000B780135F4E717910D920F901295129AD5
:10AEB0000F9B1C99CDF810901344089A01FB0323B3
:10AEC000089323EAE373029349E5149B1A44531849
:10AED000089366230C930AE709992CAA584600F0B8
:10AEE00059F800287EF45CAFDDE92D352FAA30E457
:10AEF00070224DE6C8F1010323939EE50B9A9AF860
:10AF0000013052F8041B0B9241EAE171824605912F
:10AF1000FEF7FABA2BB90123662202930C9208932A
:10AF200069E6149B03F10108059B4344089323EA57
:10AF3000E373029366230C935DE6DDE90201134B94
:10AF40000022F5F731FF00283FF413AEE8077FF544
:10AF500010AEF3E502231893E8E4099BB3F90C3033
:10AF600043F040033DE70C23CBF8003015E7002306
:10AF700012930F939BE7099B0A90B3F90C3043F0AF
:10AF800040032EE724050108200501080000E03FEA
:10AF9000080701082DE9F843154692682C68FAB1B4
:10AFA00080468946083401E00834CFB16B68591EE9
:10AFB000002B1746696013DD54F8046C002EF3D0A3
:10AFC000334654F8082C4946404601F00DFE431C18
:10AFD00007D0AA68921B1746AA600834002FE5D153
:10AFE00000200023C5E90133BDE8F88370B50029CE
:10AFF0003FD006460C4610B1436B002B3CD0636E2D
:10B00000B4F90C20DD0732D4900538D521463046FE
:10B0100000F04CF8E36A054633B1E16930469847E1
:10B020000028B8BF4FF0FF35A3891A0639D4216B29
:10B0300041B104F14003994202D03046FDF750FE81
:10B0400000232363616C21B13046FDF749FE0023E4
:10B050006364FDF735FC636E0022DB07A2811CD51B
:10B06000A06DFDF7CBFDFDF731FC284670BD002A31
:10B07000CCD10025284670BDFDF704FCBFE7A06DCC
:10B08000FDF7BEFDB4F90C30002BBFD1636ED907BC
:10B09000EFD4A06DFDF7B6FDEBE7A06DFDF7B2FDB7
:10B0A000DEE721693046FDF71BFEC0E7B1F90C2051
:10B0B0002DE9F04116070C4680464ED4496842F40B
:10B0C00000630029A38163DDA56A002D42D0002121
:10B0D00012F48052D8F80060C8F80010E16964D119
:10B0E00001234046A847451C02466ED0B4F90C30F7
:10B0F000A56AE169580705D56368D21A236B0BB1BD
:10B10000E36BD21A00234046A847431C4FD1D8F81E
:10B110000010B4F90C301D2940D8314ACA40D70775
:10B120003CD52269226023F40062A281DD044FF045
:10B130000002626001D5002945D0216BC8F800608B
:10B1400041B104F14003994202D04046FDF7C8FDE9
:10B15000002323630020BDE8F0810E69002EF9D0A2
:10B160000D680E6092070CBF4B690023AD1B8B600E
:10B170000BE02B463246E169676A4046B847B0F1BA
:10B18000000CA5EB0C05664406DD002DF1DCE1E7C3
:10B19000E16B002998DCDDE7B4F90C3043F04003A3
:10B1A000A3814FF0FF30BDE8F081226DA2E7B4F932
:10B1B0000C302269226023F40062A281DB044FF08C
:10B1C00000026260B9D52065B7E7D8F80030002BDF
:10B1D0008CD01D2B01D0162BDED1C8F80060B9E74A
:10B1E0000100402038B50C46054608B1436B03B357
:10B1F000B4F90C0088B1636EDB0701D481050FD56B
:10B2000028462146FFF752FF636EDA07054602D44F
:10B21000A3899B0508D5284638BD0546284638BD74
:10B22000A06DFDF7EDFCEBE7A06DFDF7EBFC28460C
:10B2300038BDFDF727FBDBE740EA01039B0710B5AC
:10B2400001D1032A17D8844601F1FF3E07E01EF81A
:10B25000011F03F8011B541E29B19C462246634678
:10B26000002AF4D110BD9444002CFBD003F8011B3C
:10B270006345FBD110BD8E468446DEF80040A4F144
:10B28000013323EA040313F0803F71460EF1040EEC
:10B29000DAD1043A032A4CF8044BEED87146D3E7CE
:10B2A000014B93F82801704728060020004870479A
:10B2B0001807002038B5074D0022044608462A60CA
:10B2C000F6F746FB431C00D038BD2B68002BFBD0A3
:10B2D000236038BDBC79002038B5074D074C2C1BC6
:10B2E000A41005D0013C55F8043D9847002CF9D135
:10B2F000BDE8384004F0EEBF840B0108800B010864
:10B30000082802D14FF48050704708B5FDF746FC7D
:10B31000162303604FF0FF3008BD00BF70B555EC39
:10B32000104B0646134825F000430021834231604C
:10B330001DD8204618431AD00F4828402A4658B92D
:10B340000E4B002220462946F5F7C6FA0A4621F0A0
:10B35000004304466FF035011B156FF31E52A3F234
:10B36000FE3342F07F550B4445F40015336045EC45
:10B37000104B70BDFFFFEF7F0000F07F00005043D7
:10B380002DE9F8431B4D0646286898460F4691461E
:10B39000FDF736FC184B1C681CB3286865681F2D28
:10B3A00022DC4EB96B1C0235636044F82570FDF752
:10B3B00029FC0020BDE8F88304EB85010123C1F8D6
:10B3C0008890D4F88821AB401A43022EC4F8882113
:10B3D000C1F80881E6D1D4F88C211A43C4F88C2135
:10B3E000E0E7064C1C60D8E7FDF70CFC4FF0FF309F
:10B3F000E0E700BF10020020CC790020047A002092
:10B400002DE9F04F03690C69A34283B0C0F28A8032
:10B41000013C01F1140500F1140855F8243058F8E6
:10B42000242001339A428E4681464FEA840105EB7F
:10B43000840708EB840AB2FBF3F63AD3CDE9001592
:10B440000022AC46404613465CF8041B05681FFA10
:10B4500081FB06FB0B22090C4FEA124B06FB01BBDA
:10B4600092B2A9B2891A19441FFA8BF3C3EB214394
:10B4700003EB154389B241EA0341674540F8041BD9
:10B480004FEA1B424FEA2343DED2DDE9001558F8AC
:10B49000013073B9AAF1040AD04504D307E0D045BE
:10B4A00004F1FF3403D25AF80439002BF7D0C9F85D
:10B4B00010407146484601F019FA00282EDB41463B
:10B4C000002255F8040BD1F800C01FFA80FE1FFAC5
:10B4D0008CF3A3EB0E031344020CC2EB234202EBEA
:10B4E0001C429BB243EA0243AF4241F8043B4FEA9D
:10B4F0002242E6D258F8242008EB84036AB9043BC0
:10B50000434504D807E0984504F1FF3403D253F8CB
:10B510000429002AF7D0C9F810400136304603B09C
:10B52000BDE8F08F002003B0BDE8F08F0000000000
:10B530002DE9F04F9DB0CDE90A320291816B269D35
:10B5400004908DED060B57EC106B49B1C26B4A604D
:10B550000123934004468B6000F066FF0023A36341
:10B56000B7F10009B4BF012300232B60764BBCBFA9
:10B5700029F00049CDF81C9033EA090300F0AA80B5
:10B580009DED067B002251EC170B00238DED007B17
:10B59000F5F70AFC804668B10A9A01231360279BDD
:10B5A00013B1279A694B1360694B059305981DB039
:10B5B000BDE8F08F9DED000B04981AAA1BA901F0BD
:10B5C00073FA5FEA1955824640F09A80DDE91A85E0
:10B5D000454405F23243202B40F38A83C3F14003F4
:10B5E00009FA03F905F2124326FA03F349EA0300C4
:10B5F000F4F728FF0123013DA1F1F8711293554B97
:10B600000022F4F7E1FD4AA3D3E90023F5F764F93A
:10B6100049A3D3E90023F4F7D9FD064628460F468F
:10B62000F4F720FF46A3D3E90023F5F755F90246C6
:10B630000B4630463946F4F7C9FD06460F46F5F786
:10B64000FBFB002204460990002330463946F5F7FB
:10B65000B5FB002840F02283099CA8EB050808F1FF
:10B66000FF33162C089300F28A813B4B03EBC40393
:10B67000D3E90023DDE90001F5F7A0FB002871D034
:10B68000631E099300231193089B002BC0F27D8158
:10B6900000230C93099B002B6ADA099B0C9A0D93EB
:10B6A000D21A0C925A4200230993029B1092092B42
:10B6B00068D8052B40F32183043B02930025029BAD
:10B6C000023B032B00F23686DFE813F06E046B04B6
:10B6D000630447040A9AC9F3130942F20F7359EA43
:10B6E000060913601CD1279B002B00F043861B4BDF
:10B6F00005930833279A059813601DB0BDE8F08FB5
:10B70000DDE90012C2F31303084643F07F51CDF880
:10B710004880A5F2FF35DDF8688041F440116EE7FE
:10B72000279B002B40F0F4830D4B05933EE700BFB1
:10B7300061436F63A787D23FB3C8608B288AC63F37
:10B74000FB799F501344D33F0000F07F5905010857
:10B75000580501080000F83F60070108A40501082A
:10B76000B0050108B8F1000F40F3A38411900C90CC
:10B77000DDE908321344089300231093029B0D92D5
:10B78000092B96D90023012502930E954FF0FF3B1C
:10B790000B93049BCDF84CB00021D963049800F0C2
:10B7A0001DFE0590002800F0CE85DDE90432BBF1D6
:10B7B0000E0F9A6300F21881002D00F015810D998B
:10B7C000002940F34684B34B01F00F0203EBC203A0
:10B7D000C805D3E900894FEA211540F10884AE4B32
:10B7E000DDE90001D3E90823F5F7A0F9CDE914015B
:10B7F00005F00F0503277DB1A74EE90708D54046A0
:10B800004946D6E90023F5F767F8013780468946AF
:10B810006D1006F10806F0D142464B46DDE91401F1
:10B82000F5F784F980468946119B43B19B4B002272
:10B8300040464946F5F7C2FA002840F00B853846E5
:10B84000F4F710FE42464B46F5F746F8944B0022BB
:10B85000F4F7BCFCA1F15073CDE914011593BBF1D1
:10B86000000F00F0A8800D9BCDE918B34946404673
:10B87000F5F7E2FA189A874B03EBC20313ED027B4C
:10B8800005468DED167BF4F7EDFD0B460246494665
:10B890004046F4F799FC059F0E9B30357E1CECB2B8
:10B8A000804689463546002B00F06C84DDE916237E
:10B8B0007C490020F5F73AF9DDE91423F4F784FC1C
:10B8C0003C7042464B4604460D46F5F795FA002873
:10B8D00040F0B884CDF850A0CDF858B00027AB4662
:10B8E000A246189D2AE00137AF4280F2FD846E4BDC
:10B8F000504659460022F4F7EFFF6B4B0022824678
:10B900008B4640464946F4F7E7FF89468046F5F7FF
:10B9100093FA0446F4F7A6FD02460B464046494614
:10B92000F4F752FC303406F8014B52465B46804631
:10B930008946F5F743FA002840F0D38442464B4647
:10B9400056490020F4F740FC52465B46F5F736FABC
:10B950000028C8D0199BDDF850A0059A374603F19E
:10B96000010802E0974200F09B843E4617F8013D33
:10B97000392BF7D00133DBB23B7045467DE1012323
:10B980001193089B002BBFF683AEC8F101030C9303
:10B99000002308937EE63846F4F764FD42464B46A2
:10B9A000F4F79AFF3E4B0022F4F710FCA1F150731C
:10B9B000CDE9140115933D4B002240464946F4F76A
:10B9C00003FCDDE9144522462B4606460F46F5F7F3
:10B9D00013FA002840F0738430463946224605F1B8
:10B9E0000043F5F7EBF928BB1B9B002BC0F29080BE
:10B9F0000D9A0E2A00F38C80264B0D9A03EBC2039E
:10BA000093ED007B0B9B002B8DED027B19DABBF1D4
:10BA1000000F16DC0ED1254B0022DDE90201F4F700
:10BA20005BFF02460B46DDE90001F5F7D1F900287E
:10BA300000F045840023059E00931F460B9BDD43C9
:10BA40002DE2059B5D1CDDE90278DDE900013A4647
:10BA50004346F5F76BF8F5F7EFF90646F4F702FD04
:10BA60003A464346F4F738FF02460B46DDE900014B
:10BA7000F4F7AAFB059A06F13003BBF1010F2F463C
:10BA8000137000F021830125CDF800A0A846DDE960
:10BA9000029A2BE060070108380701080000F03F18
:10BAA00000001C400000E03F000024400000144063
:10BAB0004A46534620462946F5F738F8F5F7BCF9CB
:10BAC0000646F4F7CFFC4A465346F4F705FF08F163
:10BAD00001080B46024629462046F4F775FB06F19D
:10BAE0003003D84507F8013B00F0EC82844B00227C
:10BAF000F4F7F2FE0022002304460D46F5F754F950
:10BB00000028D5D00D9DDDF800A001353E46B4E0FB
:10BB10000E9A002A40F0D8800023109E0C9D0E93B0
:10BB20001F4665B1089A002A09DD0C99AA421346FE
:10BB3000A8BF2B46C91AED1AD31A0C910893109B73
:10BB400053B10E9B13B1002E40F0F7825146109A6C
:10BB5000049800F0F9FD82460498012100F010FDE0
:10BB6000099B0090002B40F0BE81029B012B40F30B
:10BB7000D4810120089A104410F01F0000F09B802F
:10BB8000C0F12003042B40F3E3810C9BC0F11C00A7
:10BB9000034402440C93054408920C9B002B05DDE2
:10BBA000514604981A4600F029FE8246089B002B55
:10BBB00005DD009904981A4600F020FE0090119BC4
:10BBC000002B40F07581BBF1000F40F34C810E9BC0
:10BBD000002B40F0A4800D9D0135DDF81480009C01
:10BBE000DDF81090012607E0514600230A2248465E
:10BBF00000F024FC0136824621465046FFF700FC47
:10BC0000B34500F1300008F8010BEDDCBBF1000F8B
:10BC1000059BCCBF5E460126814603EB060B002444
:10BC200051460122049800F0E9FD0099824600F097
:10BC30005DFE002840F3EE81059A02E0934500F096
:10BC400003825E460BF1FF3B16F8013C392BF5D021
:10BC500001338BF80030DDF810800099404600F089
:10BC6000E3FB57B12CB1BC4203D02146404600F063
:10BC7000DBFB0498394600F0D7FB0498514600F0EE
:10BC8000D3FB002333700A9B1D60279B002B3FF4DE
:10BC90008DAC05981E601DB0BDE8F08F2046F4F70E
:10BCA000E1FB32463B46F5F77FF800287FF4D4AC41
:10BCB000631E0993D0E41C230C9A1A440C92089A30
:10BCC0001A441D44089268E7029A012A40F3AD81A4
:10BCD000109B0BF1FF36B342C0F26981BBF1000F3C
:10BCE000A3EB060680F2EF820C9BA3EB0B056CE145
:10BCF000C3F1200306FA03F07AE40125DFE400BF74
:10BD0000000024403946002304980A2200F096FBE4
:10BD1000139B002B074640F3FF820D969B46002D98
:10BD200005DD394604982A4600F068FD0746099B60
:10BD3000002B40F0E681B846059E731E03EB0B0412
:10BD4000069B03F00103CDE90B43049C0099504688
:10BD5000FFF756FB39468346504600F0C7FD009971
:10BD600005464246204600F0E3FDC3680BF130096A
:10BD70000146ABBB0990504600F0B8FD0999089008
:10BD8000204600F051FB089A002A54D1029B1BB9AF
:10BD90000C9B002B00F0AE82002D3FDB0B9BB346CB
:10BDA0009E420BF8019B00F0C381514600230A22FA
:10BDB000204600F043FB4745824639464FF00003DA
:10BDC0004FF00A02204630D000F038FB41460746CB
:10BDD00000230A22204600F031FB5E468046B5E78C
:10BDE000049800F021FB002D06DB069B03F0010206
:10BDF000029B1D432A4329D151460122049800F099
:10BE0000FDFC0099824600F071FD002840F3F680A9
:10BE1000B9F1390F00F049820BF131090D9D06F897
:10BE2000019B3C460135474615E700F007FB5E469F
:10BE3000074680468AE7002DC0F29382029B1D438D
:10BE40000C9B1D4300F08D82002AA7DDB9F1390F4C
:10BE500000F02B820D9D09F101033C4606F8013BE1
:10BE600001354746F7E6029B022B7FF7B0AEBBF1E8
:10BE7000000F40F02581009904985B46052200F0F0
:10BE8000DDFA01460090504600F030FD002840F3F6
:10BE90001781059E0D9D312306F8013B0135009960
:10BEA000049800F0C1FA0135002F7FF4E2AEE4E619
:10BEB0000099504600F01AFD0028BFF684AE5146A6
:10BEC000002304980D9C0A2200F0B8FA0E9B661E0F
:10BED0008246002B7FF416AF139B002B40F3118298
:10BEE0000D9D9B4679E601461A46049800F02CFC0D
:10BEF000029B0090012B6EDD00230993009A1369C9
:10BF000002EB8303186900F0E9FAC0F1200031E682
:10BF1000984B05930333FFF7EDBB069B002B7FF493
:10BF200028AEDDE90612C2F31303002B7FF421AE25
:10BF3000914B134033B10C9B01330C93089B01339D
:10BF400008930123099A0993002A3FF412AED5E71A
:10BF50003FF423AEC0F13C03AEE601230E930B9BEE
:10BF60000D9A134403F1010B5E46012E1393B8BFE3
:10BF70000126172E40F3F981012204235B0003F10F
:10BF80001400B042114602F10102F7D9049BD963B3
:10BF900004E401230E930B9E002E36DD1396B34668
:10BFA000E7E700230E93DAE700230E93F3E7109BF5
:10BFB000099A1096F31A1A44089B09925B44089355
:10BFC0000C9B1D465B440C9300260498012100F055
:10BFD000D7FA0746A5E5069B002B8DD1DDE90601C2
:10BFE000C1F313030A46002BA2D0099086E79DED0A
:10BFF000007B02278DED147BFFF7FDBB7FF40EAFB6
:10C0000019F0010F7FF404AF08E701230B939B465F
:10C01000FFF7BFBB03D119F0010F7FF40DAE5E46F1
:10C020001BF8013D302BFAD015E6129A002A00F0D9
:10C030009C8003F23343089A109E1A4408920C9A8B
:10C0400015461A440C92C0E7059A31230135137046
:10C0500001E600F0FA800D9A484B554205F00F02B8
:10C0600003EBC203D3E90023DDE90001F4F734FC5C
:10C070002D11CDE9140100F05881414E0023022713
:10C0800080468946EA0709D5D6E900234046494655
:10C09000F4F722FC01378046894601236D1006F132
:10C0A0000806EFD1002B7FF4BFABDDE91489FFF761
:10C0B000BBBBC8F1010308900C931190FFF758BB6C
:10C0C000059EBBE4DDF800A002460B46F4F77EF8BF
:10C0D0000D9DCDE90001013502460B46DDE9020167
:10C0E000A846F4F76BFE40B9DDE90023DDE9020163
:10C0F000F4F75AFE18B1F30701D5059A35E43E4628
:10C10000BBE57968049800F069F90546002800F05D
:10C1100021813B6902339A0007F10C010C30F4F7DE
:10C1200075FA04982946012200F068FB804603E670
:10C130000D9D3C460135474672E5049C3946324622
:10C14000204600F001FB524601460746204600F01B
:10C1500045FA51468046204600F066F9109B9B1B2D
:10C16000C24610933FF4F8ACF0E41A9BC3F13603D7
:10C1700061E700BFB00501080000F07F600701081B
:10C1800038070108DDE91623DDE91401F4F7A4FB03
:10C19000059B1C70189B012BCDE90E0100F0C3809C
:10C1A000189F059B12961F447A4B00224046494631
:10C1B000F4F792FB0D460446F4F73EFE8146F4F791
:10C1C00051F909F1300902460B4620462946F3F79A
:10C1D000FBFF06F8019BBE4280468946E4D1129DD2
:10C1E0006D4B0022DDE90E01F3F7F0FF02460B462E
:10C1F00040464946F4F700FE00286CD1DDE90E23E5
:10C2000065490020F3F7E0FF02460B4640464946E9
:10C21000F4F7D4FD80B91B9B002BFFF67DAC0D9B82
:10C220000E2B3FF779AC5D4B0D9A03EBC20393EDF8
:10C23000007B8DED027B06E43E46013F16F8013C93
:10C24000302BF9D0199D013517E5DDE9008902276A
:10C25000FFF7EABABBF1000F3FF49DAB139C002C33
:10C260007FF7C2AB0D9B013B002240464946199324
:10C27000484BF4F731FB80468946781CF4F7F2F816
:10C2800042464B46F4F728FB454B0022F3F79EFF4E
:10C29000A1F15073CDE9140118941593FFF7E6BA94
:10C2A00008F101083123FFF767BB0D9D059AB346DE
:10C2B00039233C460BF8013B01354746C1E40023D6
:10C2C00000931F46E5E5089B5B4408930C9B1D46C5
:10C2D0005B440C9379E6199B059A03F10108FFF77B
:10C2E00044BBDDF850A0ADE7DDF850A0DDF858B054
:10C2F000FFF77ABBB9F1390FD7D0002D3FF78CADDE
:10C300008CE5029B022B03DC0D9DDDF84CB064E450
:10C31000DDF84CB00D96AAE5029B022BF8DCDDF8A7
:10C320004CB00D96FBE437465AE7DDE91489022745
:10C33000FFF77ABA049B0025DD632946184600F012
:10C340004DF80590D0B9174B1748002240F2AF11B5
:10C3500000F02AFD134B14482A4640F2EF2100F06A
:10C3600023FD002A3FF748AD58E5049B0021D9631F
:10C37000FFF714BA0D4B0593FFF718B9DDE9043246
:10C380009A634FF0FF3301220B9513930E929B4655
:10C39000FFF72ABB000024400000E03F60070108CF
:10C3A00000001C40B4050108C8050108A4050108E7
:10C3B00082B049B15AB16BB113780B601278101E7C
:10C3C00018BF012002B0704701A9002AF3D110461E
:10C3D00002B070476FF00100F4E700BF436C70B526
:10C3E00005460C464BB153F8240080B1026843F86F
:10C3F00024200023C0E9033370BD2122042100F072
:10C40000F3FC034668640028EDD1002070BD0121D3
:10C4100001FA04F6721D9200284600F0E5FC00289F
:10C42000F3D0C0E90146E4E731B1436C4A6853F800
:10C430002200086043F82210704700BF2DE9F04148
:10C440000D6907460E461C4601F1140E0020DEF869
:10C4500000108BB202FB03434FEA134C090C02FBA2
:10C4600001CC01309BB203EB0C4385424EF8043BF8
:10C470004FEA1C44EBDC3CB1B368AB4207DD06EB92
:10C48000850301355C6135613046BDE8F081716836
:10C4900038460131FFF7A2FF8046A8B13269023267
:10C4A00006F10C0192000C30F4F7B0F87B6C726866
:10C4B00053F82210316043F82260464606EB8503AC
:10C4C00001355C613561DFE7024B03484246BA2122
:10C4D00000F06AFCB405010824060108B0F5803FAD
:10C4E000034636BF030400201020B3F1807F3CBF19
:10C4F0001B020830B3F1805F3CBF1B010430B3F175
:10C50000804F03D3002B06DB013070479B0003D420
:10C510005B0003D42020704702307047033070471F
:10C52000036813F00702014607D0DA071FD4980703
:10C5300021D55B080B600120704798B2A0B110466E
:10C54000DAB20AB908301B0A1A0704BF1B09043003
:10C550009A0704BF9B080230DA0703D45B0800F196
:10C56000010006D00B6070471B0C1020E8E700208C
:10C570007047202070479B080B600220704700BF67
:10C5800038B5436C04460D464BB15868B0B10268EB
:10C590005A6000220123C0E90323456138BD2122EE
:10C5A000042100F021FC034660640028EDD1094B12
:10C5B0000948002240F2451100F0F6FB1C2201213F
:10C5C000204600F011FC0028F1D001220223C0E92E
:10C5D0000123DEE7B4050108240601082DE9F04F28
:10C5E000D1F810801569A84585B00E46924605DB46
:10C5F0002A46534645468A4690461E46DAF8083093
:10C60000DAF8041005EB0804A342B8BF0131FFF7C4
:10C61000E5FE8446002800F08B8000F1140707EB4C
:10C62000840E774505D23B46002243F8042B9E45F5
:10C63000FBD8143606EB88080AF11409464509EBC5
:10C64000850566D2A5EB0A03153B23F003030AF127
:10C65000150A043355452CBF9B464FF0040BCDF80B
:10C6600008E00394AE46E24605E0090C2AD1B04545
:10C6700007F104074AD956F8041B8DB2002DF4D0F7
:10C68000CC463C46002301965CF8040B216886B238
:10C690008AB2000C05FB0622090C1A4405FB0011A6
:10C6A00001EB124192B242EA0142E64544F8042B02
:10C6B0004FEA1143E8D8019E47F80B3056F8041CA6
:10C6C000090CD4D03B68002248461D463C4694469F
:10C6D000028801FB02C202EB15429BB243EA02430D
:10C6E00044F8043B50F8043B25684FEA134CABB2C6
:10C6F00001FB0C3303EB124370454FEA134CE7D3B5
:10C70000B04547F80B3007F10407B4D8DDE902E47F
:10C71000D446002C02DC05E0013C03D05EF8043D69
:10C72000002BF9D06046CCF8104005B0BDE8F08F82
:10C73000034B044862464FF4B17100F035FB00BF73
:10C74000B40501082406010812F003032DE9F041A5
:10C75000144607462CD10D46A4101CD03E6C86B35F
:10C76000E3074FF0000806D4641014D03068A8B175
:10C770000646E307F8D5324629463846FFF72EFF2E
:10C7800035B17B6C696853F821202A6043F8215049
:10C7900064100546EAD12846BDE8F08132463146AC
:10C7A0003846FFF71BFF3060C0F800800646E0E720
:10C7B000013B0F4A52F823200023FFF73FFE0546B6
:10C7C000CAE701213846FFF709FE064640B10123BA
:10C7D00040F27122C0E90432002338640360BFE7ED
:10C7E000044B0548324640F2451100F0DDFA00BF27
:10C7F00028070108B4050108240601082DE9F047BF
:10C800000C4690462769A368496807EB62177D1CB0
:10C810009D4206464FEA621904DD5B009D4201F12C
:10C820000101FADC3046FFF7D9FD8446002851D0DB
:10C83000B9F1000F00F114000EDD09F105024FEA15
:10C84000820E03460CEB8202002143F8041B934244
:10C85000FBD1AEF114031844216904F1140318F05C
:10C860001F0803EB81012DD0C8F1200986464FF047
:10C87000000A1A6802FA08F242EA0A024EF8042B89
:10C8800053F8042B994222FA09FAF2D80B1B153BF4
:10C8900023F00303043304F11502914238BF04234B
:10C8A00040F803A0BAF1000F00D13D46736C6268F6
:10C8B000CCF8105053F822102160604643F8224013
:10C8C000BDE8F087043853F8042B40F8042F994250
:10C8D000F9D8EAE7034B044862464FF4EF7100F0E1
:10C8E00063FA00BFB4050108240601080B698446F9
:10C8F0000069C01A16D10CF1140C14310CEB830230
:10C9000010B401EB830301E0944508D252F8044DC2
:10C9100053F8041D8C42F7D005D24FF0FF305DF87C
:10C92000044B7047704701205DF8044B704700BF0F
:10C930002DE9F04F15460A692B69D21A002A83B0F7
:10C94000884640F0878001F1140605F1140101EBDF
:10C95000830106EB830301E09E427ED253F8044D2F
:10C9600051F8042D9442F7D075D32B460024454648
:10C9700098466968FFF732FD8146002800F08980FB
:10C980002E69C460D8F8100005F1140B08F1140EDC
:10C9900009F1140A05F110020EEB80000BEB860181
:10C9A00057464FF0000CCDF804B05EF8044B52F837
:10C9B000045F1FFA84FBABB2A3EB0B03240C6344AC
:10C9C000C4EB154404EB23449BB243EA0443704593
:10C9D00047F8043B4FEA244CE7D8A0EB080208F1E3
:10C9E00015084045A2F1150234BF0020012092082D
:10C9F0000028DDF804B002F101044FEA840408BF06
:10CA000004240BEB0405A942544433D92746284695
:10CA100050F8043B1CFA83FE1A0C634402EB2E42CE
:10CA20009BB243EA0243814247F8043B4FEA224C5F
:10CA3000EED80139491B21F003010C4423B954F805
:10CA4000043D013E002BFAD04846C9F8106003B0FF
:10CA5000BDE8F08F89DA01248BE70021FFF7BEFCE7
:10CA6000814678B101220023C0E90423484603B07F
:10CA7000BDE8F08F00284FEA820208BF00220AEBCF
:10CA80000204DBE7064B07484A4640F2372100F034
:10CA90008BF9034B03484A4640F2452100F084F9E4
:10CAA000B4050108240601082DE9F0430E4683B0C1
:10CAB000012159EC108B1546FFF790FC0446002825
:10CAC00046D0C9F30A57C9F313030FB143F48013D7
:10CAD0000193B8F1000313D101A8FFF721FD019BD9
:10CAE00063610122203022610FB3A7F2334707446C
:10CAF000C0F1350037602860204603B0BDE8F08300
:10CB000068460093FFF70CFD019BF8B10099C0F156
:10CB1000200203FA02F2C3400A430193002B626130
:10CB20000CBF01220222A3612261002FDDD104EBA0
:10CB30008203A0F2324030601869FFF7CFFCC0EBEF
:10CB400042102860204603B0BDE8F083009AE5E774
:10CB5000034B0448224640F20F3100F025F900BF94
:10CB6000B40501082406010849B1FF2A02D80A7059
:10CB7000012070478A2303604FF0FF30704708465A
:10CB8000704700BF70B5054684B05BB11C460F4BC3
:10CB9000D3F8E060234669B12846B047431C0FD064
:10CBA00004B070BD094B00F58274D3F8E0602346F1
:10CBB0000029F1D10A46284601A9B047431CEFD10C
:10CBC00000228A2322602B6004B070BD280600205A
:10CBD00010B582B0049CCDE900344FF0FF3300F073
:10CBE00059FB02B010BD00BF2DE9F0478F681D460C
:10CBF000AF420B680C46164636D8B1F90CC01CF48F
:10CC0000906F0ED13D46184631462A4600F04CF84A
:10CC1000A368DF1B2368A7602B4400202360BDE8C6
:10CC2000F0874A69096902EB42025F1A02EBD2728D
:10CC30006B1C52103B44934292BF914699461A4650
:10CC40001CF4806F804611D01146FCF745F98246EE
:10CC500000B321693A46F3F7D9FCA38923F4906322
:10CC600043F08003A38105E02F46CCE700F0F2F803
:10CC7000824658B10AEB0703A9EB0707A760C4F87F
:10CC800010A0C4F8149023602F46BCE721694046E9
:10CC9000FCF726F8A3890C2243F04003C8F80020D3
:10CCA0004FF0FF30A381BAE788420ED98B18834238
:10CCB0000BD900EB020C002A6ED0624613F801CDAE
:10CCC00002F801CD9942F9D170470F2A0FD80346D7
:10CCD00002F1FF3C002A5FD00CF1010C013B8C44B7
:10CCE00011F8012B03F8012F6145F9D1704740EA93
:10CCF00001039B0751D1A2F1100370B501F1200C83
:10CD000023F00F0501F1100E00F11004AC441B09D3
:10CD10005EF8105C44F8105C5EF80C5C44F80C5C47
:10CD20005EF8085C44F8085C5EF8045C44F8045C57
:10CD30000EF1100EE64504F11004E9D1013312F0B2
:10CD40000C0F01EB031102F00F0400EB031328D0CA
:10CD5000043C24F003064FEA940C1E441C1F8E462C
:10CD60005EF8045B44F8045FB442F9D10CF10104AD
:10CD700002F0030203EB840301EB840102F1FF3CA8
:10CD80004AB10CF1010C013B8C4411F8012B03F862
:10CD9000012F6145F9D170BD704702F1FF3C034698
:10CDA0009AE72246EAE700BF00B50B4C2568144617
:10CDB000EE681A4685B003460D464CB1074900950A
:10CDC000CDE901143046064900F076FA01F0EEFB99
:10CDD00004490C46F3E700BFCC00002080060108A0
:10CDE000900601088C06010838B5A1FB021454BB5B
:10CDF000FCF772F8054650B350F8042C22F00302F9
:10CE0000043A242A10D8132A13D91B2AC0E9004453
:10CE100016D9242AC0E902440ABFC0E9044400F13B
:10CE2000100200F1180205E02146FBF7DBFD284661
:10CE300038BD02460023C2E900339360284638BD5E
:10CE400000F10802F6E7FBF7A9FE0C2303600025BA
:10CE5000284638BD2DE9F84F1646002900F0968087
:10CE60000C46804606F10B05FCF7E8FA54F8041C62
:10CE7000162DA4F1080921F0030758D81025AE4259
:10CE800058D8AF4260DABE4B9A6809EB070C62458E
:10CE9000DCF8040000F0908020F0010363445B683C
:10CEA000DB0768D420F003003B189D4247DDCB0729
:10CEB00012D454F8083CA9EB030BDBF8043023F040
:10CEC0000302104400EB070A554540F3F68007EBD8
:10CED000020A554540F3CC8031464046FBF7FCFF43
:10CEE0000646002800F0208154F8043C23F001039A
:10CEF0004B44A0F10802934200F0B4803A1F242A68
:10CF000000F2D780132A00F2A2800346224611685D
:10CF100019605168596092689A6021464046FBF753
:10CF2000DFFE4046FCF790FA3046BDE8F88F35F05A
:10CF30000705A4D50C23C8F80030002618E01F46CA
:10CF4000DCE90223D3609A60D9F804307A1B0F2AF7
:10CF500003F0010309EB07001DD83B43C9F8043077
:10CF6000436843F0010343604046FCF76DFA2646F0
:10CF70003046BDE8F88FC907AED454F8083CA9EB99
:10CF8000030BDBF8043023F00302A0E7BDE8F84F01
:10CF90001146FBF7A1BF09EB05012B4342F001024B
:10CFA000C9F804304A60436843F001034360083124
:10CFB0004046FBF795FED7E720F00300C21905F1C4
:10CFC000100C624580F29180CA0785D454F8082C71
:10CFD000A9EB020BDBF8042022F00302104400EB63
:10CFE000070AD4453FF773AF5E46DBF80C1056F8DE
:10CFF000080F3A1F242AC160886000F2AE80132A0D
:10D0000040F2A9802168CBF808106168CBF80C10B9
:10D010001B2A00F2A88008340BF11002216811606D
:10D0200061685160A16891600BEB0501AAEB0502F4
:10D0300042F0010299604A60DBF8043003F001031A
:10D040002B434046CBF80430FCF7FEF990E7236809
:10D050000360636843601B2A3CD804F1080200F1B6
:10D06000080354E750F8043C23F003031F446BE724
:10D070003A1F5E46DBF80C3056F8081F242ACB60B6
:10D08000996022D8132A1ED92368CBF80830636828
:10D09000CBF80C301B2A3BD808340BF11003226864
:10D0A0001A6062685A60A2689A6034465746D94648
:10D0B0004AE72146FFF7F8FD2FE7DCE902133A1FA4
:10D0C000CB609960D5E73346E9E721463046FFF764
:10D0D000EBFDEAE7A3688360E368C360242A27D0F6
:10D0E00004F1100200F1100311E709EB050199604A
:10D0F000531B43F001034B6054F8043C03F001035D
:10D100002B43404644F8043CFCF79EF926462FE7A3
:10D11000A368CBF81030E368CBF81430242A10D081
:10D1200010340BF11803BAE74046FCF78DF904E719
:10D13000236903616169416104F1180200F1180378
:10D14000E5E62369CBF818306369CBF81C30183456
:10D150000BF12003A3E7324660E721463046FFF794
:10D16000A3FD074B60E7A168CBF81010E168CBF88E
:10D170001410242A06D010340BF118024EE700BF19
:10D18000200200202269CBF818206269CBF81C200D
:10D1900018340BF1200241E72DE9F04F8BB0DDE9A7
:10D1A000157A86461E46002F5AD0156800295CD095
:10D1B000149B002B69D0741E4EB3043DCDE9015E73
:10D1C000DDF850B004910026039105920BE0039B1B
:10D1D0000BBB019B1868002836D0DC4557D2013CB8
:10D1E000631C664613D0019B029853F8042F0193E9
:10D1F000DAF8E0503B4607A9D7E90098A847421C57
:10D2000037D000EB060CDC45E1D9C7E90098304681
:10D210000BB0BDE8F08F00280EDD049B019D184483
:10D220005A1E07A900F1FF3E11F8013B02F8013F29
:10D230007245F9D101950490059B1A6804321A6071
:10D24000019B18680028C8D10399059A01B11060A4
:10D250000CF1FF36002230463A600BB0BDE8F08F8B
:10D26000156800F586770029A2D14FF0FF3314939B
:10D27000A1E7DDF808E006468A2100223046CEF814
:10D2800000103A600BB0BDE8F08F149EBFE7664611
:10D29000BDE700BF10B584B0054C06980090079814
:10D2A0000190044800680294FFF776FF04B010BDB7
:10D2B00028060020CC0000200EB410B583B005ABCA
:10D2C000064C53F8042B01930146206800F008F83F
:10D2D00003B0BDE8104003B0704700BFCC00002091
:10D2E0002DE9F04FC7B016AFCDE9062183460822DD
:10D2F000002138461C460C93FBF774FBBBF1000F72
:10D3000004D0DBF83430002B00F02786079B5A6EE0
:10D31000B3F90C30D00702D4990540F10A859E0478
:10D3200006D4079943F4005322F400528B814A66D5
:10D33000950400F1C386079AB2F90C30190740F141
:10D34000CB801269002A00F0C78003F01A020A2A73
:10D3500000F0D18000239E46CDE90FEECDE91B33CE
:10D36000DFF8F8A8CDF838E01DAB1A939946CDF850
:10D3700020E0CDF834E0069DDAF8E440FDF790FFB8
:10D38000009703462A4614A95846A047002800F0F3
:10D39000D180C0F2C780149A252A034601D01D44CB
:10D3A000EAE7069BEE1A044640F0C88000234FF0DF
:10D3B000FF316A788DF84B3009936C1C059103930B
:10D3C0000134A2F120035A2B00F2F980DFE813F0B8
:10D3D0006002F700F7005A02F700F700F7006A0052
:10D3E000F700F700E801F901F700F3010402F70084
:10D3F000FE015B005B005B005B005B005B005B00B1
:10D400005B005B00F700F700F700F700F700F7009C
:10D41000F700F700F7009D016A02F700F700F70038
:10D42000F700F700F700F700F700F700F700200219
:10D43000F700F700F7007601F7008D02F700F7001C
:10D44000E704F700F700F700F700F700F700F70030
:10D45000F700F700F7009D01C201F700F700F700A1
:10D460008402C2017E00F7000A03F700FB02E40415
:10D47000DA027E00F70076017C00E104F700F70095
:10D480000A05F7007C00A2F13003002114F8012BFB
:10D4900001EB810103EB4101A2F13003092BF5D926
:10D4A00009918EE75846FDF701FF43680F93184630
:10D4B000F3F7A6F9109005465846FDF7F7FE836886
:10D4C0000E93002D40F05684227879E7039B227852
:10D4D00043F02003039373E7079D5846294601F064
:10D4E00003F8002840F01E86B5F90C3003F01A024C
:10D4F0000A2A7FF42FAF0799B1F90E20002AFFF610
:10D5000029AF4A6ED60702D49D0540F1CB85DDE9EF
:10D5100006212346584600F017FE0890089847B0A9
:10D52000BDE8F08F082200213846FBF75BFA0123A3
:10D530001D4421E7069BEE1A044612D0069BC9E95A
:10D5400000361C9B33441C931B9B0133072B1B93FE
:10D5500011DC09F10809089B33440893002C7FF47F
:10D5600025AF1C9B002B40F0B885079B0022B3F928
:10D570000C301B9218E007991AAA584600F024FEB6
:10D5800078B90DF17409E6E707991AAA584600F030
:10D590001BFE00287ED00B9B1BB10B995846FBF756
:10D5A0009FFB079BB3F90C30079A526ED1077CD5CD
:10D5B0005B0600F18D85089847B0BDE8F08F0694B2
:10D5C000002ACED000238DF84B3001238DF8B420F3
:10D5D00004930A932DAC00230B930593039810F04A
:10D5E0008408DDE91B2105D10998049D451B002D08
:10D5F00000F3D6829DF84B0078B101320120013151
:10D60000C9F80400072A0DF14B00CDE91B21C9F828
:10D61000000000F3FA8209F108097BB1013213A876
:10D620000231C9F80000072A4FF00200CDE91B21A2
:10D63000C9F8040000F3F88209F10809B8F1800F75
:10D6400000F00C82059B0A981D1A002D00F34A82F7
:10D650000A9BC9F8004001321944072ACDE91B2171
:10D66000C9F8043000F3798209F10809039B5807CF
:10D6700005D5099B049A9C1A002C00F3E282DDE98F
:10D68000083204988242ACBF9B181B1808930029EB
:10D690007FF47AAF00231B930B9B1BB10B99584669
:10D6A000FBF71EFB0DF1740965E69A0580D4079C13
:10D6B000A06DFBF7A7FAB4F90C3079E70C9E06943D
:10D6C00056F8044B00238DF84B30002C00F05D849D
:10D6D000532A00F0A283039B13F0100540F09D83B2
:10D6E000059B002BC0F2CD841A4629462046F3F74D
:10D6F00027F80B90002800F00685031BCDE90A35BA
:10D7000023EAE373049300F09DBC0C9B0694432A28
:10D7100003F1040503D0039BD80640F16783082278
:10D72000002118A8FBF75EF90C9B2DAC1A68214666
:10D7300018AB5846FFF726FA034601330A9000F06B
:10D74000D6840A9B23EAE373049300230C958DF897
:10D750004B3040E7039B0694990640F1AC800C9B4C
:10D76000073323F0070319465A6851F8083B0C9118
:10D770001146002AC0F23F81059A002AC0F2488172
:10D78000039A22F08002039253EA010240F04081A2
:10D79000059B002B40F08B8404930A9346AC49E12F
:10D7A0000C9B53F8042B0992002A80F2BA82099A42
:10D7B0000C9352420992039B227843F00403039393
:10D7C000FEE52B2322788DF84B30F9E5039B227878
:10D7D00043F080030393F3E5204610F8012B2A2A37
:10D7E00000F09584A2F13003092B98BF002100F2CC
:10D7F000608410F8012B01EB810103EB4101A2F1E0
:10D800003003092BF5D941EAE17305930446D8E5C5
:10D81000039B069443F0100212F0200100F05182A5
:10D820000C9B073323F007031846596850F8083B50
:10D830000C9022F480640394059C002084428DF8AF
:10D840004B007CDB53EA010422F4906240F08183B8
:10D85000039C0392059B002B69D1002840F05C8259
:10D8600014F001020A9200F0608230238DF8173123
:10D870009DF84B3004920DF21714002B40F0DF801E
:10D880000B93E1E0039B227843F00103039397E5B8
:10D890009DF84B302278002B7FF492AD20238DF839
:10D8A0004B308DE5039B069443F010030393039BD9
:10D8B00099063FF554AF0C9A52F8043B0C92039A28
:10D8C000D20600F14382039A560640F13B8243F3AD
:10D8D000C0310A461BB24CE72278039B682A00F04D
:10D8E000958243F0400303936AE5039B069443F05B
:10D8F000100414F0200100F0F3810C9B073323F097
:10D9000007031A46596852F8083B0C9200228DF81A
:10D910004B20059A002AC0F21E8324F08002039255
:10D9200053EA010274D1059B0120002B95D00128F8
:10D9300000F0BD8300230228194600F01A8146AC8E
:10D9400003F00702DB0843EA4173C908303253EAA7
:10D950000105204604F8012DF2D1039BDD0740F1BB
:10D960001681302A00F013813023059A04F8013C17
:10D97000023846AB1B1A9A42B8BF1A460A930446AD
:10D98000049257E0039B0C9A069443F0020303931E
:10D9900052F8043B0C9247F63002ADF84C20AD4AE9
:10D9A0000D92002100228DF84B20059A002AC0F22A
:10D9B000E080039C53EA010024F08002039240F0CF
:10D9C000D880022046E7039B06949C0640F1C18163
:10D9D0000C9B089A1B681A60D2175A600C9B043380
:10D9E0000C93C8E42278039B6C2A00F0088243F071
:10D9F00010030393E4E42D228DF84B20059A5B423B
:10DA000061EB4101002A03DB039A22F080020392BA
:10DA10000A2B71F1000280F039823033DBB28DF8CD
:10DA20001731059B012BB8BF0123049301230A93EF
:10DA30000DF217149DF84B30002B3FF421AF00235B
:10DA40000B93049B01330493039B13F002033FF4F5
:10DA5000C5AD049B023304930223BFE5099B0498E0
:10DA60001D1A002D7FF7EEAD102DDFF8EC8126DDBD
:10DA700040464B46A046DDF81C901026044604E0C4
:10DA8000103D102D03F1080315DD01321031072A76
:10DA9000C3E90046CDE91B21F2DD1AAA49465846E2
:10DAA00000F092FB00287FF476AD103D102DDDE9EB
:10DAB0001B211DABE9DC99462346444698460132BA
:10DAC0002944072ACDE91B21C9F80080C9F8045070
:10DAD00000F34882059B0A981D1A002D09F10809D8
:10DAE0007FF7B6AD102DDFF8708128DD4B4610268C
:10DAF000A9462546079C06E0A9F11009B9F1100FC7
:10DB000003F1080318DD013253481031072AC3E935
:10DB10000006CDE91B21EFDD1AAA2146584600F088
:10DB200053FB00287FF437ADA9F11009B9F1100FAC
:10DB3000DDE91B211DABE6DC2C464D469946013242
:10DB40002944072ACDE91B21C9F80080C9F80450EF
:10DB500000F3D58009F108097AE507991AAA584611
:10DB600000F032FB00287FF416AD1C990DF174090A
:10DB70007CE50D9846AC03F00F021B09825C04F8AB
:10DB8000012D43EA0173090953EA0102F3D1059A11
:10DB900046AB1B1B9A42B8BF1A460A93049249E748
:10DBA000102D2F4E23DD48461193A146079C04E01B
:10DBB000103D102D00F1080016DD01321031102348
:10DBC000072ACDE91B2106604360F1DD1AAA214630
:10DBD000584600F0F9FA00287FF4DDAC103D102D16
:10DBE000DDE91B211DA8E8DC119B4C468146013272
:10DBF0002944072ACDE91B21C9F80060C9F804505F
:10DC000000F3978109F10809F4E4079911931AAA1E
:10DC1000584600F0D9FA00287FF4BDACDDE91B219D
:10DC2000119B0DF17409F8E407991AAA584600F0FF
:10DC3000CBFA00287FF4AFACDDE91B210DF17409AC
:10DC4000FCE4102C1B9B064E28DDDDF81C80102503
:10DC50000DE000BF280501082C0901082806002056
:10DC60003C090108103C102C09F1080916DD0133AC
:10DC70001031072BC9E90065CDE91B31F2DD1AAA85
:10DC80004146584600F0A0FA00287FF484AC103CCE
:10DC9000102CDDE91B310DF17409E8DC013321445E
:10DCA000072BC9E90064CDE91B317FF7E8AC079980
:10DCB0001AAA584600F088FA00287FF46CAC1C9928
:10DCC000DDE40C9850F8043B0C9012F010007FF447
:10DCD000B0AD12F0400400F062819BB20146A8E5AD
:10DCE0000C9A52F8043B0C9214F010027FF40EAE22
:10DCF00014F0400000F059819BB2114606E60799E6
:10DD00001AAA584600F060FA00287FF444ACDDE916
:10DD10001B210DF174099BE4059B04930A9346AC07
:10DD200088E622780C93FFF74BBB059B049346AC27
:10DD300080E6079DA86DFAF763FFB5F90C306A6EAF
:10DD4000FFF7EDBA039A950500F18781D9170A46C6
:10DD50000FE5039BD80600F11381039B590600F1E0
:10DD60008B81039B9A0540F10B810C9B089A1B68E1
:10DD70001A7033E60E9B2278002B3FF421AB1B7800
:10DD8000002B3FF41DAB039B43F480630393FFF729
:10DD900017BB0694039CACE5039A06943CE5B24B92
:10DDA00006940D93039B13F020015FD00C9B073367
:10DDB00023F007031846596850F8083B0C90039C61
:10DDC000E6070AD553EA010007D08DF84D2044F04C
:10DDD0000202039230228DF84C20039A22F48062D2
:10DDE0000392DFE5A14B06940D93DBE70C9B1B68C8
:10DDF0008DF8B430012304930A932DACA5E443F0CD
:10DE00002003627803930134FFF7DABA43F4007316
:10DE1000627803930134FFF7D3BA0822002118A8CF
:10DE20001594FAF7DFFD059B002BC0F2DC8000257E
:10DE3000CDF81090A84699460EE02DA95846FEF759
:10DE4000A1FE431C404400F05281484509DC05F125
:10DE5000040500F054818046159A525918AB002AE7
:10DE6000EBD1DDF81090CDF82880C9E00C9850F87F
:10DE7000043B0C90039810F01000A0D1039911F00E
:10DE8000400400F099809BB2014698E7039ACDF8D0
:10DE9000109046AC02F48062A146CDF828B0744ED2
:10DEA000DDF838B04FF0000C144605E00A2B71F194
:10DEB000000136D3434629465A1842F10002A6FB18
:10DEC000020525F0030000EB9500121A981A4FF096
:10DED000CC3561F1000E05FB00F506FB0E55A0FBED
:10DEE0000680054408F0010E0520AEFB000E8018E8
:10DEF0004FEA5808303009F8010C48EAC5780CF1AF
:10DF0000010C09F1FF396D08002CCFD09BF80020DF
:10DF10006245CBD1BCF1FF0FC8D00A2B71F10001D3
:10DF200051D2CDF838B04C46DDF828B0DDF810906D
:10DF30002DE6079911931AAA584600F045F90028D2
:10DF40007FF429ABDDE91B21119B0DF17409FFF76B
:10DF500051BB0392F3E403945AE55846FAF792FC56
:10DF6000FFF7D4B907991AAA584600F02DF90028EE
:10DF70007FF411ABDDE91B210DF17409FFF762BBE2
:10DF80000C9B089A1B681A6028E5059B394C0C9677
:10DF9000062B28BF06230A930493FFF71CBB12F439
:10DFA00000711CBFDBB2214643E414F400713FF45E
:10DFB000ADACDBB20146A9E4039911F400711CBFBA
:10DFC000DBB22146FBE6109B0F99A9EB03091A4629
:10DFD0004846FDF731F99BF801300BB10BF1010B0D
:10DFE0004FF0000C66E718AB00930023194615AA02
:10DFF0005846FEF7EDFD034601330A9077D015949D
:10E000000A9BE3B1632B45DC00230B932DAC082264
:10E01000002118A8FAF7E6FC0A9D18AB009315AA90
:10E020002B4621465846FEF7D3FD854240F08580B9
:10E030000A9A0023A35422EAE273049302E00A9BA3
:10E0400004930B939DF84B301BB100230C96059362
:10E05000F7E405930C96FFF7C1BA43F3C0110A46E3
:10E060005BB2FFF786BB00BF3C050108280501082D
:10E07000CDCCCCCC500501080C9B089A1B681A80AB
:10E08000ACE42046F2F7BCFB20EAE073CDE90A05D8
:10E090000493D7E7591C5846FAF71EFF044630B3DD
:10E0A0000B90B4E7886DFAF7ADFDFFF730BA302377
:10E0B000B5E4002304460593FFF783B9D40707D4DA
:10E0C000079B9B89980503D4079B986DFAF79AFDE7
:10E0D0004FF0FF330893FFF76EBA07991AAA584614
:10E0E00000F072F800283FF440AAFFF75ABA079AE6
:10E0F000B2F90C3043F040039381FFF755BADDE9E4
:10E1000004930A937CE7059B04930A939AE70C9B7C
:10E11000627853F8041B0C9341EAE17104460591BF
:10E12000FFF74EB9079A536EDB07D1D493899F0549
:10E13000CED4906DFAF766FDCAE7079A938943F04B
:10E1400040039381FFF727BAF0B51F468B89ADF2E4
:10E150006C4D23F00203ADF80C301AAB009304931E
:10E160004FF48063029305934B6E1993CB89ADF8FE
:10E170000E30CB6907934B6A099315460023064678
:10E1800016A80C460693FAF737FD2A463B46694621
:10E190003046FFF7A5F8051E07DB69463046FDF758
:10E1A00021F8002818BF4FF0FF35BDF80C305B0692
:10E1B00003D5A38943F04003A3811698FAF71EFD07
:10E1C00028460DF26C4DF0BD936810B514461BB98E
:10E1D00018460023636010BD00F006F80023A3601A
:10E1E0000023636010BD00BF9368002B00F0F8802F
:10E1F0002DE9F04FB1F90CC01CF0080F83B0904628
:10E2000081460C4631D00B697BB31CF00207D8F86D
:10E21000006038D00027D4F824B0E169DFF8C4A248
:10E220003D4655452B463A4628BF53464846C5B15C
:10E23000D847002840F3CA80D8F808301B1A074492
:10E240002D1AC8F80830002B00F0B68055452B4633
:10E25000D4F824B0E16928BF53463A464846002D19
:10E26000E6D1D6E900750836DBE72146484600F0DE
:10E270003BF9002840F0AF80B4F90CC0D8F800603A
:10E280001CF00207C6D11CF0010A63D12368A16803
:10E29000574618468B46002F58D01CF4007F00F0DC
:10E2A000B580B9420A4600F2E1801CF4906F2FD08D
:10E2B000216962695D1A02EB420202EBD2726B1CA9
:10E2C00052103B44934292BF93469B461A461CF41D
:10E2D000806F00F0EA8011464846FAF7FDFD0028FD
:10E2E00000F0F9802A4621690090F2F78FF9A2899F
:10E2F000009B22F4906242F08002A2815819ABEB9D
:10E300000505C4F814B02361A5602060BB463A46F9
:10E3100051460092FEF7C8FCA1682368009AA1EB61
:10E320000B011A443D46A16022600027D8F808304E
:10E330005B1BAA44C8F80830002B3DD02368A168B5
:10E34000B4F90CC018468B46002FA6D1D6E900A719
:10E3500008369EE73846BB463D460097002D41D023
:10E36000002846D0009A2068A168D4E90473AA4224
:10E3700028BF2A46B84204D901EB030A524500F3EC
:10E380008580934275DCE169676A5A464846B8471A
:10E39000B0F1000A1ADD009BB3EB0A0300930FD023
:10E3A0000120D8F80830A3EB0A03D344A5EB0A05F3
:10E3B000C8F80830002BD1D1002003B0BDE8F08FA1
:10E3C00021464846FCF70EFF0028EAD0B4F90C308D
:10E3D00043F04003A3814FF0FF3003B0BDE8F08F5E
:10E3E00000207047756833460836002DFAD0D3F800
:10E3F00000B02A460A215846F2F7A2F9002867D051
:10E400000130A0EB0B0300931A46ACE722699A4255
:10E4100014D36269BA4211D86FF00043BB4228BFDF
:10E420003B46656A93FBF2F3E16902FB03F348465E
:10E430005246A847051EC9DD7F1B77E7B94228BFB2
:10E4400039460D4618460A465146FEF72DFCA1688E
:10E450002368491B2B44A16023600029ECD121468D
:10E460004846FCF7BFFE0028E6D0AFE7BB463A4679
:10E470004EE759460192FEF717FC019AA3689B1AD2
:10E48000A360236813442360924684E759465246AA
:10E49000FEF70AFC23685344236021464846FCF7F4
:10E4A000A1FE00283FF477AF90E74846FEF7D2FC84
:10E4B000034600287FF422AF21694846FAF710FC92
:10E4C000B4F90C300C22C9F8002023F080037FE758
:10E4D0006A1C009247E70C22B4F90C30C9F80020FE
:10E4E00076E700BF00FCFF7F38B52F4B1B68054661
:10E4F0000C4613B15A6B002A4BD0B4F90C301807F4
:10E500001CD5226922B313F0010107D061690020F4
:10E510004942A060A1613AB1002038BD980758BFB8
:10E520006169A160002AF7D1190658BF1046F4D5D9
:10E5300043F04003A3814FF0FF3038BDD9062CD5FE
:10E540005A0712D4226943F00803A381002ADAD1C2
:10E5500003F42071B1F5007FD5D02146284600F0A4
:10E560002DF8B4F90C302269CDE7216B51B104F1DB
:10E570004002914204D02846FAF7B2FBB4F90C30BD
:10E580000022226322690021C4E9002123F0240330
:10E59000D9E71846FAF776F9AFE7092243F04003C6
:10E5A0002A60A381C7E700BFCC00002008B5062081
:10E5B00000F072F80120F3F79BF900BF2DE9F0415C
:10E5C000B1F90C300C46990796B008D504F1430315
:10E5D0000122C4E90432236016B0BDE8F081B4F929
:10E5E0000E100029064626DB6A4600F081F8002856
:10E5F0001FDB019D05F47045A5F50055B5FA85F5BD
:10E600004FF480686D094FF4006741463046FAF7D1
:10E6100063FCE8B1B4F90C30C4F8148043F0800313
:10E6200020602061A3813DBB3B43A38116B0BDE8C0
:10E63000F081B4F90C3013F0800519D04FF0400888
:10E640000025414630462F46FAF746FC0028E1D126
:10E65000B4F90C309A05BFD423F0030304F143024C
:10E6600043F002030121C4E90421A3812260B3E73E
:10E670004FF480682F46C8E7B4F90E10304600F01A
:10E680004DF810B9B4F90C30CEE7A38923F0030399
:10E6900043F001031BB2C7E738B5144B1F281D68B0
:10E6A0001ED8D5F83821044662B152F820304BB15B
:10E6B000012B05D0591C0FD0002142F8201098479B
:10E6C000002038BD284600F051F822460146284671
:10E6D000BDE8384000F034B816232B60012038BD67
:10E6E00016232B604FF0FF3038BD00BFCC00002058
:10E6F00070B50C46084D03460026204611461C46C0
:10E700002E60F3F71CF9431C00D070BD2B68002B62
:10E71000FBD0236070BD00BFBC79002038B5074D29
:10E720000022044608462A60F3F70EF9431C00D085
:10E7300038BD2B68002BFBD0236038BDBC7900208E
:10E7400070B50C46084D03460026204611461C466F
:10E750002E60F3F7C5F8431C00D070BD2B68002B6A
:10E76000FBD0236070BD00BFBC790020F3F7B6B8C2
:10E7700038B52DED028B55EC104B00F0F5F8224624
:10E780002B4620462946B0EE408AF0EE608AF2F72A
:10E790003DFB30B90022002320462946F2F70EFB4C
:10E7A00030B9B0EE480AF0EE680ABDEC028B38BD15
:10E7B000FAF7F4F9002200232121016010461946DE
:10E7C000F2F7B4F941EC180BB0EE480AF0EE680A23
:10E7D000BDEC028B38BD00BF51EC100B1E4A21F07E
:10E7E000004393421ED900B51C4A934285B008D914
:10E7F00002460B46F1F7E8FC41EC100B05B05DF862
:10E8000004FB684600F0A0FB00F0030001289DED2A
:10E81000021B9DED000B14D0022807D0A0B900F018
:10E820009BF9EBE79FED0A1B00F096B900F094F915
:10E8300053EC102B03F1004300EE903A05B05DF865
:10E8400004FB00F0C1FAF3E7012000F0BDFAD5E7C0
:10E850000000000000000000FB21E93FFFFFEF7F08
:10E8600051EC100B204A21F0004393421FD900B510
:10E870001E4A934285B008D902460B46F1F7A4FC24
:10E8800041EC100B05B05DF804FB684600F05CFB42
:10E8900000F0030001289DED021B9DED000B17D039
:10E8A000022809D0B8B9012000F08EFAEAE79FEDFE
:10E8B0000C1B002000F088BA012000F085FA53EC10
:10E8C000102B03F1004300EE903A05B05DF804FB15
:10E8D00000F042F9D6E700F03FF9F0E7AFF300802F
:10E8E0000000000000000000FB21E93FFFFFEF7F78
:10E8F00008B52DED028BB0EE408A00F03FFDB4EE7E
:10E90000488AF1EE10FAF0EE408A0AD6B0EE480AD4
:10E9100000F01CF8F7EE007AB4EEE70AF1EE10FA18
:10E9200004DCB0EE680ABDEC028B08BDFAF736F9DC
:10E93000BDEC028B034621221A600248BDE8084064
:10E9400000F00CB88C06010800F014BE10EE103A6E
:10E9500023F0004300EE103A704700BF9FED010A1C
:10E96000704700BF0000C07F2DE9F84F764955EC95
:10E97000104BA94300F0AB80002D2A46234655DDFD
:10E980002C1562D0C2F31302E107A4F2FF3742F460
:10E99000801203D4D90F01EB42025B005200002623
:10E9A00002EBD3727F105B001624B4464FF40011C3
:10E9B0000CEB010090424FEAD3754FEA430303DCAE
:10E9C00000EB010C121A0E44013C05EB42024FEA27
:10E9D0005101EDD1A04620254FF000400AE043D080
:10E9E000510001EBD371013D0A464FEA43034FEA60
:10E9F000500045D0944508EB000EF0DABEF1000F50
:10EA00000EEB00080CDBE146A2EB0C019E4588BF33
:10EA100001F1FF314900CC46A3EB0E030444E0E7CB
:10EA2000B8F1000FEFDB0CF10109EDE725F0004133
:10EA3000214346D0002D71D1D90A153A5B05002932
:10EA4000FAD0CE02144676D40A4600215200D502EE
:10EA5000084601F10101F9D5C1F1200523FA05F5B8
:10EA60002A438B40241A8DE79E4502D94FEA4C0178
:10EA7000B7E7BEF1000F0EEB000824DB0021CBE767
:10EA8000194312D0DFF8C4A0DFF8C4B0DAE90001FE
:10EA9000DBE90023F1F798FBDAE9008902460B462F
:10EAA00040464946F2F794F9F8B96508711001F14A
:10EAB0007F5101F5001101EB075345EAC67243ECA3
:10EAC000102BBDE8F88FB8F1000FACDAD6E722467C
:10EAD0002B4620462946F1F7FFFE22462B46F1F74A
:10EAE00075FB41EC100BBDE8F88FB4F1FF3FDAE99C
:10EAF0000001DBE9002322D0F1F768FBDAE90089A5
:10EB000002460B4640464946F2F758F9C8B1A31CE5
:10EB100004F1020508BF01366D08C7E722462B46FF
:10EB200020462946F1F750FB02460B46F1F7FEFF5F
:10EB300041EC100BC5E74FF0FF300A4692E7013673
:10EB4000B4E70134B1E700BF0000F07F58090108C5
:10EB500050090108000000002DE9F04F57EC106B40
:10EB600027F00048B8F1795F5BEC11AB85B071D24A
:10EB700030463946F2F760F9002800F0F48032465A
:10EB80003B4630463946F1F7A7FE79A3D3E9002387
:10EB900004460D46F1F7A0FE77A3D3E90023F1F771
:10EBA00015FB22462B46F1F797FE75A3D3E9002308
:10EBB000F1F70AFB22462B46F1F78EFE72A3D3E94A
:10EBC0000023F1F703FB22462B46F1F785FE70A3E5
:10EBD000D3E90023F1F7F8FA22462B46F1F77CFE41
:10EBE0006DA3D3E90023F1F7F1FA22462B46F1F7A2
:10EBF00073FECDE900016E4B002220462946F1F755
:10EC00006BFEDDE900238046894620462946F1F760
:10EC100063FE44464D468046894652465B46304632
:10EC20003946F1F759FE02460B4640464946F1F790
:10EC3000CBFA02460B4620462946F1F7C5FA0246B2
:10EC40000B4600205B49F1F7BFFA41EC100B05B011
:10EC5000BDE8F08F32463B4630463946F1F73CFE80
:10EC600043A3D3E9002304460D46F1F735FE42A342
:10EC7000D3E90023F1F7AAFA22462B46F1F72CFE3E
:10EC80003FA3D3E90023F1F79FFA22462B46F1F781
:10EC900023FE3DA3D3E90023F1F798FA22462B4641
:10ECA000F1F71AFE3AA3D3E90023F1F78DFA2246D1
:10ECB0002B46F1F711FE38A3D3E90023F1F786FACA
:10ECC0002B462246F1F708FE3B4B9845CDE9000163
:10ECD00091D93A4B98453DD8A8F500130022354903
:10ECE000002090469946F1F76FFACDE90201304BCA
:10ECF000002220462946F1F7EFFD42464B46F1F748
:10ED000063FADDE900238046894620462946F1F76B
:10ED1000E3FD44464D468046894652465B463046B2
:10ED20003946F1F7D9FD02460B4640464946F1F710
:10ED30004BFA02460B4620462946F1F745FA0246B1
:10ED40000B46DDE90201F1F73FFA41EC100B05B08B
:10ED5000BDE8F08F9FED127BDFF864908DED027BB4
:10ED60004FF00008C3E79FED100B05B0BDE8F08F32
:10ED7000D43888BEE9FAA8BDC4B1B4BD9EEE213E28
:10ED8000AD529C804F7E923E9015CB19A001FA3E69
:10ED90007751C1166CC1563F4C5555555555A53F39
:10EDA000000000000000E73F000000000000F03F0E
:10EDB0000000E03F0000F03F3233D33F0000E93F66
:10EDC0000000D23F000000002DE9F04F55EC104B41
:10EDD00025F0004385B0B3F1795F8DED001B8046CF
:10EDE00006D220462946F2F727F8002800F08A804C
:10EDF00022462B4620462946F1F76EFD06460F4671
:10EE000032463B4620462946F1F766FD43A3D3E947
:10EE1000002382468B4630463946F1F75DFD41A31B
:10EE2000D3E90023F1F7D0F932463B46F1F754FD20
:10EE30003EA3D3E90023F1F7C9F932463B46F1F787
:10EE40004BFD3CA3D3E90023F1F7BEF932463B4624
:10EE5000F1F742FD39A3D3E90023F1F7B7F9CDE982
:10EE60000201B8F1000F35D0DDE900012A4B002284
:10EE7000F1F732FDDDE902238046894650465946C6
:10EE8000F1F72AFD02460B4640464946F1F79CF948
:10EE900032463B46F1F720FDDDE90023F1F794F916
:10EEA0001BA3D3E9002306460F4650465946F1F707
:10EEB00013FD02460B4630463946F1F787F9024604
:10EEC0000B4620462946F1F77FF941EC100B05B0BF
:10EED000BDE8F08F02460B4630463946F1F7FCFCA0
:10EEE0000BA3D3E90023F1F76FF952465B46F1F724
:10EEF000F3FC22462B46F1F769F941EC100B05B003
:10EF0000BDE8F08F45EC104B05B0BDE8F08F00BFB9
:10EF1000495555555555C53F0000E03F7CD5CF5A62
:10EF20003AD9E53DEB9C2B8AE6E55A3E7DFEB1578A
:10EF3000E31DC73ED561C119A0012A3FA6F81011F3
:10EF40001111813F000000002DE9F04F53EC102B10
:10EF5000874923F000458D4291B0044640F28E80EF
:10EF600084498D421E462AD8002E1046194676A3A3
:10EF7000D3E9002340F3A881F1F726F97E4B9D42A7
:10EF800006460F4600F08B8071A3D3E90023F1F70A
:10EF90001BF98046894642464B4630463946F1F7D2
:10EFA00013F96BA3D3E90023F1F70EF9C4E9008943
:10EFB000C4E902010127384611B0BDE8F08F6F495E
:10EFC0008D4240F286806E498D425FD84FEA255AC5
:10EFD000AAF2164AA5EB0A51104690468946F1F767
:10EFE0002BFFF1F73FFA02460B4640464946CDE972
:10EFF0000A23F1F7E9F8634B0022F1F76DFC89462B
:10F000008046F1F719FFF1F72DFA02460B4640460C
:10F010004946CDE90C23F1F7D7F85A4B0022F1F716
:10F020005BFCCDE90E0110AF03254FF000084FF057
:10F03000000977E9020142464B46AB46013DF1F734
:10F04000B3FE0028F5D1504B0193022300935246A2
:10F050005B4621460AA800F00FFC002E0746AADAFC
:10F060006168226801F10043E168C4E90023A268F5
:10F0700001F10043C4E9022347429CE7002000213C
:10F0800084ED000BC4E90201002794E710461946FD
:10F09000F1F79AF8C4E90201C4E90001F4E72EA3EC
:10F0A000D3E90023F1F790F82DA3D3E90023064616
:10F0B0000F46F1F789F88046894642464B4630466E
:10F0C0003946F1F781F826A3D3E90023F1F77CF85C
:10F0D0006CE700F04BF959EC108B23A3D3E9002324
:10F0E00040464946F1F7F8FB284B0022F1F76EF84D
:10F0F000F1F7A2FE0746F1F7B5F902460B46CDE956
:10F10000042311A3D3E90023F1F7E6FB02460B46E3
:10F1100040464946F1F758F80DA3D3E9002382464B
:10F120008B46DDE90401F1F7D7FB1F2FCDE9020182
:10F1300030DC174B7A1E53F82230AB422AD00246FD
:10F140000B469DE0AFF3008000004054FB21F93FE7
:10F150003163621A61B4D03D0000601A61B4D03DE1
:10F160007370032E8A19A33B83C8C96D305FE43FD7
:10F17000FB21E93F7BD90240FB21F93FFB213941CB
:10F18000FFFFEF7F00007041E00901080000E03F51
:10F1900060090108DDE9022350465946F1F714F8E9
:10F1A0002B150793C1F30A53C3EB1553102B80465D
:10F1B00089466BDD64A3D3E90023DDE90401F1F79F
:10F1C0008BFB8046894642464B4650465946F0F7EF
:10F1D000FBFF02460B4650465946CDE908239246AE
:10F1E0009B46F0F7F1FF42464B46F0F7EDFF58A380
:10F1F000D3E9002380468946DDE90401F1F76CFB81
:10F2000042464B46F0F7E0FF02460B465046594651
:10F21000CDE90223F0F7D8FF079AC1F30A53D31AB6
:10F22000312B804689464CDD4CA3D3E90023DDE930
:10F230000401F1F751FB8046894642464B46504651
:10F240005946F0F7C1FF82468B4652465B46DDE9E0
:10F250000801F0F7B9FF42464B46F0F7B5FF41A36E
:10F26000D3E9002380468946DDE90401F1F734FB48
:10F2700042464B46F0F7A8FF02460B46CDE9022373
:10F2800050465946F0F7A0FF8046894642464B4615
:10F29000C4E9008950465946F0F796FFDDE902239C
:10F2A000F0F792FF002EC4E90201BFF684AE09F127
:10F2B0000043C4E9008301F10043C4E902037F4233
:10F2C00079E6DDE908ABE1E7F0F780FF224B9D42EC
:10F2D00006460F4618D01AA3D3E90023F0F776FFAD
:10F2E0008046894642464B4630463946F0F76CFF29
:10F2F00013A3D3E90023F0F769FFC4E90089C4E947
:10F3000002014FF0FF3756E60FA3D3E90023F0F7D1
:10F310005DFF0FA3D3E9002306460F46F0F756FF23
:10F320008046894642464B4630463946F0F74CFF08
:10F3300007A3D3E90023F0F749FFDEE7AFF300802E
:10F340003163621A61B4D03D0000601A61B4D03DEF
:10F350007370032E8A19A33BFB21F93F0000002E96
:10F360008A19A33BC14920259A837B3951EC100BA4
:10F37000024621F0004343EC102B704738B510EEE5
:10F38000105A25F00044B4F17E5F2DED048BF0EEB1
:10F39000407A7FD077D8B4F17C5F0ED2B4F1485F69
:10F3A00080F092809FED637A30EE077AF7EE006A84
:10F3B000B4EEE67AF1EE10FA62DCB0EE670AFFF71F
:10F3C000C5FAF7EE007A37EEC08AB6EE007A28EE7C
:10F3D000078ADFED596A9FED597A9FED596A9FEDD3
:10F3E000595ADFED595ADFED598AE8EE076A9FED69
:10F3F000587AA8EE067A9FED576AA6EE885AA7EECD
:10F40000086A9FED557ADFED556AE5EE085AA6EEDB
:10F41000087AE5EE886AE7EE087AE6EE888AB0EECA
:10F42000480AB0EE679A00F023FA4D4B9C4268EE12
:10F43000888A3AD810EE103A6FF30B0306EE903A32
:10F44000A6EEE68A70EE267A88EE895AC8EE274A3A
:10F450009FED447ADFED447AB0EE006AA4EEC67AFE
:10F4600030EE000AF0EE675A90EE057AE6EEC65AE4
:10F4700037EE657A37EEC70A002D01DCB1EE400A9F
:10F48000BDEC048B38BDBDEC048B70EE407A87EE8A
:10F49000A70A38BDBDEC048B9FED320A9FED337A8D
:10F4A00027EE800AA7EE870A38BD88EE896A9FEDAD
:10F4B000307ADFED2E7AA0EE060AF0EE006AA0EEBA
:10F4C000267A37EEC70AD7E720EE007ADFED1B6A0F
:10F4D0009FED196ADFED1B5A9FED195ADFED1A4AAD
:10F4E000A7EE266ABDEC048BE6EE075ADFED186A3C
:10F4F0009FED186AE7EE056AE5EE874AA6EE876A91
:10F500009FED165ADFED145ADFED106AA4EE875A0C
:10F51000E6EE075AE5EE076AB7EE006AA5EE876ADF
:10F5200026EE877AC7EE066AE0EE267AB0EE670A24
:10F5300038BD00BFCAF24971047F4F3A08EF113855
:10F540002EC69D3D461124BDA80A4E3EABAA2A3EBA
:10F55000613330BF2D57014039D119C090B0A6BEDC
:10F560009999793F2EBD3BB3DB0F493FDB0FC93F74
:10F570002EBD3B3310B582B0CDED010A019B23F0C7
:10F580000042B2F1FF4FF0EE407A30D810EE100A90
:10F5900020F00041B1F1FF4F29D8B3F17E5F42D096
:10F5A0009C1704F0020444EAD07431B37AB3B2F188
:10F5B000FF4F40D0B1F1FF4F29D0891AB1F1F45F6C
:10F5C0004FEAE15234DA002B42DA3C3240DA9FED66
:10F5D000340A012C4ED0022C43D064B19FED317A15
:10F5E000DFED317A30EE070A30EE670A03E09DED79
:10F5F000017A37EE270A02B010BD022C10D09FED21
:10F600002B7A032C08BFB0EE470A02B010BD9FED65
:10F61000280ADFED287A0028A8BFB0EE670AEAE7DB
:10F620009FED210AE7E702B0BDE8104000F04AB8BC
:10F630009FED200ACDE7B1F1FF4F04F1FF3420D058
:10F64000022C26D81C4B03EB840393ED000AD2E76F
:10F650009DED017A87EE870AFFF778F900F032F81E
:10F66000B7E79FED107ADFED107A30EE070A37EE3C
:10F67000C00AC0E710EE103A03F1004300EE103A62
:10F68000B9E7022C08D80D4B03EB840393ED000A75
:10F69000B1E79FED030AAEE79FED090AABE700BFB4
:10F6A000000000002EBDBB33DB0F4940DB0F49C01B
:10F6B000DB0FC9BFDB0FC93FE80A0108F40A0108E4
:10F6C000DB0F493F38B510EE105A25F00044B4F175
:10F6D000A14FF0EE407A0DD3B4F1FF4F5BD8DFEDD0
:10F6E000517A9FED517A002DCCBFB0EE470AB0EEB3
:10F6F000670A38BD4D4B9C425CD8B4F1445F4DD392
:10F700004FF0FF3327EEA76A9FED495A9FED497AE4
:10F71000DFED495ADFED494A66EE066A5A1CA6EE4D
:10F72000857AE6EEA54A9FED465ADFED465AA7EEEA
:10F73000265AE4EEA65A9FED447ADFED444AA5EE40
:10F74000267AE5EEA64A9FED425ADFED425AA7EE31
:10F75000265A9FED417AA4EEA67AE5EE265A27EEC8
:10F76000267AA5EE867A27EE877A38D03B493C4A3E
:10F7700001EB8301D1ED006A37EE667A02EB830379
:10F78000D3ED006A37EE677A002D36EEC70AB0DA9D
:10F79000B1EE400A38BD30EE000A38BD9FED317A37
:10F7A00030EE077AF7EE006AB4EEE67AF1EE10FA80
:10F7B000A6DD38BDFFF7CAF82B4B9C4212D8A3F543
:10F7C000D0039C4223D8F0EE007ABFEE007AA0EE80
:10F7D000277A002330EE270AC7EE007A92E737EE49
:10F7E000C70A38BD214B9C420BD8F7EE087AB7EE1A
:10F7F000007AA0EE277A022330EE670AC0EE077A7D
:10F8000080E7BFEE007AC7EE007A03237AE7F7EECF
:10F81000007A30EE677A30EE270A0123C7EE007ACD
:10F8200070E700BFDB0FC9BFDB0FC93FFFFFDF3E43
:10F83000D769853C59DA4B3D21A215BD6BF16EBDF0
:10F84000356B883D95879DBD6E2EBA3D388EE3BDE4
:10F850002549123EABAAAA3ECDCC4CBE000B0108F6
:10F86000100B0108CAF24971FFFF973FFFFF1B40D1
:10F87000B1EEC00A704700BF2DE9F04FADF5197D1C
:10F880009C460B91BD4BA299049053F821300593EF
:10F8900012F1140F0CF1FF330393C0F2AD82B8499B
:10F8A000D31E81FB0301DB17C3EBA10308930133D4
:10F8B000A3EB8303DB00D618089A039BD41A059A9E
:10F8C000D7181DD40137DDF88CA2274420AD4FF0A6
:10F8D00000084FF00009E34608E05AF82400F0F76A
:10F8E000C1FD0134BC42E5E8020108D0002CF4DA85
:10F8F000013440464946BC42E5E80201F6D1DC4607
:10F90000059B002BB8BF4FEACC0738DB20AB03EBDD
:10F91000CC0A059BDDF80C90029663444FEACC07B5
:10F920000093049BCDE906C70DF5E07B03EBCC0803
:10F930004B46D9469B46039B002BC0F2A281049EF6
:10F9400057460024002577E90223F6E80201F0F784
:10F95000C3FF02460B4620462946F0F737FC4645D2
:10F9600004460D46EFD1009B0BF1010B9B45E9E8E6
:10F9700002450AF1080ADED1DDE906C7029E049BB2
:10F98000059A009203EB070B0CAB03EB8203043BDD
:10F9900009930CAB03EB8207CDF828C0009A98AB13
:10F9A00003EBC203002A53E928454FEAC2082CDDC5
:10F9B0000DF5E07AD0440DF1300902960697714BAF
:10F9C000002220462946F0F787FFF1F735FAF0F7D5
:10F9D00049FD6D4B002206460F46F0F77DFF0246BB
:10F9E0000B4620462946F0F7EFFBF1F725FA78E9B8
:10F9F000022349F8040B39463046F0F7E7FBD045BF
:10FA000004460D46DBD1029E069F45EC104B304666
:10FA100000F04AFB55EC104B00224FF07F5320467C
:10FA20002946F0F759FF41EC100B00F0C9FB574B8A
:10FA300051EC100B0022F0F74FFF02460B46204618
:10FA40002946F0F7C1FB0D460446F1F7F5F9824669
:10FA5000F0F708FD02460B4620462946F0F7B4FBB6
:10FA6000002E8046894640F39380009B0CAA581EC6
:10FA7000C6F1180352F8202042FA03F404FA03F303
:10FA8000D21AC6F117010CAB42FA01F5002D43F86A
:10FA90002020A24400F3DC80002200234046494697
:10FAA000F1F782F9002800F05782009B059A9342F3
:10FAB0000CDD0CAA02EB8303002253F8041DBB42A9
:10FAC00042EA0102F9D1002A40F0DE80059B0CAA2F
:10FAD000013B52F82330002B40F0CE80099A0123DD
:10FAE00052F8041D01330029FAD0009A1344013260
:10FAF000914600990A9802930144089802EB000A83
:10FB00000AF1804AA3980AF1FF3A00EB8A0A20A87A
:10FB100000EBC108CDE9066770A901EBC2020092B3
:10FB20005AF8040FF0F79EFC039B002BE8E8020153
:10FB300020DB049E47460024002577E90223F6E8EF
:10FB40000201F0F7C9FE02460B4620462946F0F7AF
:10FB50003DFB5E4504460D46EFD1009BE3E80245C0
:10FB60000093029B09F101099945D9DDDDE906679A
:10FB7000009313E700240025EFE700BF600B0108A6
:10FB8000ABAAAA2A0000703E00007041000020408D
:10FB900055D1009B0CAA013B52F82350ED15002DC6
:10FBA0007FF77AAF009B002B0AF1010A40F34382F2
:10FBB0000CAB002253F8044B002C3BD0C4F18074F2
:10FBC00043F8044C6FF07F40009C03E01968411A31
:10FBD00043F8041B01329442F8DC0124002E0DDDB1
:10FBE000012E3ED0022E09D1009B5A1E0CAB0CA94F
:10FBF00053F82230C3F3150341F82230022D7FF46D
:10FC00004BAF42464B4694490020F0F7DDFA804660
:10FC10008946002C3FF440AF30469FED8D0B00F03D
:10FC200043FA4046494653EC102BF0F7CDFA804694
:10FC3000894631E7009901329142BBDCCEE7874B20
:10FC40000022F1F7CFF8002840F0C480054623E7F2
:10FC5000009B002B0AF1010AD8BF0024A8DC012E6A
:10FC6000C0D1009B5A1E0CAB0CA953F82230C3F331
:10FC7000160341F82230C1E7009B5A1C91461346F7
:10FC800037E7002400256EE6009A0CAB541ECDE940
:10FC9000035A53F82430183E5BB902F18043013B0C
:10FCA0000CAA02EB830353F8042D013C183E002AF2
:10FCB000F9D030469FED660B00F0F6F9002C57ECBA
:10FCC000106BC0F2C48104F1010A0CAB03EB8A058E
:10FCD0004FEACA0270ABDFF8889103EBCA0A4FF013
:10FCE0000008934655F8040DF0F7BCFB32463B463E
:10FCF000F0F7F2FD4B466AE90201424630463946CA
:10FD0000F0F7EAFD0CAB9D4206460F46EAD1ABF197
:10FD1000080370A95A4601EB030A0DF590784FF0DD
:10FD20000009CDE9064243465246A346CA46DDF8DD
:10FD30001490CDF81480B9F1000FC0F28380DFF881
:10FD4000248100931746002600240025029201E03A
:10FD5000564510DCF7E80223F8E80201F0F7BCFD95
:10FD600002460B4620462946F0F730FA0136B145E7
:10FD700004460D46ECDA009B029A0BF1FF3BBBF107
:10FD8000FF3FE3E802450AF1010AA2F10802D2D1DD
:10FD9000A29BDDF81480022BDDE9064264DC002B17
:10FDA0002FDC10D108EB02040020002174E90223AB
:10FDB000F0F70CFA4445F9D1039B002B40F0378152
:10FDC0000B9BC3E90001049B03F007000DF5197DAF
:10FDD000BDE8F08F009B002B0AF1010AC8BF022585
:10FDE0003FF7E6AE42464B461B490020F0F7ECF9E0
:10FDF0000225804689464FE600216FF017030891DF
:10FE000059E508EB02050026002775E90223304674
:10FE10003946F0F7DBF9454506460F46F5D13B4636
:10FE2000D5E900013246F0F7CFF9039B002B00F033
:10FE3000E2800B9D07F10043C5E90063002C40F010
:10FE4000DE80E7E00024002597E700BFAFF30080E5
:10FE5000000000000000F03F0000F03F0000E03F25
:10FE60000000703E200B0108A29B032BABD1002C9D
:10FE700000F0FD8008EBC4054FEAC40AD5E900672D
:10FE8000CDE905A50095A946029479E902453046D9
:10FE9000394622462B46F0F799F9B246BB4606464C
:10FEA0000F4632463B4620462946F0F78DF952462A
:10FEB0005B46F0F78BF9C145C9E90201C9E9006762
:10FEC000E3D1029C012CDDE905A500F0D080D5E945
:10FED0000045009E08F1080B474676E90289204656
:10FEE000294642464B46CDE90045F0F76FF90446F6
:10FEF0000D4622462B4640464946F0F765F9DDE9B6
:10FF00000023F0F763F9B345C6E90201C6E90045ED
:10FF1000E3D10AF10804B8463C4407F1100500207B
:10FF2000002174E90223F0F751F9A542F9D1039BAE
:10FF3000D8E90067D8E90245002B47D10B9BC3E9FC
:10FF40000401C3E90067C3E90245049B03F007000D
:10FF50000DF5197DBDE8F08F704249EC108BCDE9AD
:10FF6000035A00F0A1F855EC104B4B4B00222046F1
:10FF70002946F0F737FFF8B1484B002220462946C2
:10FF8000F0F7AAFCF0F758FF0746F0F76BFA424B80
:10FF90000022F0F7A1FC02460B4620462946F0F766
:10FFA00013F9F0F749FF009B0CAA5C1C42F82300F0
:10FFB000183642F824707CE620462946F0F73CFFCC
:10FFC000009B0CAA1C4642F8230072E632460B9EA8
:10FFD00007F10043C6E9002305F10043C6E90243E7
:10FFE00001F10043C6E90403049B03F007000DF58B
:10FFF000197DBDE8F08F0B9BC3E900676CB14AAE79
:020000040801F1
:100000000125F6E802230135F0F7E0F8AC42F8DA12
:10001000039B13B101F1004319460B9BC3E9020195
:10002000049B03F007000DF5197DBDE8F08F01F189
:1000300000431946C4E6022D7FF42EAD02460B465E
:1000400000201749F0F7C0F88046894624E5A29BB6
:10005000022B06DC002B0DDC7FF4B5AE0020002166
:10006000AAE6A29B032B7FF4AEAE0DF5907800209C
:1000700000215CE7039BDDE9480133B10B9C0022C2
:100080004FF00043C4E90023C4E70B9C0022002387
:10009000C4E90023C1E700BF000070410000703ECA
:1000A0000000F03F0000000070B555EC104BC5F3A8
:1000B0000A5206462B4672BB25F00043234329D043
:1000C0003B4B204629460022F0F706FC394B9E4266
:1000D00004460D4652DBC1F30A520B46363A4CF247
:1000E00050318E4223DC164440F2FE7296421EDCF2
:1000F000002E34DC16F1350F38DB6FF31E53363625
:1001000043EA065520462C4B29460022F0F7E4FB33
:1001100041EC100B70BD40F2FF718A42DFD12246E4
:1001200020462946F0F752F841EC100B70BD002D27
:1001300017A1D1E9000107DB15A3D3E90023F0F7EC
:10014000CBFB41EC100B70BD13A1D1E9000110A352
:10015000D3E90023F0F7C0FB41EC100BF3E76FF39A
:100160001E5343EA065545EC104B70BD002D0CA103
:10017000D1E9000102DA0CA1D1E9000108A3D3E919
:100180000023F0F7A9FB41EC100B70BDAFF300802A
:100190009C7500883CE4377E9C7500883CE437FE03
:1001A00059F3F8C21F6EA50159F3F8C21F6EA5815D
:1001B00000005043B03CFFFF0000903C00000000F6
:1001C00051EC100BC1F30A532DE9F041A3F2FF35B6
:1001D000132D0C46064632DC002D20DB384B43FA4B
:1001E00005F801EA080303430F462DD032A3D3E9F3
:1001F0000023EFF7EBFF00220023F0F7FDFD40B1F5
:10020000002C03DA4FF480132B411F4427EA080423
:1002100000262346324643EC102BBDE8F08126A38E
:10022000D3E90023EFF7D2FF00220023F0F7E4FD2B
:100230000028EED0002C2ADB00263446E9E7332DD7
:1002400006DDB5F5806F1BD041EC100BBDE8F081E9
:10025000A3F213434FF0FF37DF400742F4D016A359
:10026000D3E90023EFF7B2FF00220023F0F7C4FD2B
:100270000028CED0002C334610DB23EA0706C8E75F
:1002800002460B46EFF7A2FF41EC100BDEE724F02D
:10029000004426430DD14FF00044BAE7142D06D098
:1002A000C5F134050122AA401344B342E5D201341A
:1002B000E3E7044C0026ACE79C7500883CE4377EFD
:1002C000FFFF0F000000F0BFF8B500BFF8BC08BC8E
:1002D0009E467047F8B500BFF8BC08BC9E46704704
:1002E000F00401083D1100080000000000000000BB
:1002F000800000000000000000000000E004010891
:10030000216D0008FDFF00000000000080000000DB
:100310000000000000000000D0040108058400086F
:10032000FDFF0000000000000001000000000000D0
:1003300000000000C404010879760008FDFF0000F9
:1003400000000000000100000000000000000000AC
:10035000B4040108696E0008FDFF00000000000001
:10036000000100000000000000000000A4040108DB
:1003700061760008FDFF00000000000000010000A1
:10038000000000000000000094040108CD75000882
:10039000FDFF000000000000000100000000000060
:1003A00000000000880401084D7D0008FDFF0000EA
:1003B000000000000001000000000000000000003C
:1003C0007804010801830008FDFF00000000000020
:1003D000000100000000000000000000700401089F
:1003E0008D7F0008FDFF00000000000000010000FC
:1003F000000000000000000068040108F18100080E
:10040000FDFF0000000000000001000000000000EF
:10041000000000005C04010801640008FDFF00000A
:1004200000000000000100000000000000000000CB
:100430004C0401086D840008FDFF0000000000006E
:1004400000010000000000000000000061696D5F15
:10045000756172745F7461736B000000696D755F24
:100460006461746100000000736572766F000000C3
:10047000726566657265650073686F6F745F636F40
:100480006E5F7461736B000067696D62616C5461CB
:10049000736B0000636861737369734D6F746F727F
:1004A000546173006572725F6465635F7461736B3E
:1004B0000000000063616E5F73656E745F7461734A
:1004C0006B0000006765745F72635F7461736B003B
:1004D000756172745F73656E745F74657374000028
:1004E000626F6172645F4C45445F7461736B0000BE
:1004F00064656661756C745461736B0049444C4566
:100500000000000025662C25662C25662C25662C0F
:100510002564200D0A000000494E4600696E660001
:100520004E414E006E616E00303132333435363715
:10053000383961626364656600000000303132332F
:1005400034353637383941424344454600000000CF
:10055000286E756C6C290000300000002E00000031
:100560004C435F434F4C4C41544500004C435F4368
:1005700054595045000000004C435F4D4F4E4554C8
:10058000415259004C435F4E554D4552494300007E
:100590004C435F54494D45004C435F4D45535341D7
:1005A00047455300496E66696E6974790000000022
:1005B0004E614E0042616C6C6F63207375636365BE
:1005C00065646564000000002F646174612F6A65D2
:1005D0006E6B696E732F776F726B73706163652FCB
:1005E000474E552D746F6F6C636861696E2F617231
:1005F0006D2D31332F7372632F6E65776C69622DA9
:1006000063796777696E2F6E65776C69622F6C69A5
:1006100062632F7374646C69622F64746F612E63FC
:10062000000000002F646174612F6A656E6B696E53
:10063000732F776F726B73706163652F474E552D03
:10064000746F6F6C636861696E2F61726D2D3133E9
:100650002F7372632F6E65776C69622D637967778C
:10066000696E2F6E65776C69622F6C6962632F7398
:1006700074646C69622F6D707265632E6300000094
:100680002C2066756E6374696F6E3A20000000005E
:10069000617373657274696F6E2022257322206600
:1006A00061696C65643A2066696C65202225732255
:1006B0002C206C696E65202564257325730A000063
:1006C0000000000001020304000000000000000020
:1006D000010203040607080900061016000610169A
:1006E0000F000810820911000A15800B16000C1863
:1006F000010D00007D04017C000240AB03410005B8
:1007000053080658040700003030303030303030A5
:100710003030303030303030202020202020202059
:1007200020202020202020200500000019000000AB
:100730007D000000000000000080E03779C34143E5
:10074000176E05B5B5B89346F5F93FE9034F384D37
:10075000321D30F94877825A3CBF737FDD4F1575E3
:10076000000000000000F03F0000000000002440F6
:1007700000000000000059400000000000408F40D1
:10078000000000000088C34000000000006AF8403C
:100790000000000080842E4100000000D012634160
:1007A0000000000084D797410000000065CDCD41D6
:1007B000000000205FA00242000000E876483742B7
:1007C000000000A2941A6D42000040E59C30A24255
:1007D0000000901EC4BCD64200003426F56B0C43CA
:1007E0000080E03779C3414300A0D8855734764371
:1007F00000C84E676DC1AB43003D9160E458E143D2
:10080000408CB5781DAF154450EFE2D6E41A4B4446
:1008100092D54D06CFF08044F64AE1C7022DB5448B
:10082000B49DD9794378EA4400202020202020205C
:100830002020282828282820202020202020202090
:1008400020202020202020202088101010101010A0
:1008500010101010101010101004040404040404EC
:100860000404041010101010101041414141414186
:100870000101010101010101010101010101010168
:100880000101010110101010101042424242424278
:100890000202020202020202020202020202020238
:1008A00002020202101010102000000000000000E0
:1008B0000000000000000000000000000000000038
:1008C0000000000000000000000000000000000028
:1008D0000000000000000000000000000000000018
:1008E0000000000000000000000000000000000008
:1008F00000000000000000000000000000000000F8
:1009000000000000000000000000000000000000E7
:1009100000000000000000000000000000000000D7
:100920000000000000000000000000003030303007
:1009300030303030303030303030303020202020F7
:100940002020202020202020202020200000000027
:1009500059F3F8C21F6EA501000000000000F03F2F
:10096000FB21F93FFB2109407CD91240FB211940B2
:100970007A6A1F407CD92240BBFD2540FB212940DB
:100980003A462C407A6A2F405C4731407CD932404D
:100990009C6B3440BBFD3540DB8F3740FB21394039
:1009A0001BB43A403A463C405AD83D407A6A3F40F0
:1009B0004C7E40405C4741406C1042407CD94240F4
:1009C0008CA243409C6B4440AC344540BBFD454049
:1009D000CBC64640DB8F4740EB584840FB2149409F
:1009E00083F9A200444E6E00FC291500D157270060
:1009F000DD34F50062DBC0003C9995004190430076
:100A00006351FE00BBDEAB00B761C5003A6E240047
:100A1000D24D42004906E00009EA2E001C92D100A6
:100A2000EB1DFE0029B11C00E83EA700F535820051
:100A300044BB2E009CE98400B4267000417E5F0018
:100A4000D6913900538339009CF439008B5F8400C0
:100A500028F9BD00F81F3B00DEFF97000F98050046
:100A6000112FEF000A5A8B006D1F6D00CF7E3600EC
:100A700009CB2700464FB7009E663F002DEA5F0076
:100A8000BA277500E5EBC7003D7BF100F739070099
:100A900092528A00FB6BEA001FB15F00085D8D0077
:100AA000300356007BFC4600F0AB6B0020BCCF004F
:100AB00036F49A00E3A91D005E619100081BE60070
:100AC00085996500A0145F008D40680080D8FF0004
:100AD00027734D0006063100CA561500C9A87300D9
:100AE0007BE260006B8CC00000000080DB0F49409F
:100AF000DB0F49C0DB0F49BFE4CB1640E4CB16C087
:100B00006937AC3168212233B40F14336821A23322
:100B10003863ED3EDA0F493F5E987B3FDA0FC93FFD
:100B200000000040FB21F93F000000002D44743E0E
:100B3000000000809846F83C0000006051CC783BF3
:100B400000000080831BF0390000004020257A3827
:100B5000000000802282E336000000001DF36935AA
:100B60000200000003000000040000000600000076
:080B70009CFAFE7F0100000069
:080B7800098C0008F10E0008D1
:040B8000C90E000892
:100B84000000803F000000000000000000000000A2
:100B9400010000000024F400010000001000000027
:100BA400AAAAAAAA58A08B3AE7416B3A0000803F50
:100BB40000004040000000000000003F0000A04092
:100BC400CDCCCC3D000000000000A040CDCCCC3DFD
:100BD400000000000000A040CDCCCC3D000000008F
:100BE4000000A040CDCCCC3D000000000000A0409F
:100BF400CDCCCC3D000000000000A040CDCCCC3DCD
:100C0400000000000000003F000000000000803FE2
:100C140000606A460000A0420000000000606A46CE
:100C240000002042000000009A99993E0000000054
:100C3400CDCC4C3F000020410000003F00000040AC
:100C4400000000000300000080780020D000002095
:100C54000000000080780020E8780020507900200F
:100C64000000000000000000000000000000000080
:100C74000000000000000000000000000000000070
:100C84000000000000000000000000000000000060
:100C94000000000000000000000000000000000050
:100CA4000000000000000000000000000000000040
:100CB4000000000000000000000000000000000030
:100CC4000000000000000000000000000000000020
:100CD4000000000000000000000000000000000010
:100CE40000000000000000000100000000000000FF
:100CF4000E33CDAB34126DE6ECDE05000B000000C4
:100D040000000000000000000000000000000000DF
:100D140000000000000000000000000000000000CF
:100D240000000000000000000000000000000000BF
:100D340000000000000000000000000000000000AF
:100D4400000000000000000000000000000000009F
:100D5400000000000000000000000000000000008F
:100D6400000000000000000000000000000000007F
:100D7400000000000000000000000000000000006F
:100D8400000000000000000000000000000000005F
:100D9400C4790020FFFFFFFF0000020000000000F4
:100DA40000000000000000002002002020020020BB
:100DB40028020020280200203002002030020020F7
:100DC40038020020380200204002002040020020A7
:100DD4004802002048020020500200205002002057
:100DE4005802002058020020600200206002002007
:100DF40068020020680200207002002070020020B7
:100E04007802002078020020800200208002002066
:100E14008802002088020020900200209002002016
:100E24009802002098020020A0020020A0020020C6
:100E3400A8020020A8020020B0020020B002002076
:100E4400B8020020B8020020C0020020C002002026
:100E5400C8020020C8020020D0020020D0020020D6
:100E6400D8020020D8020020E0020020E002002086
:100E7400E8020020E8020020F0020020F002002036
:100E8400F8020020F80200200003002000030020E4
:100E94000803002008030020100300201003002092
:100EA4001803002018030020200300202003002042
:100EB40028030020280300203003002030030020F2
:100EC40038030020380300204003002040030020A2
:100ED4004803002048030020500300205003002052
:100EE4005803002058030020600300206003002002
:100EF40068030020680300207003002070030020B2
:100F04007803002078030020800300208003002061
:100F14008803002088030020900300209003002011
:100F24009803002098030020A0030020A0030020C1
:100F3400A8030020A8030020B0030020B003002071
:100F4400B8030020B8030020C0030020C003002021
:100F5400C8030020C8030020D0030020D0030020D1
:100F6400D8030020D8030020E0030020E003002081
:100F7400E8030020E8030020F0030020F003002031
:100F8400F8030020F80300200004002000040020DF
:100F9400080400200804002010040020100400208D
:100FA400180400201804002020040020200400203D
:100FB40028040020280400203004002030040020ED
:100FC400380400203804002040040020400400209D
:100FD400480400204804002050040020500400204D
:100FE40058040020580400206004002060040020FD
:100FF40068040020680400207004002070040020AD
:10100400780400207804002080040020800400205C
:10101400880400208804002090040020900400200C
:101024009804002098040020A0040020A0040020BC
:10103400A8040020A8040020B0040020B00400206C
:10104400B8040020B8040020C0040020C00400201C
:10105400C8040020C8040020D0040020D0040020CC
:10106400D8040020D8040020E0040020E00400207C
:10107400E8040020E8040020F0040020F00400202C
:10108400F8040020F80400200005002000050020DA
:101094000805002008050020100500201005002088
:1010A4001805002018050020200500202005002038
:1010B40028050020280500203005002030050020E8
:1010C4003805002038050020400500204005002098
:1010D4004805002048050020500500205005002048
:1010E40058050020580500206005002060050020F8
:1010F40068050020680500207005002070050020A8
:101104007805002078050020800500208005002057
:101114008805002088050020900500209005002007
:101124009805002098050020A0050020A0050020B7
:10113400A8050020A8050020B0050020B005002067
:10114400B8050020B8050020C0050020C005002017
:10115400C8050020C8050020D0050020D0050020C7
:10116400D8050020D8050020E0050020E005002077
:10117400E8050020E8050020F0050020F005002027
:10118400F8050020F80500200006002000060020D5
:101194000806002008060020100600201006002083
:1011A400180600201806002043000000000000007C
:1011B400000000000000000000000000000000002B
:1011C40000000000000000004300000000000000D8
:1011D400000000000000000000000000000000000B
:1011E40000000000000000004300000000000000B8
:1011F40000000000000000000000000000000000EB
:101204000000000000000000430000000000000097
:1012140000000000000000000000000000000000CA
:101224000000000000000000430000000000000077
:1012340000000000000000000000000000000000AA
:101244000000000000000000430000000000000057
:10125400000000000000000000000000000000008A
:101264000000000000000000430000000000000037
:10127400000000000000000000000000000000006A
:10128400000000000000000069CB0008B1C30008A2
:1012940000000000280801085C0501088C0601080C
:1012A4008C0601088C0601088C0601088C060108CE
:1012B4008C0601088C0601088C0601088C060108BE
:1012C400FFFFFFFFFFFFFFFFFFFFFFFFFFFF000028
:1012D40001004153434949000000000000000000A0
:1012E40000000000000000000000000000000000FA
:1012F4000000415343494900000000000000000081
:1013040000000000000000000000000000000000D9
:0413140000000000D5
:040000050800206D62
:00000001FF
