:020000040800F2
:100000000000052401230008E11B0008E31B000891
:10001000E51B0008E71B0008E91B000800000000C2
:10002000000000000000000000000000E18900085E
:10003000EB1B000800000000818A0008E58A000828
:1000400051230008512300085123000851230008C0
:1000500051230008512300085123000851230008B0
:10006000512300085123000851230008ED1B00080C
:10007000FD1B00080D1C00081D1C00082D1C00089D
:100080005123000851230008512300083D1C00089B
:100090004D1C00085123000851230008512300087B
:1000A0005123000851230008512300085123000860
:1000B0005123000851230008512300085123000850
:1000C0005123000851230008512300085123000840
:1000D0005D1C00085123000851230008512300082B
:1000E000512300085123000800000000512300089C
:1000F0005123000851230008512300085123000810
:1001000051230008512300085123000851230008FF
:10011000512300086D1C0008512300087D1C0008B5
:1001200051230008512300085123000851230008DF
:1001300051230008512300085123000851230008CF
:1001400000000000000000000000000000000000AF
:1001500051230008512300085123000851230008AF
:10016000512300085123000851230008512300089F
:10017000512300085123000851230008000000000B
:1001800051230008512300088D1C0008512300084A
:10019000512300085123000851230008512300086F
:1001A00051230008512300085123000800000000DB
:1001B000512300085123000851230008512300084F
:1001C0005123000851230008000000000000000037
:1001D00000000000000000005123000800000000A3
:1001E000000000000000000000000000000000000F
:1001F0000000000000000000512300085123000807
:10020000512300085123000800000000512300087A
:1002100051230008512300085123000851230008EE
:1002200051230008000000005123000800000000D6
:10023000512300085123000800000000512300084A
:1002400051230008512300085123000851230008BE
:1002500051230008512300085123000851230008AE
:10026000512300085123000851230008512300089E
:10027000512300085123000851230008000000000A
:10028000512300085123000851230008512300087E
:100290000000000051230008512300080000000066
:1002A00000000000512300085123000851230008DA
:1002B0009D1C00085123000851230008AD1C0008B4
:0C02C000512300085123000851230008BE
:1003000081F0004102E000BF83F0004330B54FEAC6
:1003100041044FEA430594EA050F08BF90EA020F33
:100320001FBF54EA000C55EA020C7FEA645C7FEAC6
:10033000655C00F0E2804FEA5454D4EB5555B8BFE9
:100340006D420CDD2C4480EA020281EA030382EA5A
:10035000000083EA010180EA020281EA0303362DEC
:1003600088BF30BD11F0004F4FEA01314FF4801CBF
:100370004CEA113102D0404261EB410113F0004FD1
:100380004FEA03334CEA133302D0524263EB430388
:1003900094EA050F00F0A780A4F10104D5F1200E26
:1003A0000DDB02FA0EFC22FA05F2801841F1000181
:1003B00003FA0EF2801843FA05F359410EE0A5F155
:1003C00020050EF1200E012A03FA0EFC28BF4CF086
:1003D000020C43FA05F3C01851EBE37101F000453C
:1003E00007D54FF0000EDCF1000C7EEB00006EEB49
:1003F0000101B1F5801F1BD3B1F5001F0CD34908D3
:100400005FEA30004FEA3C0C04F101044FEA445229
:1004100012F5800F80F09A80BCF1004F08BF5FEAB0
:10042000500C50F1000041EB045141EA050130BD90
:100430005FEA4C0C404141EB0101013C28BFB1F5A2
:10044000801FE9D291F0000F04BF01460020B1FAED
:1004500081F308BF2033A3F10B03B3F120020CDAC0
:100460000C3208DD02F1140CC2F10C0201FA0CF09E
:1004700021FA02F10CE002F11402D8BFC2F1200C03
:1004800001FA02F120FA0CFCDCBF41EA0C019040B9
:10049000E41AA2BF01EB0451294330BD6FEA040402
:1004A0001F3C1CDA0C340EDC04F11404C4F12002ED
:1004B00020FA04F001FA02F340EA030021FA04F3FF
:1004C00045EA030130BDC4F10C04C4F1200220FA56
:1004D00002F001FA04F340EA0300294630BD21FA94
:1004E00004F0294630BD94F0000F83F4801306BF5A
:1004F00081F480110134013D4EE77FEA645C18BF4E
:100500007FEA655C29D094EA050F08BF90EA020FE4
:1005100005D054EA000C04BF1946104630BD91EADC
:10052000030F1EBF0021002030BD5FEA545C05D1DF
:100530004000494128BF41F0004130BD14F580041E
:100540003CBF01F5801130BD01F0004545F0FE4192
:1005500041F470014FF0000030BD7FEA645C1ABFC7
:10056000194610467FEA655C1CBF0B46024650EAFE
:10057000013406BF52EA033591EA030F41F400212A
:1005800030BD00BF90F0000F04BF0021704730B5B0
:100590004FF4806404F132044FF000054FF0000185
:1005A00050E700BF90F0000F04BF0021704730B546
:1005B0004FF4806404F1320410F0004548BF40421B
:1005C0004FF000013EE700BF42004FEAE2014FEA70
:1005D00031014FEA02701FBF12F07F4393F07F4F4B
:1005E00081F06051704732F07F4208BF704793F04E
:1005F0007F4F04BF41F40021704730B54FF4607461
:1006000001F0004521F000411CE700BF50EA010263
:1006100008BF704730B54FF000050AE050EA01020C
:1006200008BF704730B511F0004502D5404261EB7C
:1006300041014FF4806404F132045FEA915C3FF4BD
:10064000D8AE4FF003025FEADC0C18BF03325FEA5A
:10065000DC0C18BF033202EBDC02C2F1200300FA0B
:1006600003FC20FA02F001FA03FE40EA0E0021FA30
:1006700002F11444BDE600BF4FEA4102B2F1E0438B
:1006800024BFB3F5001CDCF1FE5C0DD901F0004C79
:100690004FEAC0024CEA5070B2F1004F40EB8300C9
:1006A00008BF20F00100704711F0804F21D113F1F5
:1006B0003872BCBF01F00040704741F480114FEA2E
:1006C0005252C2F11802C2F1200C10FA0CF320FAB7
:1006D00002F018BF40F001004FEAC1234FEAD323D4
:1006E00003FA0CFC40EA0C0023FA02F34FEA43033E
:1006F000CCE77FEA625307D150EA01331EBF4FF0C7
:10070000FE4040F44000704701F0004040F0FE40E1
:1007100040F40000704700BF53B94AB9002908BF30
:1007200000281CBF4FF0FF314FF0FF3000F00CB835
:10073000ADF1080C6DE904CE0CF026F9DDF804E00B
:10074000DDE9022304B07047704700BF844641EAE8
:10075000000313F003036DD1403A41D351F8043B39
:1007600040F8043B51F8043B40F8043B51F8043B8B
:1007700040F8043B51F8043B40F8043B51F8043B7B
:1007800040F8043B51F8043B40F8043B51F8043B6B
:1007900040F8043B51F8043B40F8043B51F8043B5B
:1007A00040F8043B51F8043B40F8043B51F8043B4B
:1007B00040F8043B51F8043B40F8043B51F8043B3B
:1007C00040F8043B51F8043B40F8043B51F8043B2B
:1007D00040F8043B51F8043B40F8043B403ABDD29A
:1007E000303211D351F8043B40F8043B51F8043B3C
:1007F00040F8043B51F8043B40F8043B51F8043BFB
:1008000040F8043B103AEDD20C3205D351F8043BCA
:1008100040F8043B043AF9D2043208D0D2071CBF96
:1008200011F8013B00F8013B01D30B8803806046BF
:10083000704700BF082A13D38B078DD010F0030335
:100840008AD0C3F10403D21ADB071CBF11F8013BA5
:1008500000F8013B80D331F8023B20F8023B7BE7F4
:10086000043AD9D3013A11F8013B00F8013BF9D21F
:100870000B7803704B7843708B78837060467047B9
:1008800001F0FF01102A2BDB10F0070F08D010F841
:10089000013B013A8B422DD010F0070F42B3F6D145
:1008A000F0B441EA012141EA014122F007047FF05E
:1008B00000070023F0E80256083C85EA010586EAB5
:1008C000010685FA47F5A3FA87F586FA47F6A5FAF1
:1008D00087F68EB9EED1F0BC01F0FF0102F00702FD
:1008E00032B110F8013B013A83EA010313B1F8D1A8
:1008F0000020704701387047002D06BF3546033889
:10090000073815F0010F07D1013015F4807F02BFC1
:10091000013015F4C03F0130F0BC0138704700BF12
:1009200000000000000000000000000000000000C7
:1009300000000000000000000000000000000000B7
:1009400030B490F800F020F007016FF0000C10F0C8
:10095000070491F820F040F048804FF000046FF059
:100960000700D1E9002391F840F000F1080082FA75
:100970004CF2A4FA8CF283FA4CF3A2FA8CF34BBB40
:10098000D1E9022382FA4CF200F10800A4FA8CF2B9
:1009900083FA4CF3A2FA8CF3E3B9D1E9042382FA87
:1009A0004CF200F10800A4FA8CF283FA4CF3A2FA9C
:1009B0008CF37BB9D1E9062301F1200182FA4CF2D4
:1009C00000F10800A4FA8CF283FA4CF3A2FA8CF33B
:1009D000002BC6D0002A04BF04301A4612BAB2FA5D
:1009E00082F200EBD20030BC7047D1E9002304F062
:1009F0000305C4F100004FEAC50514F0040F91F897
:100A000040F00CFA05F562EA05021CBF63EA050333
:100A100062464FF00004AAE770B54FF0FF0C4CF4AB
:100A2000E06C1CEA11541DBF1CEA135594EA0C0F2C
:100A300095EA0C0F00F0DEF82C4481EA030621EA67
:100A40004C5123EA4C5350EA013518BF52EA0335A2
:100A500041F4801143F4801338D0A0FB02CE4FF054
:100A60000005E1FB02E506F00042E0FB03E54FF084
:100A70000006E1FB03569CF0000F18BF4EF0010E7C
:100A8000A4F1FF04B6F5007F64F5407404D25FEA78
:100A90004E0E6D4146EB060642EAC62141EA55512B
:100AA0004FEAC52040EA5E504FEACE2EB4F1FD0C6D
:100AB00088BFBCF5E06F1ED8BEF1004F08BF5FEAEB
:100AC000500E50F1000041EB045170BD06F000469D
:100AD00046EA010140EA020081EA0301B4EB5C044A
:100AE000C2BFD4EB0C0541EA045170BD41F4801142
:100AF0004FF0000E013C00F3AB8014F1360FDEBF67
:100B0000002001F0004170BDC4F10004203C35DA42
:100B10000C341BDC04F11404C4F1200500FA05F3C5
:100B200020FA04F001FA05F240EA020001F0004266
:100B300021F0004110EBD37021FA04F642EB0601DC
:100B40005EEA430E08BF20EAD37070BDC4F10C0406
:100B5000C4F1200500FA04F320FA05F001FA04F2CA
:100B600040EA020001F0004110EBD37041F10001B6
:100B70005EEA430E08BF20EAD37070BDC4F12005C1
:100B800000FA05F24EEA020E20FA04F301FA05F229
:100B900043EA020321FA04F001F0004121FA04F2D1
:100BA00020EA020000EBD3705EEA430E08BF20EAA1
:100BB000D37070BD94F0000F0FD101F000464000DB
:100BC00041EB010111F4801F08BF013CF7D041EA5D
:100BD000060195F0000F18BF704703F00046520061
:100BE00043EB030313F4801F08BF013DF7D043EA32
:100BF0000603704794EA0C0F0CEA135518BF95EAE8
:100C00000C0F0CD050EA410618BF52EA4306D1D16E
:100C100081EA030101F000414FF0000070BD50EA8D
:100C2000410606BF1046194652EA430619D094EA17
:100C30000C0F02D150EA013613D195EA0C0F05D101
:100C400052EA03361CBF104619460AD181EA030155
:100C500001F0004141F0FE4141F470014FF000000D
:100C600070BD41F0FE4141F4780170BD70B54FF0A8
:100C7000FF0C4CF4E06C1CEA11541DBF1CEA135528
:100C800094EA0C0F95EA0C0F00F0A7F8A4EB05040A
:100C900081EA030E52EA03354FEA013100F0888001
:100CA0004FEA03334FF0805545EA131343EA1263CA
:100CB0004FEA022245EA111545EA10654FEA00267F
:100CC0000EF000419D4208BF964244F1FD0404F538
:100CD000407402D25B084FEA3202B61A65EB030594
:100CE0005B084FEA32024FF480104FF4002CB6EB51
:100CF000020E75EB030E22BFB61A754640EA0C00D1
:100D00005B084FEA3202B6EB020E75EB030E22BF10
:100D1000B61A754640EA5C005B084FEA3202B6EB51
:100D2000020E75EB030E22BFB61A754640EA9C0010
:100D30005B084FEA3202B6EB020E75EB030E22BFE0
:100D4000B61A754640EADC0055EA060E18D04FEA9E
:100D5000051545EA16754FEA06164FEAC30343EA3E
:100D600052734FEAC2025FEA1C1CC0D111F4801F0B
:100D70000BD141EA00014FF000004FF0004CB6E704
:100D800011F4801F04BF01430020B4F1FD0C88BFA3
:100D9000BCF5E06F3FF6AFAEB5EB030C04BFB6EBAE
:100DA000020C5FEA500C50F1000041EB045170BDA1
:100DB0000EF0004E4EEA113114EB5C04C2BFD4EBCE
:100DC0000C0541EA045170BD41F480114FF0000E52
:100DD000013C90E645EA060E8DE60CEA135594EACE
:100DE0000C0F08BF95EA0C0F3FF43BAF94EA0C0FD1
:100DF0000AD150EA01347FF434AF95EA0C0F7FF446
:100E000025AF104619462CE795EA0C0F06D152EA99
:100E100003353FF4FDAE1046194622E750EA41067D
:100E200018BF52EA43067FF4C5AE50EA41047FF48E
:100E30000DAF52EA43057FF4EBAE12E74FF0FF3CF3
:100E400006E000BF4FF0010C02E000BF4FF0010CC4
:100E50004DF804CD4FEA410C7FEA6C5C4FEA430C3D
:100E600018BF7FEA6C5C1BD001B050EA410C0CBF8C
:100E700052EA430C91EA030F02BF90EA020F0020EE
:100E8000704710F1000F91EA030F58BF994208BF55
:100E900090422CBFD8176FEAE37040F00100704712
:100EA0004FEA410C7FEA6C5C02D150EA013C07D169
:100EB0004FEA430C7FEA6C5CD6D152EA033CD3D0B4
:100EC0005DF8040B704700BF8446104662468C46AE
:100ED0001946634600E000BF01B5FFF7B7FF0028E1
:100EE00048BF10F1000F01BD4DF808EDFFF7F4FF0A
:100EF0000CBF012000205DF808FB00BF4DF808ED95
:100F0000FFF7EAFF34BF012000205DF808FB00BFB7
:100F10004DF808EDFFF7E0FF94BF012000205DF8D9
:100F200008FB00BF4DF808EDFFF7CEFF94BF01208E
:100F300000205DF808FB00BF4DF808EDFFF7C4FF87
:100F400034BF012000205DF808FB00BF4FEA410CD0
:100F50007FEA6C5C02D150EA013C0AD14FEA430CB3
:100F60007FEA6C5C02D152EA033C02D14FF00000F0
:100F700070474FF0010070474FEA410212F500122E
:100F800015D211D56FF47873B3EB625212D94FEAD0
:100F9000C12343F0004343EA505311F0004F23FABA
:100FA00002F018BF404270474FF00000704750EA0F
:100FB000013005D111F0004008BF6FF000407047CC
:100FC0004FF00000704700BF0348044B834202D03B
:100FD000034B03B11847704794070024940700247B
:100FE000000000000548064B1B1AD90F01EBA301B6
:100FF000491002D0034B03B11847704794070024EF
:10100000940700240000000010B5064C237843B973
:10101000FFF7DAFF044B13B10448AFF3008001235C
:10102000237010BD9807002400000000544B0108F5
:1010300008B5054B1BB105490548AFF30080BDE875
:101040000840FFF7CFBF00BF000000009C0700244E
:10105000544B010800B583B01B4BD3F8D82042F0A5
:101060000102C3F8D820D3F8D83003F0010301936C
:10107000019B002205210B2001F0FEF90B2001F05D
:101080000BFA002205210C2001F0F6F90C2001F0EA
:1010900003FA002205210D2001F0EEF90D2001F0E8
:1010A000FBF9002205210E2001F0E6F90E2001F0E7
:1010B000F3F9002205210F2001F0DEF90F2001F0E5
:1010C000EBF903B05DF804FB0044025810B5164874
:1010D000164B036000238360C360037443748374FE
:1010E000032444610A2282611D21C16102624462BB
:1010F0008262C1620263436301228263C36320216F
:101100000164042242648364C264036542658365AA
:10111000C36501664366826602F090FE00B910BDA9
:1011200000F0EAFAFBE700BFF808002400A0004046
:1011300010B51748174B036000238360C360037426
:1011400043748374032444610A2282611D21C161B6
:10115000026244628262C16202634FF4557242636A
:1011600001228263C36320210164042242648364F8
:10117000C264036542658365C36501664366826632
:1011800002F05CFE00B910BD00F0B6FAFBE700BF4C
:101190005808002400A4004010B51748174B0360FE
:1011A00000238360C3600374437483740324446125
:1011B0000A2282611D21C161026244628262C162AF
:1011C00002634FF4D562426301228263C36320212C
:1011D0000164042242648364C264036542658365DA
:1011E000C36501664366826602F028FE00B910BD41
:1011F00000F082FAFBE700BFB807002400D40040EB
:1012000030B5BBB004460021359136913791389105
:101210003991B82206A80BF069FE23686F4A934201
:1012200008D06F4A93424BD06E4A934200F08E80B2
:101230003BB030BD4FF400420023CDE906234FF010
:101240008053219306A804F0BDFA40BB664A136898
:1012500001331360012B25D0644BD3F8E02042F01A
:101260000802C3F8E020D3F8E03003F0080301934C
:10127000019B03233593022336930024379438943B
:101280000923399335A95A4803F0B2FA22460521B9
:10129000132001F0F1F8132001F0FEF8C8E700F088
:1012A0002BFAD3E7514BD3F8EC2042F48072C3F809
:1012B000EC20D3F8EC3003F480730093009BCBE771
:1012C0004FF400420023CDE906234FF080532193D1
:1012D00006A804F077FA40BB434A13680133136051
:1012E000012B25D0414BD3F8E02042F00202C3F895
:1012F000E020D3F8E03003F002030393039B602364
:101300003593022336930024379438940923399374
:1013100035A9384803F06CFA22460521142001F063
:10132000ABF8142001F0B8F882E700F0E5F9D3E754
:101330002E4BD3F8EC2042F48072C3F8EC20D3F8A3
:10134000EC3003F480730293029BCBE74FF400422E
:101350000023CDE906234FF08053219306A804F023
:1013600031FA48BB204A136801331360012B26D0A1
:101370001E4BD3F8E02042F00802C3F8E020D3F877
:10138000E03003F008030593059B4FF44053359379
:10139000022336930024379438940525399535A9CE
:1013A000134803F025FA224629469F2001F064F8ED
:1013B0009F2001F071F83BE700F09EF9D2E70B4B5C
:1013C000D3F8EC2042F48072C3F8EC20D3F8EC3070
:1013D00003F480730493049BCAE700BF00A000409D
:1013E00000A4004000D40040B40700240044025888
:1013F000000C02580004025808B5012007F04CFA0E
:10140000FBE70000034B0360034B0B60802313607A
:10141000704700BF980B00249809002410B5CEB087
:10142000634C0DF58E7CA646BEE80F00ACE80F00BD
:101430009EE807008CE80700002147A807F0F9F9AB
:101440005C4B18600DF5807C04F11C0EBEE80F00AB
:10145000ACE80F009EE807008CE80700002140A8D8
:1014600007F0E7F9544B18600DF1E40C04F1380E65
:10147000BEE80F00ACE80F009EE807008CE807000C
:10148000002139A807F0D5F94C4B18600DF1C80CB4
:1014900004F1540EBEE80F00ACE80F009EE8070010
:1014A0008CE80700002132A807F0C3F9444B18600C
:1014B0000DF1AC0C04F1700EBEE80F00ACE80F00AB
:1014C0009EE807008CE8070000212BA807F0B1F97F
:1014D0003C4B18600DF1900C04F18C0EBEE80F002F
:1014E000ACE80F009EE807008CE80700002124A864
:1014F00007F09FF9344B18600DF1740C04F1A80E3D
:10150000BEE80F00ACE80F009EE807008CE807007B
:1015100000211DA807F08DF92C4B18600DF1580C17
:1015200004F1C40EBEE80F00ACE80F009EE807000F
:101530008CE80700002116A807F07BF9244B1860FF
:101540000DF13C0C04F1E00EBEE80F00ACE80F001A
:101550009EE807008CE8070000210FA807F069F952
:101560001C4B18600DF1200C04F1FC0EBEE80F00BE
:10157000ACE80F009EE807008CE80700002108A8EF
:1015800007F057F9144B18600DF1040C04F58C7436
:101590000FCCACE80F0094E807008CE807000021AE
:1015A00001A807F046F90D4B18604EB010BD00BF02
:1015B000704B0108580D0024540D0024500D0024D8
:1015C0004C0D0024480D0024440D0024400D00243F
:1015D0003C0D0024380D0024340D0024300D00246F
:1015E00070B58CB000240794089409940A940B9465
:1015F000384BD3F8E02042F01002C3F8E020D3F8D3
:10160000E02002F010020192019AD3F8E02042F0AB
:101610000402C3F8E020D3F8E02002F004020292B2
:10162000029AD3F8E02042F08002C3F8E020D3F819
:10163000E02002F080020392039AD3F8E02042F007
:101640000102C3F8E020D3F8E02002F00102049286
:10165000049AD3F8E02042F00202C3F8E020D3F865
:10166000E02002F002020592059AD3F8E02042F051
:101670000802C3F8E020D3F8E03003F00803069333
:10168000069B154D01224EF20901284603F0BAF9D6
:101690004FF4604307930126089609940A9407A91A
:1016A000284603F0A5F80923079308960994032315
:1016B0000A9307A9284603F09BF84FF4A053079319
:1016C0004FF488130893099407A9044803F090F88D
:1016D0000CB070BD004402580008025800100258B7
:1016E00008B50268034B9A4200D008BD00F060FEC6
:1016F000FBE700BF0014004072B6FEE700B59DB0E6
:101700004C22002109A80BF0F1FB2022002101A8A6
:101710000BF0ECFB022003F07BF900230093204B3D
:101720009A6922F440429A619B6903F44043009312
:10173000009B1B4B9B6913F4005FFAD001220992B6
:101740004FF480330A9302231293139314932821A6
:10175000159116920422179218930C2319930023C3
:101760001A931B9309A803F07DF9A8B93F230193AD
:10177000032102910023039308230493402305933C
:1017800006934FF480620792089301A803F058FD76
:1017900020B91DB05DF804FBFFF7AEFFFFF7ACFF0B
:1017A0000048025808B5304B5B6913F4003F13D171
:1017B000BFF34F8FBFF36F8F2B4B0022C3F8502224
:1017C000BFF34F8FBFF36F8F5A6942F400325A61F3
:1017D000BFF34F8FBFF36F8F00F0BCFDFFF78EFF9D
:1017E000FFF7FEFEFFF736FC00F076F800F08AFB0C
:1017F00000F018FB00F040F8FFF768FCFFF798FCDA
:10180000FFF7CAFC00F04AFB00F0B0FB08F0E8F874
:101810000028FBD132221549154806F0D7FFA52133
:1018200014480AF0C3FD0AF0A7FA0AF08BF808F092
:1018300015FD08F05BFD08F0A1FD08F0E7FD08F0DC
:1018400031FD08F077FD08F0BDFD08F003FE08F05B
:10185000F1FC08F0DDFC09F07DF80AF02FF8FFF745
:10186000DDFD06F0E1FFFEE700ED00E05899002401
:101870001C1300248812002408B51548154B03607A
:101880004FF480034360002383600722C2604FF05F
:10189000007202614FF0807242614FF0806282619B
:1018A0004FF08042C261036243628362C36242635B
:1018B0008363C363036443648364C36403654365F0
:1018C000836504F03BFF00B908BDFFF715FFFBE798
:1018D000200F00240038004008B51648164B03605E
:1018E0004FF4800343604FF4003383600723C360E9
:1018F000002303614FF0807242614FF08062826189
:101900004FF08052C261036243628362C3624FF050
:10191000804242638363C363036443648364C36438
:1019200003654365836504F009FF00B908BDFFF74F
:10193000E3FEFBE7980E002400140058F0B5BBB09E
:101940000446002135913691379138913991B8226A
:1019500006A80BF0CBFA2368634A934205D0634A8A
:10196000934200F08B803BB0F0BD4FF480520023D7
:10197000CDE9062306A803F025FF002875D15C4BAE
:10198000D3F8E82042F48042C3F8E820D3F8E820F6
:1019900002F480420192019AD3F8E02042F004025E
:1019A000C3F8E020D3F8E02002F004020292029A89
:1019B000D3F8E02042F00202C3F8E020D3F8E03090
:1019C00003F002030393039B062335930227369704
:1019D0000025379538950526399635A9454802F0F2
:1019E00007FF4FF40053359336973795389539965E
:1019F00035A9414802F0FCFE4048414B03602723D3
:101A000043608560C5604FF4806303614561856113
:101A1000C5614FF440330362456200F051FF38BBAB
:101A2000364BE3679C633748374B0360282343609A
:101A3000402383600023C3604FF4806202614361EE
:101A40008361C3614FF400320262436200F038FFE9
:101A500088B92C4BA3679C6300220521242000F049
:101A60000BFD242000F018FD7DE7FFF745FE86E71B
:101A7000FFF742FED4E7FFF73FFEEAE74FF480426C
:101A80000023CDE906234FF0A043319306A803F0CD
:101A900099FE30BB164BD3F8F42042F02002C3F875
:101AA000F420D3F8F42002F020020492049AD3F830
:101AB000E02042F00102C3F8E020D3F8E03003F068
:101AC00001030593059BA02335930223369300233E
:101AD000379338930823399335A90C4802F088FED0
:101AE00041E7FFF709FED5E7003800400014005831
:101AF000004402580008025800040258200E002436
:101B000010000240A80D00242800024000000258E6
:101B100000B583B00A4BD3F8F42042F00202C3F8B8
:101B2000F420D3F8F43003F002030193019B002268
:101B30000F216FF0010000F09FFC03B05DF804FB83
:101B4000004402580F2801D90120704710B58AB00F
:101B5000044600220146372000F08EFC372000F0BA
:101B60009BFC1A4B1C601A4BD3F8E82042F0200271
:101B7000C3F8E820D3F8E83003F020030093009B7B
:101B800001A902A803F0ECFC079BBBB903F0C4FC5D
:101B90000346104AA2FB03239B0C013B0E480F4A4D
:101BA000026040F2E732C260436000230361836059
:101BB00005F012FD30B101200AB010BD03F0ACFCFD
:101BC0004300E6E7044805F05DFBF5E71C00002450
:101BD0000044025883DE1B43A80F00240014004079
:101BE000FEE7FEE7FEE7FEE7FEE7704708B50248BE
:101BF00001F058FC08BD00BF200E002408B50248C3
:101C000001F050FC08BD00BFA80D002408B5024833
:101C100001F048FC08BD00BFE810002408B50248E8
:101C200001F040FC08BD00BF7010002408B5024858
:101C300001F038FC08BD00BFF80F002408B50248C9
:101C400002F046FC08BD00BFF808002408B50248B1
:101C500002F03EFC08BD00BF5808002408B5024849
:101C600005F0EEF908BD00BF200F002408B50248BA
:101C700005F076FD08BD00BF1C13002408B502481E
:101C800005F054FB08BD00BFA80F002408B50248AA
:101C900005F066FD08BD00BF8812002408B50248A3
:101CA00005F05EFD08BD00BF6011002408B50248C4
:101CB00002F00EFC08BD00BFB807002401207047E9
:101CC00008B50BF023FA162303604FF0FF3008BD70
:101CD00008B54FF0FF31FFF7F3FFFEE770B50C4694
:101CE0001646002506E0AFF30080214601F8010BFF
:101CF00001350C46B542F6DB304670BD70B50C467A
:101D00001646002504E014F8010BAFF300800135FE
:101D1000B542F8DB304670BD4FF0FF3070474FF4EE
:101D200000534B600020704701207047002070472F
:101D300010B503460C4A0D490D48006840B10C48E7
:101D400000680344521A934206D8094A136010BD32
:101D50000748084C0460F2E70BF0D8F90C23036045
:101D60004FF0FF30F3E700BF00000524000400003F
:101D7000F40F0024909D0024224AD2F8883043F4C6
:101D80007003C2F88830204B1B6803F00F03062B4A
:101D900006D81D4A136823F00F0343F007031360AE
:101DA0001A4B1A6842F001021A6000221A6119687F
:101DB000174A0A401A60144B1B6813F0080F06D02C
:101DC000114A136823F00F0343F0070313600F4B0E
:101DD00000229A61DA611A620E4999620E49D9624B
:101DE0000E4919635A639963DA6319645A6419686E
:101DF00021F4802119601A66094B43F2D2021A605D
:101E0000704700BF00ED00E000200052004402587F
:101E10007FEDF6EA000202020000FF0180020101EC
:101E20000040005208B51A481A4B03601A4B436031
:101E30004FF4805383604FF40053C3604FF48063CA
:101E400003610C23436100238361C3610362436226
:101E5000836206F09EFB70B900210D4806F06CFC11
:101E600060B900210A4806F08CFC50B9084806F019
:101E700044FC48B908BDFFF73FFCEDE7FFF73CFC29
:101E8000EFE7FFF739FCF1E7FFF736FCF2E700BFB9
:101E90001C13002400500040A086010008B517481C
:101EA000174B03604FF4E133436000238360C3604A
:101EB00003610C2242618361C361036243628362F6
:101EC00006F067FB70B900210C4806F035FC60B9DC
:101ED00000210A4806F055FC50B9084806F00DFCF0
:101EE00048B908BDFFF708FCEDE7FFF705FCEFE791
:101EF000FFF702FCF1E7FFF7FFFBF2E7881200248F
:101F00000078004008B51748174B03604FF4612371
:101F1000436000238360C36003610C2242618361DC
:101F2000C36103624362836206F033FB70B9002130
:101F30000C4806F001FC60B900210A4806F021FCBB
:101F400050B9084806F0D9FB48B908BDFFF7D4FBE3
:101F5000EDE7FFF7D1FBEFE7FFF7CEFBF1E7FFF788
:101F6000CBFBF2E7F41100240010014008B517483C
:101F7000174B03604FF4E133436000238360C36079
:101F800003610C2242618361C36103624362836225
:101F900006F0FFFA70B900210C4806F0CDFB60B9DD
:101FA00000210A4806F0EDFB50B9084806F0A5FBF1
:101FB00048B908BDFFF7A0FBEDE7FFF79DFBEFE792
:101FC000FFF79AFBF1E7FFF797FBF2E760110024B8
:101FD000001C0140F0B5BFB00446002139913A9190
:101FE0003B913C913D91B8220AA80AF07FFF2368FB
:101FF000B24A93420CD0B24A934276D0B14A93424D
:1020000000F0E680B04A934200F015813FB0F0BD89
:1020100002220023CDE90A230AA803F0D3FB0028FB
:102020005DD1AA4BD3F8E82042F48012C3F8E8202F
:10203000D3F8E82002F480120192019AD3F8E0204C
:1020400042F00402C3F8E020D3F8E02002F00402DA
:102050000292029AD3F8E02042F00802C3F8E0208E
:10206000D3F8E03003F008030393039B4FF480534D
:10207000399302273A9700253B953C9508263D96D3
:1020800039A9934802F0B4FB042339933A973B955E
:102090003C953D9639A98F4802F0AAFB8E488F4B9C
:1020A0000360412343608560C5604FF48063036132
:1020B00045618561C5614FF440330362456200F0BC
:1020C000FFFB78B9844BC4F880309C630022052163
:1020D000352000F0D1F9352000F0DEF996E7FFF762
:1020E0000BFB9EE7FFF708FBECE702220023CDE99C
:1020F0000A230AA803F066FB002860D1734BD3F8CB
:10210000E82042F08042C3F8E820D3F8E82002F04B
:1021100080420492049AD3F8E02042F01002C3F8FF
:10212000E020D3F8E03003F010030593059B4FF453
:10213000C073399302233A9300253B953C950723BE
:102140003D9339A9664802F053FB6648664B03602D
:102150004F2343608560C5604FF480630361456130
:102160008561C5614FF400330362456200F0A8FB4E
:1021700040BB5C4BC4F880309C635C485C4B0360A4
:1021800050234360402383600023C3604FF4806288
:10219000026143618361C3614FF4003202624362B2
:1021A00000F08EFB88B9514BE3679C630022052148
:1021B000522000F061F9522000F06EF926E7FFF797
:1021C0009BFA9BE7FFF798FAD3E7FFF795FAEAE760
:1021D00001220023CDE90A230AA803F0F3FA38BB51
:1021E0003A4BD3F8F02042F01002C3F8F020D3F8B5
:1021F000F02002F010020692069AD3F8E02042F096
:102200000102C3F8E020D3F8E03003F001030793A4
:10221000079B4FF4C063399302233A9300233B9307
:102220003C9307233D9339A9324802F0E1FAEDE6E9
:10223000FFF762FAD4E701220023CDE90A230AA8B6
:1022400003F0C0FA002857D1204BD3F8F02042F019
:102250008002C3F8F020D3F8F02002F08002089248
:10226000089AD3F8E02042F01002C3F8E020D3F837
:10227000E03003F010030993099B042339930226ED
:102280003A9600243B943C943D93154D39A9284639
:1022900002F0AEFA082339933A963B943C940B2310
:1022A0003D9339A9284602F0A3FA224605219C2035
:1022B00000F0E2F89C2000F0EFF8A7E600500040A4
:1022C0000078004000100140001C0140004402580A
:1022D00000080258000C0258E81000244000024098
:1022E000001002587010002458000240F80F00241B
:1022F0007000024000000258FFF7FEF9A4E700BF9B
:10230000DFF834D0FFF738FD0C480D490D4A0023A3
:1023100002E0D458C4500433C4188C42F9D30A4A9A
:102320000A4C002301E013600432A242FBD30AF0FE
:10233000F3FEFFF737FA7047000005240000002481
:102340009407002414590108980700248C9D002448
:10235000FEE7000010B5032000F07CF802F074FEE8
:102360000F498B69C3F303230E4AD35C03F01F03A9
:10237000D8408B6903F00F03D35C03F01F0320FAEE
:1023800003F3094A1360094B18600F20FFF7DAFBCB
:1023900010B10124204610BD0446FFF7B9FBF9E750
:1023A000004402582C4F010810000024140000249F
:1023B000034B1B78034A11680B441360704700BF3E
:1023C00018000024B0130024014B1868704700BFA8
:1023D000B0130024002807DB00F01F02400901238E
:1023E0009340024A42F82030704700BF00E100E00D
:1023F000002804DB0901C9B2044B1954704700F0EE
:102400000F000901C9B2024B1954704700E400E003
:1024100014ED00E000B500F00700C0F1070CBCF1BE
:10242000040F28BF4FF0040C031D062B0FD9C31E49
:102430004FF0FF3E0EFA0CF021EA000199400EFA2F
:1024400003FE22EA0E0241EA02005DF804FB0023CB
:10245000EEE700000649CB6823F4E0631B041B0C85
:10246000000200F4E0600343024A1A43CA60704766
:1024700000ED00E00000FA0510B50446054BD868F1
:10248000C0F30220FFF7C6FF01462046FFF7B0FF6A
:1024900010BD00BF00ED00E008B5FFF79BFF08BDD1
:1024A000F0B4876D0468664E664DAC4218BFB44206
:1024B00042D01835AC423FD01835AC423CD018352C
:1024C000AC4239D01835AC4236D01835AC4233D096
:1024D0001835AC4230D005F55675AC422CD01835C5
:1024E000AC4229D01835AC4226D01835AC4223D0A6
:1024F0001835AC4220D01835AC421DD01835AC424E
:102500001AD01835AC4217D04F4DAC4214D0143508
:10251000AC4211D01435AC420ED01435AC420BD0C5
:102520001435AC4208D01435AC4205D01435AC4259
:1025300002D01435AC4207D1446E856E6560C46E1E
:1025400014B1046F456F656004683D4E3D4DAC426B
:1025500018BFB44252D01835AC424FD01835AC42F7
:102560004CD01835AC4249D01835AC4246D018355D
:10257000AC4243D01835AC4240D005F55675AC425C
:102580003CD01835AC4239D01835AC4236D018356D
:10259000AC4233D01835AC4230D01835AC422DD0D7
:1025A0001835AC422AD01835AC4227D0264E274DDC
:1025B000AC4218BFB44211D0254DAC420ED01435F8
:1025C000AC420BD01435AC4208D01435AC4205D027
:1025D0001435AC4202D01435AC4224D1C46D04F0A1
:1025E0001F050124AC407C60046863608368402B55
:1025F00020D0036899600368DA6014E0C46D04F0C9
:102600001F0C3F2404FA0CF4BC6005682C6824F409
:1026100080242C60046863608368402B05D00368C5
:1026200099600368DA60F0BC704703689A600368D9
:10263000D960F8E703689A600368D960F3E700BFE0
:102640001000024028000240085402581C5402584E
:102650003054025803682749274A934218BF8B42D7
:102660002FD0183293422CD01832934229D01832EE
:10267000934226D01832934223D01832934220D06E
:10268000183293421DD002F55672934219D0183277
:10269000934216D01832934213D01832934210D07E
:1026A000183293420DD0183293420AD01832934216
:1026B00007D01832934204D023F0FF038365806D66
:1026C000704710B4D9B210390C4AA2FB0142C2F3D0
:1026D00002120B4CA25CC2655F2907D96FF3090394
:1026E00004338365806D5DF8044B70476FF3090315
:1026F0008365F7E71000024028000240ABAAAAAAAF
:102700003C4F010883699BB9836A012B0AD0022BD5
:1027100002D00BB100207047C36A13F0807F2AD12A
:1027200000207047C36AB3F1C07F26D000207047F5
:10273000B3F5005F0AD0836A022B26D9032B26D17A
:10274000C36A13F0807F24D100207047836A032B73
:1027500003D8DFE803F01404140A00207047C36AAA
:1027600013F0807F0DD100207047C36AB3F1C07FA2
:1027700009D00020704701207047012070470120D8
:1027800070470120704701207047012070470020EA
:10279000704701207047000003682149214A934295
:1027A00018BF8B4227D01432934224D01432934264
:1027B00021D0143293421ED0143293421BD01432D3
:1027C000934218D01432934215D0DAB2103A164917
:1027D000A1FB0212120915491944A8291ED9144B4C
:1027E00013449B000366134B436602F01F02012350
:1027F000934083667047DBB2083B0F4AA2FB03237A
:102800000E4A02EB1312920002660D4A4266C3F3AF
:102810000413012202FA03F3836670470832DEE7ED
:10282000085402581C540258ABAAAAAAF0FBFDBFD8
:102830000082001080080240CDCCCCCC009600165F
:102840008058025801794A1E072A2BD830B40368F1
:10285000154D164CA34218BFAB4218D01434A342F6
:1028600015D01434A34212D01434A3420FD0143420
:10287000A3420CD01434A34209D01434A34206D08E
:102880000B4B0B449B00C3660A4B036705E00A4BE6
:102890000B449B00C366094B0367012393404367C6
:1028A00030BC7047704700BF085402581C5402588F
:1028B0003F820010400902403F96001640590258DE
:1028C00070B50446FFF780FD002C00F0B781054687
:1028D00023685349534A934218BF8B420CBF0121CE
:1028E000002150D0183293424DD0183293424AD032
:1028F0001832934247D01832934244D01832934250
:1029000041D0183293423ED002F5567293423AD0EB
:102910001832934237D01832934234D0183293424F
:1029200031D0183293422ED0183293422BD0183225
:10293000934228D01832934225D03B493B4A9342D8
:1029400018BF8B4200F03281394A934200F02E8149
:102950001432934200F02A811432934200F026810F
:102960001432934200F022811432934200F01E810F
:102970001432934200F01A8140236365032384F8E4
:10298000353001204AE0022284F83520002284F804
:10299000342079BB274A93422CD01832934229D055
:1029A0001832934226D01832934223D018329342E1
:1029B00020D0183293421DD002F55672934219D09E
:1029C0001832934216D01832934213D018329342E1
:1029D00010D0183293420DD0183293420AD01832D8
:1029E000934207D01832934204D01A6822F00102B1
:1029F0001A6003E01A6822F001021A6023681A685C
:102A000012F0010F18D0FFF7DFFC431B052BF5D99F
:102A100020236365032384F83530012070BD00BF97
:102A20001000024028000240085402581C5402586A
:102A300030540258400002401A6881491140A2688F
:102A4000E06802432069024360690243A0690243CF
:102A5000E0690243206A02430A43616A042900F0E4
:102A600090806168522900F296803F29C0F08E80E4
:102A70003F39744820FA01F111F0010F01D042F4FE
:102A800080121A602668756925F00705636A1D4380
:102A9000042B08D1A36A1D43E36A23B12046FFF744
:102AA00031FE00287CD175612046FFF7D3FDE36D30
:102AB00003F01F023F239340836023686249634A07
:102AC000934218BF8B4242D0183293423FD0183203
:102AD00093423CD01832934239D01832934236D0C8
:102AE0001832934233D01832934230D002F55672E6
:102AF00093422CD01832934229D01832934226D0D8
:102B00001832934223D01832934220D01832934285
:102B10001DD0183293421AD01832934217D04C4A23
:102B2000934214D01432934211D0143293420ED0F7
:102B3000143293420BD01432934208D01432934291
:102B400005D01432934202D01432934213D120465E
:102B5000FFF722FEA368802B63D0236E22791A60D0
:102B6000636EA26E5A606368013B072B5CD9002339
:102B7000E3662367636700206065012384F83530CE
:102B80004CE7E16A206B01430A436AE729390529CA
:102B90003FF677AF73E7743903293FF672AF6EE7FC
:102BA00040236365012084F8350037E7022284F86A
:102BB0003520002284F8342019686FF31011A268C0
:102BC000402A2CD0802A27D00022E06842EAD00296
:102BD000206942EAD002606942EAD002A06942EA72
:102BE000D002E06942EAD002206A42EA10120A43A7
:102BF0001A602268174B1344174AA2FB03231B09D0
:102C00009B00E3652046FFF725FDE26D02F01F0102
:102C100001228A40426050E74FF48042D5E71022FB
:102C2000D3E70023636098E72046FFF70BFEE36ECF
:102C300000221A60236F626F5A609CE70120EDE664
:102C40003F8010FE0F030F001000024028000240DA
:102C500008540258F8ABFDA7CDCCCCCC002800F02E
:102C60003E8170B5044690F83400012800F03981A7
:102C7000012084F8340094F83500C0B2012807D050
:102C80004FF400636365002384F83430012070BD85
:102C9000022084F83500002060652068924E934D34
:102CA000A84218BFB0422FD01835A8422CD01835F2
:102CB000A84229D01835A84226D01835A84223D0DA
:102CC0001835A84220D01835A8421DD005F55675F4
:102CD000A84219D01835A84216D01835A84213D0EA
:102CE0001835A84210D01835A8420DD01835A84282
:102CF0000AD01835A84207D01835A84204D0056874
:102D000025F00105056003E0056825F00105056073
:102D10002046FFF7C5FB23687349744A934218BFE6
:102D20008B4238D01832934235D01832934232D089
:102D3000183293422FD0183293422CD0183293423B
:102D400029D01832934226D002F55672934222D0EF
:102D5000183293421FD0183293421CD0183293423B
:102D600019D01832934216D01832934213D0183229
:102D7000934210D0183293420DD01A6822F00E02FE
:102D800042F00A021A60236C93B12268136843F080
:102D9000040313600CE01A6822F01E0242F01602CF
:102DA0001A60236C23B12268136843F00803136090
:102DB00023684D494D4A934218BF8B4242D0183286
:102DC00093423FD0183293423CD01832934239D0CC
:102DD0001832934236D01832934233D0183293428D
:102DE00030D002F5567293422CD01832934229D03B
:102DF0001832934226D01832934223D0183293428D
:102E000020D0183293421DD0183293421AD0183273
:102E1000934217D0364A934214D01432934211D0C1
:102E2000143293420ED0143293420BD01432934298
:102E300008D01432934205D01432934202D0143297
:102E400093420ED1236E1A6812F4803F03D01A68A1
:102E500042F480721A60E36E1BB11A6842F4807209
:102E60001A6023682049214A934218BF8B4230D010
:102E7000183293422DD0183293422AD018329342FE
:102E800027D01832934224D01832934221D01832DE
:102E900093421ED002F5567293421AD018329342D2
:102EA00017D01832934214D01832934211D01832EE
:102EB00093420ED0183293420BD01832934208D06E
:102EC0001832934205D01A6842F001021A600020BD
:102ED000DDE61A6842F001021A600020D7E6012000
:102EE00070470220D3E600BF1000024028000240D5
:102EF0000854025870B50446FFF766FA002C00F03B
:102F00009181054694F83530DBB2022B06D0802340
:102F10006365002384F83430012070BD23688C4938
:102F20008C4A934218BF8B4230D0183293422DD036
:102F3000183293422AD01832934227D01832934243
:102F400024D01832934221D0183293421ED002F579
:102F5000567293421AD01832934217D018329342C5
:102F600014D01832934211D0183293420ED0183236
:102F700093420BD01832934208D01832934205D0B6
:102F80001A6822F00E021A60266809E01A6822F018
:102F90001E021A602268536923F080035361266879
:102FA00023686B496B4A934218BF8B4242D0183258
:102FB00093423FD0183293423CD01832934239D0DA
:102FC0001832934236D01832934233D0183293429B
:102FD00030D002F5567293422CD01832934229D049
:102FE0001832934226D01832934223D0183293429B
:102FF00020D0183293421DD0183293421AD0183282
:10300000934217D0544A934214D01432934211D0B1
:10301000143293420ED0143293420BD014329342A6
:1030200008D01432934205D01432934202D01432A5
:10303000934204D1226E136823F4807313602368D3
:103040004349444A934218BF8B422FD018329342CF
:103050002CD01832934229D01832934226D01832FD
:10306000934223D01832934220D0183293421DD07D
:1030700002F55672934219D01832934216D0183284
:10308000934213D01832934210D0183293420DD08D
:10309000183293420AD01832934207D01832934222
:1030A00004D01A6822F001021A6003E01A6822F0C4
:1030B00001021A60336813F0010F0ED0FFF784F994
:1030C000431B052BF6D920236365032384F8353091
:1030D000002384F8343001201FE723681C491D4A6F
:1030E000934218BF8B4239D01832934236D01832EF
:1030F000934233D01832934230D0183293422DD0BD
:10310000183293422AD01832934227D002F55672D1
:10311000934223D01832934220D0183293421DD0CC
:10312000183293421AD01832934217D01832934271
:1031300014D01832934211D0183293420ED0A16DA0
:10314000E36D03F01F02012393404B600DE000BFCD
:10315000100002402800024008540258A16DE36D9F
:1031600003F01F023F2393408B6023682E492F4AB0
:10317000934218BF8B4242D0183293423FD018324C
:1031800093423CD01832934239D01832934236D011
:103190001832934233D01832934230D002F556722F
:1031A00093422CD01832934229D01832934226D021
:1031B0001832934223D01832934220D018329342CF
:1031C0001DD0183293421AD01832934217D0184AA1
:1031D000934214D01432934211D0143293420ED041
:1031E000143293420BD01432934208D014329342DB
:1031F00005D01432934202D0143293420BD1636E45
:10320000A26E5A60E36E33B11A6822F480721A60BB
:10321000236F626F5A60012384F83530002084F8F0
:1032200034007AE6012078E61000024028000240CF
:1032300008540258002800F0288108B5024690F88A
:103240003530DBB2022B03D080234365012008BD5B
:103250000368904890498B4218BF83420CBF0120FD
:10326000002065D018318B4262D018318B425FD07C
:1032700018318B425CD018318B4259D018318B42B7
:1032800056D018318B4253D001F556718B424FD036
:1032900018318B424CD018318B4249D018318B42B7
:1032A00046D018318B4243D018318B4240D0183170
:1032B0008B423DD018318B423AD0196821F00E0173
:1032C00019601368734874498B4218BF83426AD0EF
:1032D00072498B4267D018318B4264D018318B42CF
:1032E00061D018318B425ED018318B425BD01831DF
:1032F0008B4258D001F556718B4254D018318B4215
:1033000051D018318B424ED018318B424BD01831EE
:103310008B4248D018318B4245D018318B4242D075
:1033200018318B423FD0196821F0010119603EE04D
:10333000042182F8351080BB584A93422DD01832B0
:1033400093422AD01832934227D01832934224D085
:103350001832934221D0183293421ED002F5567291
:1033600093421AD01832934217D01832934214D095
:103370001832934211D0183293420ED01832934231
:103380000BD01832934208D01832934205D01A68F5
:1033900022F001021A60002059E71A6822F00102A7
:1033A0001A60002053E7196821F0010119601368C1
:1033B000384839498B4218BF834242D018318B427A
:1033C0003FD018318B423CD018318B4239D0183164
:1033D0008B4236D018318B4233D018318B4230D0EB
:1033E00001F556718B422CD018318B4229D01831FF
:1033F0008B4226D018318B4223D018318B4220D0FB
:1034000018318B421DD018318B421AD018318B42A3
:1034100017D023498B4214D014318B4211D0143170
:103420008B420ED014318B420BD014318B4208D01A
:1034300014318B4205D014318B4202D014318B42AF
:1034400017D1116E0B6823F480730B60906DD36DF0
:1034500003F01F0101238B404360536E916E59604E
:10346000D36E33B1196821F480711960136F516FF5
:103470005960012382F83530002382F83430136D0F
:103480002BB1104698470020E1E60120704700204C
:10349000DDE600BF1000024028000240400002406C
:1034A00008540258F0B583B00446002301937D4BC5
:1034B0001D687D4BA3FB0535AD0A876D3E68D7F8C7
:1034C00000C0036879497A48834218BF8B420CBF19
:1034D0000120002061D0774A93425ED01832934297
:1034E0005BD01832934258D01832934255D01832DC
:1034F000934252D0183293424FD002F55672934203
:103500004BD01832934248D01832934245D01832EB
:10351000934242D0183293423FD0183293423CD06B
:103520001832934239D01832934236D06249634AF6
:10353000934218BF8B4212D0614A93420FD014328B
:1035400093420CD01432934209D01432934206D0E5
:103550001432934203D01432934240F061821A68CD
:10356000E16D01F01F010420884010EA0C0F00F00B
:10357000A78212F0040F00F0A382786012F4004FCB
:1035800000F05A8212F4803F40F05082A36C002B6E
:1035900000F046822046984742E2E26D02F01F01A9
:1035A00008228A40324241D070BB424A93422BD01B
:1035B0001832934228D01832934225D018329342C1
:1035C00022D0183293421FD0183293421CD002F5F9
:1035D0005672934218D01832934215D01832934243
:1035E00012D0183293420FD0183293420CD01832B6
:1035F000934209D01832934206D01832934203D036
:103600001A68C2F3C00202E01A68C2F380026AB10B
:103610001A6822F004021A60E36D03F01F02082307
:103620009340BB60636D43F001036365E26D02F09C
:103630001F0226FA02F313F0010F47D023681B483C
:103640001B498B4218BF83423CD018318B4239D082
:1036500018318B4236D018318B4233D018318B421F
:1036600030D018318B422DD018318B422AD001F541
:1036700056718B4226D018318B4223D018318B42A1
:1036800020D018318B421DD018318B421AD01831FE
:103690008B4217D018318B4214D018318B4211D085
:1036A0001B6813E014000024B5814E1B100002407B
:1036B0002800024040000240085402581C5402589E
:1036C000305402585B6913F0800F3BD1E36D03F077
:1036D0001F03042202FA03F333423FD022689648C4
:1036E00096498A4218BF824234D018318A4231D07A
:1036F00018318A422ED018318A422BD018318A4292
:1037000028D018318A4225D018318A4222D001F5BA
:1037100056718A421ED018318A421BD018318A4213
:1037200018D018318A4215D018318A4212D0183177
:103730008A420FD018318A420CD018318A4209D0FF
:1037400013680BE001239340BB60636D43F00203F9
:103750006365BBE7126812F0020F3DD1E36D03F021
:103760001F03102202FA03F333425FD0226872482B
:1037700072498A4218BF824234D018318A4231D00D
:1037800018318A422ED018318A422BD018318A4201
:1037900028D018318A4225D018318A4222D001F52A
:1037A00056718A421ED018318A421BD018318A4283
:1037B00018D018318A4215D018318A4212D01831E7
:1037C0008A420FD018318A420CD018318A4209D06F
:1037D0001268C2F3800208E0BB60636D43F004032B
:1037E0006365BBE71268C2F3C002FAB1BB6023682D
:1037F0001A6812F4802F0DD01B6813F4002F04D127
:10380000236C9BB12046984710E0A36C73B120460F
:1038100098470BE01A6812F4807F03D11A6822F0EF
:1038200008021A60236C0BB120469847E36D03F041
:103830001F03202202FA03F3334200F09380226830
:103840003D483E498A4218BF82422ED018318A42F2
:103850002BD018318A4228D018318A4225D018310D
:103860008A4222D018318A421FD018318A421CD095
:1038700001F556718A4218D018318A4215D0183194
:103880008A4212D018318A420FD018318A420CD0A5
:1038900018318A4209D018318A4206D018318A423A
:1038A00003D01268C2F3400202E01268C2F30012B1
:1038B000002A57D0BB6094F83530DBB2042B0ED011
:1038C00023681A6812F4802F3AD01B6813F4002F73
:1038D0002DD1636C002B45D02046984742E02268EA
:1038E000136823F0160313602268536923F08003E2
:1038F0005361236CBBB12268136823F00803136083
:10390000E36D03F01F023F239340BB60012384F863
:103910003530002384F83430236D002B00F0808094
:10392000204698477CE0A36C002BE4D1E8E7E36BEA
:10393000C3B12046984715E010000240280002401D
:103940001A6812F4807F09D11A6822F010021A60F6
:10395000012384F83530002384F83430E36B0BB155
:1039600020469847636D002B5AD0636D13F0010F0A
:1039700052D0042384F8353023689649964A9342FE
:1039800018BF8B422FD0183293422CD0183293425A
:1039900029D01832934226D01832934223D01832BD
:1039A000934220D0183293421DD002F556729342B2
:1039B00019D01832934216D01832934213D01832CD
:1039C000934210D0183293420DD0183293420AD04D
:1039D0001832934207D01832934204D01A6822F06A
:1039E00001021A6003E01A6822F001021A60019BCA
:1039F00001330193AB4204D823681B6813F0010F15
:103A0000F5D123681B6813F0010F0BD0032384F852
:103A10003530002384F83430E36C0BB120469847EE
:103A200003B0F0BD012384F83530F2E7236C002B9E
:103A3000F6D020469847F3E712F0200F3AD12368DA
:103A40006449654A934218BF8B422FD01832934283
:103A50002CD01832934229D01832934226D01832F3
:103A6000934223D01832934220D0183293421DD073
:103A700002F55672934219D01832934216D018327A
:103A8000934213D01832934210D0183293420DD083
:103A9000183293420AD01832934207D01832934218
:103AA00004D01A6822F004021A6003E01A6822F0B7
:103AB00008021A60236C002BB2D020469847AFE76B
:103AC0000220884010EA0C0F60D012F0020F5DD087
:103AD000786012F4004F0ED012F4803F05D1636C71
:103AE000002B9DD0204698479AE7E36B002B97D098
:103AF0002046984794E712F0200F40D123683549BB
:103B0000354A934218BF8B422FD0183293422CD0A3
:103B10001832934229D01832934226D01832934259
:103B200023D01832934220D0183293421DD002F590
:103B30005672934219D01832934216D018329342DB
:103B400013D01832934210D0183293420DD018324D
:103B500093420AD01832934207D01832934204D0CD
:103B60001A6822F00A021A6003E01A6822F01402AE
:103B70001A60012384F83530002384F83430E36B75
:103B8000002B3FF44DAF2046984749E7082000FA44
:103B900001F111EA0C0F3FF443AF12F0080F3FF4AC
:103BA0003FAF1A6822F00E021A60E36D03F01F03A4
:103BB000012202FA03F37B60626584F8352000235A
:103BC00084F83430E36C002B3FF42AAF204698474A
:103BD00026E700BF100002402800024030B4416BCD
:103BE0000468D4F884306F4A134043EA8103C4F870
:103BF00084300468D4F8843023F47F03856B43EA6F
:103C00000543C4F88430836B0B440468D4F88810EF
:103C1000114041EA8301C4F888100468D4F8881080
:103C200021F4FE01C56B41EA0541C4F88810C16B5F
:103C300003EB41030468D4F8A010114041EA83016A
:103C4000C4F8A0100468D4F8A01021F4FE01056C9B
:103C500041EA0541C4F8A010016C446C04FB013337
:103C60000468D4F8B010114041EA8301C4F8B010E0
:103C70000468D4F8B01021F4FE01856C41EA0541D6
:103C8000C4F8B010816CC46C04FB01330468D4F830
:103C9000AC10114041EA8301C4F8AC10016D446DD1
:103CA00004FB01330468D4F8F010114041EA8301A9
:103CB000C4F8F0100468D4F8F01021F47C11856D7C
:103CC00041EA0541C4F8F010816D03EB410304683B
:103CD000D4F8C0100A4042EA8303C4F8C030026836
:103CE000D2F8C03023F47C13C16D43EA0143C2F81B
:103CF000C0300268D2F8C03023F07C53016E43EA32
:103D00000163C2F8C030436B274A1A449200C2666E
:103D1000836B02EB83030367C16B03EBC103436750
:103D2000016C446C04FB01F103EB81038367816C3C
:103D3000C46C04FB01F103EB8103C367016D446DA7
:103D400004FB01F103EB8103C0F88030816D03EBCC
:103D5000C103C0F88430816EC46D01FB04FC03EB29
:103D60008C03C0F88830046E04FB01F103EB81037F
:103D7000C0F890300D498B420DD9D0F89C3043F0FB
:103D80002003C0F89C30032380F89830012007E01E
:103D9000002342F8043BD0F890309342F8D800203A
:103DA00030BC70470300FFFF002B0010FCD3004025
:103DB00070B54C68FCB90D698C6825430C6845EA00
:103DC00084450E6ACC6944EA06648E6934434E69C0
:103DD0003443CE6844EA0644D0F88460806E00FB29
:103DE00003F306EB830E46F82350CEF804400EF1A1
:103DF000080E002019E00C698D6825430C682543E6
:103E000045F08045DDE702EB000C9CF803409CF890
:103E100002301B0443EA04639CF8014043EA042394
:103E2000145C23434EF8043B0430CB68024CE35C43
:103E30008342E8D870BD00BF444F010830B595B04B
:103E400004464C22A04901A8FCF780FC002C00F09D
:103E5000388123689D4A934220D094F898300BB360
:103E60002268936923F010039361FEF7ADFA0546CB
:103E700023689A6912F0080F1AD0FEF7A5FA431BBF
:103E80000A2BF5D9D4F89C3043F00103C4F89C30D8
:103E9000032384F89830012015B030BD03F58073FA
:103EA0006360DAE784F899302046FDF7A9F9D7E78F
:103EB0009A6942F001029A61FEF786FA0546236884
:103EC0009A6912F0010F0FD1FEF77EFA401B0A2803
:103ED000F5D9D4F89C3043F00103C4F89C30032397
:103EE00084F898300120D7E79A6942F002029A617B
:103EF000237C012B40D02268936943F040039361F7
:103F0000637C012B3ED02268936923F48043936144
:103F1000A37C012B3CD02268936943F480539361C6
:103F20002268936923F44073A1680B43936122686C
:103F3000936923F0A40393612268136923F01003AB
:103F40001361E368012B29D0002B2CD0022B00F049
:103F50009B802268936943F0800393612268136910
:103F600043F010031361E368032B1CD122689369AB
:103F700043F02003936116E02268936923F0400325
:103F80009361BDE72268936943F480439361BFE77F
:103F90002268936923F480539361C1E7226893698F
:103FA00043F004039361A3695A1EE369013B1B02BA
:103FB00043EA4263226A013A13436269013A216883
:103FC00043EA0243CB61A368B3F5407F62D0236E1E
:103FD00033B12268D2F8C030616E0B43C2F8C030F2
:103FE000E36D226ED3420DD02168D1F8C83023F0A2
:103FF0000703A26E14A800EB820252F84C2C134364
:10400000C1F8C830236C6BB12168D1F8BC3023F003
:104010000703626C14A800EB820252F84C2C134385
:10402000C1F8BC30A36C73B12168D1F8BC3023F067
:104030007003E26C14A800EB820252F84C2C43EAA5
:104040000213C1F8BC30236D73B12168D1F8BC30C4
:1040500023F4E063626D14A800EB820252F84C2C4A
:1040600043EA0223C1F8BC302268184B9A4222D09E
:104070000023C4F89430C4F89C30012384F89830AD
:104080002046FFF7ABFD07E72268936943F0200362
:10409000936188E7A36A013BE26A013A43EA02239B
:1040A000226B013A43EA0213626A013A216843EA49
:1040B0000243CB608BE76268936823F0030393604D
:1040C000D6E70120E8E600BFA44C010800A00040AC
:1040D00090F89830013BDBB2012B07D9D0F89C3027
:1040E00043F00203C0F89C30012070470B68DBB935
:1040F000CB68072B0ED08A68DB0643EA82730A6915
:1041000043EA02434A691343C26E496842F82130C8
:10411000002070470A69CB691B0243EA02438A699F
:10412000134343F06053EFE710B4CA680B6943EAE6
:104130004273072A0FD04A698C6842EA8472006F82
:10414000496800EBC10C40F83130CCF80420002065
:104150005DF8044B70478A69F1E790F898C05FFA00
:104160008CFCBCF1010F07D0D0F89C3043F0040365
:10417000C0F89C3001207047920042EA011242EAE6
:1041800043030168009A1A43C1F880200020704759
:1041900090F89830DBB2012B07D0D0F89C3043F078
:1041A0000403C0F89C3001207047022380F8983047
:1041B0000268936923F0010393610023C0F89C30E7
:1041C0001846704738B5044690F89830DBB2022B99
:1041D0002BD10368D3F8C00010F07C5F0CD0D3F86B
:1041E000C40010F4001F0FD0D4F89C3043F40073C7
:1041F000C4F89C3001201FE0D4F89C3043F0200329
:10420000C4F89C30012017E0D3F8C450C5F304452E
:104210002B462046FFF7CCFD22680123AB40C2F8B5
:10422000D030C4F89430002006E0D0F89C3043F041
:104230000803C0F89C30012038BD000090F898C0F9
:104240005FFA8CFCBCF1020F40F0DF8070B54029B2
:104250000CD041293DD0046D8C426DD8D0F89C30F3
:1042600043F02003C0F89C300120C1E00468D4F87A
:10427000A05015F4FE0F0CD0D4F8A45015F07F0F09
:104280000FD1D0F89C3043F48073C0F89C300120EB
:10429000AEE0D0F89C3043F02003C0F89C30012001
:1042A000A6E0D4F8A46016F0807604D0D4F8A0502C
:1042B000002D0CDB0026D4F8A440C4F305242644CA
:1042C000456F446C06FB04F405EB840E3BE00126CD
:1042D000F1E70468D4F8B05015F4FE0F0CD0D4F810
:1042E000B45015F07F0F0FD1D0F89C3043F4807399
:1042F000C0F89C3001207BE0D0F89C3043F02003D4
:10430000C0F89C30012073E0D4F8B46016F08076D9
:1043100004D0D4F8B050002D0CDB0026D4F8B44003
:10432000C4F305242644856FC46C06FB04F405EB36
:10433000840E08E00126F1E7C56F446D01FB04F42B
:1043400005EB840E0026DEF8004004F08044546043
:1043500064BBDEF80040C4F38A441460DEF8004019
:1043600004F000549460DEF8004004F0004414614E
:10437000BEF80440D461BEF8064004F00F04D460D7
:10438000DEF8044004F480145461DEF8044004F4C0
:10439000001494619EF8074004F07F041462DEF874
:1043A0000440E40F54624FF0000C0CE0DEF80040D3
:1043B00024F060441460D1E70EEB0C04247A03F877
:1043C0000C400CF1010CD468144D2C5D6445F3D8FD
:1043D000402909D041290CD01F290ED80268012399
:1043E0008B40C2F8983002E00368C3F8A860002050
:1043F00070BD0368C3F8B860F9E701F01F010268F7
:1044000001238B40C2F89C30F1E7D0F89C3043F098
:104410000803C0F89C300120704700BF444F0108DA
:1044200090F89830013BDBB2012B07D9D0F89C30D3
:1044300043F00203C0F89C300120704710B40368B9
:104440009C6D0C4224D1DC6D44F00104DC6511F458
:10445000007F05D00468D4F8E0301343C4F8E0309E
:1044600011F4806F05D00468D4F8E4301343C4F825
:10447000E4300068436D0C4A0A40134343650B4A1D
:10448000536943EA9173536100205DF8044B704710
:104490009C6D31EA040402D00324DC65D7E7DC6DAF
:1044A00044F00204DC65D2E7FFFFCF3F00A80040E4
:1044B0007047704770477047704770477047704744
:1044C0007047704770477047704770477047704734
:1044D0002DE9F04F83B00446904B1A695B69134095
:1044E00001939B07009303681A6D02F4704A5A6D9A
:1044F0000AEA020A1A6D02F00F095A6D09EA020966
:104500001A6D02F0F0085A6D08EA02081E6D06F0F6
:1045100071565A6D16401F6D07F060775A6D17403F
:104520005D6DD3F850B015F4807F02D01BF4807F0E
:1045300064D115F4806F02D01BF4806F67D1009BAB
:10454000002B74D1BAF1000F7ED1B9F1000F40F009
:104550008780B8F1000F40F08F8015F4006F03D012
:104560001BF4006F40F0948015F4007F03D01BF41F
:10457000007F40F0988015F4002F03D01BF4002F2B
:1045800040F0A18015F4803F03D01BF4803F40F041
:10459000A58015F4802F03D01BF4802F40F0A98054
:1045A00015F4003F0FD01BF4003F0CD023684FF4EC
:1045B00000321A65594B00221A61D4F89C3043F03E
:1045C0008003C4F89C30002F40F09E804EB12368D9
:1045D0001E65B20F514B1A61D4F89C303343C4F8B6
:1045E0009C3022684E4B9A4200F09C80D4F89C305C
:1045F000002B40F0F98003B0BDE8F08F4FF48072DB
:104600001A65464B00221A61FFF75BFF91E72368AA
:10461000D3F8DC10D3F8E4204FF4806018653F4BEA
:104620000020186111402046FFF747FF87E7236805
:1046300000221A65019B03F00303384A13610099B5
:104640002046FFF735FF7DE72368C3F850A04FEA07
:104650009A72324B1A6151462046FFF72AFF74E7DF
:104660002368C3F850904FEA99722C4B1A6149465F
:10467000204607F043FA6CE72368C3F850804FEAFE
:104680009872264B1A6141462046FFF713FF64E7F4
:1046900023684FF400621A65204B00221A612046FD
:1046A000FFF709FF60E72368D3F8D810D3F8E020BC
:1046B0004FF400701865194B002018611140204616
:1046C000FFF7FAFE57E723684FF400221A65134BF1
:1046D00000221A612046FFF7F1FE53E723684FF4EA
:1046E00080321A650D4B00221A612046FFF7E7FE63
:1046F0004FE723684FF480221A65084B00221A61A5
:104700002046FFF7DDFE4BE723681F65BA0F034B1A
:104710001A6139462046FFF7D6FE57E700A8004049
:1047200000A0004063689A6812F0030F3FF45EAF88
:10473000196A01F00F015A6A186A00F03008586AC5
:1047400008EA00081F6A07F4C077586A07401E6A23
:1047500006F4FC46586A06401D6A05F4F025586ABE
:104760000540D3F82490D3F820A011401CD1B8F113
:10477000000F1ED119F0400F02D01AF0400F20D1C7
:104780005FBB36B163681E62D4F89C303343C4F813
:104790009C30002D3FF42AAF63681D62D4F89C3032
:1047A0002B43C4F89C3021E719622046FFF78CFEAA
:1047B000DDE76368C3F8208041462046FFF785FEA9
:1047C000D8E76368D96BDA6B4020186202F03F02C9
:1047D000090C2046FFF77AFED2E763681F6239466C
:1047E0002046FFF774FECCE72046FFF76BFE02E79A
:1047F000F0B583B000236BE085685E000324B4400D
:1048000025EA0405CC68B4402C438460456825EA59
:104810000C054C68C4F300149C402C43446069E0D0
:10482000DD08083550F8254003F0070C4FEA8C0CE2
:104830004FF00F0E0EFA0CFE24EA0E0E0C6904FA6D
:104840000CF444EA0E0440F825406BE0092400E033
:10485000002404FA0EF42C430CF1020C664D45F8CA
:104860002C404FF0B0442568D44325EA02064F6837
:1048700017F4801F01D042EA05064FF0B0452E60C4
:104880006D6804EA05064F6817F4001F01D042EA7C
:1048900005064FF0B0456E60D5F8845004EA050671
:1048A0004F6817F4003F01D042EA05064FF0B045CB
:1048B000C5F88460D5F880502C404E6816F4803FCF
:1048C00001D042EA05044FF0B042C2F88040013303
:1048D0000A6832FA03F400F08C804FF0010C0CFAF5
:1048E00003FC1CEA0202F2D04C6804F00304013C11
:1048F000012C81D94C6804F00304032C0CD0C4684B
:104900005D004FF0030C0CFA05FC24EA0C0C8C68DB
:10491000AC4044EA0C04C4604C6804F00304022C6C
:104920003FF47EAF04684FEA430E4FF0030C0CFADD
:104930000EFC24EA0C0C4C6804F0030404FA0EF498
:1049400044EA0C0404604C6814F4403FBFD02B4C84
:10495000D4F8F45045F00205C4F8F450D4F8F4400B
:1049600004F002040194019C4FEA930C0CF102053F
:10497000214C54F8255003F0030E4FEA8E0E0F24FD
:1049800004FA0EF425EA04051D4CA0423FF460AF82
:1049900004F58064A0421ED004F58064A0421CD0BF
:1049A00004F58064A0421AD004F58064A04218D0B7
:1049B00004F58064A04216D004F58064A04214D0AF
:1049C00004F58064A04212D004F50064A0423FF4D4
:1049D0003DAF0A243DE701243BE7022439E70324E5
:1049E00037E7042435E7052433E7062431E70724B5
:1049F0002FE703B0F0BD00BF000400580044025888
:104A0000000002580AB18161704709048161704752
:104A1000134BDB6813F0040F07D1114BDB6803F075
:104A2000070383421AD00120704710B50C4AD3689F
:104A300023F007030343D360FDF7C6FC0446084B8D
:104A40005B6813F4005F07D1FDF7BEFC001BB0F5F7
:104A50007A7FF4D9012000E0002010BD00207047CB
:104A600000480258002800F0D58238B50446036893
:104A700013F0010F25D0A04A136903F03803926A9E
:104A8000102B15D0182B0FD06368B3F5803F3FD0A3
:104A9000002B53D1984B1A6822F480321A601A689E
:104AA00022F480221A6038E002F00302022AEBD1DD
:104AB000914B1B6813F4003F03D06368002B00F098
:104AC000AB82236813F0020F00F088808A4A1369D2
:104AD000926A13F038035AD0182B55D0E368002B94
:104AE00000F0A98084490A6822F0190213430B6080
:104AF000FDF76AFC0546804B1B6813F0040F40F07D
:104B00009180FDF761FC401B0228F4D903208AE262
:104B1000794A136843F48033136063682BB3FDF75D
:104B200053FC0546744B1B6813F4003FC9D1FDF7D5
:104B30004BFC401B6428F5D9032074E2B3F5A02F89
:104B400009D06D4B1A6822F480321A601A6822F478
:104B500080221A60E1E7684B1A6842F480221A60EA
:104B60001A6842F480321A60D7E7FDF72DFC05463B
:104B7000614B1B6813F4003FA3D0FDF725FC401BDD
:104B80006428F5D903204EE212F0030FA6D15A4B48
:104B90001B6813F0040F03D0E368002B00F03E8283
:104BA000554A136823F01903E1680B431360FDF7BE
:104BB0000BFC0546504B1B6813F0040F06D1FDF7A4
:104BC00003FC401B0228F5D903202CE24A4A536813
:104BD00023F0FE43216943EA01635360236813F025
:104BE000100F51D0444A136903F03803926A082B1E
:104BF00039D0182B33D0E369002B69D03E4A1368B3
:104C000043F080031360FDF7DFFB05463A4B1B685A
:104C100013F4807F53D1FDF7D7FB401B0228F5D951
:104C2000032000E2344A536823F0FE43216943EA3B
:104C300001635360D2E7304A136823F00103136025
:104C4000FDF7C2FB05462C4B1B6813F0040FC5D0C3
:104C5000FDF7BAFB401B0228F5D90320E3E102F07F
:104C60000302012AC7D1244B1B6813F4807F03D0B1
:104C7000E369802B40F0D4811F4AD36823F07C5332
:104C8000216A43EA0163D360236813F0080F49D017
:104C90006369002B32D0184A536F43F00103536706
:104CA000FDF792FB0546144B5B6F13F0020F39D1F1
:104CB000FDF78AFB401B0228F5D90320B3E10E4A19
:104CC000D36823F07C53216A43EA0163D360DBE7B6
:104CD000094A136823F080031360FDF775FB05464E
:104CE000054B1B6813F4807FCED0FDF76DFB401B96
:104CF0000228F5D9032096E1004402589D4A536FDB
:104D000023F001035367FDF75FFB0546994B5B6F8B
:104D100013F0020F06D0FDF757FB401B0228F5D910
:104D2000032080E1236813F0200F29D0A3699BB1F1
:104D3000904A136843F480531360FDF745FB054622
:104D40008C4B1B6813F4005F1AD1FDF73DFB401B31
:104D50000228F5D9032066E1864A136823F48053BC
:104D60001360FDF731FB0546824B1B6813F4005FAF
:104D700006D0FDF729FB401B0228F5D9032052E19C
:104D8000236813F0040F21D1636A002B00F04A81DD
:104D9000784A126902F03802182A00F0F180022BDA
:104DA00075D0744A136823F080731360FDF70CFB11
:104DB0000446704B1B6813F0007F00F0D880FDF7AD
:104DC00003FB001B0228F4D903202CE16A4A136874
:104DD00043F480731360FDF7F7FA0546664B1B68D2
:104DE00013F4807F06D1FDF7EFFA401B6428F5D954
:104DF000032018E1A368012B0AD00BBB5D4B1A6F8F
:104E000022F001021A671A6F22F004021A6704E006
:104E1000584A136F43F001031367A36833B3FDF7D8
:104E2000D3FA0546534B1B6F13F0020FACD1FDF7BD
:104E3000CBFA401B41F288339842F3D90320F2E0C9
:104E4000052B09D04B4B1A6F22F001021A671A6F1B
:104E500022F004021A67E0E7464B1A6F42F00402A0
:104E60001A671A6F42F001021A67D6E7FDF7ACFA2B
:104E70000546404B1B6F13F0020F85D0FDF7A4FAD7
:104E8000401B41F288339842F3D90320CBE0394AE2
:104E9000136823F080731360FDF796FA0546354BCF
:104EA0001B6813F0007F06D0FDF78EFA401B022826
:104EB000F5D90320B7E02F4B996A304A0A40A16A1E
:104EC000E06A41EA00110A439A62226B013AC2F396
:104ED0000802616B0139490289B20A43A16B0139A9
:104EE000090401F4FE010A43E16B0139090601F0EE
:104EF000FE410A431A63DA6A22F00102DA625A6B4F
:104F00006FF3CF02A16C42EAC1025A63DA6A22F05F
:104F10000C02216C0A43DA62DA6A22F00202616C46
:104F20000A43DA62DA6A42F48032DA62DA6A42F416
:104F30000032DA62DA6A42F48022DA62DA6A42F035
:104F40000102DA621A6842F080721A60FDF73CFAD8
:104F50000446084B1B6813F0007F06D1FDF734FAB6
:104F6000001B0228F5D903205DE000205BE0002053
:104F700059E000BF00440258004802580CFCFFFFF3
:104F800030498A6A086B012B4ED002F00303A16AF4
:104F90008B424BD1C2F30512E36A9A4248D1C0F367
:104FA0000802236B013B9A4244D1C0F34622636B53
:104FB000013B9A4240D1C0F30642A36B013B9A42A7
:104FC0003CD1C0F30660E36B013B984238D11D4BE6
:104FD0005B6BC3F3CC03A26C9A4201D1002022E0A8
:104FE000184AD36A23F00103D362FDF7EDF90546B1
:104FF000FDF7EAF9A842FBD0124A536B6FF3CF03D7
:10500000A16C43EAC1035363D36A43F00103D36243
:10501000002008E001207047012004E0012002E0A8
:10502000012000E0002038BD0120FCE70120FAE764
:105030000120F8E70120F6E70120F4E70120F2E77C
:105040000120F0E700440258754B1B6903F0380358
:10505000102B00F0DE80182B0FD0002B40F0DB80EF
:105060006F4B1B6813F0200F00F0D7806C4B1B6850
:10507000C3F3C1036B48D840704710B4684B9A6AB9
:1050800002F003029C6AC4F30510D96A01F0010121
:105090005B6BC3F3CC0301FB03F307EE903AF8EE2E
:1050A000677A14F47C7F77D0012A4AD0022A76D01E
:1050B000002A40F091805A4B1B6813F0200F23D038
:1050C00057490A68C2F3C102564BD34007EE103A63
:1050D000F8EE476A07EE100AB8EE476A86EE867A5F
:1050E0000B6BC3F3080306EE903AF8EE666A9FED89
:1050F0004E6A67EE867A76EEA77AF7EE006A77EE6A
:10510000A67A27EE277A38E007EE100AF8EE476A0B
:105110009FED466A86EE267A414B1B6BC3F308036C
:1051200006EE903AF8EE666A9FED3F6A67EE867A81
:1051300076EEA77AF7EE006A77EEA67A27EE277A60
:105140001BE007EE100AF8EE476A9FED396A86EE1B
:10515000267A334B1B6BC3F3080306EE903AF8EE46
:10516000666A9FED316A67EE867A76EEA77AF7EE89
:10517000006A77EEA67A27EE277A294B1B6BC3F3DA
:105180004623013307EE903AF8EE677AC7EE276AB6
:10519000FCEEE67A17EE900A5DF8044B704707EED6
:1051A000100AF8EE476A9FED236A86EE267A1C4BBA
:1051B0001B6BC3F3080306EE903AF8EE666A9FEDA8
:1051C0001A6A67EE867A76EEA77AF7EE006A77EECD
:1051D000A67A27EE277AD0E707EE100AF8EE476A9C
:1051E0009FED136A86EE267A0D4B1B6BC3F3080303
:1051F00006EE903AF8EE666A9FED0B6A67EE867AE5
:1052000076EEA77AF7EE006A77EEA67A27EE277A8F
:10521000B3E709487047094870470248704700BF24
:10522000004402580090D003000000390024744C60
:105230000024744A001BB74B00366E0100093D0084
:10524000002800F0328170B50D4604469B4B1B6868
:1052500003F00F038B420BD2984A136823F00F031D
:105260000B431360136803F00F038B4240F01F8160
:10527000236813F0040F0CD02269914B9B6903F053
:1052800070039A4205D98E498B6923F070031A4343
:105290008A61236813F0080F0CD06269884BDB69C0
:1052A00003F070039A4205D98549CB6923F0700356
:1052B0001A43CA61236813F0100F0CD0A269804B07
:1052C000DB6903F4E0639A4205D97D49CB6923F495
:1052D000E0631A43CA61236813F0200F0CD0E2691F
:1052E000774B1B6A03F070039A4205D974490B6A25
:1052F00023F070031A430A62236813F0020F0CD0E4
:10530000E2686F4B9B6903F00F039A4205D96C4921
:105310008B6923F00F031A438A61236813F0010F8E
:1053200041D0674A936923F47063A1680B4393618A
:105330006368022B0AD0032B27D0012B2CD0604AA4
:10534000126812F0040F06D10120ADE0126812F4C9
:10535000003F00F0AE805A490A6922F00702134369
:105360000B61FDF731F80646554B1B6903F0380316
:105370006268B3EBC20F16D0FDF726F8801B41F22E
:1053800088339842F0D903208EE04D4A126812F01B
:10539000007FE0D1012087E0494A126812F4807F43
:1053A000D9D1012080E0236813F0020F0CD0E2680D
:1053B000434B9B6903F00F039A4205D240498B6926
:1053C00023F00F031A438A613C4B1B6803F00F0361
:1053D000AB420AD9394A136823F00F032B431360F9
:1053E000136803F00F03AB4265D1236813F0040F79
:1053F0000CD02269324B9B6903F070039A4205D2AC
:105400002F498B6923F070031A438A61236813F0D4
:10541000080F0CD062692A4BDB6903F070039A42D3
:1054200005D22749CB6923F070031A43CA61236868
:1054300013F0100F0CD0A269214BDB6903F4E06379
:105440009A4205D21E49CB6923F4E0631A43CA612C
:10545000236813F0200F0CD0E269194B1B6A03F08C
:1054600070039A4205D216490B6A23F070031A435F
:105470000A62FFF7E9FD12498B69C3F30323114A5E
:10548000D35C03F01F03D8408B6903F00F03D35C98
:1054900003F01F0320FA03F30B4A13600B4B186051
:1054A0000B4B1868FCF74EFB70BD012070470120C4
:1054B000FAE70120F8E70120F6E700BF00200052DC
:1054C000004402582C4F010810000024140000244E
:1054D0001C00002408B5FFF7B7FD0B4A9369C3F31E
:1054E00003230A49CB5C03F01F0320FA03F39269FC
:1054F00002F00F02885C00F01F0023FA00F0044A5B
:105500001060044A136008BD004402582C4F010883
:10551000100000241400002408B5FFF7DBFF054B42
:10552000DB69C3F30213044AD35C03F01F03D840C2
:1055300008BD00BF004402582C4F010808B5FFF712
:10554000C9FF054BDB69C3F30223044AD35C03F0B4
:105550001F03D84008BD00BF004402582C4F01086B
:105560003F230360114B1A6902F0070242609A69F7
:1055700002F4706282609A6902F00F02C2609A6956
:1055800002F070020261DA6902F070024261DA69C7
:1055900002F4E06282611B6A03F07003C361044B92
:1055A0001B6803F00F030B60704700BF00440258F4
:1055B00000200052404B9B6A03F00303032B79D079
:1055C00070B505460E463C4A136823F080631360AD
:1055D000FCF7FAFE0446384B1B6813F0006F06D048
:1055E000FCF7F2FE031B022BF5D9032070BD324BF2
:1055F0009A6A22F47C32296842EA01329A626A6825
:10560000013AC2F30802A9680139490289B20A4382
:10561000E9680139090401F4FE010A4329690139E5
:10562000090601F0FE410A439A63DA6A22F0C002D9
:1056300069690A43DA62DA6A22F02002A9690A4338
:10564000DA62DA6A22F01002DA62DA6B6FF3CF0202
:10565000E96942EAC102DA63DA6A42F01002DA6208
:10566000C6B91A46DB6A43F40023D362124A1368B0
:1056700043F080631360FCF7A7FE04460E4B1B68E3
:1056800013F0006F14D1FCF79FFE001B0228F5D920
:105690000320ABE7012E05D0074AD36A43F4001379
:1056A000D362E3E7044AD36A43F48013D362DDE7AD
:1056B00000209BE70120704700440258404B9B6A42
:1056C00003F00303032B79D070B505460E463C4A20
:1056D000136823F080531360FCF776FE0446384BC2
:1056E0001B6813F0005F06D0FCF76EFE031B022B55
:1056F000F5D9032070BD324B9A6A22F07C7229687A
:1057000042EA01529A626A68013AC2F30802A96841
:105710000139490289B20A43E9680139090401F4EF
:10572000FE010A4329690139090601F0FE410A43D5
:105730001A64DA6A22F4406269690A43DA62DA6A50
:1057400022F40072A9690A43DA62DA6A22F48072EA
:10575000DA625A6C6FF3CF02E96942EAC1025A6415
:10576000DA6A42F48072DA62C6B91A46DB6A43F436
:105770008003D362124A136843F080531360FCF72E
:1057800023FE04460E4B1B6813F0005F14D1FCF798
:105790001BFE001B0228F5D90320ABE7012E05D024
:1057A000074AD36A43F08073D362E3E7044AD36ABB
:1057B00043F40003D362DDE700209BE7012070473C
:1057C00000440258F8B50446036813F0006F2FD068
:1057D000436EB3F5001F25D015D8E3B1B3F5801F94
:1057E0000ED102210830FFF7E5FE054675BB934A4E
:1057F000136D23F44013616E0B431365002619E00B
:105800000126354616E0B3F5401F01D10025EEE72D
:10581000012635460EE0894AD36A43F40033D36249
:105820000025E4E702212830FFF748FF0546DDE7C1
:1058300000263546236813F4807F29D0A36D042BFE
:1058400022D8DFE803F005131A0A0A002E46F1E712
:105850007A4AD36A43F40033D362C5B9774A136DE9
:1058600023F00703A16D0B43136511E0002104F140
:105870000800FFF79FFE0546EFE7002104F128002E
:10588000FFF71CFF0546E8E70126354600E02E46F7
:10589000236813F4806F2DD0D4F8A430B3F5800FB3
:1058A0003DD00DD8C3B1B3F5001F06D1002104F1DE
:1058B0000800FFF77FFE054613E00126354619E094
:1058C000B3F5000F0DD0B3F5200F0AD0B3F5C00F1C
:1058D00007D0012635460DE0584AD36A43F4003319
:1058E000D3621DBB554A936D23F46003D4F8A41012
:1058F0000B439365236813F4006F37D0D4F8A830B6
:10590000B3F1007F5ED016D80BB3B3F1807F0FD117
:10591000002104F10800FFF74DFE05461CE00021C0
:1059200004F12800FFF7CAFE0546DAE72E46E1E754
:10593000012635461AE0B3F1806F0DD0B3F1A06FA8
:105940000AD0B3F1407F07D0012635460EE03B4A2E
:10595000D36A43F40033D362002D3AD1374A936DB2
:1059600023F0E063D4F8A8100B439365236813F089
:10597000007F13D0E36C202B35D02FD833B1102B00
:1059800029D12E4AD36A43F40033D36295BB2B4A04
:10599000D36C23F03003E16C0B43D364236813F41E
:1059A000805F4ED0E36DB3F5005F3FD027D87BB367
:1059B000B3F5805F20D1002104F10800FFF7FAFD64
:1059C00005462AE0002104F12800FFF777FE05468E
:1059D000C2E72E46CAE701263546DFE7302BD5D091
:1059E00001263546DAE7022104F10800FFF7E2FD5F
:1059F0000546CBE72E46D1E70126354621E0B3F533
:105A0000405F0AD0B3F5804F07D00126354618E035
:105A10000A4AD36A43F40033D3628DB9074A136D3F
:105A200023F4E043E16D0B4313650AE0002104F128
:105A30002800FFF743FE0546EFE700BF0044025889
:105A40002E46236813F4005F17D0236EB3F5003F92
:105A50004FD042D843B1B3F5803F3BD1012104F18F
:105A60000800FFF7A7FD0546002D49D1924A136DA6
:105A700023F4E023216E0B431365236813F4804F56
:105A800019D0D4F8AC30B3F1005F4AD03DD843B15F
:105A9000B3F1805F36D1012104F10800FFF78AFDE0
:105AA0000546002D44D1844A936D23F0E043D4F899
:105AB000AC100B439365236813F4004F47D0E36E9B
:105AC000B3F1805F36D0B3F1005F4BD0BBB301269A
:105AD00035463CE001263546CFE7B3F5802FC3D0ED
:105AE000B3F5A02FC0D0B3F5403FBDD00126354659
:105AF000C3E7012104F12800FFF7E0FD0546B3E705
:105B00002E46BAE701263546D5E7B3F1804FC8D017
:105B1000B3F1A04FC5D0B3F1405FC2D001263546E6
:105B2000C9E7012104F12800FFF7C8FD0546B8E7E1
:105B30002E46C0E7604AD36A43F40033D362C5B946
:105B40005D4A136D23F04053E16E0B4313652368E8
:105B500013F0807F1CD0A36C032B44D8DFE803F044
:105B6000100B3C10012104F10800FFF723FD05464E
:105B7000E5E72E46EBE7504AD36A43F40033D3629D
:105B8000A5BB4D4AD36C23F00303A16C0B43D36434
:105B9000236813F4800F2BD1236813F0010F00F05A
:105BA000A980A36F282B00F2A380DFE803F091A166
:105BB000A1A1A1A1A1A18BA1A1A1A1A1A1A19AA1F2
:105BC000A1A1A1A1A1A191A1A1A1A1A1A1A191A1E5
:105BD000A1A1A1A1A1A19100022104F10800FFF758
:105BE000E9FC0546CCE701263546D1E72E46CFE74E
:105BF000324A136843F480731360FCF7E5FB0746F1
:105C00002E4B1B6813F4807F05D1FCF7DDFBC01B16
:105C10006428F5D90325002D4AD1274B1B6FD4F8F2
:105C2000B020534013F4407F0CD0234B1A6F22F462
:105C30004072196F41F480311967196F21F4803176
:105C400019671A67D4F8B030B3F5807F15D08DBBD3
:105C5000D4F8B03003F44072B2F5407F1ED0164A3B
:105C6000136923F47C53136113490B6FD4F8B020EC
:105C7000C2F30B0213430B678EE7FCF7A5FB074645
:105C80000D4B1B6F13F0020FE1D1FCF79DFBC01B06
:105C900041F288339842F3D90325D8E706480269D0
:105CA00022F47C52064901EA131313430361DBE734
:105CB0002E4671E72E466FE700440258004802580E
:105CC000CFFFFF00012104F10800FFF773FC054638
:105CD000E5B9B14A536D23F03803A16F0B43536507
:105CE00008E0012104F12800FFF7E8FC0546EFE792
:105CF00001263546236813F0020F17D0636F052B7A
:105D000029D8DFE803F00B05210B0B0B2E46F1E73A
:105D1000012104F10800FFF74DFC0546F5B99E4A44
:105D2000536D23F00703616F0B435365236813F032
:105D3000040F26D0D4F89030052B00F2D680DFE88F
:105D400003F0150FCD151515012104F12800FFF7FB
:105D5000B5FC0546E2E701263546E7E72E46E5E7CE
:105D6000012104F10800FFF725FC0546002D40F055
:105D7000BF80894A936D23F00703D4F890100B433A
:105D80009365236813F0200F1DD0D4F88C30B3F145
:105D9000005F00F0C18000F2B0804BB1B3F1805FD2
:105DA00040F0A880002104F10800FFF703FC05463D
:105DB000002D40F0B880784A536D23F0E043D4F8CA
:105DC0008C100B435365236813F0400F1DD0D4F89B
:105DD0009830B3F5006F00F0BA8000F2A9804BB1A3
:105DE000B3F5806F40F0A180002104F10800FFF7B7
:105DF000E1FB0546002D40F0B180674A936D23F426
:105E0000E053D4F898100B439365236813F0800F88
:105E10001DD0D4F89C30B3F5804F00F0B38000F271
:105E2000A2804BB1B3F5005F40F09A80002104F1ED
:105E30000800FFF7BFFB0546002D40F0AA80564A38
:105E4000936D23F46043D4F89C100B43936523684F
:105E500013F0080F0DD0D4F88030B3F5805F00F058
:105E60009D804D4A536D23F44053D4F880100B436A
:105E70005365236813F0100F0DD0D4F89430B3F5A8
:105E8000807F00F09580444A936D23F44073D4F8EA
:105E900094100B439365236813F4002F00F09D804A
:105EA000D4F8A030B3F5803F00F08C80B3F5003F0C
:105EB00008D0002B40F08D80002104F10800FFF78E
:105EC00079FB0546002D40F08780334A936D23F41B
:105ED0004033D4F8A0100B4393657EE0012104F118
:105EE0002800FFF7EBFB054640E70126354648E76B
:105EF0002E4646E70126354665E7B3F1804F3FF46D
:105F000057AFB3F1A04F3FF453AFB3F1405F3FF44D
:105F10004FAF0126354656E7022104F12800FFF76E
:105F2000CDFB054644E72E464DE7012635466CE796
:105F3000B3F5805F3FF45EAFB3F5A05F3FF45AAFB7
:105F4000B3F5406F3FF456AF012635465DE70221B9
:105F500004F12800FFF7B2FB05464BE72E4654E755
:105F60000126354673E7B3F5004F3FF465AFB3F54F
:105F7000204F3FF461AFB3F5C04F3FF45DAF012652
:105F8000354664E7022104F12800FFF797FB054638
:105F900052E72E465BE700BF00440258022104F19D
:105FA0002800FFF78BFB00283FF45BAF012658E782
:105FB000022104F12800FFF781FB00283FF463AFC2
:105FC000012660E7022104F12800FFF777FB054670
:105FD00078E70126354600E02E46236813F4802F2B
:105FE00024D0D4F88430B3F5001F14D0B3F5401F8B
:105FF00007D0B3F5801F15D17C4AD36A43F4003330
:10600000D36295B9794A536D23F44013D4F88410C0
:106010000B4353650AE0012104F12800FFF74EFB12
:106020000546EEE70126354600E02E46236813F4C8
:10603000803F06D0236DCBB1B3F5803F24D001263D
:106040003546236813F0005F27D1236813F4003F1F
:106050003DD0E36FB3F5807F2BD027D9B3F5007F18
:106060002CD0B3F5407F29D0012630E05F4AD36AB7
:1060700043F40033D36275B95C4AD36C23F48033A4
:10608000216D0B43D364DCE7022104F10800FFF724
:1060900091FA0546EFE72E46D3E7022104F12800E6
:1060A000FFF70CFB0028D0D00126CEE733B1012644
:1060B0000DE04E4AD36A43F40033D362002D5CD125
:1060C0004A4A536D23F44073E16F0B4353652368D1
:1060D00013F4801F06D0454A136D23F00043216F4F
:1060E0000B431365236813F4001F06D03F4A136D5A
:1060F00023F08073A16E0B431365236813F0804F68
:1061000009D03A4B1A6922F400421A611A69D4F88C
:10611000B4100A431A612368002B06DA334AD36CA1
:1061200023F04053616D0B43D364236813F4000FD5
:1061300007D02E4A536D23F44003D4F888100B4344
:106140005365636813F0010F19D1636813F0020FF0
:106150001ED1636813F0040F23D1636813F0080F96
:1061600028D1636813F0100F2DD1636813F0200F4E
:1061700032D106B101263046F8BD2E46A7E70021F0
:1061800004F10800FFF716FA0028DED00646DCE727
:10619000012104F10800FFF70DFA0028D9D00646C6
:1061A000D7E7022104F10800FFF704FA0028D4D051
:1061B0000646D2E7002104F12800FFF77FFA002805
:1061C000CFD00646CDE7012104F12800FFF776FA8B
:1061D0000028CAD00646C8E7022104F12800FFF7CC
:1061E0006DFA0028C5D00126C5E700BF004402585B
:1061F00008B5FFF76FF9054B1B6AC3F30213044A96
:10620000D35C03F01F03D84008BD00BF0044025810
:106210002C4F010810B4794B9A6A9C6AC4F3053C70
:10622000D96AC1F30011DB6BC3F3CC0301FB03F3A9
:1062300014F47C3F00F0DD8002F0030207EE903A98
:10624000F8EE677A012A4BD0022A00F09880002AE3
:1062500040F0B280694B1B6813F0200F23D06749D0
:106260000A68C2F3C102664BD34007EE103AF8EE5B
:10627000476A07EE10CAB8EE476A86EE867A8B6BDD
:10628000C3F3080306EE903AF8EE666A9FED5D6A86
:1062900067EE867A76EEA77AF7EE006A77EEA67A50
:1062A00027EE277A38E007EE10CAF8EE476A9FED2E
:1062B000566A86EE267A514B9B6BC3F3080306EEB3
:1062C000903AF8EE666A9FED4F6A67EE867A76EE50
:1062D000A77AF7EE006A77EEA67A27EE277A1BE018
:1062E00007EE10CAF8EE476A9FED486A86EE267AF6
:1062F000424B9B6BC3F3080306EE903AF8EE666AD6
:106300009FED406A67EE867A76EEA77AF7EE006A2E
:1063100077EEA67A27EE277A384A936BC3F34623A3
:1063200007EE903AF8EE677AF7EE006A77EEA67A13
:1063300087EE276ABCEEC66A80ED006A936BC3F3F2
:10634000064307EE903AF8EE677A77EEA67A87EE84
:10635000276ABCEEC66A80ED016A936BC3F30663DD
:1063600007EE903AF8EE677A77EEA67AC7EE276ADC
:10637000FCEEE66AC0ED026A5DF8044B704707EE7A
:1063800010CAF8EE476A9FED226A86EE267A1B4B0A
:106390009B6BC3F3080306EE903AF8EE666A9FED36
:1063A000196A67EE867A76EEA77AF7EE006A77EEDC
:1063B000A67A27EE277AAFE707EE10CAF8EE476A0B
:1063C0009FED126A86EE267A0C4B9B6BC3F3080393
:1063D00006EE903AF8EE666A9FED0A6A67EE867AF4
:1063E00076EEA77AF7EE006A77EEA67A27EE277A9E
:1063F00092E70023036043608360BDE700440258D6
:106400000090D003000000390024744C0024744A2A
:10641000001BB74B10B4794B9A6A9C6AC4F3055CB5
:10642000D96AC1F300215B6CC3F3CC0301FB03F316
:1064300014F07C7F00F0DD8002F0030207EE903A5A
:10644000F8EE677A012A4BD0022A00F09880002AE1
:1064500040F0B280694B1B6813F0200F23D06749CE
:106460000A68C2F3C102664BD34007EE103AF8EE59
:10647000476A07EE10CAB8EE476A86EE867A0B6C5A
:10648000C3F3080306EE903AF8EE666A9FED5D6A84
:1064900067EE867A76EEA77AF7EE006A77EEA67A4E
:1064A00027EE277A38E007EE10CAF8EE476A9FED2C
:1064B000566A86EE267A514B1B6CC3F3080306EE30
:1064C000903AF8EE666A9FED4F6A67EE867A76EE4E
:1064D000A77AF7EE006A77EEA67A27EE277A1BE016
:1064E00007EE10CAF8EE476A9FED486A86EE267AF4
:1064F000424B1B6CC3F3080306EE903AF8EE666A53
:106500009FED406A67EE867A76EEA77AF7EE006A2C
:1065100077EEA67A27EE277A384A136CC3F3462320
:1065200007EE903AF8EE677AF7EE006A77EEA67A11
:1065300087EE276ABCEEC66A80ED006A136CC3F36F
:10654000064307EE903AF8EE677A77EEA67A87EE82
:10655000276ABCEEC66A80ED016A136CC3F306635A
:1065600007EE903AF8EE677A77EEA67AC7EE276ADA
:10657000FCEEE66AC0ED026A5DF8044B704707EE78
:1065800010CAF8EE476A9FED226A86EE267A1B4B08
:106590001B6CC3F3080306EE903AF8EE666A9FEDB3
:1065A000196A67EE867A76EEA77AF7EE006A77EEDA
:1065B000A67A27EE277AAFE707EE10CAF8EE476A09
:1065C0009FED126A86EE267A0C4B1B6CC3F3080310
:1065D00006EE903AF8EE666A9FED0A6A67EE867AF2
:1065E00076EEA77AF7EE006A77EEA67A27EE277A9C
:1065F00092E70023036043608360BDE700440258D4
:106600000090D003000000390024744C0024744A28
:10661000001BB74B10B402685369916941F008013F
:10662000916101688A6942F010028A6101680A6812
:1066300022F001020A6001680C69294A22400A61BD
:1066400001688A6822F440428A6090F88120D2B2C0
:10665000042A0DD013F0200F0AD0D0F8842042F085
:106660008002C0F8842001688A6942F020028A61B1
:1066700090F88120D2B2032A0DD013F0400F0AD037
:10668000D0F8842042F00402C0F8842001688A69AE
:1066900042F040028A6113F4007F0AD0D0F88420CF
:1066A00042F00102C0F8842001688A6942F4007255
:1066B0008A6113F4807F0AD0D0F8843043F0080355
:1066C000C0F884300268936943F4807393610023B7
:1066D000A0F86230A0F86A305DF8044B704700BF44
:1066E00090FCFFFFC36B5B09C0680830C00803FB68
:1066F000000070472DE9F84380460F4616461D46B8
:10670000DDF8209000E0BDB1D8F800305C6937EAD0
:1067100004040CBF01230023B3420AD1FBF754FE4B
:10672000A0EB0900A842EED3B5F1FF3FEBD0032068
:1067300000E00020BDE8F8830320FBE7002800F01C
:10674000B78070B504460023836205685C4B5D4EDC
:106750009D4218BFB54214BF0126002607D0A3F5FD
:1067600074439D4203D0C3680F2B00F2A3802046E0
:10677000FFF7B8FF2EB1544B9D4202D0082800F21B
:106780009B804F4A4F4B9D4218BF954203D003F563
:1067900080639D4202D1102800F2908094F88130ED
:1067A000F3B1022384F881302268136823F00103D7
:1067B000136023689A6802F4F812A169B1F1806F3E
:1067C00014D0636813F4800F23D0E368062B20D91C
:1067D00021680B6823F48073206D03430B601DE078
:1067E00084F880302046FBF7A9F8DAE76168B1F554
:1067F000800F06D00029E4D1A16BB1F1805FE0D118
:1068000002E0A06B0028F5D1196841F480511960AD
:10681000D7E721680B6823F480730B60E369A16AF2
:106820000B431343E26B1343E16822680B4393600D
:10683000636B626A1343A26B1343A2691343226919
:10684000134362691343226A134362681343E26C81
:106850001343A2681343A26C1343A16D22680B4338
:10686000D36063686BB92268936823F4C05343F420
:10687000006393602268936823F4C06343F48063E9
:1068800093602268136D23F001031365636813F4AA
:10689000800F06D02268D36823F00043616D0B435C
:1068A000D3600020C4F88400012384F8813070BDD7
:1068B000012070470120FAE70120F8E70120F6E700
:1068C0000030014000380040003C00402DE9F04716
:1068D00082B004468A4691461D46D0F80080FBF7F8
:1068E00073FD94F88160F6B2012E40F048810746AE
:1068F000B9F1000F18BFBAF1000F00F0418194F810
:106900008030012B00F04081012384F88030032384
:1069100084F881300023C4F88430C4F85CA0A4F863
:106920006090A4F862906366A4F86830A4F86A30B6
:1069300063672367A368B3F5C02F1CD02268D368B0
:1069400023F4C02343F40033D360226853686FF309
:106950000F0349EA030353602268136843F00103FD
:1069600013606368B3F5800F0BD0E3680F2B1BD85F
:10697000072B4DD8ACE02268136843F40063136022
:10698000E3E72268136843F400731360EDE7E26DF8
:1069900012681A62E36D0433E365B4F8622092B2C0
:1069A000013A92B2A4F86220B4F862309BB2002B94
:1069B00000F0C98023685A6912F0020FE7D1FBF793
:1069C00003FDC01BA84202D3B5F1FF3F01D1002D4A
:1069D000EAD12046FFF71EFED4F8843043F48073DA
:1069E000C4F88430012384F88130002384F8803097
:1069F0000326C5E0E36D1B88A8F82030E36D023361
:106A0000E365B4F862309BB2013B9BB2A4F86230FC
:106A1000B4F862309BB2002B00F095802268536975
:106A200013F0020F15D0B4F862309BB2012BE1D9FC
:106A3000E36B002BDED0E36D1B681362E36D043360
:106A4000E365B4F862309BB2023B9BB2A4F86230BB
:106A5000DEE7FBF7B9FCC01BA84202D3B5F1FF3F4C
:106A600001D1002DD4D12046FFF7D4FDD4F88430D5
:106A700043F48073C4F88430012384F88130002308
:106A800084F8803003267BE0B4F862309BB2012B9F
:106A900010D9E36B73B1E36D1B88A8F82030E36D68
:106AA0000233E365B4F862309BB2023B9BB2A4F8B8
:106AB00062300DE0E36D1B7882F82030E36D013326
:106AC000E365B4F862309BB2013B9BB2A4F862303C
:106AD000B4F862309BB2002B35D02268536913F0B2
:106AE000020F15D0B4F862309BB2032BCCD9E36B04
:106AF000402BC9D9E36D1B681362E36D0433E36572
:106B0000B4F862309BB2043B9BB2A4F86230DFE77A
:106B1000FBF75AFCC01BA84202D3B5F1FF3F01D1DD
:106B2000002DD5D12046FFF775FDD4F8843043F40D
:106B30008073C4F88430012384F88130002384F802
:106B4000803003261CE000972B46002208212046B7
:106B5000FFF7D0FD28B1D4F8843043F02003C4F807
:106B600084302046FFF756FD012384F8813000234E
:106B700084F88030D4F8843013B9002600E002266F
:106B8000304602B0BDE8F0870226F9E72DE9F04F64
:106B900083B004468A4691461D46D0F800B0C66BC5
:106BA000C6F34F16FBF710FC94F88170FFB2012F6B
:106BB00040F02D820136B6B28046B9F1000F18BF01
:106BC000BAF1000F00F02482002D00F0218294F829
:106BD0008030012B00F02082012384F880300523CF
:106BE00084F881300023C4F88430C4F86490A4F899
:106BF0006A50A4F86850C4F85CA0A4F86250A4F8E5
:106C00006050236763672268D36823F4C023D3608E
:106C100022689C499C4B9A4218BF8A4209D003F5CE
:106C200080639A4202D04FF0080904E04FF0100947
:106C300001E04FF0100953686FF30F032B435360CB
:106C40002268136843F0010313606368B3F5800F93
:106C500006D0E3680F2B7AD94FEA990BA9461FE0BB
:106C60002268136843F400731360F2E723685A69DB
:106C7000B9F1000F14D0596911F0010F32D0626ED2
:106C80001B6B1360636E04336366B4F86A309BB2A7
:106C9000013B9BB2A4F86A30B4F86A901FFA89F9F4
:106CA00045EA09039BB2002B00F0948123685A69DE
:106CB00012F0020FDAD0002DD8D005EB0B0291456F
:106CC000D4D2E26D12681A62E36D0433E365B4F85E
:106CD00062309BB2013B9BB2A4F86230B4F86250C0
:106CE000ADB2C3E7B14514D212F4004F11D0626EB9
:106CF0001B6B1360636E04336366B4F86A309BB237
:106D0000013B9BB2A4F86A30B4F86A901FFA89F983
:106D1000C6E7FBF759FBA0EB08000C9B984202D397
:106D2000B3F1FF3F02D10C9B002BB9D12046FFF7F6
:106D300071FCD4F8843043F48073C4F884300123A8
:106D400084F88130002384F88030032760E1072B2A
:106D500040F23E814FEA59039A46A9461AE0236859
:106D60005A69B9F1000F15D05B6913F0010F34D0E7
:106D7000636EBBF830201A80636E02336366B4F82A
:106D80006A309BB2013B9BB2A4F86A30B4F86A90B7
:106D90001FFA89F945EA09039BB2002B00F01A811A
:106DA00023685B6913F0020FD9D0002DD7D053466A
:106DB000EB189945D3D2E36D1B88ABF82030E36D17
:106DC0000233E365B4F862309BB2013B9BB2A4F896
:106DD0006230B4F86250ADB2C1E7B1451BD212F4D3
:106DE000004F18D0636EBBF830201A80636E9A1C77
:106DF0006266BBF830205A80636E02336366B4F873
:106E00006A309BB2023B9BB2A4F86A30B4F86A9035
:106E10001FFA89F9BEE7B9F1010F15D112F4005F2D
:106E200012D0636EBBF830201A80636E0233636643
:106E3000B4F86A309BB2013B9BB2A4F86A30B4F854
:106E40006A901FFA89F9A5E7FBF7BEFAA0EB0800E4
:106E50000C9B984202D3B3F1FF3F02D10C9B002B55
:106E600098D12046FFF7D6FBD4F8843043F48073E2
:106E7000C4F88430012384F88130002384F8803002
:106E80000327C5E0003001400038004023685A69FC
:106E9000BBF1000F15D0596911F0010F34D0626EAB
:106EA00093F830301370636E01336366B4F86A3060
:106EB0009BB2013B9BB2A4F86A30B4F86AB01FFAE7
:106EC0008BFB45EA0B039BB2002B00F08380236809
:106ED0005A6912F0020FD9D0002DD7D005EB090264
:106EE0009345D3D2E26D127883F82020E36D01330D
:106EF000E365B4F862309BB2013B9BB2A4F8623008
:106F0000B4F86250ADB2C1E7B3452AD212F4004FD3
:106F100027D0626E93F830301370636E5A1C62662D
:106F2000226892F830205A70636E5A1C626622689A
:106F300092F830205A70636E5A1C6266226892F88A
:106F400030205A70636E01336366B4F86A309BB2C6
:106F5000043B9BB2A4F86A30B4F86AB01FFA8BFB0A
:106F6000AFE7BBF1030F15D812F4C04F12D0626E19
:106F700093F830301370636E01336366B4F86A308F
:106F80009BB2013B9BB2A4F86A30B4F86AB01FFA16
:106F90008BFB96E7FBF718FAA0EB08000C9B9842D6
:106FA00002D3B3F1FF3F02D10C9B002B89D12046C5
:106FB000FFF730FBD4F8843043F48073C4F8843096
:106FC000012384F88130002384F8803003271FE0F8
:106FD000AB4676E7CDF800800C9B002208212046C6
:106FE000FFF788FB28B1D4F8843043F02003C4F8BD
:106FF00084302046FFF70EFB012384F88130002304
:1070000084F88030D4F8843013B9002700E00227D8
:10701000384603B0BDE8F08F0227F9E770477047A4
:107020007047704708B5806B0023A0F86A30A0F85D
:107030006230012380F88130FFF7F3FF08BD70470D
:107040002DE9F843044606683269736902EA0305CC
:10705000D6F8089090F88170FFB213F4006F02D058
:1070600012F0080F3FD105F06403042B42D0002337
:1070700005F04508B8F1010F44D005F02602022AB8
:1070800045D0002B46D115F0080F79D022689369BE
:1070900043F0080393612268936943F010039361FE
:1070A0002268936943F4006393612268136923F0B3
:1070B0000803136123689B6813F4404F3BD02046BC
:1070C000FFF7A8FA012384F88130D4F88430002B2C
:1070D0004AD1052F4CD0042F4ED0032F1AD1204671
:1070E000FFF79CFF16E0B36943F40063B361FFF759
:1070F000A6FF0FE0636F20469847236F204698470E
:107100000123B5E7236F204698474346B5E7636FF1
:1071100020469847BDE8F883072B1CD9636E328E52
:107120001A80636E02336366B4F86A309BB2013B27
:107130009BB2A4F86A30B4F86A309BB2002BBED080
:10714000E3680F2BE8D92268636E126B1A60636ED6
:1071500004336366E8E72268636E92F830201A70A1
:10716000636E01336366DFE72046FFF75AFFD1E71E
:107170002046FFF755FFCDE72046FFF750FFC9E750
:1071800015F4587FC6D015F0400F0AD0D4F88430DB
:1071900043F00403C4F884302268936943F0400349
:1071A000936115F4007F0AD0D4F8843043F00103D2
:1071B000C4F884302268936943F40073936115F432
:1071C000807F0AD0D4F8843043F00803C4F88430B8
:1071D0002268936943F48073936115F0200F0AD0FD
:1071E000D4F8843043F08003C4F884302268936973
:1071F00043F020039361D4F88430002B8AD02268B6
:10720000136823F001031360226811691A4B0B40C5
:10721000136109F44049B9F5404F25D122689368BC
:1072200023F440439360E36F5BB1144A1A65E06F47
:10723000FCF700F828B1D4F8843043F04003C4F8D8
:107240008430A36F002B3FF465AF0C4A1A65A06F22
:10725000FBF7F0FF00283FF45DAFD4F8843043F033
:107260004003C4F8843055E7012384F88130204678
:10727000FFF7D7FE4EE700BF94FCFFFF2570000824
:107280007047000090F83D30DBB2012B42D1022361
:1072900080F83D300268D36843F00103D36003688F
:1072A0001E4AB3F1804F18BF934225D0A2F57C420D
:1072B000934221D002F5806293421DD002F5806294
:1072C000934219D002F57842934215D0A2F56C4250
:1072D000934211D002F5943293420DD0A2F5C042F0
:1072E000934209D002F58062934205D01A6842F0B9
:1072F00001021A60002070479968094A0A40062A6C
:1073000018BFB2F5803F07D01A6842F001021A6038
:1073100000207047012070470020704700000140A6
:1073200007000100704770477047704770B504460A
:107330000368DE681D6915F0020F10D016F0020F09
:107340000DD06FF002021A610123037703689B6975
:1073500013F0030F64D0FFF7E6FF0023237715F047
:10736000040F12D016F0040F0FD023686FF0040240
:107370001A610223237723689B6913F4407F55D059
:107380002046FFF7D0FF0023237715F0080F12D017
:1073900016F0080F0FD023686FF008021A6104235B
:1073A00023772368DB6913F0030F46D02046FFF7ED
:1073B000BAFF0023237715F0100F12D016F0100F2C
:1073C0000FD023686FF010021A6108232377236817
:1073D000DB6913F4407F37D02046FFF7A4FF00237A
:1073E000237715F0010F02D016F0010F33D115F4F9
:1073F000025F02D016F0800F35D115F4807F02D0E5
:1074000016F0800F37D115F0400F02D016F0400F64
:1074100039D115F0200F02D016F0200F3BD170BDEE
:10742000FFF780FF2046FFF77FFF96E72046FFF734
:1074300079FF2046FFF778FFA5E72046FFF772FFA8
:107440002046FFF771FFB4E72046FFF76BFF2046A9
:10745000FFF76AFFC3E723686FF001021A61204655
:10746000FAF73EF9C3E723686FF402521A61204627
:1074700000F0E3F8C1E723686FF480721A612046D8
:1074800000F0DCF8BFE723686FF040021A61204685
:10749000FFF74BFFBDE723686FF020021A6120461B
:1074A00000F0CAF8BBE7000030B50368424A9042DA
:1074B00014BF4FF0000E4FF0010EB0F1804F14BF1B
:1074C00072464EF00102AAB93C4CA04214BF0024FF
:1074D00001243B4DA8420DD064B904F1804404F569
:1074E0008234A04214BF0024012405F50065A8429F
:1074F00000D01CB123F070034C68234362BB2F4AB9
:10750000904214BF002201222D4CA04224D01ABB6D
:1075100002F1804202F58232904214BF0022012221
:1075200004F50064A04217D0B2B9264A904214BFB5
:107530000022012204F59A34A0420DD062B9224AF9
:10754000904214BF0022012204F50064A04203D03F
:1075500012B91E4A904204D123F4407CCB6843EA1E
:107560000C0323F080034A69134303608A68C262F4
:107570000A688262164A904214BF73464EF00103B5
:1075800063B9104B984214BF0023012302F57052D7
:10759000904203D013B90F4B984201D10B6903639A
:1075A00001234361036913F0010F03D0036923F042
:1075B0000103036130BD00BF00000140000800402E
:1075C000000400400044014000E0004000E40040AE
:1075D000000401400048014060B310B5044690F833
:1075E0003D3013B3022384F83D30214651F8040B9B
:1075F000FFF75AFF012384F8483084F83E3084F8BE
:107600003F3084F8403084F8413084F8423084F8C8
:10761000433084F8443084F8453084F8463084F8A8
:10762000473084F83D30002010BD80F83C30FFF733
:1076300027FED7E701207047704770477047026800
:1076400052E8003F23F0C00342E800310029F6D1A0
:10765000026802F1080353E8003F23F400030832F4
:1076600042E800310029F3D12023C0F88830704768
:10767000026852E8003F23F4907342E80031002989
:10768000F6D1026802F1080353E8001F0D4B0B40CE
:10769000083242E800310029F3D1C36E012B06D035
:1076A0002023C0F88C300023C3664367704702680C
:1076B00052E8003F23F0100342E800310029F6D1E0
:1076C000EEE700BFFEFFFFEF704708B5026852E823
:1076D000003F23F0400342E800310029F6D1202387
:1076E000C0F8883000238367FFF7EEFF08BD7047BE
:1076F000704738B5846BD4F88820D4F88C50236850
:107700009B6813F0800F01D0212A10D023689B685A
:1077100013F0400F01D0222D10D0D4F8903043F058
:107720001003C4F89030204605F092F838BD0023CD
:10773000A4F856302046FFF782FFE7E70023A4F8BD
:107740005E302046FFF794FFE7E708B5806B002323
:10775000A0F85E30A0F8563005F07AF808BD0000B9
:1077600070B504460268D3691068916840F60F0C42
:1077700013EA0C0F0DD113F0200F10D010F0200FD2
:1077800002D111F0805F0AD0636F93B3204698470F
:107790002FE0884D0D402DD1874E30422AD1E56E25
:1077A000012D00F0C08013F4801F03D011F4800F6E
:1077B00040F0948113F0800F07D010F0800F40F05C
:1077C000948111F4000F40F0908113F0400F03D02A
:1077D00010F0400F40F0908113F4000F03D010F030
:1077E000804F40F08D8113F0807F02D00028C0F2DE
:1077F0008B8170BD13F0010F09D010F4807F06D08B
:1078000001261662D4F890203243C4F8902013F079
:10781000020F0BD011F0010F08D022680226166269
:10782000D4F8902042F00402C4F8902013F0040F22
:107830000BD011F0010F08D0226804261662D4F88C
:10784000902042F00202C4F8902013F0080F0BD0F1
:1078500010F0200F00D13DB1226808251562D4F840
:1078600090202A43C4F8902013F4006F0CD010F03D
:10787000806F09D022684FF400651562D4F890201B
:1078800042F02002C4F89020D4F89020002AB0D012
:1078900013F0200F09D010F0200F02D111F0805FFB
:1078A00003D0636F0BB120469847D4F8902023682B
:1078B0009B6813F0400F02D112F0280F2CD0204605
:1078C000FFF7D6FE23689B6813F0400F20D0226894
:1078D00002F1080353E8003F23F04003083242E876
:1078E00000310029F3D1D4F880306BB1334A1A65E6
:1078F000D4F88000FBF79EFC00283FF47AAFD4F860
:107900008000036D984774E7204604F0A1FF70E7FC
:10791000204604F09DFF6CE7204604F099FF002309
:10792000C4F8903065E713F0100F3FF43CAF10F04F
:10793000100F3FF438AF1023136223689B6813F0D5
:10794000400F00F09180D4F8802013681C481D4936
:107950008B4218BF834237D018318B4234D0183154
:107960008B4231D018318B422ED018318B422BD024
:1079700018318B4228D018318B4225D001F5567131
:107980008B4221D018318B421ED018318B421BD034
:1079900018318B4218D018318B4215D018318B42D8
:1079A00012D018318B420FD018318B420CD05B684B
:1079B0009BB20BE001000010200100044B7700088F
:1079C00010000240280002405B689BB2002B3FF48D
:1079D00010AFB4F85C1099427FF60BAFA4F85E309C
:1079E000D369B3F5807F32D0226852E8003F23F498
:1079F000807342E800310029F6D1226802F10803C1
:107A000053E8003F23F00103083242E80031002927
:107A1000F3D1226802F1080353E8003F23F040034A
:107A2000083242E800310029F3D12023C4F88C3019
:107A30000023E366226852E8003F23F0100342E887
:107A400000310029F6D1D4F88000FBF753FA022365
:107A50002367B4F85C10B4F85E309BB2C91A89B2DF
:107A6000204604F0B3FEC4E6B4F85C10B4F85E300F
:107A70009BB2C91A89B2B4F85E309BB2002B3FF4B6
:107A8000B8AE00293FF4B5AE226852E8003F23F4B7
:107A9000907342E800300028F6D1226802F1080312
:107AA00053E8000F1A4B0340083242E80030002828
:107AB000F3D12023C4F88C300023E3666367226887
:107AC00052E8003F23F0100342E800300028F6D1CE
:107AD00002232367204604F079FE8AE64FF48013E0
:107AE0001362204600F006FE83E6A36F002B3FF4EE
:107AF00080AE204698477CE62046FFF7E6FD78E614
:107B0000204600F0F9FD74E6204600F0F4FD70E632
:107B1000FEFFFFEF08B5806B01230367C36E012BE7
:107B200002D0FFF7E5FD08BDB0F85C10490804F08D
:107B30004DFEF8E708B50346806BDB69B3F5807F3F
:107B400029D00023A0F85E30026852E8003F23F4F9
:107B5000807342E800310029F6D1026802F108037F
:107B600053E8003F23F00103083242E800310029C6
:107B7000F3D1026802F1080353E8003F23F0400309
:107B8000083242E800310029F3D12023C0F88C30BC
:107B9000C36E012B07D000230367C36E012B0CD0EB
:107BA000FFF7A5FD08BD026852E8003F23F010036F
:107BB00042E800310029F6D1EDE7B0F85C1004F09E
:107BC00005FEEFE770B586B004468368026913438B
:107BD00042691343C269134301680868904A02402E
:107BE0001A430A602268536823F44053E1680B4348
:107BF0005360A16922688B4B9A4201D0236A1943D2
:107C00009068894B03400B4393602268D36A23F04A
:107C10000F03616A0B43D3622368844A934229D0DD
:107C2000834A934200F09480824A934200F0AA80F3
:107C3000814A934200F0C080804A934200F0D6808F
:107C40007F4A934200F008817E4A934200F02D81E2
:107C50007D4A934200F040817C4A934200F0538178
:107C60007B4A934200F078816E4A934200F09D81F6
:107C7000802233E0774A526D02F03802282A65D814
:107C8000DFE812F02900640064006400640064000E
:107C900064006400AB01640064006400640064007C
:107CA000640064002B0064006400640064006400ED
:107CB000640064005E0064006400640064006400AA
:107CC0006400640060006400640064006400640098
:107CD000640064006200012200E0082251498B42E6
:107CE00000F09481E069B0F5004F00F00A82202A8C
:107CF00000F26182202A00F2AE82DFE812F0630215
:107D00007D02AC02AC028002AC02AC02AC02850285
:107D1000AC02AC02AC02AC02AC02AC02AC028A0215
:107D2000AC02AC02AC02AC02AC02AC02AC02AC02E3
:107D3000AC02AC02AC02AC02AC02AC02AC029602E9
:107D40001022CBE72022C9E74022C7E78022C5E7FF
:107D5000404A526D02F00702052A11D8DFE812F0FE
:107D600006003F0108000A000C000E000022B5E7E3
:107D70000822B3E71022B1E72022AFE74022ADE7A7
:107D80008022ABE7334A526D02F00702052A11D870
:107D9000DFE812F00600270108000A000C000E00C0
:107DA00000229BE7082299E7102297E7202295E717
:107DB000402293E7802291E7264A526D02F00702A3
:107DC000052A11D8DFE812F006000F0108000A00AA
:107DD0000C000E00002281E708227FE710227DE7D9
:107DE00020227BE7402279E7802277E7194A526D0B
:107DF00002F00702052A11D8DFE812F00600F700AA
:107E000008000A000C000E00002267E7082265E760
:107E1000102263E7202261E740225FE780225DE7CE
:107E2000F369FFCF000C0058FFF4FF110010014070
:107E30000044004000480040004C0040005000401A
:107E40000014014000780040007C00400018014010
:107E5000001C014000440258694A526D02F0380289
:107E6000282A20D8DFE802F0151F1F1F1F1F1F1F21
:107E7000C31F1F1F1F1F1F1F171F1F1F1F1F1F1F76
:107E8000191F1F1F1F1F1F1F1B1F1F1F1F1F1F1F0C
:107E90001D00012222E7082220E710221EE72022EF
:107EA0001CE740221AE7802218E7554A526D02F07B
:107EB0000702052A0ED8DFE802F0039C0507090B2C
:107EC00000220BE7082209E7102207E7202205E736
:107ED000402203E7802201E7494A526D02F007027F
:107EE000052A0ED8DFE802F003870507090B0022F8
:107EF000F4E60822F2E61022F0E62022EEE6402226
:107F0000ECE68022EAE63E4A526D02F03802282A68
:107F100020D8DFE802F0151F1F1F1F1F1F1F721F31
:107F20001F1F1F1F1F1F171F1F1F1F1F1F1F191F6F
:107F30001F1F1F1F1F1F1B1F1F1F1F1F1F1F1D0076
:107F40000122CBE60822C9E61022C7E62022C5E6B8
:107F50004022C3E68022C1E6294A526D02F038026F
:107F6000282A20D8DFE802F0151F1F1F1F1F1F1F20
:107F70004E1F1F1F1F1F1F1F171F1F1F1F1F1F1FEA
:107F8000191F1F1F1F1F1F1F1B1F1F1F1F1F1F1F0B
:107F90001D000122A2E60822A0E610229EE6202271
:107FA0009CE640229AE6802298E602F50E32926D17
:107FB00002F00702052A0ED8DFE802F003260507C3
:107FC000090B02228AE6082288E6102286E6202291
:107FD00084E6402282E6802280E604227EE60422B5
:107FE0007CE604227AE6042278E6042276E604227D
:107FF00074E6042272E6042270E604226EE600BFF4
:1080000000440258042269E6042267E6202A27D8A1
:10801000022AC0F00E81023A1E2A00F20C81DFE82B
:1080200012F026000A0156000A010A010A015B004B
:108030000A010A010A010A010A010A010A01600093
:108040000A010A010A010A010A010A010A010A01D8
:108050000A010A010A010A010A010A010A016C0067
:10806000402A02D14FF4004006E00120F4E0FEF780
:10807000BFF8002800F0E180626A7E4B33F81220DE
:10808000B0FBF2F3656805EB4501994200F2D78039
:10809000B3EB053F00F2D580002633463146F8F7B2
:1080A0003BFB090241EA106100026B08C0182A4636
:1080B000334641F10001F8F72FFBA0F540726E4BFB
:1080C0009A4200F2C0802368D8603046C4E003A81A
:1080D000FEF7A0F80498CCE76846FEF79BF90198F4
:1080E000C7E7664B1B6813F0200F08D0634B1B6873
:1080F000C3F3C1036248D840BEE76248BCE76048AA
:10810000BAE7202A15D8202A00F29F80DFE802F083
:1081100015369D9D399D9D9D3E9D9D9D9D9D9D9D41
:10812000439D9D9D9D9D9D9D9D9D9D9D9D9D9D9DD9
:108130004F00402A06D001208EE0FDF7EDF900281F
:1081400000F08580626A4B4B33F81230B0FBF3F0DD
:108150006268530803EB4003B3FBF2F3A3F1100191
:108160004FF6EF72914274D89AB222F00F02C3F325
:10817000420313432268D36000206DE0FDF7DEF96F
:10818000DDE703A8FEF746F80498D8E76846FEF74F
:1081900041F90198D3E7394B1B6813F0200F08D041
:1081A000364B1B68C3F3C1033548D840CAE735488E
:1081B000C8E73348C6E7402A02D14FF4004005E043
:1081C000012049E0FDF7A8F900284FD0626A294B49
:1081D00033F81230B0FBF3F0636800EB5300B0FBF0
:1081E000F3F0A0F110024FF6EF739A4240D82368E3
:1081F00080B2D86000202FE0FDF7A0F9E4E703A8E3
:10820000FEF708F80498DFE76846FEF703F90198DF
:10821000DAE71A4B1B6813F0200F08D0174B1B68C6
:10822000C3F3C1031648D840D0E71648CEE7144838
:10823000CCE7012010E001200EE000200CE001203E
:108240000AE0012008E0012006E0012004E000200F
:1082500002E0012000E001200123A4F86A30A4F824
:10826000683000236367A36706B070BD0020F3E7A2
:108270000120F1E7544F0108FFFC0F0000440258B1
:108280000090D00300093D00836A13F0080F06D068
:108290000268536823F40043816B0B435360836A85
:1082A00013F0010F06D00268536823F40033C16A4B
:1082B0000B435360836A13F0020F06D002685368C1
:1082C00023F48033016B0B435360836A13F0040F74
:1082D00006D00268536823F48023416B0B4353603C
:1082E000836A13F0100F06D00268936823F480535A
:1082F000C16B0B439360836A13F0200F06D00268B2
:10830000936823F40053016C0B439360836A13F06A
:10831000400F0AD00268536823F48013416C0B436A
:108320005360436CB3F5801F0BD0836A13F0800F4A
:1083300006D00268536823F40023C16C0B435360DA
:1083400070470268536823F4C003816C0B43536089
:10835000EBE72DE9F84305460E4617469946DDF84A
:1083600020802B68DC6936EA04040CBF0124002459
:10837000BC423AD1B8F1FF3FF3D0FAF725F8A0EBB1
:108380000900404534D8B8F1000F33D02B681A6883
:1083900012F0040FE5D0B6F1400218BF0122802E82
:1083A000DFD0002ADDD0DA6912F0080F11D1DA69C6
:1083B00012F4006FD5D04FF400621A622846FFF71E
:1083C00057F92023C5F89030002385F88430032026
:1083D0000CE008241C622846FFF74AF9C5F89040D3
:1083E000002385F88430012000E00020BDE8F883F8
:1083F0000320FBE70320F9E72DE9F04182B01E4698
:10840000D0F88830202B5BD104460D469046002AD8
:1084100018BF002901D1012053E00023C0F890309B
:108420002123C0F88830F9F7CFFF0746A4F854801D
:10843000A4F85680A368B3F5805F02D04FF000081F
:1084400016E0236943B34FF0000811E02023C4F87D
:108450008830032035E038F8023B2268C3F3080374
:108460009362B4F8562092B2013A92B2A4F8562020
:10847000B4F856309BB293B100963B46002280215F
:108480002046FFF766FF0028E0D1002DE3D015F865
:10849000012B23689A62E4E7A8460025E8E70096E6
:1084A0003B46002240212046FFF753FF18B9202306
:1084B000C4F8883005E02023C4F88830032000E0A9
:1084C000022002B0BDE8F08130B583B0044600233D
:1084D000C0F89030F9F778FF05462268126812F06C
:1084E000080F10D123681B6813F0040F28D1202334
:1084F000C4F88830C4F88C300020E066206784F827
:10850000840003B030BD6FF07E4300930346002229
:108510004FF400112046FFF71CFF0028E2D022682C
:1085200052E8003F23F0800342E800310029F6D1F1
:108530002023C4F88830002384F884300320E0E747
:108540006FF07E4300932B4600224FF480012046BB
:10855000FFF7FFFE0028CAD0226852E8003F23F44C
:10856000907342E800310029F6D1226802F1080335
:1085700053E8003F23F00103083242E800310029AC
:10858000F3D12023C4F88C30002384F884300320F6
:10859000B7E778B310B50446D0F888300BB324237E
:1085A000C4F888302268136823F001031360A36ABB
:1085B000E3B92046FFF706FB012811D02268536873
:1085C00023F4904353602268936823F02A03936056
:1085D0002268136843F0010313602046FFF774FF1D
:1085E00010BD80F88430F9F7F5FCD8E72046FFF796
:1085F0004BFEDEE70120704710B504461346816547
:10860000A0F85C200022C0F890202222C0F88C2024
:10861000D0F88020AAB12149D163D0F88020204928
:108620001164D0F880201F49D164D0F88020002147
:1086300011650168826D2431D0F88000FAF70EFBD5
:1086400020BB236943B1226852E8003F43F48073A2
:1086500042E800310029F6D1226802F1080353E80C
:10866000003F43F00103083242E800310029F3D112
:10867000226802F1080353E8003F43F04003083248
:1086800042E800310029F3D1002010BD1023C4F8C6
:1086900090302023C4F88C300120F6E7357B0008A9
:1086A000157B0008F3760008436E2BB90123A0F870
:1086B0006A30A0F86830704730B403689A68C2F333
:1086C00042629968490F094D6B5C1B01084C615C63
:1086D00093FBF1F3A0F86A30AB5C1B01A25C93FB47
:1086E000F2F3A0F8683030BC704700BF744F010847
:1086F0006C4F010870477047704790F88430012B29
:1087000018D0012380F884302423C0F8883003680F
:108710001A68196821F00101196022F00052002343
:10872000436601680A602022C0F8882080F88430FF
:10873000184670470220704738B590F88430012BF6
:108740001DD00446012380F884302423C0F88830EB
:1087500003681D681A6822F001021A6002689368B3
:1087600023F0604319439160FFF79EFF23681D606B
:108770002023C4F88830002084F8840038BD02200B
:10878000FCE738B590F88430012B1DD00446012356
:1087900080F884302423C0F8883003681D681A6884
:1087A00022F001021A600268936823F060631943A3
:1087B0009160FFF779FF23681D602023C4F888309B
:1087C000002084F8840038BD0220FCE7D0F88C300B
:1087D000202B21D110B50446002A18BF002901D151
:1087E000012010BD0123C36600230367FFF704FFC8
:1087F0000028F6D1E36E012B01D00120F1E72368B8
:1088000010221A62226852E8003F43F0100342E847
:1088100000310029F6D1E4E702207047842801D016
:10882000033070470020704708B500F06DFD002050
:1088300008BD2DE9F04387B00E464469C4B185698F
:10884000B5B14768D0F80080D0F81090B0F90800B2
:10885000FFF7E4FF02950194009033464A464146F3
:10886000384600F0E1FC0590059807B0BDE8F083BC
:10887000446805680769B0F90800FFF7CFFF05AB4A
:10888000019300903346BAB22946204600F009FD14
:108890000128E9D00020E8E708B500B9012000F080
:1088A00085FE002008BD00F1080343604FF0FF3251
:1088B0008260C3600361002303607047002303618B
:1088C000704743684B609A688A605160996008619C
:1088D000036801330360704730B40D68B5F1FF3FA2
:1088E00011D000F108031C465B681A68AA42FAD945
:1088F00063684B6099608C60616008610368013354
:10890000036030BC70470469F2E70369416882681C
:108910008A60416851605A68824206D00022026132
:108920001A68013A1A601868704782685A60F5E759
:1089300082B0002301930D4B1B68B3F1FF3F08D0B9
:108940004FF0500383F31188BFF36F8FBFF34F8F46
:10895000FEE74FF0500383F31188BFF36F8FBFF32F
:108960004F8F019B002BFCD002B0704720000024E9
:1089700008480068006880F308884FF0000080F322
:10898000148862B661B6BFF34F8FBFF36F8F00DFFD
:1089900000BF000008ED00E0DFF80C00016841F4C2
:1089A000700101607047000088ED00E04FF08073B7
:1089B00040F8043C21F0010140F8081C054B40F848
:1089C0000C3C40F8202C6FF0020340F8243C443863
:1089D000704700BF3189000800000000000000005F
:1089E000074B19680868B0E8F04F80F30988BFF3B7
:1089F0006F8F4FF0000080F311887047AFF3008055
:108A0000348A00244FF0500383F31188BFF36F8F33
:108A1000BFF34F8F0B4A136801331360012B00D053
:108A200070474FF0E023D3F8043D13F0FF0FF7D069
:108A30004FF0500383F31188BFF36F8FBFF34F8F55
:108A4000FEE700BF20000024094B1B6843B94FF02C
:108A5000500383F31188BFF36F8FBFF34F8FFEE78F
:108A6000013B034A13600BB983F31188704700BFC1
:108A700020000024000000000000000000000000B2
:108A8000EFF30980BFF36F8F154B1A681EF0100FBC
:108A900008BF20ED108A20E9F04F10602DE9090091
:108AA0004FF0500080F31188BFF34F8FBFF36F8FEB
:108AB00000F0A2FD4FF0000080F3118809BC196896
:108AC0000868B0E8F04F1EF0100F08BFB0EC108A35
:108AD00080F30988BFF36F8F704700BFAFF300804A
:108AE000348A002408B54FF0500383F31188BFF394
:108AF0006F8FBFF34F8F00F051FC28B14FF0E02390
:108B00004FF08052C3F8042D002383F3118808BD71
:108B10004FF0E022002313619361054B1B68054968
:108B2000A1FB03139B09013B5361072313617047AA
:108B300014000024D34D62104FF0E023D3F8002D31
:108B40003D4B9A421CD04FF0E023D3F8002D3B4B15
:108B50009A421ED030B583B0394B1A78D2B2019206
:108B6000FF221A701B78DBB28DF803309DF80330BA
:108B700003F05003334A1370334B07221A601BE093
:108B80004FF0500383F31188BFF36F8FBFF34F8F04
:108B9000FEE74FF0500383F31188BFF36F8FBFF3ED
:108BA0004F8FFEE7284A1368013B13609DF803309E
:108BB0005B00DBB28DF803309DF8033013F0800FBB
:108BC000F0D1214B1B68032B08D04FF0500383F3E7
:108BD0001188BFF36F8FBFF34F8FFEE71B021A4A56
:108BE000136003F4E0631360019BDBB2144A13705B
:108BF0004FF0E024D4F8203D43F47003C4F8203D46
:108C0000D4F8203D43F07043C4F8203DFFF780FFC7
:108C100000250E4B1D60FFF7BFFED4F8343F43F034
:108C20004043C4F8343FFFF7A3FE00F0E5FCFFF734
:108C30007FFE284603B030BD71C20F4170C20F41A4
:108C400000E400E0B8130024B41300242000002442
:108C5000134A12F0070F1FD0D11D21F0070147F270
:108C600030535B1A13440A460E48026000214160EB
:108C70001344083B23F007030B4803605960196055
:108C8000991A51601360094B1960094B1960094B1F
:108C90004FF000421A60704747F23053E4E700BFDC
:108CA000DC130024D4130024D0130024C8130024A0
:108CB000CC130024BC130024164B1A461B688342B5
:108CC000FBD3516802EB010C844509D0416800EBED
:108CD000010C634509D00360904219D010607047C1
:108CE0004068014451601046F0E710B40A4C246813
:108CF000A3420BD05B681944416013681B68036092
:108D0000904200D010605DF8044B70470460F7E7B4
:108D1000704700BFD4130024D013002438B5044694
:108D200000F034FB384B1B68B3B1384B1B681C4256
:108D300050D1002C50D004F1080214F0070F02D0DB
:108D400022F007020832002A55D0314B1B689342AB
:108D500053D330490C6804E0FFF77AFFE5E721467A
:108D60001C466368934202D22368002BF7D1264B3E
:108D70001B68A34243D00D68083523680B60636805
:108D80009B1A102B10D9A01810F0070F08D04FF025
:108D9000500383F31188BFF36F8FBFF34F8FFEE74C
:108DA00043606260FFF788FF626819490B689B1A8D
:108DB0000B60194909688B4201D217490B60134BAC
:108DC0001B681343636000232360144A1368013354
:108DD000136002E0002500E0002500F06BFB15F0B9
:108DE000070F0ED04FF0500383F31188BFF36F8F3E
:108DF000BFF34F8FFEE70025EFE70025EDE70025E5
:108E0000EBE7284638BD00BFD0130024BC13002474
:108E1000CC130024D4130024C8130024C41300244A
:108E2000002834D038B50446A0F1080550F8043CB9
:108E3000174A1268134208D14FF0500383F3118888
:108E4000BFF36F8FBFF34F8FFEE750F8081C41B19F
:108E50004FF0500383F31188BFF36F8FBFF34F8F31
:108E6000FEE723EA020340F8043C00F08FFA54F8CE
:108E7000041C084A13680B4413602846FFF71CFFC4
:108E8000054A13680133136000F014FB38BD7047C6
:108E9000BC130024CC130024C0130024084B1B680F
:108EA0001B6823B9074B4FF0FF321A607047044B21
:108EB0001B68DB68DB685A68024B1A60704700BFAA
:108EC0007C890024148900242DE9F0470746984640
:108ED000089DDDF824900A9C266B6FF040431344F4
:108EE00006EB830626F00706002964D008464FF0FB
:108EF000000CBCF10F0F09D810F80C2004EB0C0388
:108F000083F8342012B10CF1010CF2E7002384F84D
:108F10004330062D00D90625E56265644FF0000A4E
:108F2000C4F848A0201DFFF7C9FC04F11800FFF7A2
:108F3000C5FC2461C5F10705A5616462C4F890A170
:108F400084F894A14FF4A072514604F1500003F04C
:108F5000CDFF1B4B636503F16802A265D033E36567
:108F600001220023C4E93A2343F20E33A4F8F0307F
:108F70004AF6CD33A4F8F23041F23423A4F8F430A9
:108F80004EF26D63A4F8F6304DF6EC63A4F8F830B9
:108F90000523A4F8FA300B23A4F8FC3042463946E6
:108FA0003046FFF703FD2060B9F1000F01D0C9F88A
:108FB0000040BDE8F087002384F83430A9E700BF03
:108FC000789A002438B5002407E004EB840293006B
:108FD0000E481844FFF767FC0134062CF5D90C4DF8
:108FE0002846FFF760FC0B4C2046FFF75CFC0A4864
:108FF000FFF759FC0948FFF756FC0948FFF753FCF7
:10900000084B1D60084B1C6038BD00BFA8890024B8
:1090100094890024808900246489002450890024D4
:10902000388900247C8900247889002410B50446FE
:10903000FFF7E8FC214A136801331360204B1B68DB
:109040005BB1204B1B686BB91D4B1B68DA6AE36A86
:109050009A4207D81A4B1C6004E0194B1C60136835
:10906000012B28D0184A136801331360E06A0123EA
:109070008340164A11680B43136000EB8000211DEA
:10908000134B03EB8000FFF71CFCFFF7DDFC0D4BDF
:109090001B687BB10A4B1B68DA6AE36A9A4209D201
:1090A0004FF0E0234FF08052C3F8042DBFF34F8FF1
:1090B000BFF36F8F10BDFFF785FFD3E7348900241E
:1090C000348A002428890024188900242C8900244B
:1090D000A889002410B50446503003F09FFF94F88F
:1090E000953163B1012B11D0022B0ED04FF05003FC
:1090F00083F31188BFF36F8FBFF34F8FFEE7206BB1
:10910000FFF78EFE2046FFF78BFE10BD2046FFF7CF
:1091100087FEFAE70F4B1B68D3B110B5FFF772FC5F
:109120000D4BDB68DC68201DFFF7EFFB0B4A136873
:10913000013B1360074A1368013B1360FFF784FC8F
:109140002046FFF7C7FF034B1B68002BE6D110BD7D
:10915000704700BF4C8900245089002434890024C2
:1091600008B5FFF7D7FF074B1B68012BF9D94FF064
:10917000E0234FF08052C3F8042DBFF34F8FBFF3AD
:109180006F8FEEE7A889002470B504460D461F4B8B
:109190001E681F4B18680430FFF7B7FB48B91C4B1B
:1091A0001B68DB6A01229A401A490B6823EA020312
:1091B0000B60B4F1FF3F14BF00230123002D08BF53
:1091C00000236BB93444124B1B685C60A6420ED975
:1091D000114B18680E4B19680431FFF77DFB70BD09
:1091E0000B4B196804310D48FFF76BFBF7E70C4B8D
:1091F0001868074B19680431FFF76EFB094B1B68B1
:10920000A342ECD9074B1C60E9E700BF308900247A
:10921000348A00242C890024788900243889002489
:109220007C8900241489002430B587B00B9C8CB154
:109230000C9DC5B14FF4CC750495049DB5F5CC7F5C
:109240001AD04FF0500383F31188BFF36F8FBFF331
:109250004F8FFEE74FF0500383F31188BFF36F8FFA
:10926000BFF34F8FFEE74FF0500383F31188BFF336
:109270006F8FBFF34F8FFEE7049D0C9D2C6302247C
:1092800085F8954100240394029505AC01940A9C4D
:109290000094FFF719FE0C98FFF7C8FE059807B079
:1092A00030BD2DE9F04385B00746884614461E467A
:1092B0009000FFF733FD10B381464FF4CC70FFF7F9
:1092C0002DFD0546A8B1C0F83090002380F89531F7
:1092D000039302900D9B01930C9B0093334622460F
:1092E00041463846FFF7F0FD2846FFF79FFE012074
:1092F00007E04846FFF794FD4FF0FF3001E04FF0E4
:10930000FF3005B0BDE8F08310B588B000240594A7
:10931000069407AA06A905A8F8F774F8059B029316
:10932000069B019300942346079A10491048FFF7C3
:109330007BFF104B1860B8B14FF0500383F31188D6
:10934000BFF36F8FBFF34F8F0B4B1B6850330B4A2C
:1093500013600B4B4FF0FF321A600A4B01221A6068
:10936000094B1C60FFF7E8FB08B010BD684D010811
:109370006191000810890024348A0024CC00002464
:10938000148900242889002430890024024A1368A3
:1093900001331360704700BF0C890024F8B53A4BC5
:1093A0001B68002B69D1394B1D6801351D60C5B99B
:1093B000374B1B681B6843B14FF0500383F3118890
:1093C000BFF36F8FBFF34F8FFEE7314A1168314B08
:1093D000186810601960304A136801331360FFF792
:1093E0005DFD2E4B1B68AB423DD900272C4B1B6803
:1093F000DB6A03EB83039A002A4B9B58012B00D9AD
:109400000127294B1B68002B3CD001273AE001279C
:109410001F4B1B681B6843B31D4B1B68DB68DC6874
:1094200063689D4226D3261D3046FFF76EFAA36A75
:109430001BB104F11800FFF768FAE36A01229A40B1
:109440001A49086802430A6003EB83039A00314615
:1094500014481044FFF735FAE26A114B1B68DB6AC7
:109460009A42D4D2D4E70027D2E70C4B4FF0FF3218
:109470001A60BBE7094A1360B8E70D4A1368013365
:10948000136000273846F8BD0C8900243089002479
:109490007C890024788900241C89002414890024F4
:1094A000348A0024A8890024208900242C890024DF
:1094B0002489002438B5354B1B6843B94FF050035D
:1094C00083F31188BFF36F8FBFF34F8FFEE7FFF772
:1094D00099FA2E4B1A68013A1A601B68002B4FD17B
:1094E0002B4B1B680BB900244BE00024294B1B6855
:1094F0001BB3284BDB68DC6804F11800FFF705FAA2
:10950000251D2846FFF701FAE06A01238340224A1D
:1095100011680B43136000EB800029461F4B03EBDF
:109520008000FFF7CEF9E26A1D4B1B68DB6A9A42A6
:10953000DCD31C4B01221A60D8E70CB1FFF7AEFC5C
:10954000194B1C6884B9174B1C68D4B14FF0E02349
:109550004FF08052C3F8042DBFF34F8FBFF36F8FCE
:1095600001240EE0013C07D0FFF718FF0028F9D0D6
:109570000C4B01221A60F5E70B4B00221A60E2E760
:109580000024FFF761FA204638BD00BF0C89002493
:1095900034890024648900242C890024A8890024AB
:1095A000348A0024208900242489002410B5A8B11D
:1095B0000446104B1B6843B14FF0500383F31188EE
:1095C000BFF36F8FBFF34F8FFEE7FFF7DFFE002182
:1095D0002046FFF7D9FDFFF76DFF48B94FF0E023B4
:1095E0004FF08052C3F8042DBFF34F8FBFF36F8F3E
:1095F00010BD00BF0C890024224B1B681BB1224BFD
:1096000001221A607047204B00221A601F4B1B6812
:10961000B3FA83F3DBB2C3F11F0303EB83018A00C8
:109620001B498A5842B94FF0500383F31188BFF3A6
:109630006F8FBFF34F8FFEE7154803EB83018A005E
:10964000024451684968516003EB830C4FEA8C0275
:109650000832024491420DD003EB83039A000C4B75
:1096600013445B68DA680B4B1A601B6850330A4A74
:1096700013607047486862469100054A0A4450608A
:10968000EAE700BF0C890024208900242C890024EB
:10969000A8890024348A0024CC000024084AD2F887
:1096A000FC3043F08073C2F8FC30064B064AC3F826
:1096B000B02F00225A601A6842F001021A60704707
:1096C00000ED00E0001000E055CEACC5704708B5D5
:1096D000FFF7E4FF08BD0000074B5A68074B1B6803
:1096E0000749A1FB03139B0C03FB00F0024B5B68D3
:1096F0009B1A8342FAD37047001000E01400002444
:1097000083DE1B4310B504E04FF47A70FFF7E4FFEB
:109710002046431E9CB20028F6D110BD08B5002299
:1097200001210248FBF76EF908BD00BF000802588E
:1097300008B5012211460248FBF764F908BD00BFD5
:109740000008025808B5002208210248FBF75AF920
:1097500008BD00BF0008025808B5012208210248D0
:10976000FBF750F908BD00BF0008025800B587B0EC
:109770008DF80F004FF47A73009301230DF1170257
:109780000DF10F010348FDF701FA9DF8170007B02E
:109790005DF804FB200F002410B50C46FFF7E6FF30
:1097A0002046FFF7E3FF10BD10B50C4640F08000E7
:1097B000FFF7DCFF5520FFF7D9FF207010BD38B54B
:1097C0000D46144640F08000FFF7D0FF06E055201C
:1097D000FFF7CCFF05F8010B013CE4B2002CF6D1F9
:1097E00038BD000070B5FFF799FF8020FFF7BEFF7E
:1097F0005520FFF7BBFF5520FFF7B8FFFFF798FF95
:109800009620FFF769FFFFF789FF8020FFF7AEFF83
:109810005520FFF7ABFF5520FFF7A8FFFFF788FFA4
:109820009620FFF759FFFFF779FFB6217E20FFF75B
:10983000B3FFFFF77DFF5020FFF764FFFFF76EFFD8
:109840008020FFF793FF5520FFF790FF5520FFF78B
:109850008DFFFFF76DFF9620FFF73EFFFFF75EFFDE
:109860008020FFF783FF5520FFF780FF5520FFF78B
:109870007DFF0446FFF75CFF9620FFF72DFF1E2CAF
:1098800032D10024052C2DD8FFF748FF174A04EBEE
:109890004403D1184E78D55C31462846FFF77CFF4B
:1098A000FFF746FF9620FFF717FFFFF737FF45F05A
:1098B0008000FFF75BFF5520FFF758FF5520FFF7AB
:1098C00055FF0546FFF734FF9620FFF705FFAE4230
:1098D00002D10134E4B2D5E704EB4404034B234442
:1098E000987800E0002070BDFF20FCE7904F010851
:1098F00070B582B000248DF80740FFF723FF0DF10B
:1099000007012046FFF750FFFFF726FF9620FFF7DD
:10991000E3FEFFF717FF0DF107012046FFF744FFB5
:10992000FFF71AFF9620FFF7D7FEFFF70BFFB621D0
:109930001420FFF731FFFFF70FFF5020FFF7E2FE83
:10994000FFF700FF0DF107012046FFF72DFFFFF79E
:1099500003FF9620FFF7C0FEFFF7F4FE0DF10701AD
:109960002046FFF721FFFFF7F7FE9620FFF7B4FE32
:109970009DF807300F2B2ED1052C29D8FFF7E2FEDA
:10998000164A04EB4403D1184D78D65C294630467C
:10999000FFF702FFFFF7E0FE9620FFF79DFEFFF7BF
:1099A000D1FE0DF107013046FFF7FEFEFFF7D4FEB2
:1099B0009620FFF791FE9DF807309D4202D10134B9
:1099C000E4B2D9E704EB4404044B2344987800E064
:1099D000002002B070BDFF20FBE700BF7C4F0108F4
:1099E00010B5FFF773FEFFF772FEFFF7FBFE0446AC
:1099F000FFF77EFF2043C0B210BD0000F0B583B07A
:109A000006460D461446002700970197FFF786FE8D
:109A10009220FFF7ABFE062269461220FFF7CFFE29
:109A2000FFF786FE9DF801301B021BB29DF8002057
:109A3000134307EE903AF8EEE77A474A92ED007A40
:109A400067EE877AC5ED007A9DF803301B021BB2E2
:109A50009DF802100B4307EE903A92ED007AF8EE73
:109A6000E77A67EE877AC5ED017A9DF805301B022B
:109A70001BB29DF80420134307EE903AF8EEE77A04
:109A800067EE877AC5ED027AFFF75CFE0822694629
:109A90003846FFF794FEFFF75FFE9DF800300F2B6E
:109AA00027D0FFF73BFEA220FFF760FE02226946A7
:109AB0002220FFF784FEFFF73BFE9DF800209DF873
:109AC00001305B0943EAC203B3F5806F01DBA3F504
:109AD000006307EE903AF8EEE77AB4EE007A67EEAC
:109AE000877AB3EE077A77EE877AC4ED007A03B00F
:109AF000F0BD9DF803301B021BB29DF802201343FA
:109B000007EE903AF8EEE77A144A92ED007A67EEA3
:109B1000877AC6ED007A9DF805301B021BB29DF8CE
:109B200004100B4307EE903A92ED007AF8EEE77AD4
:109B300067EE877AC6ED017A9DF807301B021BB2EB
:109B40009DF80620134307EE903AF8EEE77A67EEA9
:109B5000877AC6ED027AA4E72800002424000024B6
:109B600010B504463E4B1B79012B14D150B101288E
:109B700017D13B4B93ED0A0A1A785978D87802F03E
:109B800075F90EE0364B9FED370A1A785978D87878
:109B900002F06CF905E0324B5A780121084602F0D8
:109BA00025F9314B1B79012B14D154B1012C17D15C
:109BB0002D4B93ED0A0A1A785978D87802F056F9A5
:109BC0000EE0294B9FED270A1A785978D87802F0D1
:109BD0004DF905E0244B5A780121084602F006F9B8
:109BE000224B1B79012B14D154B1012C17D11F4BDF
:109BF00093ED0A0A1A785978D87802F037F90EE00E
:109C00001A4B9FED180A1A785978D87802F02EF975
:109C100005E0164B5A780121084602F0E7F8144B8C
:109C20001B79012B14D154B1012C17D1104B93ED9A
:109C30000A0A1A785978D87802F018F90EE00C4B15
:109C40009FED080A1A785978D87802F00FF905E0E4
:109C5000074B5A780121084602F0C8F810BD00BF32
:109C6000C48F002400000000988F00246C8F002413
:109C7000408F002400B583B01AE0022401944FF411
:109C80000073009300231A461946184600F0E2FEBE
:109C9000019440F2FF13009300231A461946184618
:109CA00000F0D8FE0120FFF75BFF0120FEF7F4FD76
:109CB0001D4B9B7A012B1AD0032BDED0022401947A
:109CC0004FF40073009300231A461946184600F01B
:109CD000C1FE019440F2FF13009300231A46194677
:109CE000184600F0B7FE0020FFF73AFFDDE7022438
:109CF00001944FF40073009300231A460B49B1F905
:109D000000100B48B0F9000000F0A4FE019440F2EE
:109D1000FF13009300231A461946184600F09AFED6
:109D20000120FFF71DFFC0E7848E0024660D00248C
:109D3000640D0024124BB3F9022007EE902AF8EECE
:109D4000E77AB3F90C3007EE103AB8EEC77A77EE3F
:109D5000C77AB6EE007A67EE877A77EEA77A9FED3C
:109D6000097A67EE877ADFED086A87EEA67ADFED7B
:109D7000077A87EE270ADFED067A20EE270A70477A
:109D8000BC8D0024DB0F4940000070423C3C7C410C
:109D90001B2F5D3D84B000B52DED088B8DB0B0EE6E
:109DA000408A0DF1580C8CE80F00F0EE080A08F01C
:109DB000F1FFDFEDDE7A60EE278AF0EE000AB0EE0A
:109DC000480A08F0E7FFDFEDDA7A20EE270A78EE9E
:109DD000808ADFEDD87A68EE277A78EEE78ADFEDC1
:109DE000D67A78EEE78ACDED008AF0EE080AB0EE7A
:109DF000480A08F0CFFFDFEDD17A20EE27BAF0EE67
:109E0000000AB0EE480A08F0C5FFDFEDCD7A20EE7B
:109E1000270A3BEE40BADFEDCB7A68EE277A3BEEBD
:109E200067BADFEDC97A3BEE67BA8DED01BAF0EEA5
:109E3000080AB0EE480A08F0ADFFDFEDC47A60EE24
:109E400027AAF0EE000AB0EE480A08F0A3FFDFED03
:109E5000C07A20EE270A7AEEC0AADFEDBE7A68EE5D
:109E6000277A7AEEA7AADFEDBC7A7AEEE7AACDEDE3
:109E700002AAF0EE080AB0EE480A08F08BFFDFED08
:109E8000B77A20EE27AAF0EE000AB0EE480A08F0F2
:109E900081FFDFEDB37A20EE270A3AEE40AADFED2C
:109EA000B17A68EE277A3AEE27AADFEDAF7A3AEE7A
:109EB00067AA8DED03AAF0EE080AB0EE480A08F092
:109EC00069FFDFEDAA7A60EE279AF0EE000AB0EEA5
:109ED000480A08F05FFFDFEDA67A20EE270A79EE48
:109EE000809ADFEDA47A68EE277A79EEE79ADFEDC3
:109EF000A27A79EEA79ACDED049AF0EE080AB0EEB8
:109F0000480A08F047FFDFED9D7A20EE279AF0EE31
:109F1000000AB0EE480A08F03DFFDFED997A20EE26
:109F2000270A39EE009ADFED977A68EE277A39EE44
:109F3000679ADFED957A39EE279A8DED059AF0EE66
:109F4000080AB0EE480A08F025FFDFED907A60EECF
:109F500027BAF0EE000AB0EE480A08F01BFFDFED6A
:109F60008C7A20EE270A7BEEC0BADFED8A7A68EEA3
:109F7000277A7BEEA7BADFED887A7BEEA7BACDED24
:109F800006BAF0EE080AB0EE480A08F003FFDFED6B
:109F9000837A60EE27BAF0EE000AB0EE480A08F0C5
:109FA000F9FEDFED7F7A20EE270A7BEE80BADFED47
:109FB0007D7A68EE277A7BEEE7BADFED7B7A7BEE7F
:109FC000A7BACDED07BAF0EE080AB0EE480A08F0DD
:109FD000E1FEDFED767A60EE27BAF0EE000AB0EE31
:109FE000480A08F0D7FEDFED727A20EE270A7BEEF2
:109FF00080BADFED707A68EE277A7BEEE7BADFEDA4
:10A000006E7A7BEEE7BACDED08BAF0EE080AB0EE54
:10A01000480A08F0BFFEDFED697A60EE27BAF0EE7D
:10A02000000AB0EE480A08F0B5FEDFED657A20EED2
:10A03000270A7BEE80BADFED637A68EE277A7BEE43
:10A04000E7BADFED617A7BEEE7BACDED09BAF0EE63
:10A05000080AB0EE480A08F09DFEDFED5C7A60EE7B
:10A0600027BAF0EE000AB0EE480A08F093FEDFEDE2
:10A07000587A20EE270A7BEEC0BADFED567A68EEFA
:10A08000277A7BEEA7BADFED547A7BEEA7BACDED47
:10A090000ABAF0EE080AB0EE480A08F07BFEDFEDDF
:10A0A0004F7A60EE27BAF0EE000AB0EE480A08F0E8
:10A0B00071FEDFED4B7A20EE270A7BEEC0BADFEDB2
:10A0C000497A28EE278A7BEE88BADFED477A7BEE65
:10A0D000A7BACDED0BBADDED1A7A28EEA70ADDEDB1
:10A0E000197A2BEE27BA30EE0B0ADDED1C7A6AEEF8
:10A0F000A7AA30EE2A0ADDED1B7A2AEE27AA30EE57
:10A100000A0ADDED187A69EEA79A30EE290ADDED2C
:10A11000177A29EE279A30EE090AB1EE400A0DB0FF
:10A12000BDEC088B5DF804EB04B070472E5F5BC399
:10A130007F0B73435D0D0443569FDD400C93B93F85
:10A1400017B771404E622B419487053E2A3A64410D
:10A15000E9265C41A32381409BE69D402130D2410A
:10A160002FEEC5412D21A940B4C8D84042DF93C38A
:10A1700066BF9443E11ACE42BD52F8400A2886C217
:10A18000E7EC8742D792BE4144FA11400A68524137
:10A190001CEB514109F9DA40A7791340F0A7863E3C
:10A1A000D509183F3D0A0B403789C13DCEAA91C160
:10A1B00035EF8B41EFC9A34060761F3F561FBEC1EC
:10A1C0006CF8B7413108DC407AA59C3F986E2A4173
:10A1D00039B437411B2FC540D3DE9541B8409E406E
:10A1E0000681A5409D11154060E58240044B05495C
:10A1F0001961054A5A60054B19615A60704700BFE2
:10A20000448D0024C685233EDB0FC93F308D0024DA
:10A2100008B5DFED050AB0EE000A044A0021044843
:10A2200001F0E8FF08BD00BF000000009800002416
:10A23000388A002408B5DFED050A9FED050A054AB6
:10A240000021054801F0D6FF08BD00BF0000000056
:10A25000000080468C000024808A002408B5F2EEBD
:10A26000040A9FED040A044A0021044801F0C2FFD9
:10A2700008BD00BF0000084280000024C08C0024FC
:10A2800010B5F0EE400A054C054B93ED030A20464D
:10A2900001F0CEFF94ED080A10BD00BFC08C002471
:10A2A000C48F002408B5DFED050AB0EE000A044AA9
:10A2B0000021044801F09EFF08BD00BF000000001F
:10A2C00074000024A08B002410B5F0EE400A054C69
:10A2D000054B93ED020A204601F0AAFF94ED080A0F
:10A2E00010BD00BFA08B0024C48F002408B5F2EE7F
:10A2F000040A9FED040A044A0021044801F07AFF91
:10A3000008BD00BF0000084268000024788C0024CB
:10A3100010B5F0EE400A054C054B93ED030A2046BC
:10A3200001F086FF94ED080A10BD00BF788C002470
:10A33000988F002408B5DFED050AB0EE000A044A44
:10A340000021044801F056FF08BD00BF00000000D6
:10A350005C000024588B002410B5F0EE400A054C38
:10A36000054B93ED020A204601F062FF94ED080AC6
:10A3700010BD00BF588B0024988F002408B5F2EE62
:10A38000040A9FED040A044A0021044801F032FF48
:10A3900008BD00BF0000084250000024308C00249B
:10A3A00010B5F0EE400A054C054B93ED030A20462C
:10A3B00001F03EFF94ED080A10BD00BF308C002470
:10A3C0006C8F002408B5DFED050AB0EE000A044AE0
:10A3D0000021044801F00EFF08BD00BF000000008E
:10A3E00044000024108B002410B5F0EE400A054C08
:10A3F000054B93ED020A204601F01AFF94ED080A7E
:10A4000010BD00BF108B00246C8F002408B5F2EE45
:10A41000040A9FED040A044A0021044801F0EAFE00
:10A4200008BD00BF0000084238000024E88B00246B
:10A4300010B5F0EE400A054C054B93ED030A20469B
:10A4400001F0F6FE94ED080A10BD00BFE88B002471
:10A45000408F002408B5DFED050AB0EE000A044A7B
:10A460000021044801F0C6FE08BD00BF0000000046
:10A470002C000024C88A002410B5F0EE400A054CD8
:10A48000054B93ED020A204601F0D2FE94ED080A36
:10A4900010BD00BFC88A0024408F002410B5164CA0
:10A4A00094ED080AFFF710FF84ED090AFFF7E8FEB4
:10A4B00084ED0A0A114C94ED080AFFF74DFF84ED74
:10A4C000090AFFF725FF84ED0A0A0D4C94ED080AEE
:10A4D000FFF78AFF84ED090AFFF762FF84ED0A0A9D
:10A4E000084C94ED080AFFF7C7FF84ED090AFFF74F
:10A4F0009FFF84ED0A0A10BDC48F0024988F0024AA
:10A500006C8F0024408F0024B5EEC00AF1EE10FAE3
:10A5100045D9F5EEC00AF1EE10FA43D9B5EEC01AEE
:10A52000F1EE10FA41D970EE207AF4EEC17AF1EE34
:10A5300010FA3DD970EE017AF4EEE07AF1EE10FAFD
:10A5400039D970EE817AF4EEC07AF1EE10FA35D98D
:10A5500008B560EEA07A21EE017A77EE877A20EED8
:10A56000000A77EEC07A70EEA00A60EE810A87EEEC
:10A57000A00AF7EE007AB4EEE70AF1EE10FA04DD75
:10A58000B7EE000A08F0ACFB08BDFFEE007AB4EEAF
:10A59000E70AF1EE10FAF5D5BFEE000AF2E7BFEEDA
:10A5A000000A7047BFEE000A7047BFEE000A70470E
:10A5B000BFEE000A7047BFEE000A7047BFEE000A08
:10A5C000704700000000000038B52DED048B3E4CB4
:10A5D0009FED3E8A94ED041AF0EE480AB5EE000AAB
:10A5E000FFF792FF84ED020A394D95ED041AF0EE63
:10A5F000480AB5EE000AFFF787FF85ED020AD4EDA1
:10A60000027AF5EEC07AF1EE10FA4CBF0123002376
:10A61000B5EEC00AF1EE10FA48BF43F0010363B192
:10A620002C4A2D4B1A622D4B2D490B622D490A6283
:10A630002D4A1362BDEC048B38BD234AD2ED016A6A
:10A6400036EEE79A82ED009A214B93ED017A77EE90
:10A65000408AC3ED008A77EEA67AC2ED037A30EE27
:10A66000078A83ED038A17EE900AF5F7ADFF0246DD
:10A670000B4613A1D1E90001F5F746FEF5F7FCFF03
:10A6800007EE900AF1EE677A154BC3ED087A154B89
:10A6900083ED089A18EE100AF5F796FF02460B466E
:10A6A00007A1D1E90001F5F72FFEF5F7E5FF0A4B09
:10A6B0001862F1EE688A0C4BC3ED088ABAE700BF56
:10A6C000182D4454FB210940448D00243D0A573E77
:10A6D000308D00249A99193EC48F00249A9919BE8E
:10A6E000988F00246C8F0024408F002408B52DED36
:10A6F000048BF0EE408AB0EE608AF0EE419AB0EE44
:10A70000410A08F007FCB0EE409AB0EE690A08F082
:10A71000C1FBF0EE407A28EE088A29EE287A27EE6F
:10A72000287A27EE097A38EE470AB5EEC00AF1EE2C
:10A7300010FA0DD467EEA88A08F08AFB38EE800A7A
:10A74000B5EEC00AF1EE10FA05D9BDEC048B08BDD8
:10A75000BFEE000AF9E7BFEE000AF6E738B52DEDC7
:10A76000028B254B93ED027A244D85ED007A244B24
:10A77000D3ED026AF1EE667A224CC4ED007A224BE8
:10A7800093ED021ADFED217A31EE271A85ED031AD7
:10A790001F4B93ED026A77EEC67AC4ED037A31EE71
:10A7A000471AB6EE006A21EE061A85ED021A76EE19
:10A7B000A77A67EE867AC4ED027A37EE017A85EDE4
:10A7C000017A77EEE67AC4ED017A9FED128AF5EE12
:10A7D000000AB0EE480AFFF789FF85ED040A94ED00
:10A7E000021AF5EE000AB0EE480AFFF77FFF84ED8B
:10A7F000040ABDEC028B38BD6C8F00241C8D002434
:10A80000408F0024088D0024988F0024DB0F4940DE
:10A81000C48F00243D0A573E10B5224BD3ED027A77
:10A82000F1EE677A204CC4ED017AD3ED057AF1EEB2
:10A83000677AC4ED027AFFF791FF1C4AD2ED047AE1
:10A840001B4B93ED047A77EE877AB6EE007A67EECB
:10A85000877AC4ED007AD2ED017AD3ED016A77EE02
:10A86000A67A67EE877A94ED027A77EEC77A9FED43
:10A87000117A77EEC77AC4ED047AD4ED017AF1EE5D
:10A88000677AC4ED037AFFF755FA84ED050AD4ED33
:10A89000067A9FED097A20EE070A77EE807AC4EDFA
:10A8A000067A10BDA08E0024588D00241C8D002433
:10A8B000088D0024DB0FC93F6F12833A00B585B0C5
:10A8C00028E01E4B1A46103293ED000A07CA8DE8A5
:10A8D00007000FCBFFF75EFADFED197A20EE270AAB
:10A8E000184B83ED000AFDEEC07A17EE902A164B46
:10A8F0001A80B1EE400ABDEEC00A144B10EE102AC9
:10A900001A800DE0FFF7CAFD12E0FFF7C7FD012036
:10A91000FDF7C2FFFFF780FF0D4B9B7A012BD0D0D4
:10A92000FFF764FCFFF750FE094B9B7A012BE9D03F
:10A93000074B9B7A032BE8D0E9E700BF588D002432
:10A940000AB14D455C0D0024640D0024660D002401
:10A95000848E002408B5F2EE040AB0EE600A034AC1
:10A960000021034801F046FC08BD00BFA4000024FC
:10A97000748D002410B5F0EE400A054C054B93EDA4
:10A98000050A204601F054FC94ED080A10BD00BFF2
:10A99000748D0024588D002408B510E0164BB3F9CF
:10A9A000043007EE903AF8EEE77A9FED147A67EEFE
:10A9B000877A134BC3ED007A3220FDF76DFF0E4B03
:10A9C000DB7A022BEAD00C4B9B7A012BF4D10A4B99
:10A9D000B3F9043007EE903AF8EEE77A9FED090AF2
:10A9E00027EE800AFFF7C6FFDFED077A30EE270A71
:10A9F000034B83ED000ADFE7848E00240AD7A33CD3
:10AA0000600D00246F12833A9A99994080B582B004
:10AA10000C4B9F680C4B1868F5F7D6FD04460D46A5
:10AA20000A4BB3F900603846F5F7CEFDCDE90001D9
:10AA300022462B463146064801F026FF0120FDF74D
:10AA40002BFFE5E7588D00245C0D0024640D0024E5
:10AA5000704D010830B58DB09DF844C0BDF8404040
:10AA600003940024049405940825069507940894FB
:10AA700009940A940B9440FA05F48DF804408DF87B
:10AA8000050041FA05F08DF806008DF8071042FA2E
:10AA900005F18DF808108DF8092043FA05F28DF8BC
:10AAA0000A208DF80B30BCF1010F07D0BCF1020F6A
:10AAB0000AD0BCF1030F0DD00DB030BD01AA03A91F
:10AAC0000748F9F77FFBF7E701AA03A90548F9F75B
:10AAD00079FBF1E701AA03A90348F9F773FBEBE758
:10AAE000F808002458080024B807002470B52DED9C
:10AAF000028B82B00346C278807840EA0220ADF82B
:10AB000000005A791D7945EA0225ADF80250DA793C
:10AB10009C7944EA0224ADF80440DFED138A9FEDEE
:10AB2000138A1021F0EE680AB0EE480A01F04EFBDD
:10AB30000F4E86ED060A1021F0EE680AB0EE480AC4
:10AB4000284601F043FB86ED070A1021F0EE680A63
:10AB5000B0EE480A204601F039FB86ED080A02B043
:10AB6000BDEC028B70BD00BF33336B4333336BC31B
:10AB70004C8E002470B52DED028B82B00346C27856
:10AB8000807840EA0220ADF800005A791D7945EA44
:10AB90000225ADF80250DA799C7944EA0224ADF836
:10ABA0000440DFED138A9FED138A1021F0EE680A4E
:10ABB000B0EE480A01F00AFB0F4E86ED030A1021A1
:10ABC000F0EE680AB0EE480A284601F0FFFA86ED7A
:10ABD000040A1021F0EE680AB0EE480A204601F09F
:10ABE000F5FA86ED050A02B0BDEC028B70BD00BF20
:10ABF0001F850B421F850BC24C8E002470B52DEDB6
:10AC0000028B84B00346C278807840EA022001902B
:10AC10005A791D7945EA02250295DA799C7944EA48
:10AC2000022403941021DFED120A9FED120A01F0B5
:10AC3000CDFA114E86ED000ADFED108A9FED108AE5
:10AC40001021F0EE680AB0EE480A284601F0BEFA7C
:10AC500086ED020A1021F0EE680AB0EE480A20469E
:10AC600001F0B4FA86ED010A04B0BDEC028B70BDB0
:10AC70000000B4420000B4C24C8E002400003443F3
:10AC8000000034C3F8B5034690F801C08678B010D0
:10AC900000F03E00360306F44056DA7846EA021623
:10ACA0001A7946EA1216950205F470555A7945EA62
:10ACB00082059A7945EA9215140204F47C54DB79F2
:10ACC0001C430E21F7EE000ABFEE000A40EA8C108A
:10ACD00001F07CFA104F87ED090A0E21F7EE000A09
:10ACE000BFEE000A304601F071FA87ED0A0A0E2124
:10ACF000F7EE000ABFEE000A284601F067FA87ED7A
:10AD00000B0A0E21F7EE000ABFEE000A204601F002
:10AD10005DFA87ED0C0AF8BD4C8E002408B5037867
:10AD2000013B032B05D8DFE803F00205080BFFF712
:10AD3000DDFE08BDFFF71EFFFBE7FFF75FFFF8E74B
:10AD4000FFF7A0FFF5E70000064B93F82E303B2BF2
:10AD500003D8054B01221A807047034B00221A804A
:10AD6000704700BFBC8D0024700D002408B5F7F7B4
:10AD70002BFB1D4BDB69C01AB0F5FA7F24D91A4BA7
:10AD800000221A71F7F720FB184BDB69C01AB0F5E7
:10AD9000FA7F1DD9154B00221A71F7F715FB144BDA
:10ADA000DB69C01AB0F5FA7F16D9114B00221A716F
:10ADB000F7F70AFB0F4BDB69C01AB0F5FA7F0FD922
:10ADC0000C4B00221A7108BD074B01221A71D9E7FA
:10ADD000064B01221A71E0E7054B01221A71E7E7E1
:10ADE000044B01221A71EEE7C48F0024988F0024CF
:10ADF0006C8F0024408F002408B5FFF7A5FFFFF7F4
:10AE0000B5FF0120FDF748FDF7E7000008B522E097
:10AE1000134602229A724C4BB3F90C30B3F5E06F33
:10AE200013D040F2E532934200F08680BF2B00F051
:10AE30008780464B0022DA720AE0444B03229A7262
:10AE4000E9E7424B01229A72E5E7404B0222DA72AF
:10AE50000120FDF721FD3C4B1B88012BF8D13A4B1B
:10AE6000B3F9022007EE102AB8EEC77ADFED387A80
:10AE700037EE677ADFED376A87EE266A9FED367A1E
:10AE800026EE076A314ABDEEC66A16EE101A118028
:10AE9000B3F9041005EE901AF8EEE55A75EEE75A8C
:10AEA00085EEA66A26EE076ABDEEC66A16EE101A91
:10AEB0005180B3F9061005EE901AF8EEE55A75EEDA
:10AEC000E75A85EEA66A26EE076ABDEEC66A16EE5A
:10AED000101A9180B3F9081005EE901AF8EEE55AB1
:10AEE00075EEE75A85EEA66A26EE076ABDEEC66ADB
:10AEF00016EE101AD180B3F90A1006EE101AB8EE49
:10AF0000C66A36EE676AC6EE267A67EE877AFDEE87
:10AF1000E77A17EE901A1181B3F90E30B3F5E06FAE
:10AF20003FF476AF40F2E532934286D0BF2B88D013
:10AF3000064B00229A726EE7044B0322DA7287E70F
:10AF4000024B0122DA7283E728990024848E0024C0
:10AF50000020784400A04C440000254480B53E4DBC
:10AF60003E4C3F4A29462046FEF748FD9FED3D3ABC
:10AF70003D4FB0EE434AF0EE433AD5ED022A95ED4F
:10AF8000012AD5ED001A94ED021AD4ED010A94EDD0
:10AF9000000A384600F0E8F9344DA5F108062B46C2
:10AFA0002A1F3146384600F0DBFB55ED024ADFED43
:10AFB000307A64EEA75A2F4BC3ED005A55ED016A63
:10AFC00026EEA77A83ED017A96ED025A65EE277A8E
:10AFD000C3ED027A94ED016AB1EE466A264B83ED29
:10AFE000006AA2685A6022689A60F1EE666AC3ED50
:10AFF000036AC3ED044A83ED055AB1EE477A83ED47
:10B00000067AC3ED075AC3ED087A1C4AD1681C4B77
:10B0100019605169596011699960D2ED016AC3EDF7
:10B02000066A92ED027A83ED077AD2ED007AC3EDDB
:10B03000087A9FED146A66EE866AC3ED036A27EE0E
:10B04000067A83ED047A67EE867AC3ED057A0120ED
:10B05000FDF722FC83E700BF900D00249C0D002427
:10B060008C0D00240000000000000024880D002446
:10B07000E02E6542740D0024C48E00244C8E002402
:10B08000A08E002435FA8E3C08B500221146FF2020
:10B0900001F01AFC4FF47A70FDF7FEFB0022FF214D
:10B0A000104601F011FC4FF47A70FDF7F5FBFF221A
:10B0B0000021084601F008FC4FF47A70FDF7ECFB24
:10B0C000E3E70000F6EE007A60EE277A10EE103A21
:10B0D000074AA2EB630307EE103A67EE277A67EEA2
:10B0E000277AB7EE080A30EE670A27EE000A7047A3
:10B0F000DF59375F10B52DED068B0446B0EE409A50
:10B10000F0EE609AB0EE418AF0EE618AB0EE42AAAB
:10B11000F0EE62AAF5EE401AF1EE10FA14BF012328
:10B120000023B5EE402AF1EE10FA18BF43F00103F8
:10B130002BB9F5EE402AF1EE10FA00F0938068EE9C
:10B14000A87A2AEE0A7A77EE877A2AEEAA0A37EEEA
:10B15000800AFFF7B7FF68EE808A2AEE00AA6AEE3F
:10B1600080AA94ED017AD4ED036A27EE266AD4ED25
:10B17000007AD4ED025A27EEA55A36EE456A27EE3C
:10B18000277A66EEA55A37EE257A67EEA77AF6EEAD
:10B19000005A77EEE57A66EEA66A77EEA67A6AEE50
:10B1A000276A6AEE875A76EEE56A6AEE86AA68EE44
:10B1B000A77A7AEEE7AA68EE878A2AEE06AA78EEE0
:10B1C000CA8A624BD3ED007AF5EEC07AF1EE10FA3E
:10B1D00040F3B380D3ED007A67EEA67A9FED5C7AF8
:10B1E00067EE877A5B4991ED006A76EE277AC1EDCA
:10B1F000007AD3ED007A67EEAA7A67EE877A564A2C
:10B2000092ED006A76EE277AC2ED007AD3ED007AED
:10B2100067EEA87A67EE877A504B93ED007A77EE67
:10B22000277AC3ED007AD1ED007A39EE279AD2ED74
:10B23000007A79EEA79AD3ED007A38EE278A484B48
:10B24000D3ED007A67EEA67A39EE279AD3ED007A2D
:10B2500067EEAA7A79EEA79AD3ED007A67EEA87A1C
:10B2600038EE278ADFED3F7A29EE270A69EEA70A32
:10B2700028EE271AD4ED006A94ED017AD4ED027A13
:10B2800027EE409A20EEA76A39EE469AD4ED039A4B
:10B2900029EE816A39EE469A39EE269A84ED009AB3
:10B2A00060EE268A21EE276A78EE868A29EEA06A69
:10B2B00078EEC68A78EE878AC4ED018A20EEA68AE7
:10B2C00021EE076A38EE468A29EE806A38EE068A51
:10B2D00038EE278A84ED028A21EE261A60EE870A6C
:10B2E00031EE201A20EE270A31EE401A79EE819ACB
:10B2F000C4ED039A69EE097A28EEA87A77EE877A88
:10B3000028EE087A77EE877A29EEA90A37EE800AC6
:10B31000FFF7D8FE29EE009A84ED009A68EE808A45
:10B32000C4ED018A28EE008A84ED028A69EE809AD3
:10B33000C4ED039ABDEC068B10BD0023054A1360D3
:10B34000054A1360054A136079E700BFF48E0024B4
:10B350006F12833AF08E0024EC8E0024E88E0024D5
:10B36000B00000246F12033A10B52DED108B86B09B
:10B370000446B0EE409AF0EE609AB0EE418AF0EEEC
:10B3800061BAF0EE428AB0EE62CAB0EE43AAB0EE05
:10B3900063BAF0EE44AAB5EE403AF1EE10FA0CBFF3
:10B3A00001230023F5EE403AF1EE10FA03F0010319
:10B3B00018BF00232BB1B5EE404AF1EE10FA00F0B1
:10B3C000B681F5EE40BAF1EE10FA14BF0123002366
:10B3D000F5EE408AF1EE10FA18BF43F001032BB9E5
:10B3E000B5EE40CAF1EE10FA00F035816BEEAB7AA3
:10B3F00028EEA87A77EE877A2CEE0C0A37EE800AD0
:10B40000FFF760FE6BEE805ACDED025A28EE805AAF
:10B410008DED035A6CEE004ACDED044A6AEE0A7ACD
:10B420002BEE0B7A77EE877A2AEEAA0A37EE800A9D
:10B43000FFF748FE2AEE00AA2BEE00BA6AEE80AAB9
:10B44000D4ED007A27EEA77A8DED057AD4ED01BA16
:10B4500027EEABFAD4ED028A67EEA8FA94ED03DA90
:10B4600067EE8D7A6BEEABCA6BEEA86A6BEE8DBAA7
:10B4700068EEA8EA68EE8D8A2DEE0DDAB6EE00EAE7
:10B480003EEE6ECA3CEE4DCA2CEE0A7A76EEE7DA54
:10B490002DEE8B6A37EE067A3FEEAB6A8DED016AD0
:10B4A00026EE2A6A37EE067A37EE077A77EEA67A24
:10B4B00067EE8A7A7EEE6CCA7CEECD6A66EE8B6AA7
:10B4C00077EEA67A78EECF6A66EEAA6A77EEA67A6B
:10B4D00077EEA77A27EE077A67EEA77A77EE277AD4
:10B4E00017EE900AF5F770F841EC100B07F0C4FB6B
:10B4F00051EC100BF5F7C0F807EE100A7BEEEFBA2F
:10B500006BEE8A7A7FEE288A68EE8B6A77EEA67AEF
:10B510007CEEEECA6CEEAA6A77EEA67A77EEA77A90
:10B52000DDED056A76EECE6A76EE8D6A2CEE07CA00
:10B530002BEEA76A3CEE06CA6DEE87DA28EEA76A04
:10B540007DEE86DA9DED016A26EE077A6CEEA7CADB
:10B5500077EE2C7A9DED035A25EE266ADDED044A3E
:10B5600028EEA47A36EE476A2BEE277A6AEEAD5AB9
:10B5700037EE657A36EE076A2BEEA47ADDED025AD5
:10B5800065EEA66A77EE666A6AEE8CAA6AEE277A9C
:10B590007AEEE7AA76EEAA7A68EEA58A6BEE85BA0D
:10B5A00078EEEB8A2AEE2DAA2BEE0CBA3AEE4BAAD5
:10B5B00078EE8A8A634B93ED007AB5EEC07AF1EEAD
:10B5C00010FA40F3B78093ED007A27EE067ADFEDAC
:10B5D0005E6A27EE267A5D49D1ED005A35EE877A0C
:10B5E00081ED007A93ED007A27EE277A27EE267A0E
:10B5F000574AD2ED005A35EE877A82ED007A93ED04
:10B60000007A27EE287A27EE267A524BD3ED006A8D
:10B6100036EE877A83ED007A91ED007A39EE079A5B
:10B6200092ED007A79EE879A93ED007A38EE078AE8
:10B63000494B93ED007A27EE067A39EE079A93ED9F
:10B64000007A67EE277A79EEA79AD3ED007A67EE53
:10B65000A87A38EE278ADFED417A29EE279A69EE3B
:10B66000A79A28EE278A94ED006AD4ED016A94ED3A
:10B67000027A66EEC9AA69EE877A7AEEE7AAD4ED75
:10B68000037A67EE885A7AEEE5AA7AEE86AAC4EDC6
:10B6900000AA29EE06AA68EE075A3AEE25AA67EE36
:10B6A000A95A3AEE65AA3AEE26AA84ED01AA69EEF5
:10B6B000868A68EE265A78EEE58A67EE895A78EE31
:10B6C000A58A78EE878AC4ED028A28EE068A69EE9A
:10B6D000A69A38EE298A29EE079A38EE498A37EE7B
:10B6E000888A84ED038A6AEEAA7A2AEE0A7A77EECD
:10B6F000877A28EEA87A77EE877A28EE080A37EE5E
:10B70000800AFFF7DFFC6AEE80AAC4ED00AA2AEEE9
:10B7100000AA84ED01AA68EE808AC4ED028A28EEB0
:10B72000008A84ED038A06B0BDEC108B10BDFFF7D4
:10B73000E1FCF8E70023054A1360054A1360054A57
:10B74000136075E7F48E00246F12833AF08E0024A4
:10B75000EC8E0024E88E0024B00000246F12033A1F
:10B76000F8B52DED028B04460F4616461D46D0ED6A
:10B77000000A90ED030A20EE800AD0ED017A90EDE8
:10B78000027A27EE877A30EE070A60EEA00A67EEAB
:10B79000A77A70EEA70A70EEA00AB7EE008A70EEE4
:10B7A000C80A30EE000A07F0F3FA87ED000AD4ED7C
:10B7B000017A94ED037A67EE877A94ED007AD4EDFE
:10B7C000026A27EE267A77EEC77AB8EE000A27EEED
:10B7D000800A07F0B1FA86ED000AD4ED000A94ED74
:10B7E000010A20EE800A94ED027AD4ED037A27EE66
:10B7F000277A30EE070A60EEA00A67EEA77A70EEAD
:10B80000A70A70EEA00A70EEC80A30EE000A07F030
:10B81000BFFA85ED000ABDEC028BF8BD0A4BDB7A5E
:10B82000022B04D0012B06D0032B08D07047074B06
:10B83000074A1A607047054B064A1A607047034B67
:10B84000054A1A60F2E700BF848E00246C0D0024C4
:10B8500000401C4500A4104600D8C04508B50F4B59
:10B86000D3ED007AF5EEC07AF1EE10FA03DD0C4B61
:10B87000B3F9023003B108BD6420FDF70DF8084BA1
:10B88000B3F90230002BF6D1044B064A1A6064204B
:10B89000FDF702F8FFF7C2FFEDE700BF6C0D0024D3
:10B8A000048E002400409CC508B5FFF7B7FFFFF7E2
:10B8B000D5FF0120FCF7F0FFF7E7000008B5DFED4A
:10B8C000050A9FED050A054A0021054800F092FC93
:10B8D00008BD00BF00409C450080BB45B40000246B
:10B8E000F88E002410B5F0EE400A094BB3F902308F
:10B8F00000EE103A074CB8EEC00A204600F098FC63
:10B90000D4ED087AFDEEE77A17EE903A18B210BD42
:10B91000048E0024F88E002408B5044B93ED000A31
:10B92000FFF7E0FF024B188008BD00BF6C0D00243C
:10B93000680D002408B5FFF7EFFF0120FCF7ACFF0E
:10B94000F9E7000000B59BB0002312931393022285
:10B950001492012215921693179312A94248F8F7F0
:10B96000B7FB00285BD100230093022211463E481A
:10B97000F8F7F3FB002855D1002201213A48F8F7E7
:10B980004FFD002851D13848F8F702FC00284FD16C
:10B9900000230A930B9302220C9201220D920E9324
:10B9A0000F930AA93148F8F793FB002843D10023ED
:10B9B0000093022211462D48F8F7CFFB00283DD115
:10B9C000002201212948F8F72BFD002839D127480A
:10B9D000F8F7DEFB002837D10023029303930222FD
:10B9E0000492012205920693079302A92048F8F7D2
:10B9F0006FFB60BB00230093022211461C48F8F73E
:10BA0000ACFB38BB002201211948F8F709FD20BB27
:10BA10001748F8F7BDFB18BB1BB05DF804FBF5F742
:10BA20006BFEA0E7F5F768FEA6E7F5F765FEAAE767
:10BA3000F5F762FEACE7F5F75FFEB8E7F5F75CFEF9
:10BA4000BEE7F5F759FEC2E7F5F756FEC4E7F5F78E
:10BA500053FECFE7F5F750FED4E7F5F74DFED7E7F5
:10BA6000F5F74AFED8E700BFF8080024580800247C
:10BA7000B807002400283FD0F8B50C4606460B78DE
:10BA80001B09437148788A78C97823791F0947EAE6
:10BA900001171D0205F4706563791D431021F2EE54
:10BAA000090ABAEE090A42EA002000F08FFB86ED8F
:10BAB000020A0C21F2EE040ABAEE040A384600F03B
:10BAC00085FB86ED030A0C21F3EE0C0ABBEE0C0A93
:10BAD000284600F07BFB86ED040AA37907EE903A36
:10BAE000F8EE677AC6ED057AE37907EE903AF8EE5C
:10BAF000677AC6ED067AF8BD7047000011F0010FB5
:10BB000000D1704710B58CB004466B4602AA4021A4
:10BB1000F8F794FB50B92368674A934208D0674A04
:10BB2000934260D0664A934200F08D800CB010BD05
:10BB3000029B142B08D8112BF8D3113B032BF5D8FB
:10BB4000DFE803F02D363F48A3F20122062AEDD8A4
:10BB5000DBB2013BDBB25B4903EB830201EB42004A
:10BB600031F9124004819DF800C09DF8014044EA7B
:10BB70000C2421F812409DF80220120212B29DF806
:10BB80000340224342809DF80420120212B29DF825
:10BB90000540224382809DF806208271C6E74A4C08
:10BBA00069462046FFF766FFF6F70EFCE061BDE749
:10BBB000464C69462046FFF75DFFF6F705FCE0615D
:10BBC000B4E7434C69462046FFF754FFF6F7FCFB09
:10BBD000E061ABE73F4C69462046FFF74BFFF6F7C5
:10BBE000F3FBE061A2E7029BA3F20122062A9DD8A3
:10BBF000DBB2013BDBB2384C03EB830104EB410CBD
:10BC000034F91120ACF808209DF800209DF80100BF
:10BC100040EA022024F811009DF80220120212B21C
:10BC20009DF803100A43ACF802209DF8042012028C
:10BC300012B29DF805100A43ACF804209DF80610D6
:10BC40008CF8061072E7029BBC2B31D0FFF46EAF6C
:10BC5000A3F20122062A3FF669AFDBB2013BDBB259
:10BC60001D4903EB830201EB420031F912400481CC
:10BC70009DF800C09DF8014044EA0C2421F81240D0
:10BC80009DF80220120212B29DF803402243428026
:10BC90009DF80420120212B29DF8054022438280D2
:10BCA0009DF8060003EB830201EB420398713DE728
:10BCB0006846FFF733F839E700A0004000A40040D1
:10BCC00000D40040048E0024C48F0024988F0024E8
:10BCD0006C8F0024408F0024BC8D0024082816D8C7
:10BCE000DFE800F0051707090B0D0F111300002006
:10BCF00070470220704703207047042070470520DA
:10BD000070470620704707207047082070470820BA
:10BD10007047012070470000002918BF002823D079
:10BD200070B58AB01546064608291BD80193002431
:10BD3000029403940846FFF7D1FF049005940694FB
:10BD4000079408940994022D05D0032D05D0012DE8
:10BD500008D1064802E0064800E00648324601A93C
:10BD6000F8F730FA0AB070BD704700BFF808002439
:10BD700058080024B80700242DE9F041174F4FF070
:10BD80002C0842460021384601F0B0F8144E4246D5
:10BD90000021304601F0AAF8124D42460021284603
:10BDA00001F0A4F8104C42460021204601F09EF814
:10BDB00001237B701122BA70FB7002227270122272
:10BDC000B270F37003226A701322AA70EB7004221F
:10BDD00062701422A270E370BDE8F081C48F002469
:10BDE000988F00246C8F0024408F002400B583B00E
:10BDF00084468E461346114A92E8030002AA02E9DD
:10BE00000300BCF1020F10D0BCF1030F11D0BCF144
:10BE1000010F07D1FC228DF80720724608216846E1
:10BE2000FFF77AFF03B05DF804FBFD228DF80720D1
:10BE3000F3E7FE228DF80720EFE700BF7C4D0108F5
:10BE400031EE601A30EE600A01238340013B07EEB9
:10BE5000903AF8EEE77A20EE270AC0EE017AFCEE7F
:10BE6000E77A17EE903A98B2704700002DE9F04358
:10BE70002DED028B83B080468946B0EE408A0024C7
:10BE8000274626462546A446042A4DD8DFE812F068
:10BE900005007100B90001014901DFEDC67AB4EE79
:10BEA000E70AF1EE10FA09D9DFEDC37AB4EEE70A3A
:10BEB000F1EE10FA04DBB0EE678A01E09FEDBD8A77
:10BEC000DFEDBE8A1020B2EE091AFAEE090AB0EED2
:10BED000680AFFF7B5FF04460C209FEDB91ADFEDA5
:10BEE000B90AB0EE680AFFF7ABFF07460C209FEDDA
:10BEF000B61AF0EE680AB0EE680AFFF7A1FF064630
:10BF00000C20B1EE041AF0EE680AB0EE680AFFF7F2
:10BF100097FF05460C209FEDA81ADFEDA60AB0EEAC
:10BF2000480AFFF78DFF8446230A8DF800308DF80C
:10BF300001403B098DF80230330A43EA07138DF8BC
:10BF400003308DF804602B098DF805304FEA1C236F
:10BF500043EA05138DF806308DF807C04B4642467C
:10BF600008216846FFF7D8FE03B0BDEC028BBDE8A0
:10BF7000F083FAEE047AB4EEE70AF1EE10FA09D98A
:10BF8000F2EE047AB4EEE70AF1EE10FA04DBB0EE5A
:10BF9000678A01E0BAEE048ADFED888A1020B2EEEB
:10BFA000091AFAEE090AB0EE680AFFF749FF0446DB
:10BFB0000C20B3EE0E1AFBEE0E0AB0EE680AFFF785
:10BFC0003FFF07460C209FED801AF0EE680AB0EEA6
:10BFD000680AFFF735FF06460C20B1EE041AF0EEB2
:10BFE000680AB0EE680AFFF72BFF05460C20B2EE98
:10BFF000041AFAEE040AB0EE480AFFF721FF84465D
:10C0000092E7FAEE047AB4EEE70AF1EE10FA09D9F3
:10C01000F2EE047AB4EEE70AF1EE10FA04DBB0EEC9
:10C02000678A01E0BAEE048ADFED648A1020B2EE7E
:10C03000091AFAEE090AB0EE680AFFF701FF044692
:10C040000C20B3EE0E1AFBEE0E0AB0EE680AFFF7F4
:10C05000F7FE07460C209FED5C1AF0EE680AB0EE82
:10C06000680AFFF7EDFE06460C20B1EE041AF0EE6A
:10C07000680AB0EE680AFFF7E3FE05460C20B2EE50
:10C08000041AFAEE040AB0EE480AFFF7D9FE844615
:10C090004AE7FBEE0C7AB4EEE70AF1EE10FA09D9A2
:10C0A000F3EE0C7AB4EEE70AF1EE10FA04DBB0EE30
:10C0B000678A01E0BBEE0C8ADFED408A1020B2EE09
:10C0C000091AFAEE090AB0EE680AFFF7B9FE04464B
:10C0D0000C20B2EE041AFAEE040AB0EE680AFFF77A
:10C0E000AFFE07460C209FED381AF0EE680AB0EE5E
:10C0F000680AFFF7A5FE06460C20B1EE041AF0EE22
:10C10000680AB0EE680AFFF79BFE05460C20B3EE06
:10C110000C1AFBEE0C0AB0EE480AFFF791FE8446BB
:10C1200002E7FBEE027AB4EEE70AF1EE10FA09D963
:10C13000F3EE027AB4EEE70AF1EE10FA04DBB0EEA9
:10C14000678A01E0BBEE028ADFED1C8A1020B2EEA6
:10C15000091AFAEE090AB0EE680AFFF771FE044602
:10C160000C209FED171ADFED170AB0EE680AFFF7F3
:10C1700067FE07460C209FED141AF0EE680AB0EE39
:10C18000680AFFF75DFE06460C20B1EE041AF0EED9
:10C19000680AB0EE680AFFF753FE05460C20B3EEBE
:10C1A000021AFBEE020AB0EE480AFFF749FE844687
:10C1B000BAE600BF000058C200005842000000006C
:10C1C00000003442000034C20000FA4307EE900A37
:10C1D00070EEC00AF8EEE77A27EEA07A01238B40D2
:10C1E000013B07EE903AF8EEE77AC7EE276A36EEA3
:10C1F000800A70479446002A18BF002817D00170A3
:10C2000012684260DCF804208260DCF80820C2601A
:10C2100080ED040AC0ED050A0022826342630263D6
:10C220000262C2628262426242640264C263704716
:10C230000346002800F0A380D0ED107AC0ED117AFB
:10C2400090ED0F7A80ED107AC0ED060A80ED070AB6
:10C2500070EEC00AC0ED0F0A0278002A4CD1D0ED72
:10C26000017A60EEA77AC0ED097AD0ED0A6A90ED06
:10C27000026A20EE866A76EE866AC0ED0A6A426B32
:10C280008263026B426370EEC70AC0ED0C0A90ED48
:10C29000037A60EE870AC0ED0B0A90ED057AF4EEA2
:10C2A000C76AF1EE10FA13DD80ED0A7A93ED0A7A8F
:10C2B00077EE877A70EEA70AC3ED080AD3ED047A09
:10C2C000F4EEE70AF1EE10FA0CDDC3ED087A15E0A2
:10C2D000B1EE477AF4EEC76AF1EE10FAE6D580EDDA
:10C2E0000A7AE3E7F1EE677AF4EEE70AF1EE10FA84
:10C2F00004D5C3ED087A01E0012A02D093ED080AC3
:10C300007047D0ED016A30EEC76A66EE866AC0ED0E
:10C31000096A90ED026A20EE866A80ED0A6A426B35
:10C320008263026B426337EE077A70EEC70A77EEDC
:10C33000A07AC0ED0C7A90ED037A67EE877AC0EDB3
:10C340000B7A90ED087A76EE866A77EEA67A77EE2B
:10C35000277AC0ED087A90ED047AF4EEC77AF1EE10
:10C3600010FA02DD80ED087AC8E7B1EE477AF4EE04
:10C37000C77AF1EE10FAC1D580ED087ABEE79FEDDD
:10C38000010A70470000000038B504460025857298
:10C39000C5600561057564222946153000F0A6FDCB
:10C3A00084F87950012384F8373738BD70B50546D5
:10C3B0000E46074C2046FFF7E7FF25600549616000
:10C3C0004FF400722281A6722846FCF7FFF970BD77
:10C3D000F0910024F08F0024034658B1FF2005E0BF
:10C3E00013F8011B48400449085C11464A1E002905
:10C3F000F6D17047FF207047A4510108024688B16A
:10C400004FF6FF7009E012F8013B4340DBB20749E9
:10C4100031F8133083EA1020614601F1FF3C002916
:10C42000F1D170474FF6FF70704700BFA44F01086D
:10C430002DE9F0410746002400E00134A74240F313
:10C440005881AD4B5A681519125D9B7A9A42F4D106
:10C4500004212846FFF7C0FF2B7998422DD1B5F86B
:10C460000160F11D2846FFF7C9FF7319B3F80730C3
:10C47000984224D1E31D1E440136BE4280F2398128
:10C48000B5F8053040F20E2293425ED8B3F5007F36
:10C4900018D9A3F201230D2B57D8DFE813F084003D
:10C4A0009900AF00BB00C500CB00D400E100EB0059
:10C4B000F500FC0014011B0123010134BEE709361D
:10C4C0003444BBE7B3F5837F3FD2B3F5807F08D90F
:10C4D000A3F20113042B38D8DFE803F03C463753AE
:10C4E0005C00022B14D0032B1BD0012B2DD1824BCF
:10C4F000D5F80700D5F80B10D5F80F20C3F87A004F
:10C50000C3F87E10C3F88220EA7C83F886201CE002
:10C51000794BB5F807106A7AA3F8871083F8892059
:10C5200013E0EB1D754A05F1270ED3F800C05E68D5
:10C530009868D968C2F800C056609060D160103326
:10C5400010327345F1D11B881380B5F801300933DF
:10C550001C4473E7684BD5F80700C3F8AC00B5F886
:10C560000B20A3F8B020F0E7634BD5F80720C3F801
:10C57000B220B5F80B106A7BA3F8B61083F8B82088
:10C58000E3E75D4BD5F80720C3F8B920EA7A83F8D2
:10C59000BD20DAE7584BD5F80720C3F8BE20EA7A69
:10C5A00083F8C220D1E7544BD5F80700D5F80B101B
:10C5B000D5F80F20C3F8C300C3F8C710C3F8CB20C9
:10C5C000B5F813106A7DA3F8CF1083F8D120BCE72B
:10C5D000494BD5F80760D5F80B00D5F80F10D5F802
:10C5E0001320C3F8D260C3F8D600C3F8DA10C3F83A
:10C5F000DE20B5F81720A3F8E220A6E7404BD5F8D7
:10C600000700D5F80B10D5F80F2007C3B5F8132095
:10C610001A809AE7384BD5F80710D5F80B20C3F8E5
:10C62000F210C3F8F62090E7D5F80720324BC3F894
:10C63000FA208AE7304BB5F807106A7AA3F8FE10A3
:10C6400083F8002181E72C4BD5F80710D5F80B2093
:10C65000C3F80111C3F80521EA7B83F8092174E7C7
:10C66000254BD5F80710D5F80B20C3F80A11C3F8ED
:10C670000E216AE7204BD5F80720C3F81221B5F840
:10C680000B20A3F8162160E71E4BD5F80700D5F85C
:10C690000B1003C359E7EE1DDFF868E005F127082A
:10C6A000F44630687168B268F368ACE80F00103681
:10C6B000E6464645F4D130687168AEE80300338938
:10C6C000AEF8003041E70F4BD5F80700D5F80B1056
:10C6D00003C33AE70B4BD5F807001860B5F80B20F9
:10C6E0009A8032E7074BB5F807106A7A19809A707A
:10C6F0002BE7BDE8F08100BFF09100247A9200247E
:10C70000D4920024089300240B780F2B59D10B7E70
:10C71000002B56D1CB7D0C2B54D0012303804B78BA
:10C720008A7843EA0223C3F30A0343808A78CB78EA
:10C730005B0143EAD203C3F30A038380CA780B790F
:10C740009B0043EA92134A7943EA8223C3F30A0324
:10C75000C3804A798B79DB0143EA5203C3F30A03AE
:10C7600003818A79CB791B0143EA1213C3F30A03CD
:10C770004381CA790B7A5B0043EAD2134A7A43EACF
:10C780004223C3F30A0383814A7A8B7A9B0143EAEB
:10C790009203C3F30A03C3818A7ACB7ADB0043EAAC
:10C7A000521303820B7B4A7B43EA0223C3F30A033F
:10C7B00043824A7B8B7B5B0143EAD203C3F30A03C8
:10C7C0008382704700230380A9E7000070B5044608
:10C7D0000D460268184B9A4204D02268174B9A42C1
:10C7E0001CD070BD19290AD8154E32223146154881
:10C7F000FBF7ECFF31461448FFF786FFEDE7104EDC
:10C80000322231460F48FBF7E1FF002333607360AB
:10C81000B360F360336173613376DEE70B4CE3683A
:10C820000133E3602846FFF703FE22896168206830
:10C83000FBF7CCFFD5E700BF005000400078004078
:10C84000589900241C13002428990024F0910024F6
:10C8500002680A4B9A4200D0704710B5084C322249
:10C8600021460848FBF7B2FF002323606360A36002
:10C87000E36023616361237610BD00BF0050004078
:10C88000589900241C1300240FB410B502AA52F8C2
:10C89000041B094B1A60094C204600F00BFB82B2C6
:10C8A000074B1A800A2321460648FBF7A5FDBDE881
:10C8B000104004B0704700BF749A0024749900249B
:10C8C00072990024F411002410B588B000238DF86B
:10C8D00007300EE04FF0600C14E04FF0600C1EE0EB
:10C8E0004FF0600CC3F1170420346C4404F818CCEA
:10C8F0000133072B21DC41FA03F414F0010FE9D0D6
:10C900004FF0780CC3F1070420346C4404F818CCC1
:10C9100040FA03F414F0010FDFD04FF0780CC3F1AC
:10C920000F0420346C4404F818CC42FA03F414F0D9
:10C93000010FD5D04FF0780CD4E74FF6FF730022EB
:10C940000DF107010F48F9F7C1FF0E4B93F8813045
:10C95000DBB2012BF9D14FF6FF73182202A9094867
:10C96000F9F7B4FF002408E04FF6FF7301220DF140
:10C9700007010448F9F7AAFF0134632CF4DD08B07D
:10C9800010BD00BF980E00242DE9F047089D0E460B
:10C9900004460F46002B4AD194468C45B2FA82F2E7
:10C9A00060D942B1C2F12003974020FA03F30CFA98
:10C9B00002FC1F4394404FEA1C4E1FFA8CF6B7FB53
:10C9C000FEF1230C0EFB117743EA074301FB06F04F
:10C9D00098420AD91CEB030301F1FF3780F015815F
:10C9E000984240F21281023963441B1AA4B2B3FB8D
:10C9F000FEF00EFB103344EA034400FB06F6A642A9
:10CA00000AD91CEB040400F1FF3380F00081A64238
:10CA100040F2FD806444023840EA0140A41B00213A
:10CA20001DB1D4400023C5E90043BDE8F0878B4227
:10CA300005D90DB1C5E9000100210846F5E7B3FAB3
:10CA400083F1002946D1B34202D3824200F2F5803D
:10CA5000841A66EB030201201746002DE5D0C5E9D4
:10CA60000047E2E7002A40F09380A1EB0C034FEA75
:10CA70001C471FFA8CFE0121B3FBF7F607FB1630AB
:10CA8000230C43EA00430EFB06F0984208D91CEB46
:10CA9000030306F1FF3802D2984200F2D0804646E6
:10CAA0001B1AA4B2B3FBF7F007FB103344EA0344AC
:10CAB0000EFB00FEA64508D91CEB040400F1FF3371
:10CAC00002D2A64500F2B6801846A4EB0E0440EA56
:10CAD0000640A5E7C1F120078B4022FA07FC4CEA8B
:10CAE000030C06FA01FE20FA07F426FA07F344EADB
:10CAF0000E0400FA01F84FEA1C404FEA1449B3FB58
:10CB0000F0FE1FFA8CF600FB1E3349EA03430EFBCE
:10CB100006F9994502FA01F20BD91CEB03030EF159
:10CB2000FF3A80F08580994540F28280AEF1020E96
:10CB30006344A3EB0909A4B2B9FBF0F300FB13991A
:10CB400044EA094403FB06F6A64208D91CEB040498
:10CB500003F1FF3068D2A64266D9023B644443EA3F
:10CB60000E40A41BA0FB02E6B4427346B14652D36A
:10CB70004FD05DB1B8EB030264EB090404FA07F788
:10CB800022FA01F31F43CC40C5E9007400214CE7B1
:10CB9000C2F1200120FA01F30CFA02FC26FA01F19D
:10CBA000964033434FEA1C471FFA8CFEB1FBF7F067
:10CBB00007FB1016190C41EA064100FB0EF68E42E7
:10CBC00004FA02F408D91CEB010100F1FF382DD260
:10CBD0008E422BD902386144891B9BB2B1FBF7F618
:10CBE00007FB161143EA014306FB0EF1994208D9EF
:10CBF0001CEB030306F1FF3814D2994212D9023E0E
:10CC000063445B1A46EA004136E73946EDE61846CA
:10CC100002E7F045ADD2BEEB020366EB0C0601382D
:10CC2000B146A6E74646ECE7034698E74046D3E719
:10CC3000D6467EE76444023847E708460DE7023EE1
:10CC400063442DE7024A0349034800F0C9B800BF16
:10CC5000C00000245DF50008D00000240C4B4168A2
:10CC6000994210B5044601D002F078FCA168094B46
:10CC7000994202D0204602F071FCE168064B9942CD
:10CC800004D02046BDE8104002F068BC10BD00BFD3
:10CC9000789A0024E09A0024489B00242DE9F84368
:10CCA000314A324C3249DFF8DC90DFF8DC80314F1A
:10CCB0001160002504232946082204F15C00C4E920
:10CCC00003352D4EA560C4E90055C4E905556566D8
:10CCD00000F00CF904F15800C4E90749C4E90987D8
:10CCE000E66200F041FA2946244B6367082204F10A
:10CCF000C400C4E91A55C4E91E552567C4F8CC50D0
:10CD0000C4F8805000F0F2F804F1680304F1C000A8
:10CD1000C4F88430C4E92298C4E9247600F024FAE7
:10CD2000174BC4F8DC30294604F596700822C4E994
:10CD30003455C4E93855C4F8D850C4F83451C4F84F
:10CD4000E85000F0D3F804F1D003C4E93D87C4F8FB
:10CD5000F09004F59470C4F8FC60C4F8EC30BDE8C1
:10CD6000F84300F001BA00BFB09B0024789A002479
:10CD700045CC000889CE0008ADCE000809000100AE
:10CD80001200020025CE000849CE000810B5044666
:10CD90000A4800F0EDF9636B23B9094B094A1B6897
:10CDA000626323B1BDE81040044800F0E3B9FFF727
:10CDB00075FFBDE81040014800F0DCB9C09B0024BD
:10CDC000B09B00245DCC0008014800F0D1B900BF41
:10CDD000C09B0024014800F0CDB900BFC09B0024D7
:10CDE0002DE9F8430746884616464FF00009D6E974
:10CDF0000154013D10D4A389012B08D9B4F90E3098
:10CE000001332146384602D0C04749EA0009013DB6
:10CE10006B1C04F16804EED13668002EE7D1484659
:10CE2000BDE8F88310B50C46B1F90E1000F042F9D8
:10CE3000002803DB236D0344236510BDA38923F47D
:10CE40008053A38110BD00BF2DE9F0410C46B1F91C
:10CE50000C101F46CB05054616460BD421F4805115
:10CE6000A1813B46B4F90E1032462846BDE8F04198
:10CE700000F036B9B4F90E100223002200F004F9D4
:10CE8000B4F90C10EAE700BF10B50C46B1F90E106A
:10CE900000F0FAF8B4F90C30421C0EBF23F48053B2
:10CEA00043F480532065A38110BD00BFB1F90E107B
:10CEB00000F0A2B870B59AB013460A4E0A466FF059
:10CEC000004102910591084903910446002530680C
:10CED000199569460094049400F076FD009B1D703E
:10CEE0001AB070BDCC0000240802FFFF830730B5E4
:10CEF00047D0541E002A3ED0CAB2034601E0013C8E
:10CF000039D303F8012B9D07F9D1032C2CD9CDB2CD
:10CF100005EB05250F2C05EB054535D9A4F11002CD
:10CF200022F00F0C03F1100EE6444FEA121C1A46D1
:10CF3000C2E90055C2E9025510327245F8D10CF130
:10CF4000010214F00C0F03EB021204F00F0C13D0CB
:10CF5000ACF1040323F003030433134442F8045BED
:10CF60009342FBD10CF003042CB1C9B21C4403F86A
:10CF7000011BA342FBD130BD64461346002CF4D103
:10CF8000F9E703461446C0E71A46A446E0E700BFA7
:10CF900040EA01039B0710B501D1032A17D8844644
:10CFA00001F1FF3E07E01EF8011F03F8011B541EAC
:10CFB00029B19C4622466346002AF4D110BD944410
:10CFC000002CFBD003F8011B6345FBD110BD8E463E
:10CFD0008446DEF80040A4F1013323EA040313F091
:10CFE000803F71460EF1040EDAD1043A032A4CF860
:10CFF000044BEED87146D3E738B5074D00220446FE
:10D0000008462A60F4F788FE431C00D038BD2B6820
:10D01000002BFBD0236038BDB49B0024194B1B6848
:10D0200083422ED0416C70B5054681B100268C59E3
:10D030003CB121462468284600F00AF9002CF8D1BA
:10D04000696C0436802EF2D1284600F001F9A96BF4
:10D0500011B1284600F0FCF82C6C34B1214624684C
:10D06000284600F0F5F8002CF8D1E96C11B12846FB
:10D0700000F0EEF86B6B1BB12846BDE87040184716
:10D0800070BD7047CC00002438B50C46084D84466E
:10D09000114620461A4600232B606446F4F746FEEC
:10D0A000431C00D038BD2B68002BFBD0236038BD5B
:10D0B000B49B002438B50C46084D844611462046E2
:10D0C0001A4600232B606446F4F708FE431C00D088
:10D0D00038BD2B68002BFBD0236038BDB49B0024E7
:10D0E00038B50C46084D8446114620461A460023A2
:10D0F0002B606446F4F702FE431C00D038BD2B6859
:10D10000002BFBD0236038BDB49B0024014B186872
:10D11000704700BFCC00002470B50F4B0F4DAB42E1
:10D12000A3EB050607D0B610002455F8043B0134E4
:10D130009847A642F9D807F00DFD094D094B5E1B33
:10D14000AB424FEAA60606D0002455F8043B013452
:10D150009847A642F9D870BD085901080859010836
:10D160000859010810590108704700BF704700BFF7
:10D17000704700BF704700BF024B13B1024800F078
:10D1800005B8704700000000E1F7000800230146E1
:10D190001A46184602F078BB2DE9F84306460820E7
:10D1A000894602F031FBDFF8A4800546304600F0E6
:10D1B000FDFBD8F808305F6827F00307A7F11104DA
:10D1C000A4EB09042C44B4FBF5F4013C05FB04F486
:10D1D000A54208DC0021304602F0F0FAD8F8083009
:10D1E0003B44984205D0304600F0E6FB0020BDE805
:10D1F000F8836142304602F0E1FA01300FD0114A63
:10D20000D8F808303F1B47F001075F6013683046CD
:10D210001B1B136000F0D0FB0120BDE8F883002148
:10D22000304602F0CBFAD8F80820831A0F2BDADD4B
:10D2300043F001035360044B02491B68C01A0860A5
:10D24000D1E700BFC89B0024140200242002002460
:10D2500000297CD02DE9F0410C46804600F0A6FB69
:10D2600054F8043C754FA4F1080523F00101681837
:10D27000BE684268864222F0030200F08380DE0727
:10D28000426000EB020C33D454F8084CDCF8043054
:10D290002D1B2144AC6807F1080C644503F0010321
:10D2A00064D0D5F80CE0C4F80CE0CEF80840002BB0
:10D2B00000F0818041F001036B600160B1F5007FF7
:10D2C00022D27868CB080122490901338A400243FF
:10D2D00057F833107A6007EBC302083AC5E9021227
:10D2E00047F83350CD604046BDE8F04100F064BBE4
:10D2F000DCF80430DB072BD541F00103B1F5007FEA
:10D3000044F8043C0160DCD3B1F5206F4FEA5123AF
:10D3100053D28B0903F1390003F13802C300F81826
:10D32000FB580838984203D161E09B68984204D0CA
:10D330005A6822F003028A42F7D8D868C5E9023059
:10D340008560DD604046BDE8F04100F035BB7047C8
:10D35000114407F1080C836863453FD0C268DA6066
:10D36000936041F001036B606950A7E7002B5FD128
:10D370000A44D0E90213CB60996042F001036B606C
:10D38000AA50B0E7DB070A4407D454F8083CED1A6A
:10D390001A44D5E90213CB60996042F001036B6037
:10D3A000274BBD601B6893429DD8264B40461968A9
:10D3B000FFF7F2FE97E71144CDE7142B08D9542B61
:10D3C0001DD80B0B03F16F0003F16E02C300A6E73B
:10D3D00003F15C0003F15B02C300A0E741F001032D
:10D3E000C7E90455C5E902CC6B6069507BE77968F1
:10D3F0009210012404FA02F20A437A609EE7B3F520
:10D40000AA7F06D8CB0B03F1780003F17702C300A3
:10D4100085E740F25452934206D88B0C03F17D000D
:10D4200003F17C02C3007AE74FF47E737E2276E735
:10D4300041F001036B60016055E700BF200200244A
:10D4400018020024F89B00242DE9F04F01F10B0590
:10D45000162D83B0064623D8102900F2AF8000F0C5
:10D46000A5FA102518230220B74F3B44A3F1080268
:10D470005C68944200F01E816368E268A16823F052
:10D480000303CA602344304691605A6842F00102A7
:10D490005A6000F091FA0834204603B0BDE8F08FDE
:10D4A00035F0070500F18A80A94200F2878000F07C
:10D4B0007DFAB5F5FC7FC0F06E816B0A00F08280CA
:10D4C000042B00F21D81AB0903F1390003F1380E82
:10D4D000C3009D4F3B44A3F1080C5C68A44507D1F1
:10D4E0000DE0002AE16880F2DF808C4507D00C4611
:10D4F000636823F003035A1B0F2AF2DD7046DFF83E
:10D5000060823C69444500F0BC80636823F0030CF2
:10D51000ACEB05030F2B00F34281002BC7E9048815
:10D5200080F22D81BCF5007FD7F804E080F0C88040
:10D530004FEADC0101314FEA5C1C012303FA0CF3D2
:10D5400057F83120A2604EEA030E07EBC103083BF7
:10D55000E360C7F804E047F83140D46083104FF02F
:10D56000010C0CFA03FCF44532D81CEA0E0F08D16A
:10D5700020F003004FEA4C0C1CEA0E0F00F10400EF
:10D58000F8D007EBC00AD6468146DEF80C300BE037
:10D59000596821F003014A1B0F2A1C46DB6800F37F
:10D5A000BB80002A80F2DE809E45F1D109F101099D
:10D5B00019F0030F0EF1080EE7D119E10C233360C7
:10D5C000002469E74FF4007340204FF03F0E80E7DE
:10D5D000BC68636823F00309A94503D3A9EB0503DD
:10D5E0000F2B51DC594B1B68082003F1100804EB8A
:10D5F0000903009302F008F9554A13680133A8445F
:10D60000834605D008F1FF388044434203EA080806
:10D610004146304602F0D2F8B0F1FF3F4C4A824614
:10D6200000F0D880009B834200F2D280494B1868FA
:10D6300040440BF1FF311860844640F0FC801AEA48
:10D64000010F40F0F880D7F808A0C84448F0010264
:10D65000CAF80420404B1968814238BF18603F4B1C
:10D660001968814238BF1860544622F00308A84563
:10D67000A8EB050301D30F2B06DC304600F09CF924
:10D680009EE7D7F804E069E7621943F0010345F02B
:10D69000010565603046BA60536000F08DF90834CA
:10D6A000204603B0BDE8F08FA2682344D160304625
:10D6B0008A60EAE6DC68A3427FF4DEAE02301EE751
:10D6C000BCF5206F4FEA5C227BD3142A00F2128152
:10D6D00002F15C03DB005B32F918FB580839994210
:10D6E00003D1ECE09B68994204D05A6822F003020F
:10D6F0006245F7D8D968C4E902318C60DC602DE757
:10D70000142B6AD9542B00F2FE802B0B03F16F000F
:10D7100003F16E0EC300DCE6D4F808C0304666198B
:10D7200045F001056560CCF80C30C3F808C042F044
:10D730000103C7E90466C6E902887360625000F01D
:10D740003BF90834A8E600BF20020024F89B00241F
:10D7500014020024C89B0024F49B0024F09B0024A6
:10D7600028020024214430464A6842F001024A60FF
:10D7700054F8082FD3609A6000F01EF98CE6A44498
:10D780003046DCF8043043F00103CCF8043000F0FC
:10D7900013F9083480E6E80805F1080364E6621925
:10D7A00043F0010145F0010565603046C7E90422F8
:10D7B000C2E90288516044F80C3000F0FDF80834EA
:10D7C0006AE64FEA9C1202F13903DB00383283E744
:10D7D000BC4228D0BC68626847E703F15C0003F1F3
:10D7E0005B0EC30075E65AF80839534540F0D980FE
:10D7F00010F0030F00F1FF30F5D17B6823EA0C0332
:10D800007B604FEA4C0C9C453FF6E2AEBCF1000F4A
:10D8100004D1DDE64FEA4C0C09F104091CEA030FC0
:10D82000F8D04846ADE6604B186808EB000C0BF1E9
:10D83000FF31C3F800C0106801306ED0009AAAEB27
:10D84000020262441A601AF00702CDE9002340D0B8
:10D85000C2F108029244D04408EA01005A44121A64
:10D8600002EA010B5946304601F0A8FF421C019B19
:10D870006FD0A0EB0A0000EB0B081868C7F808A0EF
:10D8800048F001025844BC42CAF8042018603FF432
:10D89000E1AEB9F10F0F43D96168A9F10C0222F092
:10D8A000070201F00101114361604FF0050CA1185E
:10D8B0000F2AC1E901CC54D8DAF80420CAE6921044
:10D8C0004FF0010C0CFA02F24EEA020EC7F804E027
:10D8D00011E70AEB08020A40ABEB020202EA010B75
:10D8E0005946304601F06AFF431C019BC1D1DDF867
:10D8F00000B0C2E7542A17D84FEA1C3202F16F0376
:10D90000DB006E32E8E6B3F5AA7F17D8EB0B03F124
:10D91000780003F1770EC300DBE5C2F800A092E7C0
:10D920000123CAF80430A8E6B2F5AA7F24D84FEA4A
:10D93000DC3202F17803DB007732CDE640F254525C
:10D94000934224D8AB0C03F17D0003F17C0EC3009D
:10D95000BFE5009A083A9044A8EB0A084FF0000B84
:10D960008BE7304604F108010093FFF771FC009B40
:10D97000D7F808A018689FE740F254539A420CD891
:10D980004FEA9C4202F17D03DB007C32A4E64FF4B7
:10D990007E737F204FF07E0E9BE54FF47E737E22D8
:10D9A0009AE67B682DE700BFC89B00240148FFF77B
:10D9B000DFBB00BFB89B00240148FFF7DBBB00BF03
:10D9C000B89B0024000000002DE9F04FD9B00C46B0
:10D9D000099115460B93834601F0ECFE03681693FC
:10D9E0001846F2F7ADFF00211490082228A8FFF78F
:10D9F0007DFAA389190603D52369002B00F05E8701
:10DA00009FED7F7B0023CDE92D33CDE917338DEDDD
:10DA1000107B2FAA0E932C92144615931C931993E6
:10DA200006932E46B246784BD3F8E45001F0BCFE84
:10DA300028AA0346009224A952465846A84700281F
:10DA400000F0B180C0F2A780249A252A034601D0B5
:10DA50009A44E8E7BAEB0607054640F0A8800023A1
:10DA600019464FF0FF328DF8873007930AF1010A0B
:10DA70009AF80030059204910AF1010AA3F12002FC
:10DA80005A2A00F2C380DFE812F0F402C100C1009C
:10DA9000ED02C100C100C1006A00C100C1003F0227
:10DAA0005102C1004A020603C100FF025B005B0095
:10DAB0005B005B005B005B005B005B005B00C10028
:10DAC000C100C100C100C100C100C1003B01C100D3
:10DAD000BE01D3023B013B013B01C100C100C100BB
:10DAE000C100CC02C100C1008802C100C100C10058
:10DAF000E801C1005702C100C100B206C100C10067
:10DB0000C100C100C100C100C100C1003B01C10092
:10DB1000BE011A023B013B013B01A0021A027F0039
:10DB2000C100C202C100B302D80622037F00C100B7
:10DB3000E8017C00AE06C100C100DB06C1007C002C
:10DB4000A3F1300200211AF8013B01EB810102EB45
:10DB50004101A3F13002092AF5D907918EE7584611
:10DB600001F028FE436819931846F2F7E9FE1C906D
:10DB70000546584601F01EFE83681793002D40F0BD
:10DB8000B7859AF8003077E7049B43F020030493AD
:10DB90009AF8003070E70822002128A8FFF7A6F9BC
:10DBA00001239A443FE7BAEB0607054610D02E9BA7
:10DBB0003B442E932D9B0133072BC4E900672D9323
:10DBC00015DC0834069B3B440693002D7FF447AFD9
:10DBD0002E9B002B41F09381099B9B8903F040030E
:10DBE000002B41F09283069859B0BDE8F08F099957
:10DBF0002CAA584601F086FC0028EDD12FACE1E7B5
:10DC00000000000000000000280600240C93002BF8
:10DC1000DED000228DF8FC3001238DF8872002939E
:10DC20000A920893059212920F920D923FAE049BB6
:10DC300013F0020302D002990231029104992E9D41
:10DC400011F0840805D1079902980F1A002F00F3EC
:10DC5000A1806AB1012262602D9A013201350DF175
:10DC60008701072A2E952D92216000F3DB8308346B
:10DC70006BB12D9B22AA013302352260072B4FF096
:10DC800002022E952D93626000F3C1830834B8F12F
:10DC9000800F00F0C482059B089A9F1A002F00F3A2
:10DCA000FE82049BDA0500F12482089B63601D4418
:10DCB0002D9B26600133072B2E952D9300F33F8378
:10DCC0000834049B5A0705D5079B029A9E1A002E1A
:10DCD00000F3B583DDE9063202998A42ACBF9B1896
:10DCE0005B180693002D40F00B8300232D930A9BB5
:10DCF0001BB10A995846FFF7ABFA2FAC564691E68E
:10DD00000C930B9B073323F00703B3EC027B58EC17
:10DD1000177B0B9328F000431B938DED1A7ADDE9F6
:10DD20001A01AF4B4FF0FF328DED107BF3F70EF978
:10DD3000002840F00285DDE91A01A94B4FF0FF32BF
:10DD4000F3F7E6F8002840F0F88400220023384674
:10DD50004146F3F7D3F8002841F021809DF8872051
:10DD6000049BA04E23F0800304939F4B0C994729FA
:10DD7000D8BF1E46002303210A9302910891059300
:10DD800012930F930D93002A3FF451AF029B01337E
:10DD900002934CE795492D9A1391102F25DD2146CA
:10DDA0002846099C914D1D934FF0100904E0103F47
:10DDB000102F01F1080115DD01321030072AC1E9E9
:10DDC0000059CDE92D20F2DD2CAA2146584601F05C
:10DDD00099FB002840F09C82103F102FDDE92D2098
:10DDE0002FA9E9DC1D9B0C460546013213992160E1
:10DDF0003D44072ACDE92D25676000F3D4869DF8C0
:10DE00008720083425E70B9A0C93432B02F1040575
:10DE100003D0049BDA0640F11785082200212AA8C6
:10DE2000FFF764F80B9B3FAE1A6831462AAB5846A1
:10DE300003F02CF903460133089001F06182089B3E
:10DE400023EAE373029300220B958DF887200A9250
:10DE5000059212920F920D92E9E60B9F0C9357F8E0
:10DE6000046B00238DF88730002E00F016850C9B84
:10DE7000532B00F0BF86049B13F010030D9340F06A
:10DE8000B986059B002BC1F245800D991A46304694
:10DE9000F2F7F6FC0A90002801F066820A9B991BB3
:10DEA0000D9B0891059321EAE17112930F930A9358
:10DEB00073239DF887200B9702910C9363E70C93D3
:10DEC000049B9B0640F1BD800B9B073323F00703A7
:10DED0001A46596852F8083B0B920A460029C0F2CC
:10DEE000CA8305990029C0F28382049921F0800534
:10DEF00053EA020140F07D82059A002A40F07E82BA
:10DF00000495089258AE60E10B9B53F8042B0792DE
:10DF1000002A80F2DA83079A0B9352420792049BFD
:10DF200043F0040304939AF80030A5E52B238DF801
:10DF300087309AF800309FE50C93049B43F010055E
:10DF400015F0200200F072830B9B073323F00703C8
:10DF500019465A6851F8083B0B9101210020059E93
:10DF60008DF88700002EC0F2198125F08000049002
:10DF700053EA020040F01181002E40F0248600296F
:10DF800040F0808315F00103089300F0A383302351
:10DF90008DF85F310DF25F1617E10C93049B43F08F
:10DFA00010030493049B13F0200200F055830B9B95
:10DFB000073323F0070319465A6851F8083B0B91C1
:10DFC000049921F480650021C8E79AF80030682B95
:10DFD00000F04E84049A42F0400204924CE500BFE7
:10DFE000FFFFEF7F884D0108844D0108B4520108FE
:10DFF000049B9D0640F190830B9B069A1B681A6058
:10E00000D2175A600B9B04330B9356460AE59AF8D5
:10E0100000306C2B00F02284049A42F0100204922B
:10E020002AE5049B43F0080304939AF8003023E5A3
:10E030000C93049B43F010030493049B9B063FF551
:10E0400043AF04990B9ACF0652F8043B00F14B837F
:10E0500004994E0640F143860B9243F3C0321146B9
:10E060001BB23BE7049B43F0010304939AF8003092
:10E0700002E59DF887209AF80030002A7FF4FCAC76
:10E0800020228DF88720F7E4049B43F0800304935B
:10E090009AF80030F0E4504610F8013B2A2B01F0CA
:10E0A000E581A3F13002092A98BF002101F2E48042
:10E0B00010F8013B01EB810102EB4101A3F13002B9
:10E0C000092AF5D941EAE17205928246D6E40B9A13
:10E0D000049B43F0020552F8043B0B9247F63002D2
:10E0E000ADF8882078209B4A1592022100220C90DE
:10E0F00034E70C9B652B40F33381DDE910010022EE
:10E100000023F2F7F1FE002800F0D2812D9B924A05
:10E110002260013301350122072B2E952D93626079
:10E1200000F35C850834239B0E9A934280F2C882E8
:10E13000149B169A1D44C4E900232D9B2E95013390
:10E14000072B2D9300F39E8308340E9B5E1E002E3A
:10E150007FF7B7AD102E2D9BDFF8009240F3E580DE
:10E16000DDF82480102704E00834103E102E40F320
:10E17000DC8001331035072BC4E90097CDE92D353C
:10E18000F2DD2CAA4146584601F0BCF9002840F0C7
:10E19000BF80DDE92D352FACE7E7049D012900F0B4
:10E1A0002881022958AE1FD1159803F00F011B09D1
:10E1B000415C06F8011D43EA0273120953EA0201A9
:10E1C000F3D158AB9B1B04950893059908989DF8CB
:10E1D000872081424FF00003B8BF01460A930291A5
:10E1E00012930F930D93CEE503F00701DB0843EA8A
:10E1F0004273D208303153EA0207304606F8011D57
:10E20000F2D1EF07DDD53029DBD03023023806F814
:10E21000013C58AB1B1A049508930646D5E7079BAB
:10E22000029A9F1A002F7FF736AD102F2D9BDFF833
:10E230002C9122DD2A464FF010084D46DDF824903F
:10E2400004E0103F102F04F1080414DD01331032F4
:10E25000072BC4E90058CDE92D32F2DD2CAA49463E
:10E26000584601F04FF9002852D1103F102FDDE938
:10E270002D322FACEADCA946154601333D44072B6D
:10E28000CDE92D35C4F80090676000F3DB84059B71
:10E29000089A9F1A002F04F108047FF702AD102F8F
:10E2A0002D9BDFF8B8901FDD2A464FF01008099D1E
:10E2B00004E0103F102F04F1080414DD0133274956
:10E2C0001032072BC4E90018CDE92D32F1DD2CAA5C
:10E2D0002946584601F016F9D0B9103F102FDDE954
:10E2E0002D322FACEADC154601333D44072BCDE936
:10E2F0002D35C4F80090676000F38C810834D0E4B9
:10E3000009992CAA584601F0FDF800283FF4EDAC1D
:10E310000A9B002B3FF460AC0A995846FEF798FF21
:10E32000099B9B8903F040035AE401333544072BD2
:10E33000C4F800906660CDE92D357FF7C1AC09992E
:10E340002CAA584601F0DEF80028E1D12E9D2FAC12
:10E35000B7E400BF944D0108C44D0108A452010860
:10E360000E9B2D9F012B05F1010507F1010704F11B
:10E37000080840F30B810123072FCDE92D75266096
:10E38000636000F38381149B169A01371D44072FA5
:10E39000C8E90023CDE92D7500F3858108F108084F
:10E3A0000E9BDDE910015C1E00220023F2F79CFDAC
:10E3B000002840F00481013701362544072FCDE9BC
:10E3C0002D75C8F80060C8F8044000F3EB8008F130
:10E3D0000808189BC8F8043001371D44072F26ABE6
:10E3E000CDE92D75C8F80030A9DC08F1080468E40F
:10E3F000049D0A2B72F1000180F05E8330338DF8AA
:10E400005F310123049508930DF25F16DDE609994B
:10E410002CAA584601F076F800287FF479AF2E9D9B
:10E420002FAC34E4099913932CAA584601F06AF8EA
:10E4300000287FF46DAF2E9D139B2FAC18E4B44AD7
:10E440002D9B1392102E1FDDDDF82480102791469E
:10E4500004E0103E102E04F1080415DD01331035E0
:10E46000072BC4E90097CDE92D35F2DD2CAA4146F2
:10E47000584601F047F800287FF44AAF103E102EAE
:10E48000DDE92D352FACE9DC0133139A3544072B38
:10E49000C4E90026CDE92D357FF71CAC09992CAADB
:10E4A000584601F02FF800287FF432AF2E9D11E47A
:10E4B0002399002940F35183DDE90D329342A8BF2F
:10E4C0001346002B98460ADD1D44C4E900632D9BCA
:10E4D0002E950133072B2D9300F3618608340D9F91
:10E4E000B8F1000FA8BFA7EB0807002F00F3F581D4
:10E4F0000D9B33440593049B5F0500F11582239B1C
:10E500000E9A9342C0F2A082049AD00700F19C8236
:10E510000E9AB718D61A059BFF1AB742A8BF3746FE
:10E52000002F0ADD23602D9B676001333D44072BDC
:10E530002E952D9300F365860834002FA8BFF61B97
:10E54000002E7FF7BEAB102E2D9BDFF8C8917FF712
:10E55000ECAEDDF82480102704E00834103E102EC5
:10E560007FF7E3AE01331035072BC4E90097CDE9FF
:10E570002D35F2DD2CAA4146584600F0C3FF002895
:10E580007FF4C6AEDDE92D352FACE7E7049BD90754
:10E590003FF5F1AE0123072FCDE92D7526606360AD
:10E5A0007FF717AF09992CAA584600F0ABFF002857
:10E5B0007FF4AEAEDDE92D750DF1BC0809E70E9BC9
:10E5C000012B7FF706AF112BDFF8489140F35C83F6
:10E5D000CDF814A01026CA46DDF8249005E008F115
:10E5E0000808103C102C40F34C8301371035072FDE
:10E5F000C8E900A6CDE92D75F1DD2CAA494658469B
:10E6000000F080FF00287FF483AEDDE92D750DF169
:10E61000BC08E6E709992CAA584600F073FF0028C9
:10E620007FF476AE2E9D2FACFFF73BBB0B9915F018
:10E63000100051F8043B0CD115F0400604D00B91AA
:10E640009BB20246012189E415F400721CBFDBB2C3
:10E6500032460B91012181E404980B9910F01000CF
:10E6600051F8043B3DD1049A12F0400534D09BB2DE
:10E6700002460B91A4E45B42049D62EB42022D2012
:10E6800001216CE4059B089358AE9EE509992CAADC
:10E69000584600F037FF00287FF43AAEDDE92D75CB
:10E6A0000DF1BC086FE609992CAA584600F02AFF24
:10E6B00000287FF42DAEDDE92D750DF1BC086FE665
:10E6C000049BDB077FF5FDAA32E50B939AF8003037
:10E6D000FFF7D2B958AE78E5049A12F4007240F010
:10E6E00009840B916CE40B92DA171146FFF7F6BB25
:10E6F000179A9AF80030002A3FF4BEA91278002A2F
:10E700003FF4BAA9049A42F480620492FFF7B4B9C4
:10E71000B4520108A4520108049BD80600F1AB8250
:10E72000049B590600F1E083049B9A0540F1A38203
:10E730000B9B069A1B681A7064E4DDE9100102461F
:10E740000B46F2F703FC002840F01E860C9B612B61
:10E7500000F03185412B00F04E85059B013300F020
:10E7600002840C9B23F02003472B00F0E1850A90E4
:10E77000DDE91001049A002942F48079C0F2F9849D
:10E780009DED107B8DED1E7B002313930C9B413B75
:10E79000252B00F22583DFE813F02904230323034C
:10E7A0002303EA03B50423032303230323032303DF
:10E7B0002303230323032303230323032303230329
:10E7C0002303230323032303230323032303230319
:10E7D0002303230323032303230329042303230302
:10E7E0002303EA03B504049D0C93FFF7A9BB0C9324
:10E7F000AD4B1593049B13F0200200F033810B9B6B
:10E80000073323F0070319465A6851F8083B0B9168
:10E810000498C1070BD553EA020108D00C998DF872
:10E82000891040F00201049130218DF8881004997C
:10E8300021F480650221FFF791BB0C93FFF7B2BB77
:10E840000C939A4B1593D5E70B9B1B688DF8FC3006
:10E850000123029308933FAEFFF7F5BA049B43F000
:10E86000200304930AF1010A9AF80030FFF704B973
:10E87000049B43F4007304930AF1010A9AF80030F0
:10E88000FFF7FAB809992CAA584600F03BFE002879
:10E890007FF43EAD2E9D2FAC57E4059B0A96062BC8
:10E8A000314628BF0623059632460293804E0B97C9
:10E8B000089312910F910D91FFF765BA40215846C8
:10E8C000FEF7C2FD099B18601861002800F003865E
:10E8D000099A40235361FFF793B8102F2D9BDFF85F
:10E8E000D49140F30B8249462A46B146099D4FF028
:10E8F00010080E4604E00834103F102F40F3FA8150
:10E9000001331032072BC4E90068CDE92D32F2DD66
:10E910002CAA2946584600F0F5FD00287FF4F8ACF3
:10E92000DDE92D322FACE7E70E9BCDF830A006EBEA
:10E9300003090F9BDDF85CA0DDF848800D96002BE5
:10E9400022462946059C099DCDF81490DDF870906B
:10E9500031DDB8F1000F40F33B8108F1FF382D980D
:10E96000199B013049440728C2E900392E912D90A6
:10E9700000F387800832059B9AF800001F1B87422E
:10E98000A8BF0746002F0CDD2D9801303944072819
:10E99000C2E900472E912D9000F360819AF80000A3
:10E9A0000832002FACBFC61B0646002E16DC0444FE
:10E9B0000F9B002BCDDCB8F1000FCEDCDDE90D6341
:10E9C0002046F31898421446024628BF1A46CDF84E
:10E9D0005CA00D46DDF830A0059290E5102E2D9834
:10E9E000344B23DD0894102734461E4604E0103CC7
:10E9F000102C02F1080216DD01302E4B10310728D1
:10EA0000C2E90037CDE92D01F1DD2CAA294658468F
:10EA100000F078FD00287FF47BAC103C102CDDE981
:10EA20002D012FAAE8DC33462646089C13600130EE
:10EA300031440728CDE92D01566000F3A2839AF8EE
:10EA4000000008320444B3E7149A16991544C4E947
:10EA500000122D9A2E950132072A2D9200F3BE83C3
:10EA6000083455E504980B9910F0100051F8043B58
:10EA700017D1049A12F040050ED09BB202460B91BA
:10EA8000C6E62CAA2946584600F03CFD00287FF433
:10EA90003FAC2E992FAA6EE7049A12F4007240F050
:10EAA0001F820B91B4E600BFA84D0108944D0108E8
:10EAB000BC4D0108A452010800210894DFF81C9302
:10EAC000179CCDF810A005F4806758AE4FF00508EC
:10EAD00002958C4605E00A2B72F1000234D35346AE
:10EAE0002A46991841F10001A9FB010525F0030010
:10EAF00000EB9500091A581A4FF0CC3562F1000E60
:10EB000005FB00F5A0FB09A009FB0E550AF0010E5C
:10EB10000544AEFB080E40184FEA5A0A303006F89A
:10EB2000010C4AEAC57A0CF1010C013E6D08002F78
:10EB3000D1D021788C45CED1BCF1FF0FCBD00A2BA0
:10EB400072F1000280F0E7801794DDF810A0029DBA
:10EB5000089CCDF838C0FFF734BB2D9B9E4A22603D
:10EB6000013301350122072B2E952D93626000F3AE
:10EB70001B810834002940F09380049B0E9A03F017
:10EB8000010313433FF49DA8149B169A1D44C4E946
:10EB900000232D9B2E950133072B2D9300F3D68157
:10EBA00004F108028DE0099913932CAA584600F04D
:10EBB000A9FC00287FF4ACAB9DF887202E9D139B09
:10EBC0002FACFFF746B80129049D7FF4EAAA15E4AB
:10EBD0000F9B013B0AF1FF3A0F93C0E609992CAA5B
:10EBE000584600F08FFC00287FF492AB2E9D2FAC8E
:10EBF000FFF799BA0DF1A808082200214046259692
:10EC0000FEF774F9059B002BC0F292800025029755
:10EC100099462F460EE03FA9584602F037FA431CAA
:10EC2000384400F08F83484509DC05F1040500F005
:10EC3000BD830746259A52594346002AEBD10897CF
:10EC4000029F83E009992CAA584600F05BFC00283B
:10EC50007FF45EAB2E9D2FACFFF71DB82CAA294682
:10EC6000584600F04FFC00287FF452AB9AF80000A1
:10EC70002E992FAA95E60B9B069A1B681A60FFF740
:10EC8000C1B9D146DDF814A0C8F800900137254479
:10EC9000072FCDE92D75C8F804407FF798AB81E4C4
:10ECA000149B169A1D44C4E900232D9B2E95013315
:10ECB000072B2D9300F34A8104F108020029C0F2CA
:10ECC000E0820E99166001330D44072BCDE92D35F6
:10ECD00051603FF734AB02F10804FEF7F2BF04992C
:10ECE0000B928D054ABF43F3C012DA175BB211468F
:10ECF000FFF7F4B8154632464E46914601333D447F
:10ED0000072BCDE92D35C4F80090676000F3128120
:10ED10000834FFF7EDBB1C9B1999F61A1A463046CA
:10ED2000FEF736F9637803B101344FF0000CD6E6F4
:10ED300000231946CDF8008025AA584602F0CCF9E8
:10ED400003460133089000F0FD822596089B002BB6
:10ED500036D0632B00F3E48000230A933FAE0822F1
:10ED600000214046FEF7C2F8089DCDF800802B46F2
:10ED700025AA3146584602F0AFF9854240F0A583F6
:10ED800008990B970023735421EAE1719DF88720BD
:10ED90000593029112930F930D93FEF7F4BF2D226A
:10EDA0008DF88720FEF7DCBF09992CAA584600F0A1
:10EDB000A9FB00287FF4ACAA23992E9D2FACD9E69D
:10EDC000089B9DF887200B970293059312930F934E
:10EDD0000D930A93FEF7D7BFC44D0108CDCCCCCC20
:10EDE0002AAB019325AB0093022123AB9DED1E0BB3
:10EDF000059A584600F020FE049BD907064600F10C
:10EE0000FC812A9B1B1A0E93239B0D930D9BDA1CEE
:10EE100003DB059A9A4280F28B810C9B023B0C9398
:10EE20000D9B013B9DF8302023930021002BB8BFA0
:10EE30000D9B8DF89820BABFC3F101032D222B2220
:10EE4000092B8DF8992040F365820DF1AF05B34F82
:10EE50002A461046A7FB0312D20802EB8201A3EB5D
:10EE60004101303100F8011C19466329134600F1B5
:10EE7000FF32EEDC303302F8013C831EAB4280F0FF
:10EE800021830DF1990213F8011B02F8011FAB4217
:10EE9000F9D158AB181AA0F1AD0318930E9B189A2C
:10EEA000012B1A44089240F35882089B149A134489
:10EEB0000893049B089A23F4806343F480730493BB
:10EEC00022EAE2720023129302920F930D93139B96
:10EED000002B40F01B819DF887200593FEF753BF60
:10EEE000DBB22A460B9193E40B9B069A1B681A80AF
:10EEF000FFF788B8DBB22A460B91FFF761B8099C8F
:10EF00002CAA2146584600F0FDFAA38903F04003DD
:10EF1000FEF766BE3046F1F713FD0146FEF7C0BFAF
:10EF2000591C5846FEF790FA0646002800F0DB828E
:10EF30000A9014E709992CAA584600F0E3FA002831
:10EF40007FF4E6A92E9D2FACFFF7D2BA09992CAA1F
:10EF5000584600F0D7FA00287FF4DAA9DDE92D350C
:10EF600023992FAAAAE606230A90059300E4059B9D
:10EF7000022103F101082AAB019325AB00939DED1B
:10EF80001E0B23AB4246584600F056FD0C9B23F067
:10EF90002007462F064600EB080518BF452705D178
:10EFA0003378302B00F03C81239B1D44DDE91E01AA
:10EFB00000220023F1F798FF002840F059812A9B96
:10EFC000AB4206D230215A1C2A9219702A9B9D42CC
:10EFD000F9D8239A0D929B1B472F0E933FF416AF3F
:10EFE000462F00F02B810D9B013B1BE723A89DEDD5
:10EFF0001E0B00F017FC00224FF07F5351EC100B5A
:10F00000F1F70AFD02460B46CDE902230022002358
:10F01000F1F76AFF08B101232393059B404A0C983E
:10F02000CDF820A0591E3F4B0D96612808BF1A4607
:10F030003746A0460592DDE902458A46164609E0B4
:10F04000002200230AF1FF39F1F74EFF002840F0BB
:10F05000BB81CA46344B002220462946F1F7DCFC2E
:10F060000D460446F1F788FF8146F1F79BFA024608
:10F070000B4620462946F1F747F916F80930BAF150
:10F08000FF3F3A46044607F8013B0D46D8D1CDE98B
:10F090000245264BDDF820A00D9E444690460022F6
:10F0A0004D46F1F749FF002800F0FF81059BCDF8A0
:10F0B000A880D97B17F8012C91423B4609D130201A
:10F0C00003F8010C2A9B5A1E2A9213F8012C914234
:10F0D000F6D0392A0BBF059A0132927AD2B203F8E0
:10F0E000012C3B469B1B0C9A0E93239B0D93612A8C
:10F0F00003F1FF33239300F0B381412150220C919F
:10F10000012193E6DDF81480032134E72D2200234A
:10F110008DF887200593FEF739BE00BFCDCCCCCC4F
:10F12000A84D0108944D0108000030400000E03F68
:10F13000DDE90D23934200F3C480049B13F0010F1B
:10F140000D9B00F00F81149A13440893049B5F05F4
:10F1500003D50D9B002B00F34781089B23EAE37343
:10F16000029367230C930023CDF8109012930F9312
:10F17000ADE601F100431F932D231E901393FFF77B
:10F1800005BB2CAA2946584600F0BCF900287FF49C
:10F19000BFA89AF800002E992FAA044408E4099900
:10F1A0002CAA584600F0AEF900287FF4B1A82E9D95
:10F1B0002FACFFF794B978238DF88930049B43F086
:10F1C0000203049330238DF88830059B632B00F3F2
:10F1D0008E8000230A933FAEFFF7CABA09992CAA82
:10F1E000584600F08FF900287FF492A8239B2E9DAB
:10F1F0002FACFFF78DB95823DEE7059B4727C518CD
:10F20000D4E609992CAA584600F07CF900287FF42E
:10F210007FA8239E0E9B2E9D9E1B2FACFFF78DB9C2
:10F22000DDE91E0100220023F1F75EFE002800F058
:10F230001981239B0D931D44AB1B0E93049B0D99C9
:10F24000059A03F00103002943EA020340F31A81FF
:10F25000002B40F0F2800D9B089366230C93049BD7
:10F260005B0500F1C380089B23EAE37302937AE70E
:10F27000239A0D922B46AEE6002282460592FEF7B7
:10F28000FDBB4F421031DFF87892B8BF102404DB89
:10F2900021E00832103F102F1DDD01331035072B00
:10F2A000C2E90094CDE92D35F3DD09992CAA584621
:10F2B00000F028F900287FF42BA8DDE92D352FAACE
:10F2C000E8E70E9B149A9A180D9B0892002B71DDAB
:10F2D00067230C93C3E701333D44072BCDE92D355C
:10F2E000C2F80090576000F3AF800832E9E4591C7F
:10F2F0005846FEF7A9F8064610B10A90FFF738BA4B
:10F30000099A938943F0400393814FF0FF330693AA
:10F31000FEF769BC002934D130228DF89A200DF116
:10F320009B02303302F8013B26ABD31A1893B5E5A4
:10F33000059B002B7FF41BAA059B0A9301230593D1
:10F34000FFF716BA099BB3F90C3000220A9243F07A
:10F350004003099A9381FEF7DBBF049BDB077FF52F
:10F36000A8ADA2E50893F1E6059B029308937323E9
:10F370009DF887200B97059012900F900C93FEF745
:10F3800002BD0DF19A02CCE7119B5A4E002B049B53
:10F39000A8BF9DF8872023F08003B8BF2D220493D7
:10F3A000B8BF8DF88720544BFEF7E0BC059B029F49
:10F3B0000893CBE4C3F101031A4422EAE2730293F7
:10F3C000672308920C93CEE651460029DDF820A071
:10F3D0000D9E4446FFF685AE4B1C3B44302207F899
:10F3E000012B9F42FBD17DE667230C9317990B7885
:10F3F000FF2B74D000250D9A284603E0013001311F
:10F40000FF2B08D0934206DAD21A4B78002BF5D1A5
:10F410000B780135F4E717910D920F901295129A1F
:10F420000F9B1C99CDF810901344089A01FB0323FD
:10F43000089323EAE373029349E5149B1A44531893
:10F44000089366230C930AE709992CAA584600F002
:10F4500059F800287EF45CAFDDE92D352FAA30E4A1
:10F4600070224DE6C8F1010323939EE50B9A9AF8AA
:10F47000013052F8041B0B9241EAE171824605917A
:10F48000FEF7FABA2BB90123662202930C92089375
:10F4900069E6149B03F10108059B4344089323EAA2
:10F4A000E373029366230C935DE6DDE90201134BDF
:10F4B0000022F1F719FD00283FF413AEE8077FF5AD
:10F4C00010AEF3E502231893E8E4099BB3F90C307E
:10F4D00043F040033DE70C23CBF8003015E7002351
:10F4E00012930F939BE7099B0A90B3F90C3043F0FA
:10F4F00040032EE7904D01088C4D01080000E03FCD
:10F50000A45201082DE9F843154692682C68FAB117
:10F5100080468946083401E00834CFB16B68591E33
:10F52000002B1746696013DD54F8046C002EF3D0ED
:10F53000334654F8082C4946404601F0D9FD431C97
:10F5400007D0AA68921B1746AA600834002FE5D19D
:10F5500000200023C5E90133BDE8F88370B5002918
:10F560003FD006460C4610B1436B002B3CD0636E77
:10F57000B4F90C20DD0732D4900538D52146304649
:10F5800000F04CF8E36A054633B1E169304698472C
:10F590000028B8BF4FF0FF35A3891A0639D4216B74
:10F5A00041B104F14003994202D03046FDF750FECC
:10F5B00000232363616C21B13046FDF749FE00232F
:10F5C0006364FDF701FC636E0022DB07A2811CD59A
:10F5D000A06DFDF7CBFDFDF7FDFB284670BD002AB1
:10F5E000CCD10025284670BDFDF7D0FBBFE7A06D4C
:10F5F000FDF7BEFDB4F90C30002BBFD1636ED90707
:10F60000EFD4A06DFDF7B6FDEBE7A06DFDF7B2FD01
:10F61000DEE721693046FDF71BFEC0E7B1F90C209B
:10F620002DE9F04116070C4680464ED4496842F455
:10F6300000630029A38163DDA56A002D42D000216B
:10F6400012F48052D8F80060C8F80010E16964D163
:10F6500001234046A847451C02466ED0B4F90C3041
:10F66000A56AE169580705D56368D21A236B0BB107
:10F67000E36BD21A00234046A847431C4FD1D8F869
:10F680000010B4F90C301D2940D8314ACA40D707C0
:10F690003CD52269226023F40062A281DD044FF090
:10F6A0000002626001D5002945D0216BC8F80060D6
:10F6B00041B104F14003994202D04046FDF7C8FD34
:10F6C000002323630020BDE8F0810E69002EF9D0ED
:10F6D0000D680E6092070CBF4B690023AD1B8B6059
:10F6E0000BE02B463246E169676A4046B847B0F105
:10F6F000000CA5EB0C05664406DD002DF1DCE1E70E
:10F70000E16B002998DCDDE7B4F90C3043F04003ED
:10F71000A3814FF0FF30BDE8F081226DA2E7B4F97C
:10F720000C302269226023F40062A281DB044FF0D6
:10F7300000026260B9D52065B7E7D8F80030002B29
:10F740008CD01D2B01D0162BDED1C8F80060B9E794
:10F750000100402038B50C46054608B1436B03B3A1
:10F76000B4F90C0088B1636EDB0701D481050FD5B5
:10F7700028462146FFF752FF636EDA07054602D49A
:10F78000A3899B0508D5284638BD0546284638BDBF
:10F79000A06DFDF7EDFCEBE7A06DFDF7EBFC284657
:10F7A00038BDFDF7F3FADBE7014B93F8280170470A
:10F7B00028060024004870471807002438B5074D74
:10F7C0000022044608462A60F2F7B2FA431C00D031
:10F7D00038BD2B68002BFBD0236038BDB49B0024C0
:10F7E00038B5074D074C2C1BA41005D0013C55F82B
:10F7F000043D9847002CF9D1BDE8384005F0B0B978
:10F800001459010810590108082802D14FF48050FA
:10F81000704708B5FDF77AFC162303604FF0FF3000
:10F8200008BD00BF70B555EC104B0646134825F0D7
:10F8300000430021834231601DD8204618431AD06E
:10F840000F4828402A4658B90E4B00222046294628
:10F85000F1F7E2F80A4621F0004304466FF0350163
:10F860001B156FF31E52A3F2FE3342F07F550B447B
:10F8700045F40015336045EC104B70BDFFFFEF7F82
:10F880000000F07F000050432DE9F8431B4D064671
:10F89000286898460F469146FDF76AFC184B1C688D
:10F8A0001CB3286865681F2D22DC4EB96B1C02351D
:10F8B000636044F82570FDF75DFC0020BDE8F88327
:10F8C00004EB85010123C1F88890D4F88821AB406E
:10F8D0001A43022EC4F88821C1F80881E6D1D4F871
:10F8E0008C211A43C4F88C21E0E7064C1C60D8E751
:10F8F000FDF740FC4FF0FF30E0E700BF10020024AE
:10F90000C49B0024FC9B00242DE9F04F03690C6983
:10F91000A34283B0C0F28A80013C01F1140500F1DA
:10F92000140855F8243058F8242001339A428E46A2
:10F9300081464FEA840105EB840708EB840AB2FB99
:10F94000F3F63AD3CDE900150022AC464046134603
:10F950005CF8041B05681FFA81FB06FB0B22090CEF
:10F960004FEA124B06FB01BB92B2A9B2891A1944A5
:10F970001FFA8BF3C3EB214303EB154389B241EA32
:10F980000341674540F8041B4FEA1B424FEA2343FB
:10F99000DED2DDE9001558F8013073B9AAF1040A86
:10F9A000D04504D307E0D04504F1FF3403D25AF820
:10F9B0000439002BF7D0C9F810407146484601F0D1
:10F9C00019FA00282EDB4146002255F8040BD1F825
:10F9D00000C01FFA80FE1FFA8CF3A3EB0E03134442
:10F9E000020CC2EB234202EB1C429BB243EA0243ED
:10F9F000AF4241F8043B4FEA2242E6D258F82420B5
:10FA000008EB84036AB9043B434504D807E09845F2
:10FA100004F1FF3403D253F80429002AF7D0C9F8BF
:10FA200010400136304603B0BDE8F08F002003B02F
:10FA3000BDE8F08F000000002DE9F04F9DB0CDE94A
:10FA40000A320291816B269D04908DED060B57ECD6
:10FA5000106B49B1C26B4A600123934004468B602E
:10FA600000F066FF0023A363B7F10009B4BF0123D0
:10FA700000232B60764BBCBF29F00049CDF81C90C9
:10FA800033EA090300F0AA809DED067B002251ECC9
:10FA9000170B00238DED007BF1F726FA804668B145
:10FAA0000A9A01231360279B13B1279A694B1360AD
:10FAB000694B059305981DB0BDE8F08F9DED000BD7
:10FAC00004981AAA1BA901F073FA5FEA1955824635
:10FAD00040F09A80DDE91A85454405F23243202B37
:10FAE00040F38A83C3F1400309FA03F905F2124394
:10FAF00026FA03F349EA0300F0F744FD0123013D30
:10FB0000A1F1F8711293554B0022F0F7FDFB4AA3C7
:10FB1000D3E90023F0F780FF49A3D3E90023F0F7EE
:10FB2000F5FB064628460F46F0F73CFD46A3D3E911
:10FB30000023F0F771FF02460B4630463946F0F7D6
:10FB4000E5FB06460F46F1F717FA00220446099036
:10FB5000002330463946F1F7D1F9002840F02283DE
:10FB6000099CA8EB050808F1FF33162C089300F256
:10FB70008A813B4B03EBC403D3E90023DDE9000199
:10FB8000F1F7BCF9002871D0631E0993002311938B
:10FB9000089B002BC0F27D8100230C93099B002B56
:10FBA0006ADA099B0C9A0D93D21A0C925A420023DE
:10FBB0000993029B1092092B68D8052B40F32183EF
:10FBC000043B02930025029B023B032B00F2368686
:10FBD000DFE813F06E046B04630447040A9AC9F368
:10FBE000130942F20F7359EA060913601CD1279BCF
:10FBF000002B00F043861B4B05930833279A05988A
:10FC000013601DB0BDE8F08FDDE90012C2F31303ED
:10FC1000084643F07F51CDF84880A5F2FF35DDF866
:10FC2000688041F440116EE7279B002B40F0F4837D
:10FC30000D4B05933EE700BF61436F63A787D23F3B
:10FC4000B3C8608B288AC63FFB799F501344D33FCB
:10FC50000000F07FC54D0108C44D01080000F83FC9
:10FC6000F8520108104E01081C4E0108B8F1000FAF
:10FC700040F3A38411900C90DDE9083213440893FB
:10FC800000231093029B0D92092B96D90023012586
:10FC900002930E954FF0FF3B0B93049BCDF84CB0B5
:10FCA0000021D963049800F01DFE0590002800F0A3
:10FCB000CE85DDE90432BBF10E0F9A6300F21881A4
:10FCC000002D00F015810D99002940F34684B34BB7
:10FCD00001F00F0203EBC203C805D3E900894FEA24
:10FCE000211540F10884AE4BDDE90001D3E908237A
:10FCF000F0F7BCFFCDE9140105F00F0503277DB136
:10FD0000A74EE90708D540464946D6E90023F0F753
:10FD100083FE0137804689466D1006F10806F0D152
:10FD200042464B46DDE91401F0F7A0FF80468946C4
:10FD3000119B43B19B4B002240464946F1F7DEF848
:10FD4000002840F00B853846F0F72CFC42464B4625
:10FD5000F0F762FE944B0022F0F7D8FAA1F150734D
:10FD6000CDE914011593BBF1000F00F0A8800D9BA5
:10FD7000CDE918B349464046F1F7FEF8189A874B8B
:10FD800003EBC20313ED027B05468DED167BF0F706
:10FD900009FC0B46024649464046F0F7B5FA059F76
:10FDA0000E9B30357E1CECB2804689463546002BD2
:10FDB00000F06C84DDE916237C490020F0F756FF43
:10FDC000DDE91423F0F7A0FA3C7042464B460446A6
:10FDD0000D46F1F7B1F8002840F0B884CDF850A0F6
:10FDE000CDF858B00027AB46A246189D2AE001374F
:10FDF000AF4280F2FD846E4B504659460022F0F728
:10FE00000BFE6B4B002282468B4640464946F0F77C
:10FE100003FE89468046F1F7AFF80446F0F7C2FBCF
:10FE200002460B4640464946F0F76EFA303406F873
:10FE3000014B52465B4680468946F1F75FF8002841
:10FE400040F0D38442464B4656490020F0F75CFA16
:10FE500052465B46F1F752F80028C8D0199BDDF8EE
:10FE600050A0059A374603F1010802E0974200F0DE
:10FE70009B843E4617F8013D392BF7D00133DBB2A6
:10FE80003B7045467DE101231193089B002BBFF693
:10FE900083AEC8F101030C93002308937EE6384635
:10FEA000F0F780FB42464B46F0F7B6FD3E4B002292
:10FEB000F0F72CFAA1F15073CDE9140115933D4BE5
:10FEC000002240464946F0F71FFADDE91445224674
:10FED0002B4606460F46F1F72FF8002840F07384B2
:10FEE00030463946224605F10043F1F707F828BBB2
:10FEF0001B9B002BC0F290800D9A0E2A00F38C8081
:10FF0000264B0D9A03EBC20393ED007B0B9B002B5A
:10FF10008DED027B19DABBF1000F16DC0ED1254BFB
:10FF20000022DDE90201F0F777FD02460B46DDE92C
:10FF30000001F0F7EDFF002800F045840023059E46
:10FF400000931F460B9BDD432DE2059B5D1CDDE905
:10FF50000278DDE900013A464346F0F787FEF1F703
:10FF60000BF80646F0F71EFB3A464346F0F754FD01
:10FF700002460B46DDE90001F0F7C6F9059A06F1E5
:10FF80003003BBF1010F2F46137000F021830125D0
:10FF9000CDF800A0A846DDE9029A2BE0F85201084E
:10FFA000D05201080000F03F00001C400000E03F7C
:10FFB00000002440000014404A465346204629468B
:10FFC000F0F754FEF0F7D8FF0646F0F7EBFA4A4692
:10FFD0005346F0F721FD08F101080B460246294679
:10FFE0002046F0F791F906F13003D84507F8013BB8
:10FFF00000F0EC82844B0022F0F70EFD002200237B
:020000040801F1
:1000000004460D46F0F770FF0028D5D00D9DDDF8B1
:1000100000A001353E46B4E00E9A002A40F0D88098
:100020000023109E0C9D0E931F4665B1089A002A6E
:1000300009DD0C99AA421346A8BF2B46C91AED1A2E
:10004000D31A0C910893109B53B10E9B13B1002E41
:1000500040F0F7825146109A049800F0F9FD82466C
:100060000498012100F010FD099B0090002B40F046
:10007000BE81029B012B40F3D4810120089A1044D9
:1000800010F01F0000F09B80C0F12003042B40F310
:10009000E3810C9BC0F11C00034402440C93054413
:1000A00008920C9B002B05DD514604981A4600F07F
:1000B00029FE8246089B002B05DD009904981A460C
:1000C00000F020FE0090119B002B40F07581BBF1E9
:1000D000000F40F34C810E9B002B40F0A4800D9D3F
:1000E0000135DDF81480009CDDF81090012607E052
:1000F000514600230A22484600F024FC013682467D
:1001000021465046FFF700FCB34500F1300008F8E7
:10011000010BEDDCBBF1000F059BCCBF5E46012659
:10012000814603EB060B002451460122049800F09F
:10013000E9FD0099824600F05DFE002840F3EE8163
:10014000059A02E0934500F003825E460BF1FF3B07
:1001500016F8013C392BF5D001338BF80030DDF86F
:1001600010800099404600F0E3FB57B12CB1BC422F
:1001700003D02146404600F0DBFB0498394600F0EE
:10018000D7FB0498514600F0D3FB002333700A9B41
:100190001D60279B002B3FF48DAC05981E601DB0A1
:1001A000BDE8F08F2046F0F7FDF932463B46F0F708
:1001B0009BFE00287FF4D4AC631E0993D0E41C237B
:1001C0000C9A1A440C92089A1A441D44089268E743
:1001D000029A012A40F3AD81109B0BF1FF36B34226
:1001E000C0F26981BBF1000FA3EB060680F2EF823B
:1001F0000C9BA3EB0B056CE1C3F1200306FA03F0A3
:100200007AE40125DFE400BF0000244039460023E2
:1002100004980A2200F096FB139B002B074640F33C
:10022000FF820D969B46002D05DD394604982A462F
:1002300000F068FD0746099B002B40F0E681B846B8
:10024000059E731E03EB0B04069B03F00103CDE92F
:100250000B43049C00995046FFF756FB39468346F2
:10026000504600F0C7FD009905464246204600F082
:10027000E3FDC3680BF130090146ABBB0990504662
:1002800000F0B8FD09990890204600F051FB089A4B
:10029000002A54D1029B1BB90C9B002B00F0AE82AC
:1002A000002D3FDB0B9BB3469E420BF8019B00F0F9
:1002B000C381514600230A22204600F043FB4745F4
:1002C000824639464FF000034FF00A02204630D0F4
:1002D00000F038FB4146074600230A22204600F082
:1002E00031FB5E468046B5E7049800F021FB002D07
:1002F00006DB069B03F00102029B1D432A4329D122
:1003000051460122049800F0FDFC0099824600F05D
:1003100071FD002840F3F680B9F1390F00F04982F1
:100320000BF131090D9D06F8019B3C46013547460E
:1003300015E700F007FB5E46074680468AE7002D7A
:10034000C0F29382029B1D430C9B1D4300F08D82E3
:10035000002AA7DDB9F1390F00F02B820D9D09F1BC
:1003600001033C4606F8013B01354746F7E6029B90
:10037000022B7FF7B0AEBBF1000F40F02581009952
:1003800004985B46052200F0DDFA014600905046D5
:1003900000F030FD002840F31781059E0D9D3123AC
:1003A00006F8013B01350099049800F0C1FA0135C7
:1003B000002F7FF4E2AEE4E60099504600F01AFD0B
:1003C0000028BFF684AE5146002304980D9C0A22F3
:1003D00000F0B8FA0E9B661E8246002B7FF416AF23
:1003E000139B002B40F311820D9D9B4679E601463D
:1003F0001A46049800F02CFC029B0090012B6EDD45
:1004000000230993009A136902EB8303186900F033
:10041000E9FAC0F1200031E6984B05930333FFF76A
:10042000EDBB069B002B7FF428AEDDE90612C2F37C
:100430001303002B7FF421AE914B134033B10C9B7F
:1004400001330C93089B013308930123099A099304
:10045000002A3FF412AED5E73FF423AEC0F13C03CF
:10046000AEE601230E930B9B0D9A134403F1010B8F
:100470005E46012E1393B8BF0126172E40F3F98173
:10048000012204235B0003F11400B042114602F183
:100490000102F7D9049BD96304E401230E930B9E58
:1004A000002E36DD1396B346E7E700230E93DAE716
:1004B00000230E93F3E7109B099A1096F31A1A443F
:1004C000089B09925B4408930C9B1D465B440C936C
:1004D00000260498012100F0D7FA0746A5E5069BFF
:1004E000002B8DD1DDE90601C1F313030A46002B71
:1004F000A2D0099086E79DED007B02278DED147B4D
:10050000FFF7FDBB7FF40EAF19F0010F7FF404AFCE
:1005100008E701230B939B46FFF7BFBB03D119F0FC
:10052000010F7FF40DAE5E461BF8013D302BFAD073
:1005300015E6129A002A00F09C8003F23343089AD1
:10054000109E1A4408920C9A15461A440C92C0E761
:10055000059A31230135137001E600F0FA800D9AF7
:10056000484B554205F00F0203EBC203D3E90023C9
:10057000DDE90001F0F750FA2D11CDE9140100F08A
:100580005881414E0023022780468946EA0709D553
:10059000D6E9002340464946F0F73EFA0137804647
:1005A000894601236D1006F10806EFD1002B7FF478
:1005B000BFABDDE91489FFF7BBBBC8F101030890AD
:1005C0000C931190FFF758BB059EBBE4DDF800A02B
:1005D00002460B46EFF79AFE0D9DCDE9000101356D
:1005E00002460B46DDE90201A846F0F787FC40B958
:1005F000DDE90023DDE90201F0F776FC18B1F3072D
:1006000001D5059A35E43E46BBE57968049800F0CB
:1006100069F90546002800F021813B6902339A0000
:1006200007F10C010C30F0F791F8049829460122EB
:1006300000F068FB804603E60D9D3C4601354746C9
:1006400072E5049C39463246204600F001FB5246D2
:1006500001460746204600F045FA514680462046AE
:1006600000F066F9109B9B1BC24610933FF4F8AC58
:10067000F0E41A9BC3F1360361E700BF1C4E01088A
:100680000000F07FF8520108D0520108DDE916237E
:10069000DDE91401F0F7C0F9059B1C70189B012BD4
:1006A000CDE90E0100F0C380189F059B12961F44F0
:1006B0007A4B002240464946F0F7AEF90D46044613
:1006C000F0F75AFC8146EFF76DFF09F13009024659
:1006D0000B4620462946EFF717FE06F8019BBE425F
:1006E00080468946E4D1129D6D4B0022DDE90E0162
:1006F000EFF70CFE02460B4640464946F0F71CFC5D
:1007000000286CD1DDE90E2365490020EFF7FCFDE0
:1007100002460B4640464946F0F7F0FB80B91B9B6A
:10072000002BFFF67DAC0D9B0E2B3FF779AC5D4B9C
:100730000D9A03EBC20393ED007B8DED027B06E483
:100740003E46013F16F8013C302BF9D0199D01358A
:1007500017E5DDE900890227FFF7EABABBF1000FD0
:100760003FF49DAB139C002C7FF7C2AB0D9B013B6C
:100770000022404649461993484BF0F74DF9804610
:100780008946781CEFF70EFF42464B46F0F744F9D6
:10079000454B0022EFF7BAFDA1F15073CDE91401EA
:1007A00018941593FFF7E6BA08F101083123FFF713
:1007B00067BB0D9D059AB34639233C460BF8013BB8
:1007C00001354746C1E4002300931F46E5E5089B39
:1007D0005B4408930C9B1D465B440C9379E6199B84
:1007E000059A03F10108FFF744BBDDF850A0ADE71F
:1007F000DDF850A0DDF858B0FFF77ABBB9F1390F3A
:10080000D7D0002D3FF78CAD8CE5029B022B03DC8B
:100810000D9DDDF84CB064E4DDF84CB00D96AAE512
:10082000029B022BF8DCDDF84CB00D96FBE437465A
:100830005AE7DDE914890227FFF77ABA049B0025FD
:10084000DD632946184600F04DF80590D0B9174BE6
:100850001748002240F2AF1100F02AFD134B144854
:100860002A4640F2EF2100F023FD002A3FF748AD71
:1008700058E5049B0021D963FFF714BA0D4B05938B
:10088000FFF718B9DDE904329A634FF0FF33012214
:100890000B9513930E929B46FFF72ABB0000244052
:1008A0000000E03FF852010800001C40204E010803
:1008B000344E0108104E010882B049B15AB16BB1F3
:1008C00013780B601278101E18BF012002B0704719
:1008D00001A9002AF3D1104602B070476FF0010061
:1008E000F4E700BF436C70B505460C464BB153F8B6
:1008F000240080B1026843F824200023C0E90333B8
:1009000070BD2122042100F0F3FC03466864002836
:10091000EDD1002070BD012101FA04F6721D920094
:10092000284600F0E5FC0028F3D0C0E90146E4E7E2
:1009300031B1436C4A6853F82200086043F8221032
:10094000704700BF2DE9F0410D6907460E461C4671
:1009500001F1140E0020DEF800108BB202FB0343FD
:100960004FEA134C090C02FB01CC01309BB203EBA4
:100970000C4385424EF8043B4FEA1C44EBDC3CB18F
:10098000B368AB4207DD06EB850301355C61356179
:100990003046BDE8F081716838460131FFF7A2FFAB
:1009A0008046A8B13269023206F10C0192000C3087
:1009B000EFF7CCFE7B6C726853F82210316043F87D
:1009C0002260464606EB850301355C613561DFE751
:1009D000024B03484246BA2100F06AFC204E01084F
:1009E000904E0108B0F5803F034636BF0304002057
:1009F0001020B3F1807F3CBF1B020830B3F1805F51
:100A00003CBF1B010430B3F1804F03D3002B06DB46
:100A1000013070479B0003D45B0003D42020704753
:100A20000230704703307047036813F00702014635
:100A300007D0DA071FD4980721D55B080B60012087
:100A4000704798B2A0B11046DAB20AB908301B0A52
:100A50001A0704BF1B0904309A0704BF9B08023021
:100A6000DA0703D45B0800F1010006D00B60704781
:100A70001B0C1020E8E700207047202070479B08DF
:100A80000B600220704700BF38B5436C04460D462A
:100A90004BB15868B0B102685A6000220123C0E926
:100AA0000323456138BD2122042100F021FC0346C7
:100AB00060640028EDD1094B0948002240F245113D
:100AC00000F0F6FB1C220121204600F011FC00285A
:100AD000F1D001220223C0E90123DEE7204E010804
:100AE000904E01082DE9F04FD1F810801569A84506
:100AF00085B00E46924605DB2A46534645468A4651
:100B000090461E46DAF80830DAF8041005EB0804BF
:100B1000A342B8BF0131FFF7E5FE8446002800F08C
:100B20008B8000F1140707EB840E774505D23B4616
:100B3000002243F8042B9E45FBD8143606EB8808A8
:100B40000AF11409464509EB850566D2A5EB0A03AF
:100B5000153B23F003030AF1150A043355452CBF56
:100B60009B464FF0040BCDF808E00394AE46E246F6
:100B700005E0090C2AD1B04507F104074AD956F817
:100B8000041B8DB2002DF4D0CC463C4600230196C8
:100B90005CF8040B216886B28AB2000C05FB0622C1
:100BA000090C1A4405FB001101EB124192B242EA12
:100BB0000142E64544F8042B4FEA1143E8D8019E70
:100BC00047F80B3056F8041C090CD4D03B680022BF
:100BD00048461D463C469446028801FB02C202EB91
:100BE00015429BB243EA024344F8043B50F8043BED
:100BF00025684FEA134CABB201FB0C3303EB1243F5
:100C000070454FEA134CE7D3B04547F80B3007F176
:100C10000407B4D8DDE902E4D446002C02DC05E088
:100C2000013C03D05EF8043D002BF9D06046CCF8BF
:100C3000104005B0BDE8F08F034B044862464FF406
:100C4000B17100F035FB00BF204E0108904E010845
:100C500012F003032DE9F041144607462CD10D464E
:100C6000A4101CD03E6C86B3E3074FF0000806D4F6
:100C7000641014D03068A8B10646E307F8D53246B0
:100C800029463846FFF72EFF35B17B6C696853F86B
:100C900021202A6043F8215064100546EAD12846F5
:100CA000BDE8F081324631463846FFF71BFF306021
:100CB000C0F800800646E0E7013B0F4A52F82320C7
:100CC0000023FFF73FFE0546CAE701213846FFF73C
:100CD00009FE064640B1012340F27122C0E9043208
:100CE000002338640360BFE7044B0548324640F2F6
:100CF000451100F0DDFA00BFC4520108204E010882
:100D0000904E01082DE9F0470C4690462769A368EC
:100D1000496807EB62177D1C9D4206464FEA62193F
:100D200004DD5B009D4201F10101FADC3046FFF772
:100D3000D9FD8446002851D0B9F1000F00F114000C
:100D40000EDD09F105024FEA820E03460CEB82022A
:100D5000002143F8041B9342FBD1AEF11403184465
:100D6000216904F1140318F01F0803EB81012DD051
:100D7000C8F1200986464FF0000A1A6802FA08F204
:100D800042EA0A024EF8042B53F8042B994222FA45
:100D900009FAF2D80B1B153B23F00303043304F1CB
:100DA0001502914238BF042340F803A0BAF1000FA6
:100DB00000D13D46736C6268CCF8105053F8221095
:100DC0002160604643F82240BDE8F087043853F8BC
:100DD000042B40F8042F9942F9D8EAE7034B044862
:100DE00062464FF4EF7100F063FA00BF204E010835
:100DF000904E01080B6984460069C01A16D10CF1A7
:100E0000140C14310CEB830210B401EB830301E0EA
:100E1000944508D252F8044D53F8041D8C42F7D083
:100E200005D24FF0FF305DF8044B7047704701204A
:100E30005DF8044B704700BF2DE9F04F15460A6975
:100E40002B69D21A002A83B0884640F0878001F1CE
:100E5000140605F1140101EB830106EB830301E0A5
:100E60009E427ED253F8044D51F8042D9442F7D09F
:100E700075D32B460024454698466968FFF732FD36
:100E80008146002800F089802E69C460D8F81000DF
:100E900005F1140B08F1140E09F1140A05F1100202
:100EA0000EEB80000BEB860157464FF0000CCDF89F
:100EB00004B05EF8044B52F8045F1FFA84FBABB237
:100EC000A3EB0B03240C6344C4EB154404EB234451
:100ED0009BB243EA0443704547F8043B4FEA244C75
:100EE000E7D8A0EB080208F115084045A2F1150269
:100EF00034BF0020012092080028DDF804B002F180
:100F000001044FEA840408BF04240BEB0405A94242
:100F1000544433D92746284650F8043B1CFA83FE34
:100F20001A0C634402EB2E429BB243EA0243814215
:100F300047F8043B4FEA224CEED80139491B21F017
:100F400003010C4423B954F8043D013E002BFAD0B0
:100F50004846C9F8106003B0BDE8F08F89DA012473
:100F60008BE70021FFF7BEFC814678B10122002308
:100F7000C0E90423484603B0BDE8F08F00284FEADB
:100F8000820208BF00220AEB0204DBE7064B074897
:100F90004A4640F2372100F08BF9034B03484A469A
:100FA00040F2452100F084F9204E0108904E0108DE
:100FB0002DE9F0430E4683B0012159EC108B154604
:100FC000FFF790FC0446002846D0C9F30A57C9F33E
:100FD00013030FB143F480130193B8F1000313D14D
:100FE00001A8FFF721FD019B6361012220302261EE
:100FF0000FB3A7F233470744C0F1350037602860CC
:10100000204603B0BDE8F08368460093FFF70CFD6F
:10101000019BF8B10099C0F1200203FA02F2C3402B
:101020000A430193002B62610CBF01220222A361DB
:101030002261002FDDD104EB8203A0F23240306048
:101040001869FFF7CFFCC0EB42102860204603B0C0
:10105000BDE8F083009AE5E7034B0448224640F2DE
:101060000F3100F025F900BF204E0108904E010815
:1010700049B1FF2A02D80A70012070478A23036011
:101080004FF0FF3070470846704700BF70B5054607
:1010900084B05BB11C460F4BD3F8E060234669B1C6
:1010A0002846B047431C0FD004B070BD094B00F573
:1010B0008274D3F8E06023460029F1D10A4628461D
:1010C00001A9B047431CEFD100228A2322602B6084
:1010D00004B070BD2806002410B582B0049CCDE990
:1010E00000344FF0FF3300F059FB02B010BD00BFD9
:1010F0002DE9F0478F681D46AF420B680C46164637
:1011000036D8B1F90CC01CF4906F0ED13D4618468C
:1011100031462A4600F04CF8A368DF1B2368A7601D
:101120002B4400202360BDE8F0874A69096902EB7F
:1011300042025F1A02EBD2726B1C52103B44934284
:1011400092BF914699461A461CF4806F804611D092
:101150001146FCF779F9824600B321693A46EFF768
:10116000F5FAA38923F4906343F08003A38105E09B
:101170002F46CCE700F0F2F8824658B10AEB07039D
:10118000A9EB0707A760C4F810A0C4F81490236067
:101190002F46BCE721694046FCF75AF8A3890C2288
:1011A00043F04003C8F800204FF0FF30A381BAE7B6
:1011B00088420ED98B1883420BD900EB020C002A0F
:1011C0006ED0624613F801CD02F801CD9942F9D1F3
:1011D00070470F2A0FD8034602F1FF3C002A5FD068
:1011E0000CF1010C013B8C4411F8012B03F8012F89
:1011F0006145F9D1704740EA01039B0751D1A2F143
:10120000100370B501F1200C23F00F0501F1100E51
:1012100000F11004AC441B095EF8105C44F8105C4B
:101220005EF80C5C44F80C5C5EF8085C44F8085C02
:101230005EF8045C44F8045C0EF1100EE64504F11F
:101240001004E9D1013312F00C0F01EB031102F08D
:101250000F0400EB031328D0043C24F003064FEAEC
:10126000940C1E441C1F8E465EF8045B44F8045F19
:10127000B442F9D10CF1010402F0030203EB840340
:1012800001EB840102F1FF3C4AB10CF1010C013B7E
:101290008C4411F8012B03F8012F6145F9D170BD81
:1012A000704702F1FF3C03469AE72246EAE700BF97
:1012B00000B50B4C25681446EE681A4685B0034607
:1012C0000D464CB107490095CDE901143046064959
:1012D00000F076FA01F0EEFB04490C46F3E700BF9C
:1012E000CC000024EC4E0108FC4E0108F84E010829
:1012F00038B5A1FB021454BBFCF7A6F8054650B361
:1013000050F8042C22F00302043A242A10D8132A9D
:1013100013D91B2AC0E9004416D9242AC0E9024483
:101320000ABFC0E9044400F1100200F1180205E010
:101330002146FBF7DBFD284638BD02460023C2E903
:1013400000339360284638BD00F10802F6E7FBF74A
:10135000DDFE0C2303600025284638BD2DE9F84F3B
:101360001646002900F096800C46804606F10B05D3
:10137000FCF71CFB54F8041C162DA4F1080921F0FD
:10138000030758D81025AE4258D8AF4260DABE4B9A
:101390009A6809EB070C6245DCF8040000F09080C5
:1013A00020F0010363445B68DB0768D420F003008E
:1013B0003B189D4247DDCB0712D454F8083CA9EBFB
:1013C000030BDBF8043023F00302104400EB070AA0
:1013D000554540F3F68007EB020A554540F3CC80B3
:1013E00031464046FCF730F80646002800F02081E0
:1013F00054F8043C23F001034B44A0F1080293424B
:1014000000F0B4803A1F242A00F2D780132A00F299
:10141000A28003462246116819605168596092689B
:101420009A6021464046FBF713FF4046FCF7C4FA9A
:101430003046BDE8F88F35F00705A4D50C23C8F871
:101440000030002618E01F46DCE90223D3609A60D2
:10145000D9F804307A1B0F2A03F0010309EB0700C7
:101460001DD83B43C9F80430436843F0010343608F
:101470004046FCF7A1FA26463046BDE8F88FC9077A
:10148000AED454F8083CA9EB030BDBF8043023F08E
:101490000302A0E7BDE8F84F1146FBF7D5BF09EB03
:1014A00005012B4342F00102C9F804304A60436849
:1014B00043F00103436008314046FBF7C9FED7E71C
:1014C00020F00300C21905F1100C624580F29180F2
:1014D000CA0785D454F8082CA9EB020BDBF80420CA
:1014E00022F00302104400EB070AD4453FF773AF24
:1014F0005E46DBF80C1056F8080F3A1F242AC1602C
:10150000886000F2AE80132A40F2A9802168CBF8EF
:1015100008106168CBF80C101B2A00F2A880083470
:101520000BF110022168116061685160A16891603F
:101530000BEB0501AAEB050242F0010299604A603B
:10154000DBF8043003F001032B434046CBF80430B2
:10155000FCF732FA90E723680360636843601B2A54
:101560003CD804F1080200F1080354E750F8043CA9
:1015700023F003031F446BE73A1F5E46DBF80C3091
:1015800056F8081F242ACB60996022D8132A1ED946
:101590002368CBF808306368CBF80C301B2A3BD8A3
:1015A00008340BF1100322681A6062685A60A2685E
:1015B0009A6034465746D9464AE72146FFF7F8FD78
:1015C0002FE7DCE902133A1FCB609960D5E7334679
:1015D000E9E721463046FFF7EBFDEAE7A3688360C1
:1015E000E368C360242A27D004F1100200F110033D
:1015F00011E709EB05019960531B43F001034B60B0
:1016000054F8043C03F001032B43404644F8043CE7
:10161000FCF7D2F926462FE7A368CBF81030E36831
:10162000CBF81430242A10D010340BF11803BAE789
:101630004046FCF7C1F904E7236903616169416130
:1016400004F1180200F11803E5E62369CBF818301D
:101650006369CBF81C3018340BF12003A3E7324642
:1016600060E721463046FFF7A3FD074B60E7A1681E
:10167000CBF81010E168CBF81410242A06D01034EF
:101680000BF118024EE700BF200200242269CBF8BC
:1016900018206269CBF81C2018340BF1200241E7B6
:1016A0002DE9F04F8BB0DDE9157A86461E46002FF6
:1016B0005AD0156800295CD0149B002B69D0741E89
:1016C0004EB3043DCDE9015EDDF850B00491002633
:1016D000039105920BE0039B0BBB019B186800284C
:1016E00036D0DC4557D2013C631C664613D0019BC3
:1016F000029853F8042F0193DAF8E0503B4607A90B
:10170000D7E90098A847421C37D000EB060CDC450F
:10171000E1D9C7E9009830460BB0BDE8F08F00284A
:101720000EDD049B019D18445A1E07A900F1FF3EDF
:1017300011F8013B02F8013F7245F9D1019504907F
:10174000059B1A6804321A60019B18680028C8D1EA
:101750000399059A01B110600CF1FF360022304662
:101760003A600BB0BDE8F08F156800F58677002968
:10177000A2D14FF0FF331493A1E7DDF808E006464D
:101780008A2100223046CEF800103A600BB0BDE846
:10179000F08F149EBFE76646BDE700BF10B584B06A
:1017A000054C069800900798019004480068029440
:1017B000FFF776FF04B010BD28060024CC000024FB
:1017C0000EB410B583B005AB064C53F8042B01934F
:1017D0000146206800F008F803B0BDE8104003B0EF
:1017E000704700BFCC0000242DE9F04FC7B016AF02
:1017F000CDE9062183460822002138461C460C9379
:10180000FBF774FBBBF1000F04D0DBF83430002B86
:1018100000F02786079B5A6EB3F90C30D00702D42C
:10182000990540F10A859E0406D4079943F40053B4
:1018300022F400528B814A66950400F1C386079A10
:10184000B2F90C30190740F1CB801269002A00F080
:10185000C78003F01A020A2A00F0D18000239E46B6
:10186000CDE90FEECDE91B33DFF8F8A8CDF838E06D
:101870001DAB1A939946CDF820E0CDF834E0069DD3
:10188000DAF8E440FDF790FF009703462A4614A9D2
:101890005846A047002800F0D180C0F2C780149AB3
:1018A000252A034601D01D44EAE7069BEE1A0446AA
:1018B00040F0C88000234FF0FF316A788DF84B303C
:1018C00009936C1C059103930134A2F120035A2B58
:1018D00000F2F980DFE813F06002F700F7005A0227
:1018E000F700F700F7006A00F700F700E801F901D8
:1018F000F700F3010402F700FE015B005B005B00F0
:101900005B005B005B005B005B005B00F700F700C7
:10191000F700F700F700F700F700F700F7009D0168
:101920006A02F700F700F700F700F700F700F7008A
:10193000F700F700F7002002F700F700F700760144
:10194000F7008D02F700F700E704F700F700F70053
:10195000F700F700F700F700F700F700F7009D0128
:10196000C201F700F700F7008402C2017E00F70011
:101970000A03F700FB02E404DA027E00F7007601B6
:101980007C00E104F700F7000A05F7007C00A2F1F3
:101990003003002114F8012B01EB810103EB41011D
:1019A000A2F13003092BF5D909918EE75846FDF7CE
:1019B00001FF43680F931846EEF7C2FF10900546EB
:1019C0005846FDF7F7FE83680E93002D40F05684CD
:1019D000227879E7039B227843F02003039373E78F
:1019E000079D5846294601F003F8002840F01E865E
:1019F000B5F90C3003F01A020A2A7FF42FAF0799C9
:101A0000B1F90E20002AFFF629AF4A6ED60702D49C
:101A10009D0540F1CB85DDE906212346584600F0BF
:101A200017FE0890089847B0BDE8F08F0822002103
:101A30003846FBF75BFA01231D4421E7069BEE1AAB
:101A4000044612D0069BC9E900361C9B33441C9304
:101A50001B9B0133072B1B9311DC09F10809089B21
:101A600033440893002C7FF425AF1C9B002B40F0DF
:101A7000B885079B0022B3F90C301B9218E0079938
:101A80001AAA584600F024FE78B90DF17409E6E769
:101A900007991AAA584600F01BFE00287ED00B9B1F
:101AA0001BB10B995846FBF7D3FB079BB3F90C30DE
:101AB000079A526ED1077CD55B0600F18D85089898
:101AC00047B0BDE8F08F0694002ACED000238DF8F1
:101AD0004B3001238DF8B42004930A932DAC0023DE
:101AE0000B930593039810F08408DDE91B2105D1C1
:101AF0000998049D451B002D00F3D6829DF84B00EC
:101B000078B1013201200131C9F80400072A0DF132
:101B10004B00CDE91B21C9F8000000F3FA8209F15E
:101B200008097BB1013213A80231C9F80000072A65
:101B30004FF00200CDE91B21C9F8040000F3F88240
:101B400009F10809B8F1800F00F00C82059B0A9892
:101B50001D1A002D00F34A820A9BC9F80040013289
:101B60001944072ACDE91B21C9F8043000F3798212
:101B700009F10809039B580705D5099B049A9C1A8B
:101B8000002C00F3E282DDE9083204988242ACBF07
:101B90009B181B18089300297FF47AAF00231B932E
:101BA0000B9B1BB10B995846FBF752FB0DF17409C7
:101BB00065E69A0580D4079CA06DFBF7DBFAB4F9C3
:101BC0000C3079E70C9E069456F8044B00238DF8F0
:101BD0004B30002C00F05D84532A00F0A283039B5D
:101BE00013F0100540F09D83059B002BC0F2CD84BF
:101BF0001A4629462046EEF743FE0B90002800F0D7
:101C00000685031BCDE90A3523EAE373049300F04C
:101C10009DBC0C9B0694432A03F1040503D0039B4F
:101C2000D80640F167830822002118A8FBF75EF967
:101C30000C9B2DAC1A68214618AB5846FFF726FAC4
:101C4000034601330A9000F0D6840A9B23EAE3732B
:101C5000049300230C958DF84B3040E7039B0694CA
:101C6000990640F1AC800C9B073323F0070319461B
:101C70005A6851F8083B0C911146002AC0F23F8186
:101C8000059A002AC0F24881039A22F0800203924A
:101C900053EA010240F04081059B002B40F08B8409
:101CA00004930A9346AC49E10C9B53F8042B099228
:101CB000002A80F2BA82099A0C9352420992039B3D
:101CC000227843F004030393FEE52B2322788DF85A
:101CD0004B30F9E5039B227843F080030393F3E54F
:101CE000204610F8012B2A2A00F09584A2F1300337
:101CF000092B98BF002100F2608410F8012B01EB42
:101D0000810103EB4101A2F13003092BF5D941EA2E
:101D1000E17305930446D8E5039B069443F0100253
:101D200012F0200100F051820C9B073323F00703CF
:101D30001846596850F8083B0C9022F480640394CC
:101D4000059C002084428DF84B007CDB53EA0104A3
:101D500022F4906240F08183039C0392059B002B48
:101D600069D1002840F05C8214F001020A9200F070
:101D7000608230238DF817319DF84B3004920DF2BC
:101D80001714002B40F0DF800B93E1E0039B2278D7
:101D900043F00103039397E59DF84B302278002B25
:101DA0007FF492AD20238DF84B308DE5039B069494
:101DB00043F010030393039B99063FF554AF0C9A2D
:101DC00052F8043B0C92039AD20600F14382039A24
:101DD000560640F13B8243F3C0310A461BB24CE742
:101DE0002278039B682A00F0958243F04003039316
:101DF0006AE5039B069443F0100414F0200100F000
:101E0000F3810C9B073323F007031A46596852F8F5
:101E1000083B0C9200228DF84B20059A002AC0F254
:101E20001E8324F08002039253EA010274D1059BC1
:101E30000120002B95D0012800F0BD83002302284B
:101E4000194600F01A8146AC03F00702DB0843EAAA
:101E50004173C908303253EA0105204604F8012DC8
:101E6000F2D1039BDD0740F11681302A00F0138187
:101E70003023059A04F8013C023846AB1B1A9A42FB
:101E8000B8BF1A460A930446049257E0039B0C9A83
:101E9000069443F00203039352F8043B0C9247F676
:101EA0003002ADF84C20AD4A0D92002100228DF891
:101EB0004B20059A002AC0F2E080039C53EA0100FF
:101EC00024F08002039240F0D880022046E7039B72
:101ED00006949C0640F1C1810C9B089A1B681A600D
:101EE000D2175A600C9B04330C93C8E42278039BEE
:101EF0006C2A00F0088243F010030393E4E42D22DF
:101F00008DF84B20059A5B4261EB4101002A03DB0F
:101F1000039A22F0800203920A2B71F1000280F0F2
:101F200039823033DBB28DF81731059B012BB8BFF6
:101F30000123049301230A930DF217149DF84B30EB
:101F4000002B3FF421AF00230B93049B0133049338
:101F5000039B13F002033FF4C5AD049B02330493CB
:101F60000223BFE5099B04981D1A002D7FF7EEADF3
:101F7000102DDFF8EC8126DD40464B46A046DDF80B
:101F80001C901026044604E0103D102D03F10803B8
:101F900015DD01321031072AC3E90046CDE91B21C6
:101FA000F2DD1AAA4946584600F092FB00287FF459
:101FB00076AD103D102DDDE91B211DABE9DC994606
:101FC00023464446984601322944072ACDE91B217D
:101FD000C9F80080C9F8045000F34882059B0A98AC
:101FE0001D1A002D09F108097FF7B6AD102DDFF895
:101FF000708128DD4B461026A9462546079C06E041
:10200000A9F11009B9F1100F03F1080318DD01322D
:1020100053481031072AC3E90006CDE91B21EFDD43
:102020001AAA2146584600F053FB00287FF437AD2A
:10203000A9F11009B9F1100FDDE91B211DABE6DC98
:102040002C464D46994601322944072ACDE91B21E9
:10205000C9F80080C9F8045000F3D58009F10809D7
:102060007AE507991AAA584600F032FB00287FF457
:1020700016AD1C990DF174097CE50D9846AC03F082
:102080000F021B09825C04F8012D43EA0173090960
:1020900053EA0102F3D1059A46AB1B1B9A42B8BF23
:1020A0001A460A93049249E7102D2F4E23DD484625
:1020B0001193A146079C04E0103D102D00F108008B
:1020C00016DD013210311023072ACDE91B210660ED
:1020D0004360F1DD1AAA2146584600F0F9FA0028BB
:1020E0007FF4DDAC103D102DDDE91B211DA8E8DCDF
:1020F000119B4C46814601322944072ACDE91B2118
:10210000C9F80060C9F8045000F3978109F1080983
:10211000F4E4079911931AAA584600F0D9FA002856
:102120007FF4BDACDDE91B21119B0DF17409F8E4CE
:1021300007991AAA584600F0CBFA00287FF4AFACF2
:10214000DDE91B210DF17409FCE4102C1B9B064EEC
:1021500028DDDDF81C8010250DE000BF944D01083E
:10216000C454010828060024D4540108103C102C43
:1021700009F1080916DD01331031072BC9E90065A3
:10218000CDE91B31F2DD1AAA4146584600F0A0FA0B
:1021900000287FF484AC103C102CDDE91B310DF1DC
:1021A0007409E8DC01332144072BC9E90064CDE957
:1021B0001B317FF7E8AC07991AAA584600F088FA55
:1021C00000287FF46CAC1C99DDE40C9850F8043BBB
:1021D0000C9012F010007FF4B0AD12F0400400F04B
:1021E00062819BB20146A8E50C9A52F8043B0C921E
:1021F00014F010027FF40EAE14F0400000F059818C
:102200009BB2114606E607991AAA584600F060FAF2
:1022100000287FF444ACDDE91B210DF174099BE437
:10222000059B04930A9346AC88E622780C93FFF74B
:102230004BBB059B049346AC80E6079DA86DFAF75F
:1022400097FFB5F90C306A6EFFF7EDBA039A950562
:1022500000F18781D9170A460FE5039BD80600F1E4
:102260001381039B590600F18B81039B9A0540F172
:102270000B810C9B089A1B681A7033E60E9B227820
:10228000002B3FF421AB1B78002B3FF41DAB039BCD
:1022900043F480630393FFF717BB0694039CACE5FC
:1022A000039A06943CE5B24B06940D93039B13F0FE
:1022B00020015FD00C9B073323F0070318465968B1
:1022C00050F8083B0C90039CE6070AD553EA01003E
:1022D00007D08DF84D2044F00202039230228DF891
:1022E0004C20039A22F480620392DFE5A14B06940E
:1022F0000D93DBE70C9B1B688DF8B430012304932E
:102300000A932DACA5E443F02003627803930134D3
:10231000FFF7DABA43F40073627803930134FFF7EE
:10232000D3BA0822002118A81594FAF7DFFD059BFF
:10233000002BC0F2DC800025CDF81090A84699460D
:102340000EE02DA95846FEF7A1FE431C404400F0C4
:102350005281484509DC05F1040500F054818046AE
:10236000159A525918AB002AEBD1DDF81090CDF830
:102370002880C9E00C9850F8043B0C90039810F0AA
:102380001000A0D1039911F0400400F099809BB295
:10239000014698E7039ACDF8109046AC02F48062AB
:1023A000A146CDF828B0744EDDF838B04FF0000CDF
:1023B000144605E00A2B71F1000136D34346294645
:1023C0005A1842F10002A6FB020525F0030000EBBB
:1023D0009500121A981A4FF0CC3561F1000E05FBEA
:1023E00000F506FB0E55A0FB0680054408F0010E23
:1023F0000520AEFB000E80184FEA5808303009F86F
:10240000010C48EAC5780CF1010C09F1FF396D089F
:10241000002CCFD09BF800206245CBD1BCF1FF0F40
:10242000C8D00A2B71F1000151D2CDF838B04C461A
:10243000DDF828B0DDF810902DE6079911931AAA5F
:10244000584600F045F900287FF429ABDDE91B214F
:10245000119B0DF17409FFF751BB0392F3E4039450
:102460005AE55846FAF792FCFFF7D4B907991AAA29
:10247000584600F02DF900287FF411ABDDE91B214F
:102480000DF17409FFF762BB0C9B089A1B681A6078
:1024900028E5059B394C0C96062B28BF06230A938A
:1024A0000493FFF71CBB12F400711CBFDBB2214682
:1024B00043E414F400713FF4ADACDBB20146A9E48F
:1024C000039911F400711CBFDBB22146FBE6109B9F
:1024D0000F99A9EB03091A464846FAF759FD9BF8EC
:1024E00001300BB10BF1010B4FF0000C66E718AB9C
:1024F00000930023194615AA5846FEF7EDFD034642
:1025000001330A9077D015940A9BE3B1632B45DC25
:1025100000230B932DAC0822002118A8FAF7E6FC43
:102520000A9D18AB009315AA2B4621465846FEF784
:10253000D3FD854240F085800A9A0023A35422EA05
:10254000E273049302E00A9B04930B939DF84B30D3
:102550001BB100230C960593F7E405930C96FFF747
:10256000C1BA43F3C0110A465BB2FFF786BB00BF96
:10257000A84D0108944D0108CDCCCCCCBC4D010830
:102580000C9B089A1B681A80ACE42046EEF7D8F939
:1025900020EAE073CDE90A050493D7E7591C5846B1
:1025A000FAF752FF044630B30B90B4E7886DFAF7A0
:1025B000E1FDFFF730BA3023B5E40023044605936C
:1025C000FFF783B9D40707D4079B9B89980503D4E9
:1025D000079B986DFAF7CEFD4FF0FF330893FFF796
:1025E0006EBA07991AAA584600F072F800283FF40C
:1025F00040AAFFF75ABA079AB2F90C3043F04003E9
:102600009381FFF755BADDE904930A937CE7059BB4
:1026100004930A939AE70C9B627853F8041B0C937B
:1026200041EAE17104460591FFF74EB9079A536EEE
:10263000DB07D1D493899F05CED4906DFAF79AFD2C
:10264000CAE7079A938943F040039381FFF727BABB
:10265000F0B51F468B89ADF26C4D23F00203ADF847
:102660000C301AAB009304934FF4806302930593EC
:102670004B6E1993CB89ADF80E30CB6907934B6A3B
:10268000099315460023064616A80C460693FAF74A
:102690006BFD2A463B4669463046FFF7A5F8051E06
:1026A00007DB69463046FDF755F8002818BF4FF0A4
:1026B000FF35BDF80C305B0603D5A38943F040031A
:1026C000A3811698FAF752FD28460DF26C4DF0BD25
:1026D000936810B514461BB918460023636010BDFB
:1026E00000F006F80023A3600023636010BD00BF64
:1026F0009368002B00F0F8802DE9F04FB1F90CC081
:102700001CF0080F83B0904681460C4631D00B690F
:102710007BB31CF00207D8F8006038D00027D4F84B
:1027200024B0E169DFF8C4A23D4655452B463A4640
:1027300028BF53464846C5B1D847002840F3CA8051
:10274000D8F808301B1A07442D1AC8F80830002B97
:1027500000F0B68055452B46D4F824B0E16928BF77
:1027600053463A464846002DE6D1D6E9007508366C
:10277000DBE72146484600F03BF9002840F0AF80F7
:10278000B4F90CC0D8F800601CF00207C6D11CF0E8
:10279000010A63D12368A168574618468B46002F6B
:1027A00058D01CF4007F00F0B580B9420A4600F210
:1027B000E1801CF4906F2FD0216962695D1A02EBF1
:1027C000420202EBD2726B1C52103B44934292BF06
:1027D00093469B461A461CF4806F00F0EA8011462F
:1027E0004846FAF731FE002800F0F9802A462169B0
:1027F0000090EDF7ABFFA289009B22F4906242F0BB
:102800008002A2815819ABEB0505C4F814B023610E
:10281000A5602060BB463A4651460092FEF7C8FCD0
:10282000A1682368009AA1EB0B011A443D46A16000
:1028300022600027D8F808305B1BAA44C8F808308B
:10284000002B3DD02368A168B4F90CC018468B4614
:10285000002FA6D1D6E900A708369EE73846BB462A
:102860003D460097002D41D0002846D0009A2068B0
:10287000A168D4E90473AA4228BF2A46B84204D901
:1028800001EB030A524500F38580934275DCE16950
:10289000676A5A464846B847B0F1000A1ADD009BFD
:1028A000B3EB0A0300930FD00120D8F80830A3EB54
:1028B0000A03D344A5EB0A05C8F80830002BD1D190
:1028C000002003B0BDE8F08F21464846FCF742FFE8
:1028D0000028EAD0B4F90C3043F04003A3814FF054
:1028E000FF3003B0BDE8F08F0020704775683346B5
:1028F0000836002DFAD0D3F800B02A460A215846EF
:10290000EDF7BEFF002867D00130A0EB0B0300936A
:102910001A46ACE722699A4214D36269BA4211D8C6
:102920006FF00043BB4228BF3B46656A93FBF2F35E
:10293000E16902FB03F348465246A847051EC9DD7C
:102940007F1B77E7B94228BF39460D4618460A462D
:102950005146FEF72DFCA1682368491B2B44A1605A
:1029600023600029ECD121464846FCF7F3FE0028FD
:10297000E6D0AFE7BB463A464EE759460192FEF72E
:1029800017FC019AA3689B1AA36023681344236071
:10299000924684E759465246FEF70AFC23685344A0
:1029A000236021464846FCF7D5FE00283FF477AF68
:1029B00090E74846FEF7D2FC034600287FF422AF9A
:1029C00021694846FAF744FCB4F90C300C22C9F8E6
:1029D000002023F080037FE76A1C009247E70C2267
:1029E000B4F90C30C9F8002076E700BF00FCFF7F87
:1029F00038B52F4B1B6805460C4613B15A6B002A9D
:102A00004BD0B4F90C3018071CD5226922B313F04F
:102A1000010107D0616900204942A060A1613AB17B
:102A2000002038BD980758BF6169A160002AF7D11E
:102A3000190658BF1046F4D543F04003A3814FF068
:102A4000FF3038BDD9062CD55A0712D4226943F07D
:102A50000803A381002ADAD103F42071B1F5007FC5
:102A6000D5D02146284600F02DF8B4F90C30226963
:102A7000CDE7216B51B104F14002914204D02846C8
:102A8000FAF7E6FBB4F90C30002222632269002138
:102A9000C4E9002123F02403D9E71846FAF776F9B0
:102AA000AFE7092243F040032A60A381C7E700BFD4
:102AB000CC00002408B5062000F072F80120EFF7E2
:102AC00007F900BF2DE9F041B1F90C300C46990728
:102AD00096B008D504F143030122C4E9043223600F
:102AE00016B0BDE8F081B4F90E100029064626DBC9
:102AF0006A4600F081F800281FDB019D05F470454F
:102B0000A5F50055B5FA85F54FF480686D094FF4C9
:102B1000006741463046FAF797FCE8B1B4F90C304B
:102B2000C4F8148043F0800320602061A3813DBB82
:102B30003B43A38116B0BDE8F081B4F90C3013F02B
:102B4000800519D04FF040080025414630462F46F9
:102B5000FAF77AFC0028E1D1B4F90C309A05BFD419
:102B600023F0030304F1430243F002030121C4E90B
:102B70000421A3812260B3E74FF480682F46C8E7A1
:102B8000B4F90E10304600F04DF810B9B4F90C301D
:102B9000CEE7A38923F0030343F001031BB2C7E789
:102BA00038B5144B1F281D681ED8D5F838210446A7
:102BB00062B152F820304BB1012B05D0591C0FD017
:102BC000002142F820109847002038BD284600F028
:102BD00051F8224601462846BDE8384000F034B896
:102BE00016232B60012038BD16232B604FF0FF30D9
:102BF00038BD00BFCC00002470B50C46084D03461C
:102C00000026204611461C462E60EFF788F8431C2C
:102C100000D070BD2B68002BFBD0236070BD00BFBF
:102C2000B49B002438B5074D0022044608462A60AC
:102C3000EFF77AF8431C00D038BD2B68002BFBD08F
:102C4000236038BDB49B002470B50C46084D034684
:102C50000026204611461C462E60EFF731F8431C33
:102C600000D070BD2B68002BFBD0236070BD00BF6F
:102C7000B49B0024EFF722B838B52DED028B55EC4C
:102C8000104B00F091F922462B4620462946B0EE23
:102C9000408AF0EE608AEEF759F930B9002200233D
:102CA00020462946EEF72AF930B9B0EE480AF0EE90
:102CB000680ABDEC028B38BDFAF728FA002200231F
:102CC0002121016010461946EDF7D0FF41EC180BA9
:102CD000B0EE480AF0EE680ABDEC028B38BD00BFCA
:102CE00008B52DED028BB0EE408A00F021FBB4EE6A
:102CF000488AF1EE10FAF0EE408A0AD6B0EE480AA1
:102D000000F000F9F7EE007AB4EEE70AF1EE10FAFF
:102D100004DCB0EE680ABDEC028B08BDFAF7F6F9E8
:102D2000BDEC028B034621221A600248BDE8084030
:102D300000F034B9F84E010808B52DED028BB0EE65
:102D4000408A00F017FCB4EE488AF1EE10FAF0EE7B
:102D5000408A0AD6B0EE480A00F0D4F8F7EE007ABE
:102D6000B4EEE70AF1EE10FA04DCB0EE680ABDEC4E
:102D7000028B08BDFAF7CAF9BDEC028B034621228B
:102D80001A600248BDE8084000F008B9F84E010892
:102D900000F0ECBC08B52DED048BB0EE608AB0EE0F
:102DA000409A00F08BFDB4EE488AF1EE10FAF0EE96
:102DB000408A0BD6B5EE409AF1EE10FA17D1B5EE77
:102DC000408AF1EE10FA06D1F7EE008AB0EE680AFA
:102DD000BDEC048B08BDB0EE480A00F0D5F8002821
:102DE000F4D0B5EEC08AF1EE10FAEFD525E000F090
:102DF000CBF888B1F5EE408AF1EE10FAE6D1B0EEEC
:102E0000490A00F0C1F80028E0D0B0EE480A00F00E
:102E1000BBF80028DAD010E0B0EE490A00F0B4F8B0
:102E20000028E7D0B0EE480A00F0AEF80028E1D064
:102E3000F4EE688AF1EE10FA04D6FAF767F9222365
:102E40000360C3E7FAF762F921230360BEE700BF1E
:102E500008B52DED028BB0EE408A00F09BF9B4EE80
:102E6000488AF1EE10FA06D6DFED098AB4EEE88A58
:102E7000F1EE10FA02D4BDEC028B08BDFAF746F968
:102E800088EEA80ABDEC028B2123036008BD00BFB9
:102E90000000000010EE103A184923F000428A4268
:102EA0001AD9B2F1FF4F02D330EE400A704700B595
:102EB00083B0684601F044F800F003000128DDED1E
:102EC000010A9DED000A10D0022809D090B900F047
:102ED00065F903B05DF804FBDFED090A00F05EB9A7
:102EE00000F05CF9B1EE400AF3E700F0D9F9B1EE79
:102EF000400AEEE7012000F0D3F9EAE7D80F493F96
:102F00000000000010EE103A23F0004300EE103AEB
:102F1000704700BF10EE103A194923F000428A4270
:102F20001BD9B2F1FF4F02D330EE400A704700B513
:102F300083B0684601F004F800F003000128DDEDDD
:102F4000010A9DED000A13D002280BD098B9012088
:102F500000F0A6F903B05DF804FBDFED0A0A0020DB
:102F600000F09EB9012000F09BF9B1EE400AF1E7B4
:102F700000F014F9EEE700F011F9B1EE400AE9E7CC
:102F8000D80F493F0000000010EE103A23F0004037
:102F9000B0F1FF4FACBF0020012070479FED010A48
:102FA000704700BF0000C07F2DE9F84F764955EC0F
:102FB000104BA94300F0AB80002D2A46234655DD77
:102FC0002C1562D0C2F31302E107A4F2FF3742F4DA
:102FD000801203D4D90F01EB42025B00520000269D
:102FE00002EBD3727F105B001624B4464FF400113D
:102FF0000CEB010090424FEAD3754FEA430303DC28
:1030000000EB010C121A0E44013C05EB42024FEAA0
:103010005101EDD1A04620254FF000400AE043D0F9
:10302000510001EBD371013D0A464FEA43034FEAD9
:10303000500045D0944508EB000EF0DABEF1000FC9
:103040000EEB00080CDBE146A2EB0C019E4588BFAD
:1030500001F1FF314900CC46A3EB0E030444E0E745
:10306000B8F1000FEFDB0CF10109EDE725F00041AD
:10307000214346D0002D71D1D90A153A5B050029AC
:10308000FAD0CE02144676D40A4600215200D50268
:10309000084601F10101F9D5C1F1200523FA05F532
:1030A0002A438B40241A8DE79E4502D94FEA4C01F2
:1030B000B7E7BEF1000F0EEB000824DB0021CBE7E1
:1030C000194312D0DFF8C4A0DFF8C4B0DAE9000178
:1030D000DBE90023EDF718F9DAE9008902460B462F
:1030E00040464946EDF714FFF8B96508711001F143
:1030F0007F5101F5001101EB075345EAC67243EC1D
:10310000102BBDE8F88FB8F1000FACDAD6E72246F5
:103110002B4620462946EDF77FFC22462B46EDF74D
:10312000F5F841EC100BBDE8F88FB4F1FF3FDAE998
:103130000001DBE9002322D0EDF7E8F8DAE90089A5
:1031400002460B4640464946EDF7D8FEC8B1A31CDF
:1031500004F1020508BF01366D08C7E722462B4679
:1031600020462946EDF7D0F802460B46EDF77EFDE6
:1031700041EC100BC5E74FF0FF300A4692E70136ED
:10318000B4E70134B1E700BF0000F07FF05401085C
:10319000E8540108B1EEC00A704700BF10EE103AC3
:1031A00023F00043B3F1485F2CD2FDEEC07A17EE56
:1031B000903A002B60D060EE007A9FED317A9FED5F
:1031C000315ADFED315A9FED316ADFED316AA7EEFA
:1031D000875A9FED307AE7EE855AA7EEA56AA7EEEB
:1031E000867AE7EE876A67EEA66A60EEC00AB6EEF8
:1031F000007AE7EEA60AB7EE000AD7EE870A30EEAD
:10320000600A704760EE007A9FED1D7A9FED1D5AAF
:10321000DFED1D5A9FED1D6ADFED1D6A1E4AA7EE08
:10322000875A93429FED1B7AE5EE275AA5EEA76ACF
:10323000A6EE277AE7EE276A66EEA76AD5D9174A7F
:10324000934214D803F17F4307EE103AB7EE006AB9
:1032500036EE476A60EEC00AF6EE005A97EEA57A9F
:10326000E7EEA60A37EE607A36EE470A7047B6EE0A
:10327000076AB5EE027AEDE7B7EE000A704700BFC5
:103280004ED747ADF6740F317CF293B4010DD037B1
:10329000ABAA2A3D610BB6BA9999993E0000483F06
:1032A00010EE103A23F00043B3F1485F04D2FDEE74
:1032B000C07A17EE903A5BB360EE007A9FED157A14
:1032C000DFED155A9FED156ADFED156AE7EE875AB7
:1032D0009FED147AA5EEA76A20EE275AE6EE276A3C
:1032E000A6EEA77A30B9DFED106AE7EE876AA6EEA0
:1032F000850A704727EE457AF6EE006AA0EEA67AB8
:10330000DFED0A6AD7EE270AE5EE260A30EE600AFC
:10331000704700BFD3C92E2F342FD7B21BEF3836DA
:10332000010D50B98988083CABAA2ABEABAA2A3E37
:1033300008B510EE102A22F00043B3F17E5F2DEDA8
:10334000028B12D00AD8B3F17C5F19D2B3F10C5FB3
:103350006AD8BDEC028B9FED760A08BD70EE407A0C
:1033600087EEA70ABDEC028B08BDBDEC028B9FED7A
:10337000710ADFED717A002AC8BFB0EE670A08BD96
:10338000002AC0F28E80F7EE008A38EEC00AF6EE10
:10339000007A20EE278AB0EE480AFFF7FBFEDFED49
:1033A000677A9FED677ADFED676ADFED675A9FED19
:1033B000676AA8EE277ADFED667AE7EE086AE8EE3C
:1033C000067AE6EE885A9FED636A9FED637ADFED39
:1033D000636AA5EE886AA7EE887ADFED617AE6EE89
:1033E000087A10EE103AE7EE086A6FF30B03B0EEBE
:1033F000677A07EE903AF0EE485AE7EEE75AE6EEC3
:10340000888A30EE276A27EE087AC5EE866A87EE4C
:10341000286ABDEC028BB0EE667AA0EE067A37EE33
:10342000870A30EE000A08BD20EE007ADFED437A0D
:103430009FED436ADFED436A9FED445ADFED425A48
:10344000A7EE276ABDEC028BE6EE076ADFED407A55
:103450009FED416AE7EE057AE6EE875AA7EE876AA6
:103460009FED3C5ADFED3D7ADFED3D6AA5EE875AD0
:10347000E6EE077AE5EE076AF7EE005AE7EE875ABE
:1034800026EE877A9FED376ADFED377AC7EE256A39
:10349000B0EE467AA0EE667A30EE470A37EEC00A02
:1034A00008BDB7EE007A30EE070AF6EE007A60EE5D
:1034B000277ADFED226A9FED226ADFED224ADFEDF7
:1034C000235A9FED215A9FED268AA7EEA66ADFEDCB
:1034D000206AE6EE274AE7EEA56ADFED1F5A9FED68
:1034E0001D6AA4EEA75AE6EEA75ADFED1C6AA5EE08
:1034F000276AE5EEA76AA6EE278AA6EEA77A28EE47
:10350000278AF0EE478AB0EE670AFFF743FE88EE9F
:10351000286A9FED167ADFED167AA0EE067AF0EEB5
:10352000006A37EE007AE7EE667AB0EE670A19E7CE
:10353000DB0FC93FDB0F49400000000008EF1138E6
:10354000047F4F3A461124BDA80A4E3E2EC69D3D2B
:10355000613330BF90B0A6BE2D57014039D119C09C
:10356000ABAA2A3E6821A233DA0FC93F6821A2B371
:10357000DA0F494038B510EE105A25F00044B4F186
:103580007E5F2DED048BF0EE407A7FD077D8B4F1DA
:103590007C5F0ED2B4F1485F80F092809FED637A39
:1035A00030EE077AF7EE006AB4EEE67AF1EE10FA42
:1035B00062DCB0EE670AFFF7A5FCF7EE007A37EEA3
:1035C000C08AB6EE007A28EE078ADFED596A9FEDD1
:1035D000597A9FED596A9FED595ADFED595ADFED3F
:1035E000598AE8EE076A9FED587AA8EE067A9FEDB1
:1035F000576AA6EE885AA7EE086A9FED557ADFED66
:10360000556AE5EE085AA6EE087AE5EE886AE7EE16
:10361000087AE6EE888AB0EE480AB0EE679AFFF7BD
:10362000B9FD4D4B9C4268EE888A3AD810EE103AAC
:103630006FF30B0306EE903AA6EEE68A70EE267A5A
:1036400088EE895AC8EE274A9FED447ADFED447A26
:10365000B0EE006AA4EEC67A30EE000AF0EE675AC9
:1036600090EE057AE6EEC65A37EE657A37EEC70A6F
:10367000002D01DCB1EE400ABDEC048B38BDBDEC81
:10368000048B70EE407A87EEA70A38BDBDEC048B40
:103690009FED320A9FED337A27EE800AA7EE870A64
:1036A00038BD88EE896A9FED307ADFED2E7AA0EE84
:1036B000060AF0EE006AA0EE267A37EEC70AD7E7D0
:1036C00020EE007ADFED1B6A9FED196ADFED1B5AD1
:1036D0009FED195ADFED1A4AA7EE266ABDEC048B5E
:1036E000E6EE075ADFED186A9FED186AE7EE056A05
:1036F000E5EE874AA6EE876A9FED165ADFED145A6B
:10370000DFED106AA4EE875AE6EE075AE5EE076A87
:10371000B7EE006AA5EE876A26EE877AC7EE066ADC
:10372000E0EE267AB0EE670A38BD00BFCAF24971F2
:10373000047F4F3A08EF11382EC69D3D461124BD37
:10374000A80A4E3EABAA2A3E613330BF2D57014036
:1037500039D119C090B0A6BE9999793F2EBD3BB31F
:10376000DB0F493FDB0FC93F2EBD3B3310B582B0A5
:10377000CDED010A019B23F00042B2F1FF4FF0EEC4
:10378000407A30D810EE100A20F00041B1F1FF4F1E
:1037900029D8B3F17E5F42D09C1704F0020444EABA
:1037A000D07431B37AB3B2F1FF4F40D0B1F1FF4FD3
:1037B00029D0891AB1F1F45F4FEAE15234DA002BD3
:1037C00042DA3C3240DA9FED340A012C4ED0022C12
:1037D00043D064B19FED317ADFED317A30EE070AE4
:1037E00030EE670A03E09DED017A37EE270A02B05A
:1037F00010BD022C10D09FED2B7A032C08BFB0EE29
:10380000470A02B010BD9FED280ADFED287A002894
:10381000A8BFB0EE670AEAE79FED210AE7E702B02A
:10382000BDE8104000F0BCBC9FED200ACDE7B1F12F
:10383000FF4F04F1FF3420D0022C26D81C4B03EBA1
:10384000840393ED000AD2E79DED017A87EE870AA3
:10385000FFF758FB00F0A4FCB7E79FED107ADFED0F
:10386000107A30EE070A37EEC00AC0E710EE103AC1
:1038700003F1004300EE103AB9E7022C08D80D4BD3
:1038800003EB840393ED000AB1E79FED030AAEE773
:103890009FED090AABE700BF000000002EBDBB335F
:1038A000DB0F4940DB0F49C0DB0FC9BFDB0FC93F4E
:1038B000F854010804550108DB0F493F2DE9F04396
:1038C0002DED028B83B0CDED010A8DED000ADDE90F
:1038D000004535F0004610D184F48004640014F5EE
:1038E000000F1BD9DDED007A9DED017A37EE870AD6
:1038F00003B0BDEC028BBDE8F08324F00047B7F1C4
:10390000FF4F02D8B6F1FF4F0FD9B4F17E5FE9D176
:1039100085F480056D0015F5000FE3D8B7EE000AB9
:1039200003B0BDEC028BBDE8F083002CB84616DB7B
:10393000B6F1FF4F00F0F780B6F17E5F00F0268110
:10394000B5F1804F00F04681B5F17C5F40F03881E1
:1039500003B0BDEC028BBDE8F043FFF71BBCB6F132
:10396000974F80F0F080B6F17E5F80F01981B5F15D
:10397000804F00F02F81B5F17C5F40F02181FFF78F
:10398000C1FAB7F1FF4FB3D04FF00009002F00F09C
:10399000F280B7F17E5F00F0E580E20F013A59EA6C
:1039A000020300F02181B6F19A4F40F24581924B1B
:1039B0009F4240F23E82914B9F4200F24782F7EED7
:1039C000007A30EE670A9FED8E6ADFED8E5AF5EED3
:1039D000007AA0EE676AF6EE006AE6EE406A20EE34
:1039E000007ADFED897A9FED896A27EE267A67EE05
:1039F000C77AE0EE257AF0EE676AE0EE066A16EE28
:103A0000903A6FF30B0306EE903AB0EE667AA0EEB2
:103A1000467A77EEC77A6FF30B0507EE105A9DEDE5
:103A2000016ADDED015A36EE476A67EEA57A26EEA9
:103A3000877AE6EE267A09F1FF3959EA0209BFEEE4
:103A4000008A77EE876AB7EE006A16EE903A18BFE2
:103A5000B0EE468A002B23F0004240F3B981B2F168
:103A6000864F00F2388200F01C82B2F17C5F00F2D7
:103A70000082002210466FF30B0305EE903A75EEBC
:103A8000C76A9FED637A9FED633A9FED632ADFED8E
:103A9000633A9FED634ADFED634A9FED635A77EE29
:103AA000E67A25EE877ADFED616AA7EEA67AF0EE78
:103AB000002AF0EE476AE5EE836AB7EE000A26EECA
:103AC000A66AF0EE667AE6EE023AE5EEC37AF0EE2A
:103AD000445AE3EE865A77EE677AB0EE647AA5EE42
:103AE000867AF0EE455AE7EE065AB0EE667AA5EE13
:103AF000C67AE6EEA77A66EE875A37EE626A85EEF8
:103B0000867A77EE677A77EEE67A30EE670A10EE1D
:103B1000103A1344B3F5000FC0F2958100EE103A4D
:103B200020EE080AE4E6B7F17E5F3FF4F7AE32D943
:103B30009FED3F0ADDED017A002DB8BFF0EE407A2F
:103B4000B0EE670AD4E6B6F1FF4FECD04FF00209B1
:103B50009DED000AFFF7D6F9B7F1FF4F02D0002F15
:103B60007FF417AF002DBCBFF7EE007A87EE800A16
:103B7000002CBFF6BDAEA7F17E5757EA090740F00B
:103B8000208170EE407A87EEA70AB1E6002D1ADB9D
:103B90009DED000AACE6002D21DB9FED250AA7E68E
:103BA000F315C3F1960346FA03F202FA03F3B342A4
:103BB00000F0FA80B6F17E5FE8D0B5F1804F09D011
:103BC0004FF00009C4E79DED007AF7EE007A87EE2A
:103BD000870A8DE6DDED007A27EEA70A88E6DDED9F
:103BE000017AB1EE670A83E6DDED007A77EEE77AD7
:103BF00087EEA70A7CE600BFF3FF7F3F0700803F08
:103C0000ABAAAA3E70A5EC363BAAB83F00AAB83FC3
:103C10008CBEBF350072313F4CBB31330EEADDB58F
:103C200055B38A38610B36BBABAA2A3E1872313FB6
:103C3000000000000000804B14F0FF4F40F0F780C0
:103C40005FED047A60EE277A6FF0170317EE908A23
:103C5000A9484FEAE851C8F316087F39804519444E
:103C600048F07E5340F3DB80A448804540F3F88061
:103C70009FEDA35A0131F0EE453AA3F50003F7EEAC
:103C8000005A002006EE103A76EE257AB7EE007A5A
:103C900087EE270A5B1043F0005303F580230344AB
:103CA00076EE656A07EE901A26EE803AB8EEE77A6D
:103CB00013EE101A07EE903A924BDFED930A9FED48
:103CC000938A9FED931ADFED932ADFED931A9FED10
:103CD000932A77EEE55A194004EE901A36EE656A9B
:103CE00063EE035AE4EEE76AF0EE607AE5EE887A76
:103CF000E4EEC66AA7EEA51A66EE806AE1EE252A12
:103D000073EE247AE2EEA51A25EEA58AA1EEA52A85
:103D100067EEA67AB0EE084AB0EE446AE8EE027AA0
:103D2000A4EEA46ADFED7E0A9FED7E1ADFED7E2A07
:103D300036EE276A16EE101A194006EE101A76EEC5
:103D4000445AE4EEE45A77EEE57A67EE837AE6EEDB
:103D5000867AF0EE675AE4EE865A15EE901A19400C
:103D600005EE901AF0EE656AE4EEC66A77EEE67A42
:103D700067EEA07AE5EE817A77EEA37AF0EE676AD5
:103D8000E5EEA26A76EE856A76EE876A16EE901AFE
:103D9000194006EE901A36EEC77A37EE457AA5EE50
:103DA000E27A77EEC77A36E6B6F17E5F3FF4EEAEA2
:103DB000B5F1804F3FF40EAF02F00102C2F10209EB
:103DC000C6E6B9F1010F7FF493ADB1EE400A8FE57D
:103DD00056498A4200F287807FF447AE76EEC76A82
:103DE000F4EEE76AF1EE10FA7DDA03F50043504A8B
:103DF000C3F3C7517F39C3F316000A4140F40000F2
:103E0000C1F117011A400841404206EE902A37EEF0
:103E1000667AC20577EE876A16EE903A2BE69FED3A
:103E2000385AF7EE005AF0EE453A00202AE7002310
:103E30000EE7002D0CDB002003B0BDEC028BBDE8CB
:103E4000F04300F013BB00F081FA69E6002DF2DDCB
:103E5000002003B0BDEC028BBDE8F04300F00CBBCA
:103E60009FED345ADFED343AF7EE085A4FF4001064
:103E700008E7D2157E3A4FF40001114119442C4A4B
:103E8000C1F3C7547F3CC1F31600224140F4000047
:103E9000C4F11704002B40FA04F002EA0102B4DA7C
:103EA000B2E79FED266A76EEC76A37EE866AB4EE11
:103EB000E66AF1EE10FA0EDC03F500431C4AD91550
:103EC0007F39C3F316000A4140F40000C1F1170125
:103ED0001A40084199E7B5EEC08AF1EE10FA4CBFDE
:103EE00001200020B5E7B5EEC08AF1EE10FA4CBF14
:103EF00001200020A0E700BF71C41C00D6B35D0004
:103F00000000000000F0FFFF55326C3E42F1533ECE
:103F100005A38B3EABAAAA3EB76DDB3E9A99193F2B
:103F20004F38763FA0C39D360038763F00001643D9
:103F3000000080FF00C0153FDCCFD1353CAA3833EC
:103F400070B510EE103A884A23F00044944286B0CF
:103F5000054671D9854A94421E4624D823F0004272
:103F6000002BDFED837A834922F00F02B0EE407A16
:103F700040F3E0808A4270EE677A09BF9FED7E7A57
:103F8000DFED7E6ADFED7E6A77EEC77A37EEE67A9E
:103F900077EEC77A80ED007A77EEE67AC0ED017AA7
:103FA000012006B070BD774A944252D9B4F1FF4F58
:103FB00048D2E215863AA4EBC25307EE903ABDEE22
:103FC000E77ADFED716AB8EEC77A77EEC77A8DEDE2
:103FD000037A67EEA67ABDEEE77AB8EEC77A77EE97
:103FE000C77A8DED047A67EEA67AF5EE407AF1EEA7
:103FF00010FACDED057A40F09880B5EE407AF1EEFA
:1040000010FA0CBF012302236049019102210091A3
:1040100003A8294600F036FA002EC2DA95ED007AA0
:10402000D5ED017AB1EE477AF1EE677A85ED007A47
:10403000C5ED017A4042B4E7002285ED000A4260F6
:104040000020AEE770EE407AC0ED017AC0ED007A54
:10405000F6E7FEF757FF9FED4E7A9FED456AF6EEC5
:10406000007AE0EE077A9FED457AFDEEE77A17EEEB
:10407000900AF8EEE76A1F28A6EEC60A66EE877A6F
:10408000B1EE666A20DC434A411E26F0004352F836
:10409000212023F0FF03934216D030EE677A30EEF2
:1040A000470A002E30EE670A85ED007A85ED010A99
:1040B000BFF677AFB1EE477AB1EE400A85ED007AF0
:1040C00085ED010A40426CE730EE677AE21517EEA3
:1040D000103AC3F3C753C3EBD453082BDFDD9FED76
:1040E000267A9FED275AF0EE405AE6EE075A70EE18
:1040F000657AE6EE077AD6EE857A35EEE77A17EE40
:10410000103AC3F3C753D21A192A10DD9FED227A51
:104110009FED225AB0EE650AA6EE070A75EEC07A48
:10412000E6EE077AD6EE857AB7E703236CE7B0EEC2
:10413000650AB4E78A4270EE277A09BF9FED0E7ACE
:10414000DFED0E6ADFED0E6A77EE877A37EEA67A3C
:1041500077EEC77A80ED007A77EEA67AC0ED017A25
:104160004FF0FF301DE700BFD80F493FE3CB1640AB
:10417000800FC93FD00FC93F00443537434435371E
:1041800008A3852E800F4943000080439055010805
:1041900084F9223F1055010800A3852E32318D2469
:1041A00038B510EE105A25F00044B4F1A14FF0EEEE
:1041B000407A0DD3B4F1FF4F5BD8DFED517A9FED1C
:1041C000517A002DCCBFB0EE470AB0EE670A38BD79
:1041D0004D4B9C425CD8B4F1445F4DD34FF0FF335C
:1041E00027EEA76A9FED495A9FED497ADFED495ABC
:1041F000DFED494A66EE066A5A1CA6EE857AE6EEBF
:10420000A54A9FED465ADFED465AA7EE265AE4EE40
:10421000A65A9FED447ADFED444AA5EE267AE5EEF4
:10422000A64A9FED425ADFED425AA7EE265A9FED6D
:10423000417AA4EEA67AE5EE265A27EE267AA5EE76
:10424000867A27EE877A38D03B493C4A01EB8301D6
:10425000D1ED006A37EE667A02EB8303D3ED006A94
:1042600037EE677A002D36EEC70AB0DAB1EE400AB3
:1042700038BD30EE000A38BD9FED317A30EE077A56
:10428000F7EE006AB4EEE67AF1EE10FAA6DD38BD7C
:10429000FEF738FE2B4B9C4212D8A3F5D0039C426C
:1042A00023D8F0EE007ABFEE007AA0EE277A002342
:1042B00030EE270AC7EE007A92E737EEC70A38BD1C
:1042C000214B9C420BD8F7EE087AB7EE007AA0EEAD
:1042D000277A022330EE670AC0EE077A80E7BFEE46
:1042E000007AC7EE007A03237AE7F7EE007A30EE21
:1042F000677A30EE270A0123C7EE007A70E700BF25
:10430000DB0FC9BFDB0FC93FFFFFDF3ED769853C2D
:1043100059DA4B3D21A215BD6BF16EBD356B883D61
:1043200095879DBD6E2EBA3D388EE3BD2549123E60
:10433000ABAAAA3ECDCC4CBEA8580108B85801087B
:10434000CAF24971FFFF973FFFFF1B4010EE103A82
:1043500033F000411A4627D0B1F1FF4F21D213F0BC
:10436000FF4F22D1DFED2B7A2B4A60EE277A904265
:1043700017EE903A33DB4CF2503CC3F3C751604523
:104380001A46A1F1190116DDDFED247ADFED246A6A
:10439000002BB0EE677AB8BFF0EE667A27EE870A98
:1043A000704730EE000A704770474CF2503C604551
:1043B0004FEAD151E8DC0144FE29E5DC002915DC97
:1043C00011F1160F19DB193122F0FF4242EAC152F6
:1043D00007EE902A9FED130A27EE800A7047DFED63
:1043E000127A07EE103A27EE270A704722F0FF42B2
:1043F00042EAC15300EE103A7047DFED0B7ADFED71
:104400000B6A002BB0EE677AB8BFF0EE667A27EE43
:10441000870A70470000004CB03CFFFFCAF24971A8
:10442000CAF249F1000000336042A20D6042A28D41
:1044300010B52DED028BB0EE408A0446F8F766FE0B
:10444000B0EE480ABDEC028B046010BD30B1F1EE55
:10445000407A27EE800A2220FFF7EABFF0EE407A8A
:1044600027EE800A2220FFF7E3BF00BF9FED010A7D
:10447000FFF7ECBF000000109FED010AFFF7E6BF59
:10448000000000702DE9F04F2DED048BDBB01C46D1
:10449000944603930A46CD4B68991CF1040F53F8D8
:1044A0002160824604F1FF38C0F24982BCF1030367
:1044B00048BF0CF10403DB10029301334FEAC30E33
:1044C000ACEB0E030593029B16EB0800A3EB08036D
:1044D00016D401309FEDBE7A699C18441EA9002BAA
:1044E000A4BF54F8235007EE905A03F10103ACBF68
:1044F000F8EEE77AF0EE477A8342E1EC017AEED10A
:10450000002EC0F2B182039B1EA901EB830446ADCD
:104510004FEA83094046F7180AEB8301B8F1000F10
:10452000DFEDAB7A09DBA3465346F3EC016A3BEDC2
:10453000017A8B42E6EE877AF7D10130B842E5EC9A
:10454000017A04F10404E9D10DF1280B0BEB860389
:10455000CDE9062E043B9FEDA09ADFED9E8A0598DB
:1045600004930AEB090446AF0BEB86090096CDF8DD
:1045700020C05AAB03EB8603002E13ED140A4FEA5A
:10458000860515DD7B195A4660EE097AB0EE407A51
:10459000FDEEE77A73ED016AF8EEE77ABB42A7EE2B
:1045A000E87A37EEA60ABDEEC77AA2EC017AEBD123
:1045B0000190FFF7CBFEF4EE007AB0EE408A20EED9
:1045C000270A00F07DFAF2EE007AA0EE678A0198E1
:1045D0000028FDEEC89AF8EEE97A38EE678A6CDDBD
:1045E00006F1FF3EC0F108035BF82E2042FA03FCFF
:1045F0000CFA03F3D21AC0F1070119EE903A4BF806
:104600002E200A416344002A09EE903A00F3F0801C
:10461000B5EE408AF1EE10FA40F09D80009B9E427C
:104620000ADD5D44002355F8041D4D4543EA0103AE
:10463000F9D1002B40F0F280009B013B5BF8233066
:10464000002B40F0E780049B012153F8042D013139
:10465000002AFAD0731C31449C46029D039A05EB54
:10466000030E0EF1804E699D32440EF1FF3E07EBC2
:1046700083061EAB05EB8E0E03EB8205DEED017AA1
:10468000F8EEE77AB8F1000F0EF1040EE5EC017ACE
:10469000DFED4F7A09DB2A465346F3EC016A32ED2F
:1046A000017AA342E6EE877AF7D10CF1010C61455D
:1046B000E6EC017AE2DA0E465BE740F08F80731E8B
:1046C0005BF82320D211002AA2DD19EE903A002EC9
:1046D00003F1010309EE903A40F3D48159464FF0BB
:1046E000000E51F8043B002B6AD0C3F5807341F8EB
:1046F000043C04E00B68C3F1FF0341F8043B0EF1F6
:10470000010E7645F6DC01239E4600280ADD0128CD
:1047100078D0022806D1711E5BF8213003F03F0CDF
:104720004BF821C0022A7FF473AFB7EE000A73463C
:1047300030EE488A002B3FF46BAF09920190FFF7EF
:1047400005FE38EE408A0198099AB5EE408AF1EEEE
:1047500010FA3FF463AF9246DDE9062EDDF820C083
:104760000196AEEB0C00B0EE480A009E0092FFF7F7
:10477000EDFDDFED186AB4EEE60AF1EE10FADDE9C0
:104780000023F0EE407AC0F250819FED137A059934
:1047900020EE077A0831BDEEC77A0591B8EEC77AE8
:1047A0005C1CE7EE667ABDEEC77AFDEEE77A17EE9F
:1047B000901A4BF8231017EE103A4BF8243046E0CD
:1047C0000EF1010EB6458CDB9E469EE7F4580108BB
:1047D00000000000000080430000803BF6EE007AFD
:1047E000B4EEE78AF1EE10FA80F2988000220FE72B
:1047F0000133002E09EE903A3FF770AF00230128F5
:104800009E4686D1711E5BF8213003F07F0C4BF879
:1048100021C087E7731C9C4619461EE73346924623
:10482000DDE905125C1EA1F108005BF82410009E72
:10483000059061B903F18043013B0BEB8303014613
:1048400053F8040D013C08390028F9D0059105986A
:104850000092B7EE000AFFF779FD002C009AB0EE47
:10486000407AC0F20581601C46AD5FED256A81008B
:104870000BEB800305EB800073ED017AF8EEE77A2D
:104880005B4567EE877A27EE267A60ED017AF3D1F1
:104890000DF1C8080B1F46A8C718C646A446002538
:1048A0009146002E73DB844ADFED847A384600237C
:1048B00001E0AB4208DCF2EC016AB0EC017A0133B2
:1048C0009E42E6EE877AF4DA0CF1FF3CBCF1FF3F42
:1048D000EEEC017A05F10105A7F10407E1D1689B2F
:1048E000022B4A4656DC002B2EDC0ED1DFED737A0C
:1048F000414431ED017A414577EE877AF9D153464B
:10490000002B40F0AE80C2ED007A19EE903A03F031
:1049100007005BB0BDEC048BBDE8F08F19EE903A58
:10492000002E03F1010309EE903AC8BF02223FF7BF
:10493000D5AEF7EE007A37EEC88A022268E6002389
:104940004FF0080E0293BBE59FED5C7A414471ED98
:10495000017A414537EE277AF9D1DDED327A5346B7
:1049600077EEC77A002B75D182ED007A64B133A956
:104970000123B1EC017A01339C4277EE877AF8DAB1
:1049800053460BB1F1EE677AC2ED017ABDE7DFED78
:104990004B7A99E7689B032BB7D1002C7ED008EBAC
:1049A000840595ED007AA0002B46294671ED017A29
:1049B000F0EE476A37EE277A414577EEC77A81ED08
:1049C000007A77EEA67AC1ED017AEFD1012C65D09D
:1049D00095ED007A08F1040173ED017AF0EE476A73
:1049E00037EE277A994277EEC77A83ED007A77EE31
:1049F000A67AC3ED017AEFD1031DDFED307A43448F
:104A000008F1080833ED017A984577EE877AF9D1F5
:104A10005346DDED326A9DED337A73B9C2ED006A1B
:104A200082ED017AC2ED027A6FE7FDEEC07A1C4694
:104A300017EE901A4BF8231009E7F1EE666AB1EE13
:104A4000477AF1EE677AC2ED006A82ED017AC2ED33
:104A5000027A5AE7B1EE477A82ED007A002C86D1CD
:104A600090E7F1EE677A4EE7039B4FEA83096BE527
:104A7000689B022B0EDC002B13DC7FF446AFDFEDCE
:104A80000F7A3CE7022A7FF4C3ADF7EE007A37EEE7
:104A9000C88ABDE5689B032B7FF437AFDFED077A4B
:104AA000B6E75346DDED327A13B9002313606BE7A6
:104AB0004FF00043136065E7C8580108000000008C
:104AC00010EE102AC2F3C7537F3B162B22F0004191
:104AD00029DC002B104618DB1A4919410A4221D063
:104AE000DFED197A70EE277AF5EEC07AF1EE10FA62
:104AF00018DD002A04DA4FF4000242FA03F31844E6
:104B000020EA010300EE103A7047DFED0F7A70EEF5
:104B1000277AF5EEC07AF1EE10FA03DD002A08DB01
:104B20009FED0A0A7047B1F1FF4FFBD330EE000A48
:104B30007047DFED077A0029BFEE000A08BFB0EE2C
:104B4000670A7047FFFF7F00CAF24971000000004A
:104B500000000080F8B500BFF8BC08BC9E46704756
:0C4B6000F8B500BFF8BC08BC9E467047CA
:104B70005C4D0108F913000800000000000000006F
:104B8000800000000000000000000000504D0108FF
:104B90000DAA0008FDFF0000000000000004000056
:104BA00000000000000000004C4D010889B0000822
:104BB000FDFF000000000000800000000000000079
:104BC00000000000444D01080DAE0008FDFF00008C
:104BD00000000000000100000000000000000000D4
:104BE000384D01085DAF0008FDFF00000000000027
:104BF0000004000000000000000000002C4D01082F
:104C0000759C0008FDFF000000000000000100008E
:104C10000000000000000000204D010835B9000828
:104C2000FDFF000000000000800000000000000008
:104C300000000000144D0108A9B80008FDFF0000A5
:104C400000000000800000000000000000000000E4
:104C5000044D0108F9AD0008FDFF00000000000050
:104C6000000100000000000000000000FC4C0108F2
:104C7000BDA80008FDFF00000000000000020000C9
:104C80000000000000000000F04C010899A9000895
:104C9000FDFF000000000000000200000000000016
:104CA0000000000000000000000000000000000004
:104CB00000000000000000000100000002000000F1
:104CC00003000000040000000000000005000000D8
:104CD00000000000000000000000000006000000CE
:104CE00000000000000000000000000007000000BD
:104CF000636861737369735F7678000063686173DA
:104D0000736973006572725F6465635F7461736B6E
:104D10000000000073746F705F636865636B000070
:104D200073686F6F745F7461736B000063616E5FB3
:104D300073656E7400000000696D755F6461746175
:104D4000000000006765745F726300006C656400BA
:104D500064656275675F75617274000064656661A1
:104D6000756C745461736B0049444C45000000003D
:104D700025642C25662C2566200D0A00FFFFFFFF09
:104D8000FFFFFF00494E4600696E66004E414E002F
:104D90006E616E0030313233343536373839616206
:104DA00063646566000000003031323334353637D5
:104DB000383941424344454600000000286E756C76
:104DC0006C290000300000002E0000004C435F43BF
:104DD0004F4C4C41544500004C435F43545950459F
:104DE000000000004C435F4D4F4E45544152590066
:104DF0004C435F4E554D4552494300004C435F5470
:104E0000494D45004C435F4D455353414745530081
:104E1000496E66696E697479000000004E614E004B
:104E200042616C6C6F632073756363656564656470
:104E3000000000002F646174612F6A656E6B696EFB
:104E4000732F776F726B73706163652F474E552DAB
:104E5000746F6F6C636861696E2F61726D2D313391
:104E60002F7372632F6E65776C69622D6379677734
:104E7000696E2F6E65776C69622F6C6962632F7340
:104E800074646C69622F64746F612E6300000000AB
:104E90002F646174612F6A656E6B696E732F776F13
:104EA000726B73706163652F474E552D746F6F6C15
:104EB000636861696E2F61726D2D31332F73726378
:104EC0002F6E65776C69622D63796777696E2F6ED7
:104ED00065776C69622F6C6962632F7374646C69A7
:104EE000622F6D707265632E630000002C20667562
:104EF0006E6374696F6E3A20000000006173736521
:104F00007274696F6E2022257322206661696C6558
:104F1000643A2066696C6520222573222C206C6916
:104F20006E65202564257325730A000000000000CB
:104F30000102030401020304060708090006101613
:104F4000000610160001020304050607080C1014E1
:104F500018203040010002000400060008000A008A
:104F60000C00100020004000800000010804020432
:104F70000801010101010103070100000F000810F1
:104F8000820911000A15800B16000C18010D000093
:104F90007D04017C000240AB034100055308065824
:104FA000040700000000891112239B322446AD57EC
:104FB0003665BF74488CC19D5AAFD3BE6CCAE5DB61
:104FC0007EE9F7F88110080193331A22A5562C4781
:104FD000B7753E64C99C408DDBBF52AEEDDA64CB41
:104FE000FFF976E802218B30100299132667AF761D
:104FF0003444BD554AADC3BC588ED19F6EEBE7FA21
:105000007CC8F5D983310A2091121803A7772E6640
:10501000B5543C45CBBD42ACD99E508FEFFB66EA00
:10502000FDD874C904428D5316619F702004A915E0
:105030003227BB364CCEC5DF5EEDD7FC6888E199E0
:105040007AABF3BA85520C4397711E60A114280500
:10505000B3373A26CDDE44CFDFFD56ECE9986089C0
:10506000FBBB72AA06638F7214409D512225AB349C
:105070003006B9174EEFC7FE5CCCD5DD6AA9E3B8A0
:10508000788AF19B87730E6295501C41A3352A24C0
:10509000B1163807CFFF46EEDDDC54CDEBB962A880
:1050A000F99A708B088481951AA793B62CC2A5D360
:1050B0003EE1B7F04008C919522BDB3A644EED5F70
:1050C000766DFF7C899400859BB712A6ADD224C370
:1050D000BFF136E0C1184809D33B5A2AE55E6C4F50
:1050E000F77D7E6C0AA583B4188691972EE3A7F20C
:1050F0003CC0B5D14229CB38500AD91B666FEF7E30
:10510000744CFD5D8BB502A499961087AFF326E22F
:10511000BDD034C1C3394A28D11A580BE77F6E6E0F
:10512000F55C7C4D0CC685D71EE597F42880A191CF
:105130003AA3B3B2444ACD5B5669DF78600CE91DEF
:10514000722FFB3E8DD604C79FF516E4A9902081EF
:10515000BBB332A2C55A4C4BD7795E68E11C680DCF
:10516000F33F7A2E0EE787F61CC495D52AA1A3B08B
:105170003882B193466BCF7A5448DD59622DEB3CAF
:10518000700EF91F8FF706E69DD414C5ABB122A0AF
:10519000B9923083C77B4E6AD5585C49E33D6A2C8F
:1051A000F11E780F005EBCE2613FDD83C29C7E2071
:1051B000A3FD1F419DC3217FFCA2401E5F01E3BDF3
:1051C0003E6082DC237D9FC1421CFEA0E1BF5D03E7
:1051D00080DE3C62BEE0025CDF81633D7C22C09EDB
:1051E0001D43A1FF4618FAA427799BC584DA3866C7
:1051F000E5BB5907DB856739BAE406581947A5FBB3
:105200007826C49A653BD987045AB8E6A7F91B45A6
:10521000C6987A24F8A6441A99C7257B3A6486D89A
:105220005B05E7B98CD2306EEDB3510F4E10F2AC86
:105230002F7193CD114FADF3702ECC92D38D6F3172
:10524000B2EC0E50AFF1134DCE90722C6D33D18F66
:105250000C52B0EE326C8ED0530DEFB1F0AE4C125A
:1052600091CF2D73CA947628ABF517490856B4EA46
:105270006937D58B5709EBB536688AD495CB297732
:10528000F4AA4816E9B7550B88D6346A2B7597C926
:105290004A14F6A8742AC896154BA9F7B6E80A541A
:1052A000D7896B35303030303030303030303030BE
:1052B00030303030202020202020202020202020AE
:1052C0002020202005000000190000007D000000C3
:1052D0000080E03779C34143176E05B5B5B89346F2
:1052E000F5F93FE9034F384D321D30F94877825ABE
:1052F0003CBF737FDD4F1575000000000000F03FDC
:1053000000000000000024400000000000005940A0
:105310000000000000408F40000000000088C340F3
:1053200000000000006AF8400000000080842E4168
:1053300000000000D01263410000000084D79741B4
:105340000000000065CDCD41000000205FA00242BA
:10535000000000E876483742000000A2941A6D422F
:10536000000040E59C30A2420000901EC4BCD64222
:1053700000003426F56B0C430080E03779C34143CD
:1053800000A0D8855734764300C84E676DC1AB4343
:10539000003D9160E458E143408CB5781DAF154461
:1053A00050EFE2D6E41A4B4492D54D06CFF080443C
:1053B000F64AE1C7022DB544B49DD9794378EA4451
:1053C00000202020202020202020282828282820D5
:1053D00020202020202020202020202020202020CD
:1053E0002088101010101010101010101010101035
:1053F0001004040404040404040404101010101025
:1054000010104141414141410101010101010101EE
:105410000101010101010101010101011010101040
:1054200010104242424242420202020202020202C0
:105430000202020202020202020202021010101014
:10544000200000000000000000000000000000003C
:10545000000000000000000000000000000000004C
:10546000000000000000000000000000000000003C
:10547000000000000000000000000000000000002C
:10548000000000000000000000000000000000001C
:10549000000000000000000000000000000000000C
:1054A00000000000000000000000000000000000FC
:1054B00000000000000000000000000000000000EC
:1054C000000000003030303030303030303030309C
:1054D000303030302020202020202020202020208C
:1054E000202020200000000059F3F8C21F6EA50103
:1054F000000000000000F03F00000080DB0F49408A
:10550000DB0F49C0DB0F49BFE4CB1640E4CB16C02C
:10551000000FC93F000F494000CB9640000FC94023
:105520000053FB4000CB164100ED2F41000F4941D5
:105530000031624100537B41003A8A4100CB9641E1
:10554000005CA34100EDAF41007EBC41000FC941AA
:1055500000A0D5410031E24100C2EE410053FB41C1
:1055600000F20342003A0A420083104200CB164286
:1055700000141D42005C234200A5294200ED2F4289
:1055800000363642007E3C4200C74242000F49428C
:10559000A2000000F9000000830000006E0000007F
:1055A0004E0000004400000015000000290000002B
:1055B000FC0000002700000057000000D1000000A0
:1055C000F500000034000000DD000000C000000015
:1055D000DB00000062000000950000009900000060
:1055E0003C0000004300000090000000410000006B
:1055F000FE0000005100000063000000AB0000004E
:10560000DE000000BB000000C500000061000000DB
:10561000B7000000240000006E0000003A00000007
:10562000420000004D000000D2000000E000000039
:1056300006000000490000002E000000EA00000003
:1056400009000000D1000000920000001C000000D2
:10565000FE0000001D000000EB0000001C00000028
:10566000B100000029000000A70000003E0000007B
:10567000E80000008200000035000000F500000096
:105680002E000000BB000000440000008400000069
:10569000E90000009C0000007000000026000000EF
:1056A000B40000005F0000007E0000004100000028
:1056B0003900000091000000D60000003900000011
:1056C000830000005300000039000000F4000000D7
:1056D0009C000000840000005F0000008B000000C0
:1056E000BD000000F9000000280000003B000000A1
:1056F0001F000000F800000097000000FF000000FD
:10570000DE00000005000000980000000F0000000F
:10571000EF0000002F000000110000008B000000CF
:105720005A0000000A0000006D0000001F00000089
:105730006D000000360000007E000000CF00000079
:1057400027000000CB00000009000000B7000000A7
:105750004F000000460000003F000000660000000F
:105760009E0000005F000000EA0000002D00000025
:105770007500000027000000BA000000C70000000C
:10578000EB000000E5000000F10000007B000000DD
:105790003D0000000700000039000000F700000095
:1057A0008A0000005200000092000000EA000000A1
:1057B0006B000000FB0000005F000000B100000073
:1057C0001F0000008D0000005D00000008000000C8
:1057D00056000000030000003000000046000000FA
:1057E000FC0000007B0000006B000000AB0000002C
:1057F000F0000000CF000000BC000000200000000E
:105800009A000000F4000000360000001D000000B7
:10581000A9000000E300000091000000610000000A
:105820005E000000E60000001B0000000800000011
:105830006500000099000000850000005F00000086
:1058400014000000A00000006800000040000000FC
:105850008D000000FF000000D80000008000000064
:105860004D00000073000000270000003100000020
:1058700006000000060000001500000056000000B1
:10588000CA00000073000000A8000000C90000006A
:1058900060000000E20000007B000000C00000008B
:1058A0008C0000006B0000006937AC3168212233A6
:1058B000B40F14336821A2333863ED3EDA0F493F49
:1058C0005E987B3FDA0FC93F0000C93F0000F03906
:1058D0000000DA370000A2330000842E0000502BB5
:1058E0000000C2270000D0220000C41F0000C61B19
:1058F0000000441704000000070000000900000039
:085900004CAEFE7F0100000027
:0859080079D1000831100008FC
:045910000910000872
:105914000000803F000000000000000000000000C4
:105924000090D0030090D00301000000100000009C
:10593400AAAAAAAA58A08B3AE7416B3A0000F04100
:105944000000000000000000000010418FC2F53C80
:10595400000000000000F041000000000000000012
:10596400000010418FC2F53C000000000000F0412F
:105974000000000000000000000020418FC2F53C40
:10598400000000000000F0410000000000000000E2
:10599400000020418FC2F53C0000000000409C45FF
:1059A40000000000000000003333B33E000000009C
:1059B40000000000000000400AD7A33C00000000E3
:1059C4000000803F000000410000003F0000000094
:1059D4000000000003000000789A0024D000002496
:1059E40000000000789A0024E09A0024489B0024D8
:1059F40000000000000000000000000000000000A3
:105A04000000000000000000000000000000000092
:105A14000000000000000000000000000000000082
:105A24000000000000000000000000000000000072
:105A34000000000000000000000000000000000062
:105A44000000000000000000000000000000000052
:105A54000000000000000000000000000000000042
:105A64000000000000000000000000000000000032
:105A74000000000000000000010000000000000021
:105A84000E33CDAB34126DE6ECDE05000B000000E6
:105A94000000000000000000000000000000000002
:105AA40000000000000000000000000000000000F2
:105AB40000000000000000000000000000000000E2
:105AC40000000000000000000000000000000000D2
:105AD40000000000000000000000000000000000C2
:105AE40000000000000000000000000000000000B2
:105AF40000000000000000000000000000000000A2
:105B04000000000000000000000000000000000091
:105B14000000000000000000000000000000000081
:105B2400BC9B0024FFFFFFFF0000020000000000F8
:105B340000000000000000002002002420020024D5
:105B44002802002428020024300200243002002409
:105B540038020024380200244002002440020024B9
:105B64004802002448020024500200245002002469
:105B74005802002458020024600200246002002419
:105B840068020024680200247002002470020024C9
:105B94007802002478020024800200248002002479
:105BA4008802002488020024900200249002002429
:105BB4009802002498020024A0020024A0020024D9
:105BC400A8020024A8020024B0020024B002002489
:105BD400B8020024B8020024C0020024C002002439
:105BE400C8020024C8020024D0020024D0020024E9
:105BF400D8020024D8020024E0020024E002002499
:105C0400E8020024E8020024F0020024F002002448
:105C1400F8020024F80200240003002400030024F6
:105C240008030024080300241003002410030024A4
:105C34001803002418030024200300242003002454
:105C44002803002428030024300300243003002404
:105C540038030024380300244003002440030024B4
:105C64004803002448030024500300245003002464
:105C74005803002458030024600300246003002414
:105C840068030024680300247003002470030024C4
:105C94007803002478030024800300248003002474
:105CA4008803002488030024900300249003002424
:105CB4009803002498030024A0030024A0030024D4
:105CC400A8030024A8030024B0030024B003002484
:105CD400B8030024B8030024C0030024C003002434
:105CE400C8030024C8030024D0030024D0030024E4
:105CF400D8030024D8030024E0030024E003002494
:105D0400E8030024E8030024F0030024F003002443
:105D1400F8030024F80300240004002400040024F1
:105D2400080400240804002410040024100400249F
:105D3400180400241804002420040024200400244F
:105D440028040024280400243004002430040024FF
:105D540038040024380400244004002440040024AF
:105D6400480400244804002450040024500400245F
:105D7400580400245804002460040024600400240F
:105D840068040024680400247004002470040024BF
:105D9400780400247804002480040024800400246F
:105DA400880400248804002490040024900400241F
:105DB4009804002498040024A0040024A0040024CF
:105DC400A8040024A8040024B0040024B00400247F
:105DD400B8040024B8040024C0040024C00400242F
:105DE400C8040024C8040024D0040024D0040024DF
:105DF400D8040024D8040024E0040024E00400248F
:105E0400E8040024E8040024F0040024F00400243E
:105E1400F8040024F80400240005002400050024EC
:105E2400080500240805002410050024100500249A
:105E3400180500241805002420050024200500244A
:105E440028050024280500243005002430050024FA
:105E540038050024380500244005002440050024AA
:105E6400480500244805002450050024500500245A
:105E7400580500245805002460050024600500240A
:105E840068050024680500247005002470050024BA
:105E9400780500247805002480050024800500246A
:105EA400880500248805002490050024900500241A
:105EB4009805002498050024A0050024A0050024CA
:105EC400A8050024A8050024B0050024B00500247A
:105ED400B8050024B8050024C0050024C00500242A
:105EE400C8050024C8050024D0050024D0050024DA
:105EF400D8050024D8050024E0050024E00500248A
:105F0400E8050024E8050024F0050024F005002439
:105F1400F8050024F80500240006002400060024E7
:105F24000806002408060024100600241006002495
:105F34001806002418060024430000000000000096
:105F4400000000000000000000000000000000004D
:105F540000000000000000004300000000000000FA
:105F6400000000000000000000000000000000002D
:105F740000000000000000004300000000000000DA
:105F8400000000000000000000000000000000000D
:105F940000000000000000004300000000000000BA
:105FA40000000000000000000000000000000000ED
:105FB400000000000000000043000000000000009A
:105FC40000000000000000000000000000000000CD
:105FD400000000000000000043000000000000007A
:105FE40000000000000000000000000000000000AD
:105FF400000000000000000043000000000000005A
:10600400000000000000000000000000000000008C
:10601400000000000000000071100108B908010828
:1060240000000000C0530108C84D0108F84E0108E3
:10603400F84E0108F84E0108F84E0108F84E010820
:10604400F84E0108F84E0108F84E0108F84E010810
:10605400FFFFFFFFFFFFFFFFFFFFFFFFFFFF00004A
:1060640001004153434949000000000000000000C2
:10607400000000000000000000000000000000001C
:1060840000004153434949000000000000000000A3
:1060940000000000000000000000000000000000FC
:0460A40000000000F8
:0400000508002301CB
:00000001FF
