:020000040800F2
:1000000000000524FD220008DD1B0008DF1B00089E
:10001000E11B0008E31B0008E51B000800000000CE
:10002000000000000000000000000000E18900085E
:10003000E71B000800000000818A0008E58A00082C
:100040004D2300084D2300084D2300084D230008D0
:100050004D2300084D2300084D2300084D230008C0
:100060004D2300084D2300084D230008E91B00081C
:10007000F91B0008091C0008191C0008291C0008AD
:100080004D2300084D2300084D230008391C0008AB
:10009000491C00084D2300084D2300084D2300088B
:1000A0004D2300084D2300084D2300084D23000870
:1000B0004D2300084D2300084D2300084D23000860
:1000C0004D2300084D2300084D2300084D23000850
:1000D000591C00084D2300084D2300084D2300083B
:1000E0004D2300084D230008000000004D230008A8
:1000F0004D2300084D2300084D2300084D23000820
:100100004D2300084D2300084D2300084D2300080F
:100110004D230008691C00084D230008791C0008C5
:100120004D2300084D2300084D2300084D230008EF
:100130004D2300084D2300084D2300084D230008DF
:1001400000000000000000000000000000000000AF
:100150004D2300084D2300084D2300084D230008BF
:100160004D2300084D2300084D2300084D230008AF
:100170004D2300084D2300084D2300080000000017
:100180004D2300084D230008891C00084D2300085A
:100190004D2300084D2300084D2300084D2300087F
:1001A0004D2300084D2300084D23000800000000E7
:1001B0004D2300084D2300084D2300084D2300085F
:1001C0004D2300084D23000800000000000000003F
:1001D00000000000000000004D23000800000000A7
:1001E000000000000000000000000000000000000F
:1001F00000000000000000004D2300084D2300080F
:100200004D2300084D230008000000004D23000886
:100210004D2300084D2300084D2300084D230008FE
:100220004D230008000000004D23000800000000DE
:100230004D2300084D230008000000004D23000856
:100240004D2300084D2300084D2300084D230008CE
:100250004D2300084D2300084D2300084D230008BE
:100260004D2300084D2300084D2300084D230008AE
:100270004D2300084D2300084D2300080000000016
:100280004D2300084D2300084D2300084D2300088E
:10029000000000004D2300084D230008000000006E
:1002A000000000004D2300084D2300084D230008E6
:1002B000991C00084D2300084D230008A91C0008C4
:0C02C0004D2300084D2300084D230008CA
:1003000081F0004102E000BF83F0004330B54FEAC6
:1003100041044FEA430594EA050F08BF90EA020F33
:100320001FBF54EA000C55EA020C7FEA645C7FEAC6
:10033000655C00F0E2804FEA5454D4EB5555B8BFE9
:100340006D420CDD2C4480EA020281EA030382EA5A
:10035000000083EA010180EA020281EA0303362DEC
:1003600088BF30BD11F0004F4FEA01314FF4801CBF
:100370004CEA113102D0404261EB410113F0004FD1
:100380004FEA03334CEA133302D0524263EB430388
:1003900094EA050F00F0A780A4F10104D5F1200E26
:1003A0000DDB02FA0EFC22FA05F2801841F1000181
:1003B00003FA0EF2801843FA05F359410EE0A5F155
:1003C00020050EF1200E012A03FA0EFC28BF4CF086
:1003D000020C43FA05F3C01851EBE37101F000453C
:1003E00007D54FF0000EDCF1000C7EEB00006EEB49
:1003F0000101B1F5801F1BD3B1F5001F0CD34908D3
:100400005FEA30004FEA3C0C04F101044FEA445229
:1004100012F5800F80F09A80BCF1004F08BF5FEAB0
:10042000500C50F1000041EB045141EA050130BD90
:100430005FEA4C0C404141EB0101013C28BFB1F5A2
:10044000801FE9D291F0000F04BF01460020B1FAED
:1004500081F308BF2033A3F10B03B3F120020CDAC0
:100460000C3208DD02F1140CC2F10C0201FA0CF09E
:1004700021FA02F10CE002F11402D8BFC2F1200C03
:1004800001FA02F120FA0CFCDCBF41EA0C019040B9
:10049000E41AA2BF01EB0451294330BD6FEA040402
:1004A0001F3C1CDA0C340EDC04F11404C4F12002ED
:1004B00020FA04F001FA02F340EA030021FA04F3FF
:1004C00045EA030130BDC4F10C04C4F1200220FA56
:1004D00002F001FA04F340EA0300294630BD21FA94
:1004E00004F0294630BD94F0000F83F4801306BF5A
:1004F00081F480110134013D4EE77FEA645C18BF4E
:100500007FEA655C29D094EA050F08BF90EA020FE4
:1005100005D054EA000C04BF1946104630BD91EADC
:10052000030F1EBF0021002030BD5FEA545C05D1DF
:100530004000494128BF41F0004130BD14F580041E
:100540003CBF01F5801130BD01F0004545F0FE4192
:1005500041F470014FF0000030BD7FEA645C1ABFC7
:10056000194610467FEA655C1CBF0B46024650EAFE
:10057000013406BF52EA033591EA030F41F400212A
:1005800030BD00BF90F0000F04BF0021704730B5B0
:100590004FF4806404F132044FF000054FF0000185
:1005A00050E700BF90F0000F04BF0021704730B546
:1005B0004FF4806404F1320410F0004548BF40421B
:1005C0004FF000013EE700BF42004FEAE2014FEA70
:1005D00031014FEA02701FBF12F07F4393F07F4F4B
:1005E00081F06051704732F07F4208BF704793F04E
:1005F0007F4F04BF41F40021704730B54FF4607461
:1006000001F0004521F000411CE700BF50EA010263
:1006100008BF704730B54FF000050AE050EA01020C
:1006200008BF704730B511F0004502D5404261EB7C
:1006300041014FF4806404F132045FEA915C3FF4BD
:10064000D8AE4FF003025FEADC0C18BF03325FEA5A
:10065000DC0C18BF033202EBDC02C2F1200300FA0B
:1006600003FC20FA02F001FA03FE40EA0E0021FA30
:1006700002F11444BDE600BF4FEA4102B2F1E0438B
:1006800024BFB3F5001CDCF1FE5C0DD901F0004C79
:100690004FEAC0024CEA5070B2F1004F40EB8300C9
:1006A00008BF20F00100704711F0804F21D113F1F5
:1006B0003872BCBF01F00040704741F480114FEA2E
:1006C0005252C2F11802C2F1200C10FA0CF320FAB7
:1006D00002F018BF40F001004FEAC1234FEAD323D4
:1006E00003FA0CFC40EA0C0023FA02F34FEA43033E
:1006F000CCE77FEA625307D150EA01331EBF4FF0C7
:10070000FE4040F44000704701F0004040F0FE40E1
:1007100040F40000704700BF53B94AB9002908BF30
:1007200000281CBF4FF0FF314FF0FF3000F00CB835
:10073000ADF1080C6DE904CE0CF02AF9DDF804E007
:10074000DDE9022304B07047704700BF844641EAE8
:10075000000313F003036DD1403A41D351F8043B39
:1007600040F8043B51F8043B40F8043B51F8043B8B
:1007700040F8043B51F8043B40F8043B51F8043B7B
:1007800040F8043B51F8043B40F8043B51F8043B6B
:1007900040F8043B51F8043B40F8043B51F8043B5B
:1007A00040F8043B51F8043B40F8043B51F8043B4B
:1007B00040F8043B51F8043B40F8043B51F8043B3B
:1007C00040F8043B51F8043B40F8043B51F8043B2B
:1007D00040F8043B51F8043B40F8043B403ABDD29A
:1007E000303211D351F8043B40F8043B51F8043B3C
:1007F00040F8043B51F8043B40F8043B51F8043BFB
:1008000040F8043B103AEDD20C3205D351F8043BCA
:1008100040F8043B043AF9D2043208D0D2071CBF96
:1008200011F8013B00F8013B01D30B8803806046BF
:10083000704700BF082A13D38B078DD010F0030335
:100840008AD0C3F10403D21ADB071CBF11F8013BA5
:1008500000F8013B80D331F8023B20F8023B7BE7F4
:10086000043AD9D3013A11F8013B00F8013BF9D21F
:100870000B7803704B7843708B78837060467047B9
:1008800001F0FF01102A2BDB10F0070F08D010F841
:10089000013B013A8B422DD010F0070F42B3F6D145
:1008A000F0B441EA012141EA014122F007047FF05E
:1008B00000070023F0E80256083C85EA010586EAB5
:1008C000010685FA47F5A3FA87F586FA47F6A5FAF1
:1008D00087F68EB9EED1F0BC01F0FF0102F00702FD
:1008E00032B110F8013B013A83EA010313B1F8D1A8
:1008F0000020704701387047002D06BF3546033889
:10090000073815F0010F07D1013015F4807F02BFC1
:10091000013015F4C03F0130F0BC0138704700BF12
:1009200000000000000000000000000000000000C7
:1009300000000000000000000000000000000000B7
:1009400030B490F800F020F007016FF0000C10F0C8
:10095000070491F820F040F048804FF000046FF059
:100960000700D1E9002391F840F000F1080082FA75
:100970004CF2A4FA8CF283FA4CF3A2FA8CF34BBB40
:10098000D1E9022382FA4CF200F10800A4FA8CF2B9
:1009900083FA4CF3A2FA8CF3E3B9D1E9042382FA87
:1009A0004CF200F10800A4FA8CF283FA4CF3A2FA9C
:1009B0008CF37BB9D1E9062301F1200182FA4CF2D4
:1009C00000F10800A4FA8CF283FA4CF3A2FA8CF33B
:1009D000002BC6D0002A04BF04301A4612BAB2FA5D
:1009E00082F200EBD20030BC7047D1E9002304F062
:1009F0000305C4F100004FEAC50514F0040F91F897
:100A000040F00CFA05F562EA05021CBF63EA050333
:100A100062464FF00004AAE770B54FF0FF0C4CF4AB
:100A2000E06C1CEA11541DBF1CEA135594EA0C0F2C
:100A300095EA0C0F00F0DEF82C4481EA030621EA67
:100A40004C5123EA4C5350EA013518BF52EA0335A2
:100A500041F4801143F4801338D0A0FB02CE4FF054
:100A60000005E1FB02E506F00042E0FB03E54FF084
:100A70000006E1FB03569CF0000F18BF4EF0010E7C
:100A8000A4F1FF04B6F5007F64F5407404D25FEA78
:100A90004E0E6D4146EB060642EAC62141EA55512B
:100AA0004FEAC52040EA5E504FEACE2EB4F1FD0C6D
:100AB00088BFBCF5E06F1ED8BEF1004F08BF5FEAEB
:100AC000500E50F1000041EB045170BD06F000469D
:100AD00046EA010140EA020081EA0301B4EB5C044A
:100AE000C2BFD4EB0C0541EA045170BD41F4801142
:100AF0004FF0000E013C00F3AB8014F1360FDEBF67
:100B0000002001F0004170BDC4F10004203C35DA42
:100B10000C341BDC04F11404C4F1200500FA05F3C5
:100B200020FA04F001FA05F240EA020001F0004266
:100B300021F0004110EBD37021FA04F642EB0601DC
:100B40005EEA430E08BF20EAD37070BDC4F10C0406
:100B5000C4F1200500FA04F320FA05F001FA04F2CA
:100B600040EA020001F0004110EBD37041F10001B6
:100B70005EEA430E08BF20EAD37070BDC4F12005C1
:100B800000FA05F24EEA020E20FA04F301FA05F229
:100B900043EA020321FA04F001F0004121FA04F2D1
:100BA00020EA020000EBD3705EEA430E08BF20EAA1
:100BB000D37070BD94F0000F0FD101F000464000DB
:100BC00041EB010111F4801F08BF013CF7D041EA5D
:100BD000060195F0000F18BF704703F00046520061
:100BE00043EB030313F4801F08BF013DF7D043EA32
:100BF0000603704794EA0C0F0CEA135518BF95EAE8
:100C00000C0F0CD050EA410618BF52EA4306D1D16E
:100C100081EA030101F000414FF0000070BD50EA8D
:100C2000410606BF1046194652EA430619D094EA17
:100C30000C0F02D150EA013613D195EA0C0F05D101
:100C400052EA03361CBF104619460AD181EA030155
:100C500001F0004141F0FE4141F470014FF000000D
:100C600070BD41F0FE4141F4780170BD70B54FF0A8
:100C7000FF0C4CF4E06C1CEA11541DBF1CEA135528
:100C800094EA0C0F95EA0C0F00F0A7F8A4EB05040A
:100C900081EA030E52EA03354FEA013100F0888001
:100CA0004FEA03334FF0805545EA131343EA1263CA
:100CB0004FEA022245EA111545EA10654FEA00267F
:100CC0000EF000419D4208BF964244F1FD0404F538
:100CD000407402D25B084FEA3202B61A65EB030594
:100CE0005B084FEA32024FF480104FF4002CB6EB51
:100CF000020E75EB030E22BFB61A754640EA0C00D1
:100D00005B084FEA3202B6EB020E75EB030E22BF10
:100D1000B61A754640EA5C005B084FEA3202B6EB51
:100D2000020E75EB030E22BFB61A754640EA9C0010
:100D30005B084FEA3202B6EB020E75EB030E22BFE0
:100D4000B61A754640EADC0055EA060E18D04FEA9E
:100D5000051545EA16754FEA06164FEAC30343EA3E
:100D600052734FEAC2025FEA1C1CC0D111F4801F0B
:100D70000BD141EA00014FF000004FF0004CB6E704
:100D800011F4801F04BF01430020B4F1FD0C88BFA3
:100D9000BCF5E06F3FF6AFAEB5EB030C04BFB6EBAE
:100DA000020C5FEA500C50F1000041EB045170BDA1
:100DB0000EF0004E4EEA113114EB5C04C2BFD4EBCE
:100DC0000C0541EA045170BD41F480114FF0000E52
:100DD000013C90E645EA060E8DE60CEA135594EACE
:100DE0000C0F08BF95EA0C0F3FF43BAF94EA0C0FD1
:100DF0000AD150EA01347FF434AF95EA0C0F7FF446
:100E000025AF104619462CE795EA0C0F06D152EA99
:100E100003353FF4FDAE1046194622E750EA41067D
:100E200018BF52EA43067FF4C5AE50EA41047FF48E
:100E30000DAF52EA43057FF4EBAE12E74FF0FF3CF3
:100E400006E000BF4FF0010C02E000BF4FF0010CC4
:100E50004DF804CD4FEA410C7FEA6C5C4FEA430C3D
:100E600018BF7FEA6C5C1BD001B050EA410C0CBF8C
:100E700052EA430C91EA030F02BF90EA020F0020EE
:100E8000704710F1000F91EA030F58BF994208BF55
:100E900090422CBFD8176FEAE37040F00100704712
:100EA0004FEA410C7FEA6C5C02D150EA013C07D169
:100EB0004FEA430C7FEA6C5CD6D152EA033CD3D0B4
:100EC0005DF8040B704700BF8446104662468C46AE
:100ED0001946634600E000BF01B5FFF7B7FF0028E1
:100EE00048BF10F1000F01BD4DF808EDFFF7F4FF0A
:100EF0000CBF012000205DF808FB00BF4DF808ED95
:100F0000FFF7EAFF34BF012000205DF808FB00BFB7
:100F10004DF808EDFFF7E0FF94BF012000205DF8D9
:100F200008FB00BF4DF808EDFFF7CEFF94BF01208E
:100F300000205DF808FB00BF4DF808EDFFF7C4FF87
:100F400034BF012000205DF808FB00BF4FEA410CD0
:100F50007FEA6C5C02D150EA013C0AD14FEA430CB3
:100F60007FEA6C5C02D152EA033C02D14FF00000F0
:100F700070474FF0010070474FEA410212F500122E
:100F800015D211D56FF47873B3EB625212D94FEAD0
:100F9000C12343F0004343EA505311F0004F23FABA
:100FA00002F018BF404270474FF00000704750EA0F
:100FB000013005D111F0004008BF6FF000407047CC
:100FC0004FF00000704700BF0348044B834202D03B
:100FD000034B03B1184770476C0700246C070024CB
:100FE000000000000548064B1B1AD90F01EBA301B6
:100FF000491002D0034B03B1184770476C07002417
:101000006C0700240000000010B5064C237843B99B
:10101000FFF7DAFF044B13B10448AFF3008001235C
:10102000237010BD70070024000000001841010863
:1010300008B5054B1BB105490548AFF30080BDE875
:101040000840FFF7CFBF00BF000000007407002476
:101050001841010800B583B01B4BD3F8D82042F0EB
:101060000102C3F8D820D3F8D83003F0010301936C
:10107000019B002205210B2001F0FCF90B2001F05F
:1010800009FA002205210C2001F0F4F90C2001F0EE
:1010900001FA002205210D2001F0ECF90D2001F0EC
:1010A000F9F9002205210E2001F0E4F90E2001F0EB
:1010B000F1F9002205210F2001F0DCF90F2001F0E9
:1010C000E9F903B05DF804FB0044025810B5164876
:1010D000164B036000238360C360037443748374FE
:1010E000032444610A2282611D21C16102624462BB
:1010F0008262C1620263436301228263C36320216F
:101100000164042242648364C264036542658365AA
:10111000C36501664366826602F08EFE00B910BDAB
:1011200000F000FBFBE700BFD008002400A0004057
:1011300010B51748174B036000238360C360037426
:1011400043748374032444610A2282611D21C161B6
:10115000026244628262C16202634FF4557242636A
:1011600001228263C36320210164042242648364F8
:10117000C264036542658365C36501664366826632
:1011800002F05AFE00B910BD00F0CCFAFBE700BF38
:101190003008002400A4004010B51748174B036026
:1011A00000238360C3600374437483740324446125
:1011B0000A2282611D21C161026244628262C162AF
:1011C00002634FF4D562426301228263C36320212C
:1011D0000164042242648364C264036542658365DA
:1011E000C36501664366826602F026FE00B910BD43
:1011F00000F098FAFBE700BF9007002400D40040FD
:1012000030B5BBB004460021359136913791389105
:101210003991B82206A80BF06DFE23686F4A9342FD
:1012200008D06F4A93424BD06E4A934200F08E80B2
:101230003BB030BD4FF400420023CDE906234FF010
:101240008053219306A804F0BBFA40BB664A13689A
:1012500001331360012B25D0644BD3F8E02042F01A
:101260000802C3F8E020D3F8E03003F0080301934C
:10127000019B03233593022336930024379438943B
:101280000923399335A95A4803F0B0FA22460521BB
:10129000132001F0EFF8132001F0FCF8C8E700F08C
:1012A00041FAD3E7514BD3F8EC2042F48072C3F8F3
:1012B000EC20D3F8EC3003F480730093009BCBE771
:1012C0004FF400420023CDE906234FF080532193D1
:1012D00006A804F075FA40BB434A13680133136053
:1012E000012B25D0414BD3F8E02042F00202C3F895
:1012F000E020D3F8E03003F002030393039B602364
:101300003593022336930024379438940923399374
:1013100035A9384803F06AFA22460521142001F065
:10132000A9F8142001F0B6F882E700F0FBF9D3E742
:101330002E4BD3F8EC2042F48072C3F8EC20D3F8A3
:10134000EC3003F480730293029BCBE74FF400422E
:101350000023CDE906234FF08053219306A804F023
:101360002FFA48BB204A136801331360012B26D0A3
:101370001E4BD3F8E02042F00802C3F8E020D3F877
:10138000E03003F008030593059B4FF44053359379
:10139000022336930024379438940525399535A9CE
:1013A000134803F023FA224629469F2001F062F8F1
:1013B0009F2001F06FF83BE700F0B4F9D2E70B4B48
:1013C000D3F8EC2042F48072C3F8EC20D3F8EC3070
:1013D00003F480730493049BCAE700BF00A000409D
:1013E00000A4004000D400408C07002400440258B0
:1013F000000C02580004025808B5012007F04AFA10
:10140000FBE708B5012007F045FAFBE7034B036053
:10141000034B0B6080231360704700BF700B0024E8
:101420007009002410B5D4B06B4C0DF59A7CA6461B
:10143000BEE80F00ACE80F009EE807008CE807004C
:1014400000214DA807F0F3F9644B18600DF58C7C72
:1014500004F11C0EBEE80F00ACE80F009EE8070088
:101460008CE80700002146A807F0E1F95C4B186002
:101470000DF1FC0C04F1380EBEE80F00ACE80F00D3
:101480009EE807008CE8070000213FA807F0CFF98D
:10149000544B18600DF1E00C04F1540EBEE80F003F
:1014A000ACE80F009EE807008CE80700002138A890
:1014B00007F0BDF94C4B18600DF1C40C04F1700E2F
:1014C000BEE80F00ACE80F009EE807008CE80700BC
:1014D000002131A807F0ABF9444B18600DF1A80CBE
:1014E00004F18C0EBEE80F00ACE80F009EE8070088
:1014F0008CE8070000212AA807F099F93C4B1860F6
:101500000DF18C0C04F1A80EBEE80F00ACE80F0042
:101510009EE807008CE80700002123A807F087F960
:10152000344B18600DF1700C04F1C40EBEE80F00CE
:10153000ACE80F009EE807008CE8070000211CA81B
:1015400007F075F92C4B18600DF1540C04F1E00E06
:10155000BEE80F00ACE80F009EE807008CE807002B
:10156000002115A807F063F9244B18600DF1380C21
:1015700004F1FC0EBEE80F00ACE80F009EE8070087
:101580008CE8070000210EA807F051F91C4B1860E9
:101590000DF11C0C04F58C7EBEE80F00ACE80F00CA
:1015A0009EE807008CE80700002107A807F03FF934
:1015B000144B1860EC4604F59A740FCCACE80F009D
:1015C00094E807008CE807000021684607F02FF92F
:1015D0000D4B186054B010BD30410108340D00248B
:1015E000300D00242C0D0024280D0024240D00248F
:1015F000200D00241C0D0024180D0024140D0024BF
:10160000100D00240C0D0024080D002470B58CB0C2
:1016100000240794089409940A940B94384BD3F847
:10162000E02042F01002C3F8E020D3F8E02002F0FE
:1016300010020192019AD3F8E02042F00402C3F8AC
:10164000E020D3F8E02002F004020292029AD3F8DC
:10165000E02042F08002C3F8E020D3F8E02002F05E
:1016600080020392039AD3F8E02042F00102C3F80B
:10167000E020D3F8E02002F001020492049AD3F8AB
:10168000E02042F00202C3F8E020D3F8E02002F0AC
:1016900002020592059AD3F8E02042F00802C3F84E
:1016A000E020D3F8E03003F008030693069B154DC5
:1016B00001224EF20901284603F0A2F94FF46043DB
:1016C00007930126089609940A9407A9284603F06F
:1016D0008DF8092307930896099403230A9307A911
:1016E000284603F083F84FF4A05307934FF4881370
:1016F0000893099407A9044803F078F80CB070BD6A
:1017000000440258000802580010025808B5026848
:10171000034B9A4200D008BD00F048FEFBE700BF33
:101720000014004072B6FEE700B59DB04C220021C7
:1017300009A80BF0DFFB2022002101A80BF0DAFB47
:10174000022003F063F900230093204B9A6922F4EE
:1017500040429A619B6903F440430093009B1B4BFA
:101760009B6913F4005FFAD0012209924FF4803391
:101770000A9302231293139314932821159116921E
:101780000422179218930C23199300231A931B9386
:1017900009A803F065F9A8B93F2301930321029139
:1017A00000230393082304934023059306934FF4E7
:1017B00080620792089301A803F040FD20B91DB094
:1017C0005DF804FBFFF7AEFFFFF7ACFF00480258DF
:1017D00008B5244B5B6913F4003F13D1BFF34F8F5F
:1017E000BFF36F8F1F4B0022C3F85022BFF34F8F00
:1017F000BFF36F8F5A6942F400325A61BFF34F8FC3
:10180000BFF36F8F00F0A4FDFFF78EFFFFF7FEFE22
:10181000FFF720FC00F05EF800F072FB00F000FB28
:1018200000F028F8FFF752FCFFF782FCFFF7B4FC4A
:1018300000F032FB00F098FB08F0D2F80028FBD152
:1018400024220949094806F0BFFFA52108480AF0EB
:10185000CDFD0AF0B1FA0AF093F8FFF7E3FD06F0C8
:10186000E1FFFEE700ED00E0189900244813002492
:10187000B412002408B51548154B03604FF48003DB
:101880004360002383600722C2604FF00072026150
:101890004FF0807242614FF0806282614FF080426F
:1018A000C261036243628362C36242638363C36350
:1018B000036443648364C36403654365836504F020
:1018C0003BFF00B908BDFFF72DFFFBE74C0F0024DD
:1018D0000038004008B51648164B03604FF48003EB
:1018E00043604FF4003383600723C3600023036128
:1018F0004FF0807242614FF0806282614FF08052FF
:10190000C261036243628362C3624FF080424263FA
:101910008363C363036443648364C364036543658F
:10192000836504F009FF00B908BDFFF7FBFEFBE784
:10193000C40E002400140058F0B5BBB004460021CA
:1019400035913691379138913991B82206A80BF02C
:10195000D1FA2368634A934205D0634A934200F068
:101960008B803BB0F0BD4FF480520023CDE90623BD
:1019700006A803F025FF002875D15C4BD3F8E820BA
:1019800042F48042C3F8E820D3F8E82002F4804211
:101990000192019AD3F8E02042F00402C3F8E0205B
:1019A000D3F8E02002F004020292029AD3F8E02079
:1019B00042F00202C3F8E020D3F8E03003F0020363
:1019C0000393039B0623359302273697002537950B
:1019D00038950526399635A9454802F007FF4FF49A
:1019E00000533593369737953895399635A9414840
:1019F00002F0FCFE4048414B0360272343608560B2
:101A0000C5604FF48063036145618561C5614FF432
:101A100040330362456200F051FF38BB364BE36749
:101A20009C633748374B036028234360402383601F
:101A30000023C3604FF48062026143618361C3612C
:101A40004FF400320262436200F038FF88B92C4B39
:101A5000A3679C6300220521242000F00BFD2420B5
:101A600000F018FD7DE7FFF75DFE86E7FFF75AFE01
:101A7000D4E7FFF757FEEAE74FF480420023CDE9B1
:101A800006234FF0A043319306A803F099FE30BB24
:101A9000164BD3F8F42042F02002C3F8F420D3F818
:101AA000F42002F020020492049AD3F8E02042F0DD
:101AB0000102C3F8E020D3F8E03003F001030593FE
:101AC000059BA02335930223369300233793389345
:101AD0000823399335A90C4802F088FE41E7FFF747
:101AE00021FED5E700380040001400580044025899
:101AF00000080258000402584C0E00241000024056
:101B0000D40D0024280002400000025800B583B024
:101B10000A4BD3F8F42042F00202C3F8F420D3F8C1
:101B2000F43003F002030193019B00220F216FF0B8
:101B3000010000F09FFC03B05DF804FB0044025874
:101B40000F2801D90120704710B58AB00446002241
:101B50000146372000F08EFC372000F09BFC1A4B2A
:101B60001C601A4BD3F8E82042F02002C3F8E820AA
:101B7000D3F8E83003F020030093009B01A902A8EA
:101B800003F0ECFC079BBBB903F0C4FC0346104A0E
:101B9000A2FB03239B0C013B0E480F4A026040F25C
:101BA000E732C260436000230361836005F012FDE9
:101BB00030B101200AB010BD03F0ACFC4300E6E7F1
:101BC000044805F05DFBF5E72000002400440258BE
:101BD00083DE1B43D40F002400140040FEE7FEE721
:101BE000FEE7FEE7FEE7704708B5024801F058FC43
:101BF00008BD00BF4C0E002408B5024801F050FC9F
:101C000008BD00BFD40D002408B5024801F048FC0F
:101C100008BD00BF1411002408B5024801F040FCC3
:101C200008BD00BF9C10002408B5024801F038FC34
:101C300008BD00BF2410002408B5024802F046FC8D
:101C400008BD00BFD008002408B5024802F03EFCE1
:101C500008BD00BF3008002408B5024805F0EEF9C1
:101C600008BD00BF4C0F002408B5024805F076FD02
:101C700008BD00BF4813002408B5024805F054FB16
:101C800008BD00BFD40F002408B5024805F066FD6A
:101C900008BD00BFB412002408B5024805F05EFD7F
:101CA00008BD00BF8C11002408B5024802F00EFCEC
:101CB00008BD00BF900700240120704708B50BF055
:101CC00029FA162303604FF0FF3008BD08B54FF026
:101CD000FF31FFF7F3FFFEE770B50C46164600250F
:101CE00006E0AFF30080214601F8010B01350C46F8
:101CF000B542F6DB304670BD70B50C461646002581
:101D000004E014F8010BAFF300800135B542F8DBB5
:101D1000304670BD4FF0FF3070474FF400534B60BA
:101D200000207047012070470020704710B503461F
:101D30000C4A0D490D48006840B10C480068034446
:101D4000521A934206D8094A136010BD0748084C3E
:101D50000460F2E70BF0DEF90C2303604FF0FF3074
:101D6000F3E700BF00000524000400002010002459
:101D7000589D0024224AD2F8883043F47003C2F8F8
:101D80008830204B1B6803F00F03062B06D81D4A32
:101D9000136823F00F0343F0070313601A4B1A680C
:101DA00042F001021A6000221A611968174A0A40BB
:101DB0001A60144B1B6813F0080F06D0114A136801
:101DC00023F00F0343F0070313600F4B00229A61C7
:101DD000DA611A620E4999620E49D9620E49196395
:101DE0005A639963DA6319645A64196821F480218B
:101DF00019601A66094B43F2D2021A60704700BF9D
:101E000000ED00E000200052004402587FEDF6EAA9
:101E1000000202020000FF018002010100400052A6
:101E200008B51A481A4B03601A4B43604FF48053AD
:101E300083604FF40053C3604FF4806303610C234D
:101E4000436100238361C36103624362836206F0DE
:101E50009EFB70B900210D4806F06CFC60B90021B2
:101E60000A4806F08CFC50B9084806F044FC48B912
:101E700008BDFFF757FCEDE7FFF754FCEFE7FFF76E
:101E800051FCF1E7FFF74EFCF2E700BF48130024D6
:101E900000500040A086010008B51748174B0360AA
:101EA0004FF4E133436000238360C36003610C227D
:101EB00042618361C36103624362836206F067FB30
:101EC00070B900210C4806F035FC60B900210A48C1
:101ED00006F055FC50B9084806F00DFC48B908BD9D
:101EE000FFF720FCEDE7FFF71DFCEFE7FFF71AFC1B
:101EF000F1E7FFF717FCF2E7B41200240078004086
:101F000008B51748174B03604FF461234360002363
:101F10008360C36003610C2242618361C361036219
:101F20004362836206F033FB70B900210C4806F06F
:101F300001FC60B900210A4806F021FC50B90848AC
:101F400006F0D9FB48B908BDFFF7ECFBEDE7FFF75A
:101F5000E9FBEFE7FFF7E6FBF1E7FFF7E3FBF2E76B
:101F6000201200240010014008B51748174B0360E9
:101F70004FF4E133436000238360C36003610C22AC
:101F800042618361C36103624362836206F0FFFAC8
:101F900070B900210C4806F0CDFB60B900210A4859
:101FA00006F0EDFB50B9084806F0A5FB48B908BD9E
:101FB000FFF7B8FBEDE7FFF7B5FBEFE7FFF7B2FB85
:101FC000F1E7FFF7AFFBF2E78C110024001C0140A2
:101FD000F0B5BFB00446002139913A913B913C9154
:101FE0003D91B8220AA80AF085FF2368B24A9342BD
:101FF0000CD0B24A934276D0B14A934200F0E680C8
:10200000B04A934200F015813FB0F0BD0222002398
:10201000CDE90A230AA803F0D3FB00285DD1AA4B1F
:10202000D3F8E82042F48012C3F8E820D3F8E8207F
:1020300002F480120192019AD3F8E02042F00402E7
:10204000C3F8E020D3F8E02002F004020292029AE2
:10205000D3F8E02042F00802C3F8E020D3F8E030E3
:1020600003F008030393039B4FF480533993022733
:102070003A9700253B953C9508263D9639A993480B
:1020800002F0B4FB042339933A973B953C953D9677
:1020900039A98F4802F0AAFB8E488F4B0360412379
:1020A00043608560C5604FF480630361456185616D
:1020B000C5614FF440330362456200F0FFFB78B91D
:1020C000844BC4F880309C6300220521352000F049
:1020D000D1F9352000F0DEF996E7FFF723FB9EE704
:1020E000FFF720FBECE702220023CDE90A230AA830
:1020F00003F066FB002860D1734BD3F8E82042F070
:102100008042C3F8E820D3F8E82002F0804204922D
:10211000049AD3F8E02042F01002C3F8E020D3F88C
:10212000E03003F010030593059B4FF4C07339931F
:1021300002233A9300253B953C9507233D9339A90B
:10214000664802F053FB6648664B03604F234360CA
:102150008560C5604FF48063036145618561C56139
:102160004FF400330362456200F0A8FB40BB5C4BB8
:10217000C4F880309C635C485C4B03605023436030
:10218000402383600023C3604FF480620261436197
:102190008361C3614FF400320262436200F08EFB40
:1021A00088B9514BE3679C6300220521522000F05F
:1021B00061F9522000F06EF926E7FFF7B3FA9BE7CA
:1021C000FFF7B0FAD3E7FFF7ADFAEAE70122002301
:1021D000CDE90A230AA803F0F3FA38BB3A4BD3F847
:1021E000F02042F01002C3F8F020D3F8F02002F003
:1021F00010020692069AD3F8E02042F00102C3F8DA
:10220000E020D3F8E03003F001030793079B4FF47D
:10221000C063399302233A9300233B933C930723F3
:102220003D9339A9324802F0E1FAEDE6FFF77AFA78
:10223000D4E701220023CDE90A230AA803F0C0FA5B
:10224000002857D1204BD3F8F02042F08002C3F889
:10225000F020D3F8F02002F080020892089AD3F818
:10226000E02042F01002C3F8E020D3F8E03003F0A1
:1022700010030993099B0423399302263A960024FC
:102280003B943C943D93154D39A9284602F0AEFA93
:10229000082339933A963B943C940B233D9339A9F8
:1022A000284602F0A3FA224605219C2000F0E2F81D
:1022B0009C2000F0EFF8A7E60050004000780040B6
:1022C00000100140001C0140004402580008025860
:1022D000000C025814110024400002400010025863
:1022E0009C1000245800024024100024700002407A
:1022F00000000258FFF716FAA4E700BFDFF834D059
:10230000FFF738FD0C480D490D4A002302E0D45870
:10231000C4500433C4188C42F9D30A4A0A4C00232F
:1023200001E013600432A242FBD30AF0F9FEFFF78A
:102330004FFA704700000524000000246C070024B9
:10234000FC4E010870070024589D0024FEE70000A1
:1023500010B5032000F07CF802F074FE0F498B6981
:10236000C3F303230E4AD35C03F01F03D8408B69E9
:1023700003F00F03D35C03F01F0320FA03F3094AB1
:102380001360094B18600F20FFF7DAFB10B101242E
:10239000204610BD0446FFF7B9FBF9E70044025898
:1023A000104501081400002418000024034B1B787A
:1023B000034A11680B441360704700BF1C000024DF
:1023C000DC130024014B1868704700BFDC130024A5
:1023D000002807DB00F01F02400901239340024A56
:1023E00042F82030704700BF00E100E0002804DB25
:1023F0000901C9B2044B1954704700F00F000901DC
:10240000C9B2024B1954704700E400E014ED00E03B
:1024100000B500F00700C0F1070CBCF1040F28BFA5
:102420004FF0040C031D062B0FD9C31E4FF0FF3EC7
:102430000EFA0CF021EA000199400EFA03FE22EA9E
:102440000E0241EA02005DF804FB0023EEE7000003
:102450000649CB6823F4E0631B041B0C000200F464
:10246000E0600343024A1A43CA60704700ED00E08F
:102470000000FA0510B50446054BD868C0F30220E9
:10248000FFF7C6FF01462046FFF7B0FF10BD00BFB3
:1024900000ED00E008B5FFF79BFF08BDF0B4876DC5
:1024A0000468664E664DAC4218BFB44242D018353F
:1024B000AC423FD01835AC423CD01835AC4239D094
:1024C0001835AC4236D01835AC4233D01835AC4252
:1024D00030D005F55675AC422CD01835AC4229D019
:1024E0001835AC4226D01835AC4223D01835AC4252
:1024F00020D01835AC421DD01835AC421AD0183552
:10250000AC4217D04F4DAC4214D01435AC4211D070
:102510001435AC420ED01435AC420BD01435AC425D
:1025200008D01435AC4205D01435AC4202D0143575
:10253000AC4207D1446E856E6560C46E14B1046F01
:10254000456F656004683D4E3D4DAC4218BFB442D6
:1025500052D01835AC424FD01835AC424CD018355B
:10256000AC4249D01835AC4246D01835AC4243D0C5
:102570001835AC4240D005F55675AC423CD0183504
:10258000AC4239D01835AC4236D01835AC4233D0D5
:102590001835AC4230D01835AC422DD01835AC428D
:1025A0002AD01835AC4227D0264E274DAC4218BF52
:1025B000B44211D0254DAC420ED01435AC420BD0F4
:1025C0001435AC4208D01435AC4205D01435AC42B9
:1025D00002D01435AC4224D1C46D04F01F0501248F
:1025E000AC407C60046863608368402B20D0036843
:1025F00099600368DA6014E0C46D04F01F0C3F2496
:1026000004FA0CF4BC6005682C6824F480242C6067
:10261000046863608368402B05D003689960036891
:10262000DA60F0BC704703689A600368D960F8E725
:1026300003689A600368D960F3E700BF10000240A6
:1026400028000240085402581C54025830540258C2
:1026500003682749274A934218BF8B422FD018326C
:1026600093422CD01832934229D01832934226D06C
:102670001832934223D01832934220D0183293421A
:102680001DD002F55672934219D01832934216D0DB
:102690001832934213D01832934210D0183293421A
:1026A0000DD0183293420AD01832934207D0183214
:1026B000934204D023F0FF038365806D704710B40C
:1026C000D9B210390C4AA2FB0142C2F302120B4CE0
:1026D000A25CC2655F2907D96FF3090304338365E0
:1026E000806D5DF8044B70476FF309038365F7E76E
:1026F0001000024028000240ABAAAAAA2045010807
:1027000083699BB9836A012B0AD0022B02D00BB1DB
:1027100000207047C36A13F0807F2AD100207047E1
:10272000C36AB3F1C07F26D000207047B3F5005FC5
:102730000AD0836A022B26D9032B26D1C36A13F051
:10274000807F24D100207047836A032B03D8DFE801
:1027500003F01404140A00207047C36A13F0807F4A
:102760000DD100207047C36AB3F1C07F09D00020AB
:1027700070470120704701207047012070470120F9
:1027800070470120704701207047002070470120EA
:102790007047000003682149214A934218BF8B42C9
:1027A00027D01432934224D01432934221D01432D1
:1027B00093421ED0143293421BD01432934218D04D
:1027C0001432934215D0DAB2103A1649A1FB021224
:1027D000120915491944A8291ED9144B13449B000A
:1027E0000366134B436602F01F0201239340836686
:1027F0007047DBB2083B0F4AA2FB03230E4A02EBF1
:102800001312920002660D4A4266C3F304130122BA
:1028100002FA03F3836670470832DEE70854025871
:102820001C540258ABAAAAAAF0FBFDBF00820010FC
:1028300080080240CDCCCCCC0096001680580258BF
:1028400001794A1E072A2BD830B40368154D164C5F
:10285000A34218BFAB4218D01434A34215D014348D
:10286000A34212D01434A3420FD01434A3420CD08C
:102870001434A34209D01434A34206D00B4B0B44AA
:102880009B00C3660A4B036705E00A4B0B449B00A1
:10289000C366094B036701239340436730BC70470D
:1028A000704700BF085402581C5402583F82001061
:1028B000400902403F9600164059025870B5044640
:1028C000FFF780FD002C00F0B781054623685349CF
:1028D000534A934218BF8B420CBF0121002150D0B4
:1028E000183293424DD0183293424AD01832934254
:1028F00047D01832934244D01832934241D0183214
:1029000093423ED002F5567293423AD01832934227
:1029100037D01832934234D01832934231D0183223
:1029200093422ED0183293422BD01832934228D0A3
:102930001832934225D03B493B4A934218BF8B4201
:1029400000F03281394A934200F02E8114329342D2
:1029500000F02A811432934200F02681143293420F
:1029600000F022811432934200F01E81143293420F
:1029700000F01A8140236365032384F83530012079
:102980004AE0022284F83520002284F8342079BB02
:10299000274A93422CD01832934229D018329342BE
:1029A00026D01832934223D01832934220D01832C6
:1029B00093421DD002F55672934219D018329342B9
:1029C00016D01832934213D01832934210D01832D6
:1029D00093420DD0183293420AD01832934207D056
:1029E0001832934204D01A6822F001021A6003E000
:1029F0001A6822F001021A6023681A6812F0010FA7
:102A000018D0FFF7DFFC431B052BF5D920236365A6
:102A1000032384F83530012070BD00BF1000024050
:102A200028000240085402581C54025830540258DE
:102A3000400002401A6881491140A268E0680243E0
:102A40002069024360690243A0690243E0690243CE
:102A5000206A02430A43616A042900F09080616899
:102A6000522900F296803F29C0F08E803F39744889
:102A700020FA01F111F0010F01D042F480121A6026
:102A80002668756925F00705636A1D43042B08D184
:102A9000A36A1D43E36A23B12046FFF731FE0028F5
:102AA0007CD175612046FFF7D3FDE36D03F01F0273
:102AB0003F239340836023686249634A934218BF6F
:102AC0008B4242D0183293423FD0183293423CD0CE
:102AD0001832934239D01832934236D0183293428A
:102AE00033D01832934230D002F5567293422CD034
:102AF0001832934229D01832934226D0183293428A
:102B000023D01832934220D0183293421DD018326D
:102B100093421AD01832934217D04C4A934214D0A1
:102B20001432934211D0143293420ED01432934295
:102B30000BD01432934208D01432934205D0143291
:102B4000934202D01432934213D12046FFF722FE63
:102B5000A368802B63D0236E22791A60636EA26E05
:102B60005A606368013B072B5CD90023E366236747
:102B7000636700206065012384F835304CE7E16A23
:102B8000206B01430A436AE7293905293FF677AFED
:102B900073E7743903293FF672AF6EE7402363652C
:102BA000012084F8350037E7022284F8352000221E
:102BB00084F8342019686FF31011A268402A2CD0D1
:102BC000802A27D00022E06842EAD002206942EA47
:102BD000D002606942EAD002A06942EAD002E0690C
:102BE00042EAD002206A42EA10120A431A602268BE
:102BF000174B1344174AA2FB03231B099B00E365F1
:102C00002046FFF725FDE26D02F01F0101228A40F8
:102C1000426050E74FF48042D5E71022D3E700230B
:102C2000636098E72046FFF70BFEE36E00221A6010
:102C3000236F626F5A609CE70120EDE63F8010FE33
:102C40000F030F00100002402800024008540258F1
:102C5000F8ABFDA7CDCCCCCC002800F03E8170B500
:102C6000044690F83400012800F03981012084F8EE
:102C7000340094F83500C0B2012807D04FF4006347
:102C80006365002384F83430012070BD022084F88D
:102C90003500002060652068924E934DA84218BF11
:102CA000B0422FD01835A8422CD01835A84229D0D0
:102CB0001835A84226D01835A84223D01835A84286
:102CC00020D01835A8421DD005F55675A84219D058
:102CD0001835A84216D01835A84213D01835A84286
:102CE00010D01835A8420DD01835A8420AD0183592
:102CF000A84207D01835A84204D0056825F0010580
:102D0000056003E0056825F0010505602046FFF732
:102D1000C5FB23687349744A934218BF8B4238D06D
:102D20001832934235D01832934232D0183293423F
:102D30002FD0183293422CD01832934229D0183217
:102D4000934226D002F55672934222D01832934213
:102D50001FD0183293421CD01832934219D0183227
:102D6000934216D01832934213D01832934210D0A7
:102D7000183293420DD01A6822F00E0242F00A0275
:102D80001A60236C93B12268136843F00403136044
:102D90000CE01A6822F01E0242F016021A60236C40
:102DA00023B12268136843F00803136023684D4978
:102DB0004D4A934218BF8B4242D0183293423FD0C3
:102DC000183293423CD01832934239D01832934291
:102DD00036D01832934233D01832934230D002F5B5
:102DE000567293422CD01832934229D01832934213
:102DF00026D01832934223D01832934220D0183272
:102E000093421DD0183293421AD01832934217D0F1
:102E1000364A934214D01432934211D01432934262
:102E20000ED0143293420BD01432934208D0143295
:102E3000934205D01432934202D0143293420ED101
:102E4000236E1A6812F4803F03D01A6842F480722D
:102E50001A60E36E1BB11A6842F480721A6023682C
:102E60002049214A934218BF8B4230D018329342F6
:102E70002DD0183293422AD01832934227D01832DC
:102E8000934224D01832934221D0183293421ED05C
:102E900002F5567293421AD01832934217D0183264
:102EA000934214D01832934211D0183293420ED06C
:102EB000183293420BD01832934208D01832934202
:102EC00005D01A6842F001021A600020DDE61A6897
:102ED00042F001021A600020D7E60120704702206C
:102EE000D3E600BF100002402800024008540258F8
:102EF00070B50446FFF766FA002C00F09181054694
:102F000094F83530DBB2022B06D0802363650023B2
:102F100084F83430012070BD23688C498C4A934278
:102F200018BF8B4230D0183293422DD018329342C2
:102F30002AD01832934227D01832934224D0183224
:102F4000934221D0183293421ED002F5567293421A
:102F50001AD01832934217D01832934214D0183234
:102F6000934211D0183293420ED0183293420BD0B4
:102F70001832934208D01832934205D01A6822F0D2
:102F80000E021A60266809E01A6822F01E021A6012
:102F90002268536923F080035361266823686B49D4
:102FA0006B4A934218BF8B4242D0183293423FD0B3
:102FB000183293423CD01832934239D0183293429F
:102FC00036D01832934233D01832934230D002F5C3
:102FD000567293422CD01832934229D01832934221
:102FE00026D01832934223D01832934220D0183280
:102FF00093421DD0183293421AD01832934217D000
:10300000544A934214D01432934211D01432934252
:103010000ED0143293420BD01432934208D01432A3
:10302000934205D01432934202D01432934204D119
:10303000226E136823F48073136023684349444A63
:10304000934218BF8B422FD0183293422CD01832A3
:10305000934229D01832934226D01832934223D07B
:103060001832934220D0183293421DD002F5567286
:10307000934219D01832934216D01832934213D08B
:103080001832934210D0183293420DD01832934226
:103090000AD01832934207D01832934204D01A68EB
:1030A00022F001021A6003E01A6822F001021A609D
:1030B000336813F0010F0ED0FFF784F9431B052B83
:1030C000F6D920236365032384F83530002384F880
:1030D000343001201FE723681C491D4A934218BF62
:1030E0008B4239D01832934236D01832934233D0C3
:1030F0001832934230D0183293422DD01832934276
:103100002AD01832934227D002F55672934223D028
:103110001832934220D0183293421DD01832934275
:103120001AD01832934217D01832934214D0183262
:10313000934211D0183293420ED0A16DE36D03F08B
:103140001F02012393404B600DE000BF10000240BE
:103150002800024008540258A16DE36D03F01F02DD
:103160003F2393408B6023682E492F4A934218BF18
:103170008B4242D0183293423FD0183293423CD017
:103180001832934239D01832934236D018329342D3
:1031900033D01832934230D002F5567293422CD07D
:1031A0001832934229D01832934226D018329342D3
:1031B00023D01832934220D0183293421DD01832B7
:1031C00093421AD01832934217D0184A934214D01F
:1031D0001432934211D0143293420ED014329342DF
:1031E0000BD01432934208D01432934205D01432DB
:1031F000934202D0143293420BD1636EA26E5A6096
:10320000E36E33B11A6822F480721A60236F626F22
:103210005A60012384F83530002084F834007AE6BF
:10322000012078E6100002402800024008540258AD
:10323000002800F0288108B5024690F83530DBB24E
:10324000022B03D080234365012008BD036890480A
:1032500090498B4218BF83420CBF0120002065D0EB
:1032600018318B4262D018318B425FD018318B42BB
:103270005CD018318B4259D018318B4256D018315E
:103280008B4253D001F556718B424FD018318B428F
:103290004CD018318B4249D018318B4246D018316E
:1032A0008B4243D018318B4240D018318B423DD0F5
:1032B00018318B423AD0196821F00E011960136859
:1032C000734874498B4218BF83426AD072498B425B
:1032D00067D018318B4264D018318B4261D01831DD
:1032E0008B425ED018318B425BD018318B4258D064
:1032F00001F556718B4254D018318B4251D01831A0
:103300008B424ED018318B424BD018318B4248D073
:1033100018318B4245D018318B4242D018318B4244
:103320003FD0196821F0010119603EE0042182F8C4
:10333000351080BB584A93422DD0183293422AD080
:103340001832934227D01832934224D01832934235
:1033500021D0183293421ED002F5567293421AD0F1
:103360001832934217D01832934214D01832934235
:1033700011D0183293420ED0183293420BD018322B
:10338000934208D01832934205D01A6822F0010205
:103390001A60002059E71A6822F001021A60002022
:1033A00053E7196821F00101196013683848394959
:1033B0008B4218BF834242D018318B423FD0183124
:1033C0008B423CD018318B4239D018318B4236D0E9
:1033D00018318B4233D018318B4230D001F5567101
:1033E0008B422CD018318B4229D018318B4226D0F9
:1033F00018318B4223D018318B4220D018318B42A8
:103400001DD018318B421AD018318B4217D0234966
:103410008B4214D014318B4211D014318B420ED018
:1034200014318B420BD014318B4208D014318B42B3
:1034300005D014318B4202D014318B4217D1116E5A
:103440000B6823F480730B60906DD36D03F01F0144
:1034500001238B404360536E916E5960D36E33B13C
:10346000196821F480711960136F516F596001233D
:1034700082F83530002382F83430136D2BB11046BA
:1034800098470020E1E6012070470020DDE600BFFC
:103490001000024028000240400002400854025838
:1034A000F0B583B00446002301937D4B1D687D4B2E
:1034B000A3FB0535AD0A876D3E68D7F800C00368E9
:1034C00079497A48834218BF8B420CBF0120002003
:1034D00061D0774A93425ED0183293425BD0183263
:1034E000934258D01832934255D01832934252D05A
:1034F000183293424FD002F5567293424BD0183295
:10350000934248D01832934245D01832934242D069
:10351000183293423FD0183293423CD01832934233
:1035200039D01832934236D06249634A934218BF69
:103530008B4212D0614A93420FD0143293420CD086
:103540001432934209D01432934206D0143293427B
:1035500003D01432934240F061821A68E16D01F0A9
:103560001F010420884010EA0C0F00F0A78212F01F
:10357000040F00F0A382786012F4004F00F05A822A
:1035800012F4803F40F05082A36C002B00F0468282
:103590002046984742E2E26D02F01F0108228A406D
:1035A000324241D070BB424A93422BD018329342F0
:1035B00028D01832934225D01832934222D01832A4
:1035C00093421FD0183293421CD002F55672934298
:1035D00018D01832934215D01832934212D01832B4
:1035E00093420FD0183293420CD01832934209D034
:1035F0001832934206D01832934203D01A68C2F3AD
:10360000C00202E01A68C2F380026AB11A6822F0AE
:1036100004021A60E36D03F01F0208239340BB60AD
:10362000636D43F001036365E26D02F01F0226FA49
:1036300002F313F0010F47D023681B481B498B424C
:1036400018BF83423CD018318B4239D018318B429D
:1036500036D018318B4233D018318B4230D01831EC
:103660008B422DD018318B422AD001F556718B42F6
:1036700026D018318B4223D018318B4220D01831FC
:103680008B421DD018318B421AD018318B4217D083
:1036900018318B4214D018318B4211D01B6813E0C3
:1036A00018000024B5814E1B100002402800024083
:1036B00040000240085402581C540258305402582A
:1036C0005B6913F0800F3BD1E36D03F01F0304220D
:1036D00002FA03F333423FD02268964896498A4261
:1036E00018BF824234D018318A4231D018318A4210
:1036F0002ED018318A422BD018318A4228D0183166
:103700008A4225D018318A4222D001F556718A4268
:103710001ED018318A421BD018318A4218D0183175
:103720008A4215D018318A4212D018318A420FD0FD
:1037300018318A420CD018318A4209D013680BE044
:1037400001239340BB60636D43F002036365BBE7F5
:10375000126812F0020F3DD1E36D03F01F03102237
:1037600002FA03F333425FD02268724872498A42F8
:1037700018BF824234D018318A4231D018318A427F
:103780002ED018318A422BD018318A4228D01831D5
:103790008A4225D018318A4222D001F556718A42D8
:1037A0001ED018318A421BD018318A4218D01831E5
:1037B0008A4215D018318A4212D018318A420FD06D
:1037C00018318A420CD018318A4209D01268C2F3EB
:1037D000800208E0BB60636D43F004036365BBE7F0
:1037E0001268C2F3C002FAB1BB6023681A6812F40F
:1037F000802F0DD01B6813F4002F04D1236C9BB1D4
:103800002046984710E0A36C73B1204698470BE020
:103810001A6812F4807F03D11A6822F008021A6035
:10382000236C0BB120469847E36D03F01F03202261
:1038300002FA03F3334200F0938022683D483E4988
:103840008A4218BF82422ED018318A422BD01831BA
:103850008A4228D018318A4225D018318A4222D093
:1038600018318A421FD018318A421CD001F5567196
:103870008A4218D018318A4215D018318A4212D0A3
:1038800018318A420FD018318A420CD018318A423E
:1038900009D018318A4206D018318A4203D0126802
:1038A000C2F3400202E01268C2F30012002A57D0AD
:1038B000BB6094F83530DBB2042B0ED023681A6855
:1038C00012F4802F3AD01B6813F4002F2DD1636CB3
:1038D000002B45D02046984742E02268136823F029
:1038E000160313602268536923F080035361236C2D
:1038F000BBB12268136823F008031360E36D03F083
:103900001F023F239340BB60012384F8353000231E
:1039100084F83430236D002B00F0808020469847D7
:103920007CE0A36C002BE4D1E8E7E36BC3B1204655
:10393000984715E010000240280002401A6812F46F
:10394000807F09D11A6822F010021A60012384F8DE
:103950003530002384F83430E36B0BB120469847B0
:10396000636D002B5AD0636D13F0010F52D0042306
:1039700084F8353023689649964A934218BF8B42A3
:103980002FD0183293422CD01832934229D01832BB
:10399000934226D01832934223D01832934220D03B
:1039A000183293421DD002F55672934219D0183244
:1039B000934216D01832934213D01832934210D04B
:1039C000183293420DD0183293420AD018329342E3
:1039D00007D01832934204D01A6822F001021A600C
:1039E00003E01A6822F001021A60019B013301937F
:1039F000AB4204D823681B6813F0010FF5D123688C
:103A00001B6813F0010F0BD0032384F8353000231B
:103A100084F83430E36C0BB12046984703B0F0BD16
:103A2000012384F83530F2E7236C002BF6D02046D2
:103A30009847F3E712F0200F3AD123686449654AAA
:103A4000934218BF8B422FD0183293422CD0183299
:103A5000934229D01832934226D01832934223D071
:103A60001832934220D0183293421DD002F556727C
:103A7000934219D01832934216D01832934213D081
:103A80001832934210D0183293420DD0183293421C
:103A90000AD01832934207D01832934204D01A68E1
:103AA00022F004021A6003E01A6822F008021A6089
:103AB000236C002BB2D020469847AFE70220884005
:103AC00010EA0C0F60D012F0020F5DD0786012F493
:103AD000004F0ED012F4803F05D1636C002B9DD0B7
:103AE000204698479AE7E36B002B97D020469847EB
:103AF00094E712F0200F40D123683549354A9342AC
:103B000018BF8B422FD0183293422CD018329342D8
:103B100029D01832934226D01832934223D018323B
:103B2000934220D0183293421DD002F55672934230
:103B300019D01832934216D01832934213D018324B
:103B4000934210D0183293420DD0183293420AD0CB
:103B50001832934207D01832934204D01A6822F0E8
:103B60000A021A6003E01A6822F014021A600123A4
:103B700084F83530002384F83430E36B002B3FF4B5
:103B80004DAF2046984749E7082000FA01F111EAB5
:103B90000C0F3FF443AF12F0080F3FF43FAF1A6829
:103BA00022F00E021A60E36D03F01F03012202FAF5
:103BB00003F37B60626584F83520002384F8343099
:103BC000E36C002B3FF42AAF2046984726E700BF5E
:103BD000100002402800024030B4416B0468D4F861
:103BE00084306F4A134043EA8103C4F88430046888
:103BF000D4F8843023F47F03856B43EA0543C4F88B
:103C00008430836B0B440468D4F88810114041EA77
:103C10008301C4F888100468D4F8881021F4FE01E8
:103C2000C56B41EA0541C4F88810C16B03EB410341
:103C30000468D4F8A010114041EA8301C4F8A01030
:103C40000468D4F8A01021F4FE01056C41EA054196
:103C5000C4F8A010016C446C04FB01330468D4F870
:103C6000B010114041EA8301C4F8B0100468D4F8E0
:103C7000B01021F4FE01856C41EA0541C4F8B01092
:103C8000816CC46C04FB01330468D4F8AC1011409F
:103C900041EA8301C4F8AC10016D446D04FB0133AB
:103CA0000468D4F8F010114041EA8301C4F8F01020
:103CB0000468D4F8F01021F47C11856D41EA0541C7
:103CC000C4F8F010816D03EB41030468D4F8C01010
:103CD0000A4042EA8303C4F8C0300268D2F8C03018
:103CE00023F47C13C16D43EA0143C2F8C03002687B
:103CF000D2F8C03023F07C53016E43EA0163C2F86E
:103D0000C030436B274A1A449200C266836B02EBB1
:103D100083030367C16B03EBC1034367016C446C0E
:103D200004FB01F103EB81038367816CC46C04FB2A
:103D300001F103EB8103C367016D446D04FB01F1E5
:103D400003EB8103C0F88030816D03EBC103C0F841
:103D50008430816EC46D01FB04FC03EB8C03C0F85E
:103D60008830046E04FB01F103EB8103C0F890304E
:103D70000D498B420DD9D0F89C3043F02003C0F898
:103D80009C30032380F89830012007E0002342F89C
:103D9000043BD0F890309342F8D8002030BC7047F4
:103DA0000300FFFF002B0010FCD3004070B54C68EF
:103DB000FCB90D698C6825430C6845EA84450E6A98
:103DC000CC6944EA06648E6934434E693443CE6854
:103DD00044EA0644D0F88460806E00FB03F306EBEF
:103DE000830E46F82350CEF804400EF1080E002052
:103DF00019E00C698D6825430C68254345F0804522
:103E0000DDE702EB000C9CF803409CF802301B0439
:103E100043EA04639CF8014043EA0423145C23430F
:103E20004EF8043B0430CB68024CE35C8342E8D894
:103E300070BD00BF2845010830B595B004464C223E
:103E4000A04901A8FCF782FC002C00F0388123680F
:103E50009D4A934220D094F898300BB3226893691E
:103E600023F010039361FEF7ADFA054623689A69C3
:103E700012F0080F1AD0FEF7A5FA431B0A2BF5D94A
:103E8000D4F89C3043F00103C4F89C30032384F839
:103E90009830012015B030BD03F580736360DAE718
:103EA00084F899302046FDF7ABF9D7E79A6942F0DC
:103EB00001029A61FEF786FA054623689A6912F0B4
:103EC000010F0FD1FEF77EFA401B0A28F5D9D4F86E
:103ED0009C3043F00103C4F89C30032384F89830ED
:103EE0000120D7E79A6942F002029A61237C012BF4
:103EF00040D02268936943F040039361637C012BB7
:103F00003ED02268936923F480439361A37C012B04
:103F10003CD02268936943F480539361226893698B
:103F200023F44073A1680B4393612268936923F0E3
:103F3000A40393612268136923F010031361E368FB
:103F4000012B29D0002B2CD0022B00F09B80226863
:103F5000936943F0800393612268136943F010036F
:103F60001361E368032B1CD12268936943F020039B
:103F7000936116E02268936923F040039361BDE7E3
:103F80002268936943F480439361BFE72268936991
:103F900023F480539361C1E72268936943F00403DB
:103FA0009361A3695A1EE369013B1B0243EA426322
:103FB000226A013A13436269013A216843EA0243E3
:103FC000CB61A368B3F5407F62D0236E33B1226822
:103FD000D2F8C030616E0B43C2F8C030E36D226E80
:103FE000D3420DD02168D1F8C83023F00703A26E68
:103FF00014A800EB820252F84C2C1343C1F8C830CD
:10400000236C6BB12168D1F8BC3023F00703626CDC
:1040100014A800EB820252F84C2C1343C1F8BC30B8
:10402000A36C73B12168D1F8BC3023F07003E26C4B
:1040300014A800EB820252F84C2C43EA0213C1F898
:10404000BC30236D73B12168D1F8BC3023F4E06338
:10405000626D14A800EB820252F84C2C43EA022352
:10406000C1F8BC302268184B9A4222D00023C4F811
:104070009430C4F89C30012384F898302046FFF730
:10408000ABFD07E72268936943F02003936188E75B
:10409000A36A013BE26A013A43EA0223226B013A36
:1040A00043EA0213626A013A216843EA0243CB60A1
:1040B0008BE76268936823F003039360D6E70120DF
:1040C000E8E600BF8042010800A0004090F8983068
:1040D000013BDBB2012B07D9D0F89C3043F002033F
:1040E000C0F89C30012070470B68DBB9CB68072B08
:1040F0000ED08A68DB0643EA82730A6943EA024308
:104100004A691343C26E496842F821300020704763
:104110000A69CB691B0243EA02438A69134343F0ED
:104120006053EFE710B4CA680B6943EA4273072A89
:104130000FD04A698C6842EA8472006F496800EBCC
:10414000C10C40F83130CCF8042000205DF8044B5D
:1041500070478A69F1E790F898C05FFA8CFCBCF16F
:10416000010F07D0D0F89C3043F00403C0F89C3016
:1041700001207047920042EA011242EA43030168BB
:10418000009A1A43C1F880200020704790F89830B8
:10419000DBB2012B07D0D0F89C3043F00403C0F809
:1041A0009C3001207047022380F8983002689369A0
:1041B00023F0010393610023C0F89C301846704738
:1041C00038B5044690F89830DBB2022B2BD1036847
:1041D000D3F8C00010F07C5F0CD0D3F8C40010F40A
:1041E000001F0FD0D4F89C3043F40073C4F89C3007
:1041F00001201FE0D4F89C3043F02003C4F89C3029
:10420000012017E0D3F8C450C5F304452B462046DF
:10421000FFF7CCFD22680123AB40C2F8D030C4F8D0
:104220009430002006E0D0F89C3043F00803C0F83A
:104230009C30012038BD000090F898C05FFA8CFCDB
:10424000BCF1020F40F0DF8070B540290CD041294D
:104250003DD0046D8C426DD8D0F89C3043F02003E3
:10426000C0F89C300120C1E00468D4F8A05015F4D7
:10427000FE0F0CD0D4F8A45015F07F0F0FD1D0F85A
:104280009C3043F48073C0F89C300120AEE0D0F83D
:104290009C3043F02003C0F89C300120A6E0D4F805
:1042A000A46016F0807604D0D4F8A050002D0CDB6A
:1042B0000026D4F8A440C4F305242644456F446C7A
:1042C00006FB04F405EB840E3BE00126F1E70468ED
:1042D000D4F8B05015F4FE0F0CD0D4F8B45015F04B
:1042E0007F0F0FD1D0F89C3043F48073C0F89C301E
:1042F00001207BE0D0F89C3043F02003C0F89C30D4
:10430000012073E0D4F8B46016F0807604D0D4F8BD
:10431000B050002D0CDB0026D4F8B440C4F30524C3
:104320002644856FC46C06FB04F405EB840E08E09C
:104330000126F1E7C56F446D01FB04F405EB840E23
:104340000026DEF8004004F08044546064BBDEF8D0
:104350000040C4F38A441460DEF8004004F00054C6
:104360009460DEF8004004F000441461BEF804409C
:10437000D461BEF8064004F00F04D460DEF80440B7
:1043800004F480145461DEF8044004F400149461D1
:104390009EF8074004F07F041462DEF80440E40F46
:1043A00054624FF0000C0CE0DEF8004024F0604452
:1043B0001460D1E70EEB0C04247A03F80C400CF1E6
:1043C000010CD468144D2C5D6445F3D8402909D004
:1043D00041290CD01F290ED8026801238B40C2F856
:1043E000983002E00368C3F8A860002070BD03683D
:1043F000C3F8B860F9E701F01F01026801238B40A0
:10440000C2F89C30F1E7D0F89C3043F00803C0F8C4
:104410009C300120704700BF2845010890F8983073
:10442000013BDBB2012B07D9D0F89C3043F00203EB
:10443000C0F89C300120704710B403689C6D0C429A
:1044400024D1DC6D44F00104DC6511F4007F05D05B
:104450000468D4F8E0301343C4F8E03011F4806FFE
:1044600005D00468D4F8E4301343C4F8E43000689D
:10447000436D0C4A0A40134343650B4A536943EAB0
:104480009173536100205DF8044B70479C6D31EAD5
:10449000040402D00324DC65D7E7DC6D44F0020499
:1044A000DC65D2E7FFFFCF3F00A8004070477047B0
:1044B0007047704770477047704770477047704744
:1044C0007047704770477047704770472DE9F04F4D
:1044D00083B00446904B1A695B69134001939B07B4
:1044E000009303681A6D02F4704A5A6D0AEA020AD0
:1044F0001A6D02F00F095A6D09EA02091A6D02F0ED
:10450000F0085A6D08EA02081E6D06F071565A6DE1
:1045100016401F6D07F060775A6D17405D6DD3F838
:1045200050B015F4807F02D01BF4807F64D115F465
:10453000806F02D01BF4806F67D1009B002B74D179
:10454000BAF1000F7ED1B9F1000F40F08780B8F1C9
:10455000000F40F08F8015F4006F03D01BF4006F44
:1045600040F0948015F4007F03D01BF4007F40F0EE
:10457000988015F4002F03D01BF4002F40F0A18089
:1045800015F4803F03D01BF4803F40F0A58015F464
:10459000802F03D01BF4802F40F0A98015F4003F3A
:1045A0000FD01BF4003F0CD023684FF400321A6583
:1045B000594B00221A61D4F89C3043F08003C4F8B0
:1045C0009C30002F40F09E804EB123681E65B20FD4
:1045D000514B1A61D4F89C303343C4F89C302268A4
:1045E0004E4B9A4200F09C80D4F89C30002B40F057
:1045F000F98003B0BDE8F08F4FF480721A65464B26
:1046000000221A61FFF75BFF91E72368D3F8DC1003
:10461000D3F8E4204FF4806018653F4B0020186108
:1046200011402046FFF747FF87E7236800221A65FD
:10463000019B03F00303384A136100992046FFF7FA
:1046400035FF7DE72368C3F850A04FEA9A72324BDA
:104650001A6151462046FFF72AFF74E72368C3F822
:1046600050904FEA99722C4B1A614946204607F048
:1046700063FA6CE72368C3F850804FEA9872264BC0
:104680001A6141462046FFF713FF64E723684FF4A1
:1046900000621A65204B00221A612046FFF709FFCD
:1046A00060E72368D3F8D810D3F8E0204FF4007007
:1046B0001865194B0020186111402046FFF7FAFEDB
:1046C00057E723684FF400221A65134B00221A6142
:1046D0002046FFF7F1FE53E723684FF480321A6556
:1046E0000D4B00221A612046FFF7E7FE4FE72368D3
:1046F0004FF480221A65084B00221A612046FFF70A
:10470000DDFE4BE723681F65BA0F034B1A6139467C
:104710002046FFF7D6FE57E700A8004000A0004063
:1047200063689A6812F0030F3FF45EAF196A01F0F4
:104730000F015A6A186A00F03008586A08EA00083F
:104740001F6A07F4C077586A07401E6A06F4FC46E1
:10475000586A06401D6A05F4F025586A0540D3F8EA
:104760002490D3F820A011401CD1B8F1000F1ED125
:1047700019F0400F02D01AF0400F20D15FBB36B1C4
:1047800063681E62D4F89C303343C4F89C30002D1B
:104790003FF42AAF63681D62D4F89C302B43C4F801
:1047A0009C3021E719622046FFF78CFEDDE7636845
:1047B000C3F8208041462046FFF785FED8E76368AE
:1047C000D96BDA6B4020186202F03F02090C2046D8
:1047D000FFF77AFED2E763681F6239462046FFF78B
:1047E00074FECCE72046FFF76BFE02E7F0B583B01E
:1047F00000236BE085685E000324B44025EA0405CD
:10480000CC68B4402C438460456825EA0C054C68AC
:10481000C4F300149C402C43446069E0DD08083573
:1048200050F8254003F0070C4FEA8C0C4FF00F0EA8
:104830000EFA0CFE24EA0E0E0C6904FA0CF444EA9B
:104840000E0440F825406BE0092400E0002404FA3F
:104850000EF42C430CF1020C664D45F82C404FF041
:10486000B0442568D44325EA02064F6817F4801F38
:1048700001D042EA05064FF0B0452E606D6804EAAB
:1048800005064F6817F4001F01D042EA05064FF0F5
:10489000B0456E60D5F8845004EA05064F6817F4F9
:1048A000003F01D042EA05064FF0B045C5F88460EC
:1048B000D5F880502C404E6816F4803F01D042EA73
:1048C00005044FF0B042C2F8804001330A6832FA62
:1048D00003F400F08C804FF0010C0CFA03FC1CEA8E
:1048E0000202F2D04C6804F00304013C012C81D98F
:1048F0004C6804F00304032C0CD0C4685D004FF036
:10490000030C0CFA05FC24EA0C0C8C68AC4044EA5D
:104910000C04C4604C6804F00304022C3FF47EAF26
:1049200004684FEA430E4FF0030C0CFA0EFC24EA25
:104930000C0C4C6804F0030404FA0EF444EA0C0472
:1049400004604C6814F4403FBFD02B4CD4F8F450B2
:1049500045F00205C4F8F450D4F8F44004F0020421
:104960000194019C4FEA930C0CF10205214C54F880
:10497000255003F0030E4FEA8E0E0F2404FA0EF4B6
:1049800025EA04051D4CA0423FF460AF04F58064A5
:10499000A0421ED004F58064A0421CD004F58064BF
:1049A000A0421AD004F58064A04218D004F58064B7
:1049B000A04216D004F58064A04214D004F58064AF
:1049C000A04212D004F50064A0423FF43DAF0A2497
:1049D0003DE701243BE7022439E7032437E70424B9
:1049E00035E7052433E7062431E707242FE703B032
:1049F000F0BD00BF000400580044025800000258F7
:104A00000AB181617047090481617047134BDB680B
:104A100013F0040F07D1114BDB6803F00703834247
:104A20001AD00120704710B50C4AD36823F0070351
:104A30000343D360FDF7C6FC0446084B5B6813F4E0
:104A4000005F07D1FDF7BEFC001BB0F57A7FF4D9FB
:104A5000012000E0002010BD0020704700480258EF
:104A6000002800F0D58238B50446036813F0010F22
:104A700025D0A04A136903F03803926A102B15D091
:104A8000182B0FD06368B3F5803F3FD0002B53D174
:104A9000984B1A6822F480321A601A6822F4802235
:104AA0001A6038E002F00302022AEBD1914B1B6836
:104AB00013F4003F03D06368002B00F0AB8223683F
:104AC00013F0020F00F088808A4A1369926A13F08B
:104AD00038035AD0182B55D0E368002B00F0A9807A
:104AE00084490A6822F0190213430B60FDF76AFC3F
:104AF0000546804B1B6813F0040F40F09180FDF7D2
:104B000061FC401B0228F4D903208AE2794A136829
:104B100043F48033136063682BB3FDF753FC054601
:104B2000744B1B6813F4003FC9D1FDF74BFC401BCD
:104B30006428F5D9032074E2B3F5A02F09D06D4B9A
:104B40001A6822F480321A601A6822F480221A60ED
:104B5000E1E7684B1A6842F480221A601A6842F44E
:104B600080321A60D7E7FDF72DFC0546614B1B68C4
:104B700013F4003FA3D0FDF725FC401B6428F5D9B2
:104B800003204EE212F0030FA6D15A4B1B6813F01C
:104B9000040F03D0E368002B00F03E82554A1368EF
:104BA00023F01903E1680B431360FDF70BFC054686
:104BB000504B1B6813F0040F06D1FDF703FC401B9C
:104BC0000228F5D903202CE24A4A536823F0FE4319
:104BD000216943EA01635360236813F0100F51D039
:104BE000444A136903F03803926A082B39D0182B12
:104BF00033D0E369002B69D03E4A136843F0800349
:104C00001360FDF7DFFB05463A4B1B6813F4807F0A
:104C100053D1FDF7D7FB401B0228F5D9032000E252
:104C2000344A536823F0FE43216943EA0163536029
:104C3000D2E7304A136823F001031360FDF7C2FB8B
:104C400005462C4B1B6813F0040FC5D0FDF7BAFBCB
:104C5000401B0228F5D90320E3E102F00302012AF8
:104C6000C7D1244B1B6813F4807F03D0E369802BEA
:104C700040F0D4811F4AD36823F07C53216A43EA71
:104C80000163D360236813F0080F49D06369002BD8
:104C900032D0184A536F43F001035367FDF792FB7C
:104CA0000546144B5B6F13F0020F39D1FDF78AFBF9
:104CB000401B0228F5D90320B3E10E4AD36823F044
:104CC0007C53216A43EA0163D360DBE7094A136836
:104CD00023F080031360FDF775FB0546054B1B6849
:104CE00013F4807FCED0FDF76DFB401B0228F5D971
:104CF000032096E1004402589D4A536F23F00103BC
:104D00005367FDF75FFB0546994B5B6F13F0020F8E
:104D100006D0FDF757FB401B0228F5D9032080E1A0
:104D2000236813F0200F29D0A3699BB1904A136820
:104D300043F480531360FDF745FB05468C4B1B681D
:104D400013F4005F1AD1FDF73DFB401B0228F5D993
:104D5000032066E1864A136823F480531360FDF74D
:104D600031FB0546824B1B6813F4005F06D0FDF74C
:104D700029FB401B0228F5D9032052E1236813F0D8
:104D8000040F21D1636A002B00F04A81784A12692E
:104D900002F03802182A00F0F180022B75D0744A14
:104DA000136823F080731360FDF70CFB0446704B0F
:104DB0001B6813F0007F00F0D880FDF703FB001B99
:104DC0000228F4D903202CE16A4A136843F4807363
:104DD0001360FDF7F7FA0546664B1B6813F4807FF6
:104DE00006D1FDF7EFFA401B6428F5D9032018E13E
:104DF000A368012B0AD00BBB5D4B1A6F22F0010296
:104E00001A671A6F22F004021A6704E0584A136FF7
:104E100043F001031367A36833B3FDF7D3FA0546E4
:104E2000534B1B6F13F0020FACD1FDF7CBFA401BB5
:104E300041F288339842F3D90320F2E0052B09D0E0
:104E40004B4B1A6F22F001021A671A6F22F004020C
:104E50001A67E0E7464B1A6F42F004021A671A6FAE
:104E600042F001021A67D6E7FDF7ACFA0546404B5F
:104E70001B6F13F0020F85D0FDF7A4FA401B41F21F
:104E800088339842F3D90320CBE0394A136823F0E2
:104E900080731360FDF796FA0546354B1B6813F0D7
:104EA000007F06D0FDF78EFA401B0228F5D90320BB
:104EB000B7E02F4B996A304A0A40A16AE06A41EA9A
:104EC00000110A439A62226B013AC2F30802616B35
:104ED0000139490289B20A43A16B0139090401F47D
:104EE000FE010A43E16B0139090601F0FE410A4364
:104EF0001A63DA6A22F00102DA625A6B6FF3CF02A8
:104F0000A16C42EAC1025A63DA6A22F00C02216CF7
:104F10000A43DA62DA6A22F00202616C0A43DA6258
:104F2000DA6A42F48032DA62DA6A42F40032DA6231
:104F3000DA6A42F48022DA62DA6A42F00102DA6264
:104F40001A6842F080721A60FDF73CFA0446084B7A
:104F50001B6813F0007F06D1FDF734FA001B02280E
:104F6000F5D903205DE000205BE0002059E000BFA0
:104F700000440258004802580CFCFFFF30498A6A7E
:104F8000086B012B4ED002F00303A16A8B424BD178
:104F9000C2F30512E36A9A4248D1C0F30802236BB8
:104FA000013B9A4244D1C0F34622636B013B9A42D3
:104FB00040D1C0F30642A36B013B9A423CD1C0F3FF
:104FC0000660E36B013B984238D11D4B5B6BC3F32A
:104FD000CC03A26C9A4201D1002022E0184AD36A85
:104FE00023F00103D362FDF7EDF90546FDF7EAF979
:104FF000A842FBD0124A536B6FF3CF03A16C43EA74
:10500000C1035363D36A43F00103D362002008E075
:1050100001207047012004E0012002E0012000E0AF
:10502000002038BD0120FCE70120FAE70120F8E765
:105030000120F6E70120F4E70120F2E70120F0E784
:1050400000440258754B1B6903F03803102B00F025
:10505000DE80182B0FD0002B40F0DB806F4B1B68DD
:1050600013F0200F00F0D7806C4B1B68C3F3C10313
:105070006B48D840704710B4684B9A6A02F003023C
:105080009C6AC4F30510D96A01F001015B6BC3F39C
:10509000CC0301FB03F307EE903AF8EE677A14F4C1
:1050A0007C7F77D0012A4AD0022A76D0002A40F0AD
:1050B00091805A4B1B6813F0200F23D057490A6880
:1050C000C2F3C102564BD34007EE103AF8EE476ADE
:1050D00007EE100AB8EE476A86EE867A0B6BC3F3CA
:1050E000080306EE903AF8EE666A9FED4E6A67EEA8
:1050F000867A76EEA77AF7EE006A77EEA67A27EE42
:10510000277A38E007EE100AF8EE476A9FED466A04
:1051100086EE267A414B1B6BC3F3080306EE903AEA
:10512000F8EE666A9FED3F6A67EE867A76EEA77ABA
:10513000F7EE006A77EEA67A27EE277A1BE007EEF5
:10514000100AF8EE476A9FED396A86EE267A334BED
:105150001B6BC3F3080306EE903AF8EE666A9FED08
:10516000316A67EE867A76EEA77AF7EE006A77EE16
:10517000A67A27EE277A294B1B6BC3F3462301330C
:1051800007EE903AF8EE677AC7EE276AFCEEE67A09
:1051900017EE900A5DF8044B704707EE100AF8EE20
:1051A000476A9FED236A86EE267A1C4B1B6BC3F37E
:1051B000080306EE903AF8EE666A9FED1A6A67EE0B
:1051C000867A76EEA77AF7EE006A77EEA67A27EE71
:1051D000277AD0E707EE100AF8EE476A9FED136AC8
:1051E00086EE267A0D4B1B6BC3F3080306EE903A4E
:1051F000F8EE666A9FED0B6A67EE867A76EEA77A1E
:10520000F7EE006A77EEA67A27EE277AB3E7094829
:105210007047094870470248704700BF0044025871
:105220000090D003000000390024744C0024744A1C
:10523000001BB74B00366E0100093D00002800F04E
:10524000328170B50D4604469B4B1B6803F00F037B
:105250008B420BD2984A136823F00F030B43136061
:10526000136803F00F038B4240F01F81236813F093
:10527000040F0CD02269914B9B6903F070039A4292
:1052800005D98E498B6923F070031A438A6123681C
:1052900013F0080F0CD06269884BDB6903F07003D0
:1052A0009A4205D98549CB6923F070031A43CA6134
:1052B000236813F0100F0CD0A269804BDB6903F454
:1052C000E0639A4205D97D49CB6923F4E0631A4330
:1052D000CA61236813F0200F0CD0E269774B1B6A78
:1052E00003F070039A4205D974490B6A23F07003E6
:1052F0001A430A62236813F0020F0CD0E2686F4B66
:105300009B6903F00F039A4205D96C498B6923F01E
:105310000F031A438A61236813F0010F41D0674AD3
:10532000936923F47063A1680B4393616368022B54
:105330000AD0032B27D0012B2CD0604A126812F020
:10534000040F06D10120ADE0126812F4003F00F016
:10535000AE805A490A6922F0070213430B61FDF738
:1053600031F80646554B1B6903F038036268B3EB0E
:10537000C20F16D0FDF726F8801B41F28833984201
:10538000F0D903208EE04D4A126812F0007FE0D180
:10539000012087E0494A126812F4807FD9D10120A8
:1053A00080E0236813F0020F0CD0E268434B9B6946
:1053B00003F00F039A4205D240498B6923F00F0393
:1053C0001A438A613C4B1B6803F00F03AB420AD9B6
:1053D000394A136823F00F032B431360136803F05B
:1053E0000F03AB4265D1236813F0040F0CD0226980
:1053F000324B9B6903F070039A4205D22F498B69A7
:1054000023F070031A438A61236813F0080F0CD04D
:1054100062692A4BDB6903F070039A4205D227497F
:10542000CB6923F070031A43CA61236813F0100F8D
:105430000CD0A269214BDB6903F4E0639A4205D2E8
:105440001E49CB6923F4E0631A43CA61236813F051
:10545000200F0CD0E269194B1B6A03F070039A42CB
:1054600005D216490B6A23F070031A430A62FFF74C
:10547000E9FD12498B69C3F30323114AD35C03F09E
:105480001F03D8408B6903F00F03D35C03F01F03A5
:1054900020FA03F30B4A13600B4B18600B4B186890
:1054A000FCF74EFB70BD012070470120FAE7012098
:1054B000F8E70120F6E700BF002000520044025840
:1054C00010450108140000241800002420000024C6
:1054D00008B5FFF7B7FD0B4A9369C3F303230A49E5
:1054E000CB5C03F01F0320FA03F3926902F00F0272
:1054F000885C00F01F0023FA00F0044A1060044AA0
:10550000136008BD0044025810450108140000242F
:105510001800002408B5FFF7DBFF054BDB69C3F378
:105520000213044AD35C03F01F03D84008BD00BF38
:10553000004402581045010808B5FFF7C9FF054BA4
:10554000DB69C3F30223044AD35C03F01F03D84092
:1055500008BD00BF00440258104501083F23036006
:10556000114B1A6902F0070242609A6902F47062F4
:1055700082609A6902F00F02C2609A6902F07002BA
:105580000261DA6902F070024261DA6902F4E062F3
:1055900082611B6A03F07003C361044B1B6803F054
:1055A0000F030B60704700BF0044025800200052F8
:1055B000404B9B6A03F00303032B79D070B505467B
:1055C0000E463C4A136823F080631360FCF7FAFE32
:1055D0000446384B1B6813F0006F06D0FCF7F2FE50
:1055E000031B022BF5D9032070BD324B9A6A22F4BB
:1055F0007C32296842EA01329A626A68013AC2F34F
:105600000802A9680139490289B20A43E9680139E7
:10561000090401F4FE010A4329690139090601F070
:10562000FE410A439A63DA6A22F0C00269690A43BA
:10563000DA62DA6A22F02002A9690A43DA62DA6AD7
:1056400022F01002DA62DA6B6FF3CF02E96942EA04
:10565000C102DA63DA6A42F01002DA62C6B91A46A7
:10566000DB6A43F40023D362124A136843F0806379
:105670001360FCF7A7FE04460E4B1B6813F0006F87
:1056800014D1FCF79FFE001B0228F5D90320ABE7DD
:10569000012E05D0074AD36A43F40013D362E3E72F
:1056A000044AD36A43F48013D362DDE700209BE70A
:1056B0000120704700440258404B9B6A03F00303EB
:1056C000032B79D070B505460E463C4A136823F08B
:1056D00080531360FCF776FE0446384B1B6813F0CA
:1056E000005F06D0FCF76EFE031B022BF5D90320EA
:1056F00070BD324B9A6A22F07C72296842EA0152EC
:105700009A626A68013AC2F30802A968013949023B
:1057100089B20A43E9680139090401F4FE010A4328
:1057200029690139090601F0FE410A431A64DA6A5F
:1057300022F4406269690A43DA62DA6A22F400728A
:10574000A9690A43DA62DA6A22F48072DA625A6C70
:105750006FF3CF02E96942EAC1025A64DA6A42F49D
:105760008072DA62C6B91A46DB6A43F48003D362F8
:10577000124A136843F080531360FCF723FE04467B
:105780000E4B1B6813F0005F14D1FCF71BFE001BCF
:105790000228F5D90320ABE7012E05D0074AD36ACA
:1057A00043F08073D362E3E7044AD36A43F400030F
:1057B000D362DDE700209BE70120704700440258D8
:1057C000F8B50446036813F0006F2FD0436EB3F5AD
:1057D000001F25D015D8E3B1B3F5801F0ED10221EB
:1057E0000830FFF7E5FE054675BB934A136D23F4B9
:1057F0004013616E0B431365002619E00126354600
:1058000016E0B3F5401F01D10025EEE7012635462D
:105810000EE0894AD36A43F40033D3620025E4E7FB
:1058200002212830FFF748FF0546DDE70026354610
:10583000236813F4807F29D0A36D042B22D8DFE8DE
:1058400003F005131A0A0A002E46F1E77A4AD36AD2
:1058500043F40033D362C5B9774A136D23F00703CD
:10586000A16D0B43136511E0002104F10800FFF75F
:105870009FFE0546EFE7002104F12800FFF71CFF1B
:105880000546E8E70126354600E02E46236813F476
:10589000806F2DD0D4F8A430B3F5800F3DD00DD853
:1058A000C3B1B3F5001F06D1002104F10800FFF7D2
:1058B0007FFE054613E00126354619E0B3F5000FDB
:1058C0000DD0B3F5200F0AD0B3F5C00F07D00126D5
:1058D00035460DE0584AD36A43F40033D3621DBB0A
:1058E000554A936D23F46003D4F8A4100B439365D9
:1058F000236813F4006F37D0D4F8A830B3F1007FD9
:105900005ED016D80BB3B3F1807F0FD1002104F124
:105910000800FFF74DFE05461CE0002104F12800B9
:10592000FFF7CAFE0546DAE72E46E1E701263546CF
:105930001AE0B3F1806F0DD0B3F1A06F0AD0B3F1CC
:10594000407F07D0012635460EE03B4AD36A43F438
:105950000033D362002D3AD1374A936D23F0E063D0
:10596000D4F8A8100B439365236813F0007F13D07D
:10597000E36C202B35D02FD833B1102B29D12E4AF0
:10598000D36A43F40033D36295BB2B4AD36C23F024
:105990003003E16C0B43D364236813F4805F4ED073
:1059A000E36DB3F5005F3FD027D87BB3B3F5805FDD
:1059B00020D1002104F10800FFF7FAFD05462AE096
:1059C000002104F12800FFF777FE0546C2E72E46C6
:1059D000CAE701263546DFE7302BD5D0012635460C
:1059E000DAE7022104F10800FFF7E2FD0546CBE704
:1059F0002E46D1E70126354621E0B3F5405F0AD0B7
:105A0000B3F5804F07D00126354618E00A4AD36A1D
:105A100043F40033D3628DB9074A136D23F4E04396
:105A2000E16D0B4313650AE0002104F12800FFF744
:105A300043FE0546EFE700BF004402582E462368A8
:105A400013F4005F17D0236EB3F5003F4FD042D858
:105A500043B1B3F5803F3BD1012104F10800FFF7CA
:105A6000A7FD0546002D49D1924A136D23F4E0238A
:105A7000216E0B431365236813F4804F19D0D4F8BB
:105A8000AC30B3F1005F4AD03DD843B1B3F1805F91
:105A900036D1012104F10800FFF78AFD0546002DEB
:105AA00044D1844A936D23F0E043D4F8AC100B4307
:105AB0009365236813F4004F47D0E36EB3F1805F22
:105AC00036D0B3F1005F4BD0BBB3012635463CE086
:105AD00001263546CFE7B3F5802FC3D0B3F5A02F0D
:105AE000C0D0B3F5403FBDD001263546C3E7012104
:105AF00004F12800FFF7E0FD0546B3E72E46BAE7BC
:105B000001263546D5E7B3F1804FC8D0B3F1A04F99
:105B1000C5D0B3F1405FC2D001263546C9E70121A7
:105B200004F12800FFF7C8FD0546B8E72E46C0E798
:105B3000604AD36A43F40033D362C5B95D4A136D3A
:105B400023F04053E16E0B431365236813F0807F0D
:105B50001CD0A36C032B44D8DFE803F0100B3C10DF
:105B6000012104F10800FFF723FD0546E5E72E4675
:105B7000EBE7504AD36A43F40033D362A5BB4D4AE6
:105B8000D36C23F00303A16C0B43D364236813F499
:105B9000800F2BD1236813F0010F00F0A980A36FB1
:105BA000282B00F2A380DFE803F091A1A1A1A1A11D
:105BB000A1A18BA1A1A1A1A1A1A19AA1A1A1A1A1F2
:105BC000A1A191A1A1A1A1A1A1A191A1A1A1A1A1E5
:105BD000A1A19100022104F10800FFF7E9FC0546AC
:105BE000CCE701263546D1E72E46CFE7324A136887
:105BF00043F480731360FCF7E5FB07462E4B1B68EC
:105C000013F4807F05D1FCF7DDFBC01B6428F5D9B8
:105C10000325002D4AD1274B1B6FD4F8B0205340E9
:105C200013F4407F0CD0234B1A6F22F44072196F8B
:105C300041F480311967196F21F4803119671A67AF
:105C4000D4F8B030B3F5807F15D08DBBD4F8B03028
:105C500003F44072B2F5407F1ED0164A136923F454
:105C60007C53136113490B6FD4F8B020C2F30B02BD
:105C700013430B678EE7FCF7A5FB07460D4B1B6F25
:105C800013F0020FE1D1FCF79DFBC01B41F28833FA
:105C90009842F3D90325D8E70648026922F47C52DA
:105CA000064901EA131313430361DBE72E4671E74C
:105CB0002E466FE70044025800480258CFFFFF000D
:105CC000012104F10800FFF773FC0546E5B9B14A6C
:105CD000536D23F03803A16F0B43536508E0012196
:105CE00004F12800FFF7E8FC0546EFE701263546FA
:105CF000236813F0020F17D0636F052B29D8DFE854
:105D000003F00B05210B0B0B2E46F1E7012104F1EB
:105D10000800FFF74DFC0546F5B99E4A536D23F088
:105D20000703616F0B435365236813F0040F26D0FC
:105D3000D4F89030052B00F2D680DFE803F0150F81
:105D4000CD151515012104F12800FFF7B5FC054616
:105D5000E2E701263546E7E72E46E5E7012104F1B3
:105D60000800FFF725FC0546002D40F0BF80894A5A
:105D7000936D23F00703D4F890100B4393652368C9
:105D800013F0200F1DD0D4F88C30B3F1005F00F079
:105D9000C18000F2B0804BB1B3F1805F40F0A880C9
:105DA000002104F10800FFF703FC0546002D40F038
:105DB000B880784A536D23F0E043D4F88C100B433D
:105DC0005365236813F0400F1DD0D4F89830B3F515
:105DD000006F00F0BA8000F2A9804BB1B3F5806F7C
:105DE00040F0A180002104F10800FFF7E1FB054627
:105DF000002D40F0B180674A936D23F4E053D4F84E
:105E000098100B439365236813F0800F1DD0D4F8CE
:105E10009C30B3F5804F00F0B38000F2A2804BB10C
:105E2000B3F5005F40F09A80002104F10800FFF70D
:105E3000BFFB0546002D40F0AA80564A936D23F41F
:105E40006043D4F89C100B439365236813F0080F4C
:105E50000DD0D4F88030B3F5805F00F09D804D4ABE
:105E6000536D23F44053D4F880100B4353652368DB
:105E700013F0100F0DD0D4F89430B3F5807F00F0FC
:105E80009580444A936D23F44073D4F894100B43E7
:105E90009365236813F4002F00F09D80D4F8A030A0
:105EA000B3F5803F00F08C80B3F5003F08D0002BA5
:105EB00040F08D80002104F10800FFF779FB0546D2
:105EC000002D40F08780334A936D23F44033D4F89B
:105ED000A0100B4393657EE0012104F12800FFF739
:105EE000EBFB054640E70126354648E72E4646E7E8
:105EF0000126354665E7B3F1804F3FF457AFB3F164
:105F0000A04F3FF453AFB3F1405F3FF44FAF0126D2
:105F1000354656E7022104F12800FFF7CDFB054680
:105F200044E72E464DE7012635466CE7B3F5805F22
:105F30003FF45EAFB3F5A05F3FF45AAFB3F5406FE7
:105F40003FF456AF012635465DE7022104F12800F3
:105F5000FFF7B2FB05464BE72E4654E701263546D0
:105F600073E7B3F5004F3FF465AFB3F5204F3FF44F
:105F700061AFB3F5C04F3FF45DAF0126354664E72E
:105F8000022104F12800FFF797FB054652E72E4651
:105F90005BE700BF00440258022104F12800FFF72C
:105FA0008BFB00283FF45BAF012658E7022104F188
:105FB0002800FFF781FB00283FF463AF012660E76C
:105FC000022104F12800FFF777FB054678E7012658
:105FD000354600E02E46236813F4802F24D0D4F8F1
:105FE0008430B3F5001F14D0B3F5401F07D0B3F5CC
:105FF000801F15D17C4AD36A43F40033D36295B92C
:10600000794A536D23F44013D4F884100B4353653D
:106010000AE0012104F12800FFF74EFB0546EEE7F8
:106020000126354600E02E46236813F4803F06D053
:10603000236DCBB1B3F5803F24D0012635462368CC
:1060400013F0005F27D1236813F4003F3DD0E36FC6
:10605000B3F5807F2BD027D9B3F5007F2CD0B3F5D3
:10606000407F29D0012630E05F4AD36A43F40033F1
:10607000D36275B95C4AD36C23F48033216D0B4332
:10608000D364DCE7022104F10800FFF791FA05462A
:10609000EFE72E46D3E7022104F12800FFF70CFBBF
:1060A0000028D0D00126CEE733B101260DE04E4ABC
:1060B000D36A43F40033D362002D5CD14A4A536D56
:1060C00023F44073E16F0B435365236813F4801F7F
:1060D00006D0454A136D23F00043216F0B4313652F
:1060E000236813F4001F06D03F4A136D23F080731A
:1060F000A16E0B431365236813F0804F09D03A4B10
:106100001A6922F400421A611A69D4F8B4100A43D9
:106110001A612368002B06DA334AD36C23F040530C
:10612000616D0B43D364236813F4000F07D02E4A2C
:10613000536D23F44003D4F888100B435365636810
:1061400013F0010F19D1636813F0020F1ED16368B9
:1061500013F0040F23D1636813F0080F28D163688C
:1061600013F0100F2DD1636813F0200F32D106B158
:1061700001263046F8BD2E46A7E7002104F10800AD
:10618000FFF716FA0028DED00646DCE7012104F10D
:106190000800FFF70DFA0028D9D00646D7E70221FC
:1061A00004F10800FFF704FA0028D4D00646D2E72D
:1061B000002104F12800FFF77FFA0028CFD006461F
:1061C000CDE7012104F12800FFF776FA0028CAD0B4
:1061D0000646C8E7022104F12800FFF76DFA0028FF
:1061E000C5D00126C5E700BF0044025808B5FFF737
:1061F0006FF9054B1B6AC3F30213044AD35C03F027
:106200001F03D84008BD00BF0044025810450108D4
:1062100010B4794B9A6A9C6AC4F3053CD96AC1F3FD
:106220000011DB6BC3F3CC0301FB03F314F47C3FDD
:1062300000F0DD8002F0030207EE903AF8EE677A94
:10624000012A4BD0022A00F09880002A40F0B28048
:10625000694B1B6813F0200F23D067490A68C2F30B
:10626000C102664BD34007EE103AF8EE476A07EEDC
:1062700010CAB8EE476A86EE867A8B6BC3F30803C2
:1062800006EE903AF8EE666A9FED5D6A67EE867AF2
:1062900076EEA77AF7EE006A77EEA67A27EE277AEF
:1062A00038E007EE10CAF8EE476A9FED566A86EEB0
:1062B000267A514B9B6BC3F3080306EE903AF8EE37
:1062C000666A9FED4F6A67EE867A76EEA77AF7EEFA
:1062D000006A77EEA67A27EE277A1BE007EE10CA4F
:1062E000F8EE476A9FED486A86EE267A424B9B6B32
:1062F000C3F3080306EE903AF8EE666A9FED406A33
:1063000067EE867A76EEA77AF7EE006A77EEA67ADF
:1063100027EE277A384A936BC3F3462307EE903A69
:10632000F8EE677AF7EE006A77EEA67A87EE276ACC
:10633000BCEEC66A80ED006A936BC3F3064307EEBA
:10634000903AF8EE677A77EEA67A87EE276ABCEE87
:10635000C66A80ED016A936BC3F3066307EE903A59
:10636000F8EE677A77EEA67AC7EE276AFCEEE66A61
:10637000C0ED026A5DF8044B704707EE10CAF8EEF4
:10638000476A9FED226A86EE267A1B4B9B6BC3F30E
:10639000080306EE903AF8EE666A9FED196A67EE1A
:1063A000867A76EEA77AF7EE006A77EEA67A27EE7F
:1063B000277AAFE707EE10CAF8EE476A9FED126A38
:1063C00086EE267A0C4B9B6BC3F3080306EE903ADD
:1063D000F8EE666A9FED0A6A67EE867A76EEA77A2D
:1063E000F7EE006A77EEA67A27EE277A92E7002387
:1063F000036043608360BDE7004402580090D0030F
:10640000000000390024744C0024744A001BB74B70
:1064100010B4794B9A6A9C6AC4F3055CD96AC1F3DB
:1064200000215B6CC3F3CC0301FB03F314F07C7F0E
:1064300000F0DD8002F0030207EE903AF8EE677A92
:10644000012A4BD0022A00F09880002A40F0B28046
:10645000694B1B6813F0200F23D067490A68C2F309
:10646000C102664BD34007EE103AF8EE476A07EEDA
:1064700010CAB8EE476A86EE867A0B6CC3F308033F
:1064800006EE903AF8EE666A9FED5D6A67EE867AF0
:1064900076EEA77AF7EE006A77EEA67A27EE277AED
:1064A00038E007EE10CAF8EE476A9FED566A86EEAE
:1064B000267A514B1B6CC3F3080306EE903AF8EEB4
:1064C000666A9FED4F6A67EE867A76EEA77AF7EEF8
:1064D000006A77EEA67A27EE277A1BE007EE10CA4D
:1064E000F8EE476A9FED486A86EE267A424B1B6CAF
:1064F000C3F3080306EE903AF8EE666A9FED406A31
:1065000067EE867A76EEA77AF7EE006A77EEA67ADD
:1065100027EE277A384A136CC3F3462307EE903AE6
:10652000F8EE677AF7EE006A77EEA67A87EE276ACA
:10653000BCEEC66A80ED006A136CC3F3064307EE37
:10654000903AF8EE677A77EEA67A87EE276ABCEE85
:10655000C66A80ED016A136CC3F3066307EE903AD6
:10656000F8EE677A77EEA67AC7EE276AFCEEE66A5F
:10657000C0ED026A5DF8044B704707EE10CAF8EEF2
:10658000476A9FED226A86EE267A1B4B1B6CC3F38B
:10659000080306EE903AF8EE666A9FED196A67EE18
:1065A000867A76EEA77AF7EE006A77EEA67A27EE7D
:1065B000277AAFE707EE10CAF8EE476A9FED126A36
:1065C00086EE267A0C4B1B6CC3F3080306EE903A5A
:1065D000F8EE666A9FED0A6A67EE867A76EEA77A2B
:1065E000F7EE006A77EEA67A27EE277A92E7002385
:1065F000036043608360BDE7004402580090D0030D
:10660000000000390024744C0024744A001BB74B6E
:1066100010B402685369916941F008019161016801
:106620008A6942F010028A6101680A6822F0010258
:106630000A6001680C69294A22400A6101688A6877
:1066400022F440428A6090F88120D2B2042A0DD010
:1066500013F0200F0AD0D0F8842042F08002C0F856
:10666000842001688A6942F020028A6190F88120C2
:10667000D2B2032A0DD013F0400F0AD0D0F88420F4
:1066800042F00402C0F8842001688A6942F04002A6
:106690008A6113F4007F0AD0D0F8842042F001020E
:1066A000C0F8842001688A6942F400728A6113F498
:1066B000807F0AD0D0F8843043F00803C0F88430DB
:1066C0000268936943F4807393610023A0F86230F9
:1066D000A0F86A305DF8044B704700BF90FCFFFFE4
:1066E000C36B5B09C0680830C00803FB000070473B
:1066F0002DE9F84380460F4616461D46DDF82090EA
:1067000000E0BDB1D8F800305C6937EA04040CBF82
:1067100001230023B3420AD1FBF754FEA0EB09008A
:10672000A842EED3B5F1FF3FEBD0032000E00020FC
:10673000BDE8F8830320FBE7002800F0B78070B5C0
:1067400004460023836205685C4B5D4E9D4218BF82
:10675000B54214BF0126002607D0A3F574439D421D
:1067600003D0C3680F2B00F2A3802046FFF7B8FFC9
:106770002EB1544B9D4202D0082800F29B804F4A14
:106780004F4B9D4218BF954203D003F580639D4255
:1067900002D1102800F2908094F88130F3B10223E6
:1067A00084F881302268136823F0010313602368A2
:1067B0009A6802F4F812A169B1F1806F14D063688D
:1067C00013F4800F23D0E368062B20D921680B68CF
:1067D00023F48073206D03430B601DE084F8803048
:1067E0002046FBF7A9F8DAE76168B1F5800F06D01B
:1067F0000029E4D1A16BB1F1805FE0D102E0A06B90
:106800000028F5D1196841F480511960D7E7216853
:106810000B6823F480730B60E369A16A0B43134395
:10682000E26B1343E16822680B439360636B626A17
:106830001343A26B1343A269134322691343626992
:106840001343226A134362681343E26C1343A26842
:106850001343A26C1343A16D22680B43D36063689A
:106860006BB92268936823F4C05343F400639360C8
:106870002268936823F4C06343F4806393602268C2
:10688000136D23F001031365636813F4800F06D0C2
:106890002268D36823F00043616D0B43D36000206E
:1068A000C4F88400012384F8813070BD0120704752
:1068B0000120FAE70120F8E70120F6E70030014067
:1068C00000380040003C00402DE9F04782B004460B
:1068D0008A4691461D46D0F80080FBF773FD94F878
:1068E0008160F6B2012E40F048810746B9F1000FF1
:1068F00018BFBAF1000F00F0418194F88030012BED
:1069000000F04081012384F88030032384F8813033
:106910000023C4F88430C4F85CA0A4F86090A4F804
:1069200062906366A4F86830A4F86A3063672367EE
:10693000A368B3F5C02F1CD02268D36823F4C0230A
:1069400043F40033D360226853686FF30F0349EABE
:10695000030353602268136843F001031360636804
:10696000B3F5800F0BD0E3680F2B1BD8072B4DD846
:10697000ACE02268136843F400631360E3E7226825
:10698000136843F400731360EDE7E26D12681A6256
:10699000E36D0433E365B4F8622092B2013A92B237
:1069A000A4F86220B4F862309BB2002B00F0C980DA
:1069B00023685A6912F0020FE7D1FBF703FDC01BF1
:1069C000A84202D3B5F1FF3F01D1002DEAD1204604
:1069D000FFF71EFED4F8843043F48073C4F884308B
:1069E000012384F88130002384F880300326C5E039
:1069F000E36D1B88A8F82030E36D0233E365B4F83B
:106A000062309BB2013B9BB2A4F86230B4F86230B2
:106A10009BB2002B00F095802268536913F0020F9F
:106A200015D0B4F862309BB2012BE1D9E36B002B97
:106A3000DED0E36D1B681362E36D0433E365B4F8E5
:106A400062309BB2023B9BB2A4F86230DEE7FBF7F8
:106A5000B9FCC01BA84202D3B5F1FF3F01D1002D04
:106A6000D4D12046FFF7D4FDD4F8843043F48073AA
:106A7000C4F88430012384F88130002384F8803006
:106A800003267BE0B4F862309BB2012B10D9E36B94
:106A900073B1E36D1B88A8F82030E36D0233E36522
:106AA000B4F862309BB2023B9BB2A4F862300DE0B6
:106AB000E36D1B7882F82030E36D0133E365B4F8B1
:106AC00062309BB2013B9BB2A4F86230B4F86230F2
:106AD0009BB2002B35D02268536913F0020F15D0FA
:106AE000B4F862309BB2032BCCD9E36B402BC9D9ED
:106AF000E36D1B681362E36D0433E365B4F8623041
:106B00009BB2043B9BB2A4F86230DFE7FBF75AFC70
:106B1000C01BA84202D3B5F1FF3F01D1002DD5D152
:106B20002046FFF775FDD4F8843043F48073C4F831
:106B30008430012384F88130002384F880300326D8
:106B40001CE000972B46002208212046FFF7D0FDCD
:106B500028B1D4F8843043F02003C4F884302046B0
:106B6000FFF756FD012384F88130002384F880303C
:106B7000D4F8843013B9002600E00226304602B073
:106B8000BDE8F0870226F9E72DE9F04F83B004460F
:106B90008A4691461D46D0F800B0C66BC6F34F1624
:106BA000FBF710FC94F88170FFB2012F40F02D82AA
:106BB0000136B6B28046B9F1000F18BFBAF1000F26
:106BC00000F02482002D00F0218294F88030012B07
:106BD00000F02082012384F88030052384F881307E
:106BE0000023C4F88430C4F86490A4F86A50A4F870
:106BF0006850C4F85CA0A4F86250A4F86050236701
:106C000063672268D36823F4C023D36022689C4959
:106C10009C4B9A4218BF8A4209D003F580639A427E
:106C200002D04FF0080904E04FF0100901E04FF0E6
:106C3000100953686FF30F032B43536022681368E6
:106C400043F0010313606368B3F5800F06D0E36877
:106C50000F2B7AD94FEA990BA9461FE022681368D7
:106C600043F400731360F2E723685A69B9F1000F27
:106C700014D0596911F0010F32D0626E1B6B136092
:106C8000636E04336366B4F86A309BB2013B9BB217
:106C9000A4F86A30B4F86A901FFA89F945EA090342
:106CA0009BB2002B00F0948123685A6912F0020F06
:106CB000DAD0002DD8D005EB0B029145D4D2E26D8D
:106CC00012681A62E36D0433E365B4F862309BB274
:106CD000013B9BB2A4F86230B4F86250ADB2C3E796
:106CE000B14514D212F4004F11D0626E1B6B1360C9
:106CF000636E04336366B4F86A309BB2013B9BB2A7
:106D0000A4F86A30B4F86A901FFA89F9C6E7FBF76D
:106D100059FBA0EB08000C9B984202D3B3F1FF3F54
:106D200002D10C9B002BB9D12046FFF771FCD4F89F
:106D3000843043F48073C4F88430012384F88130B4
:106D4000002384F88030032760E1072B40F23E8166
:106D50004FEA59039A46A9461AE023685A69B9F1DD
:106D6000000F15D05B6913F0010F34D0636EBBF8D0
:106D700030201A80636E02336366B4F86A309BB2C7
:106D8000013B9BB2A4F86A30B4F86A901FFA89F903
:106D900045EA09039BB2002B00F01A8123685B6966
:106DA00013F0020FD9D0002DD7D05346EB189945D8
:106DB000D3D2E36D1B88ABF82030E36D0233E3657B
:106DC000B4F862309BB2013B9BB2A4F86230B4F8D5
:106DD0006250ADB2C1E7B1451BD212F4004F18D0DA
:106DE000636EBBF830201A80636E9A1C6266BBF833
:106DF00030205A80636E02336366B4F86A309BB207
:106E0000023B9BB2A4F86A30B4F86A901FFA89F981
:106E1000BEE7B9F1010F15D112F4005F12D0636E15
:106E2000BBF830201A80636E02336366B4F86A30B0
:106E30009BB2013B9BB2A4F86A30B4F86A901FFA87
:106E400089F9A5E7FBF7BEFAA0EB08000C9B984276
:106E500002D3B3F1FF3F02D10C9B002B98D1204607
:106E6000FFF7D6FBD4F8843043F48073C4F8843041
:106E7000012384F88130002384F880300327C5E0A3
:106E8000003001400038004023685A69BBF1000F10
:106E900015D0596911F0010F34D0626E93F830307B
:106EA0001370636E01336366B4F86A309BB2013BC2
:106EB0009BB2A4F86A30B4F86AB01FFA8BFB45EABB
:106EC0000B039BB2002B00F0838023685A6912F0F9
:106ED000020FD9D0002DD7D005EB09029345D3D2AC
:106EE000E26D127883F82020E36D0133E365B4F896
:106EF00062309BB2013B9BB2A4F86230B4F862509E
:106F0000ADB2C1E7B3452AD212F4004F27D0626E6A
:106F100093F830301370636E5A1C6266226892F8E0
:106F200030205A70636E5A1C6266226892F83020D4
:106F30005A70636E5A1C6266226892F830205A704A
:106F4000636E01336366B4F86A309BB2043B9BB254
:106F5000A4F86A30B4F86AB01FFA8BFBAFE7BBF154
:106F6000030F15D812F4C04F12D0626E93F8303070
:106F70001370636E01336366B4F86A309BB2013BF1
:106F80009BB2A4F86A30B4F86AB01FFA8BFB96E79C
:106F9000FBF718FAA0EB08000C9B984202D3B3F160
:106FA000FF3F02D10C9B002B89D12046FFF730FB1D
:106FB000D4F8843043F48073C4F88430012384F817
:106FC0008130002384F8803003271FE0AB4676E74A
:106FD000CDF800800C9B002208212046FFF788FB9B
:106FE00028B1D4F8843043F02003C4F8843020461C
:106FF000FFF70EFB012384F88130002384F88030F2
:10700000D4F8843013B9002700E00227384603B0D3
:10701000BDE8F08F0227F9E7704770477047704767
:1070200008B5806B0023A0F86A30A0F86230012315
:1070300080F88130FFF7F3FF08BD70472DE9F84372
:10704000044606683269736902EA0305D6F80890B7
:1070500090F88170FFB213F4006F02D012F0080FA5
:107060003FD105F06403042B42D0002305F045080E
:10707000B8F1010F44D005F02602022A45D0002BBA
:1070800046D115F0080F79D02268936943F00803C0
:1070900093612268936943F01003936122689369B6
:1070A00043F4006393612268136923F008031361BA
:1070B00023689B6813F4404F3BD02046FFF7A8FAA3
:1070C000012384F88130D4F88430002B4AD1052F75
:1070D0004CD0042F4ED0032F1AD12046FFF79CFF2F
:1070E00016E0B36943F40063B361FFF7A6FF0FE056
:1070F000636F20469847236F204698470123B5E7E2
:10710000236F204698474346B5E7636F204698476C
:10711000BDE8F883072B1CD9636E328E1A80636E2C
:1071200002336366B4F86A309BB2013B9BB2A4F8A9
:107130006A30B4F86A309BB2002BBED0E3680F2BE4
:10714000E8D92268636E126B1A60636E043363665B
:10715000E8E72268636E92F830201A70636E01339C
:107160006366DFE72046FFF75AFFD1E72046FFF7C7
:1071700055FFCDE72046FFF750FFC9E715F4587FCC
:10718000C6D015F0400F0AD0D4F8843043F0040381
:10719000C4F884302268936943F04003936115F486
:1071A000007F0AD0D4F8843043F00103C4F884305F
:1071B0002268936943F40073936115F4807F0AD0C9
:1071C000D4F8843043F00803C4F88430226893690B
:1071D00043F48073936115F0200F0AD0D4F8843003
:1071E00043F08003C4F884302268936943F020039D
:1071F0009361D4F88430002B8AD02268136823F07E
:1072000001031360226811691A4B0B40136109F4E2
:107210004049B9F5404F25D12268936823F4404393
:107220009360E36F5BB1144A1A65E06FFCF700F8F6
:1072300028B1D4F8843043F04003C4F88430A36FFD
:10724000002B3FF465AF0C4A1A65A06FFBF7F0FF07
:1072500000283FF45DAFD4F8843043F04003C4F815
:10726000843055E7012384F881302046FFF7D7FEAC
:107270004EE700BF94FCFFFF21700008704700003C
:1072800090F83D30DBB2012B42D1022380F83D3033
:107290000268D36843F00103D36003681E4AB3F168
:1072A000804F18BF934225D0A2F57C42934221D053
:1072B00002F5806293421DD002F58062934219D09C
:1072C00002F57842934215D0A2F56C42934211D058
:1072D00002F5943293420DD0A2F5C042934209D0F8
:1072E00002F58062934205D01A6842F001021A60EA
:1072F000002070479968094A0A40062A18BFB2F56B
:10730000803F07D01A6842F001021A6000207047DF
:107310000120704700207047000001400700010075
:10732000704770477047704770B504460368DE6861
:107330001D6915F0020F10D016F0020F0DD06FF07E
:1073400002021A610123037703689B6913F0030F9C
:1073500064D0FFF7E6FF0023237715F0040F12D067
:1073600016F0040F0FD023686FF004021A61022395
:10737000237723689B6913F4407F55D02046FFF79D
:10738000D0FF0023237715F0080F12D016F0080F56
:107390000FD023686FF008021A6104232377236853
:1073A000DB6913F0030F46D02046FFF7BAFF002336
:1073B000237715F0100F12D016F0100F0FD023689E
:1073C0006FF010021A61082323772368DB6913F436
:1073D000407F37D02046FFF7A4FF0023237715F026
:1073E000010F02D016F0010F33D115F4025F02D065
:1073F00016F0800F35D115F4807F02D016F0800F83
:1074000037D115F0400F02D016F0400F39D115F0EA
:10741000200F02D016F0200F3BD170BDFFF780FF88
:107420002046FFF77FFF96E72046FFF779FF2046CB
:10743000FFF778FFA5E72046FFF772FF2046FFF72A
:1074400071FFB4E72046FFF76BFF2046FFF76AFFA6
:10745000C3E723686FF001021A612046FAF756F974
:10746000C3E723686FF402521A61204600F0E3F884
:10747000C1E723686FF480721A61204600F0DCF8DF
:10748000BFE723686FF040021A612046FFF74BFF09
:10749000BDE723686FF020021A61204600F0CAF8A9
:1074A000BBE7000030B50368424A904214BF4FF07A
:1074B000000E4FF0010EB0F1804F14BF72464EF037
:1074C0000102AAB93C4CA04214BF002401243B4D48
:1074D000A8420DD064B904F1804404F58234A0427E
:1074E00014BF0024012405F50065A84200D01CB19A
:1074F00023F070034C68234362BB2F4A904214BFB1
:10750000002201222D4CA04224D01ABB02F180425D
:1075100002F58232904214BF0022012204F5006479
:10752000A04217D0B2B9264A904214BF00220122CD
:1075300004F59A34A0420DD062B9224A904214BF99
:107540000022012204F50064A04203D012B91E4AB1
:10755000904204D123F4407CCB6843EA0C0323F02F
:1075600080034A69134303608A68C2620A688262C0
:10757000164A904214BF73464EF0010363B9104B94
:10758000984214BF0023012302F57052904203D0A9
:1075900013B90F4B984201D10B6903630123436177
:1075A000036913F0010F03D0036923F001030361A2
:1075B00030BD00BF00000140000800400004004052
:1075C0000044014000E0004000E4004000040140AD
:1075D0000048014060B310B5044690F83D3013B345
:1075E000022384F83D30214651F8040BFFF75AFF7F
:1075F000012384F8483084F83E3084F83F3084F822
:10760000403084F8413084F8423084F8433084F8C4
:10761000443084F8453084F8463084F8473084F8A4
:107620003D30002010BD80F83C30FFF727FED7E743
:1076300001207047704770477047026852E8003F6A
:1076400023F0C00342E800310029F6D1026802F1BC
:10765000080353E8003F23F40003083242E80031F6
:107660000029F3D12023C0F888307047026852E81F
:10767000003F23F4907342E800310029F6D10268FC
:1076800002F1080353E8001F0D4B0B40083242E89B
:1076900000310029F3D1C36E012B06D02023C0F89E
:1076A0008C300023C36643677047026852E8003F8E
:1076B00023F0100342E800310029F6D1EEE700BFC5
:1076C000FEFFFFEF704708B5026852E8003F23F065
:1076D000400342E800310029F6D12023C0F8883069
:1076E00000238367FFF7EEFF08BD7047704738B58A
:1076F000846BD4F88820D4F88C5023689B6813F0EE
:10770000800F01D0212A10D023689B6813F0400F0E
:1077100001D0222D10D0D4F8903043F01003C4F8DB
:107720009030204605F0A4F838BD0023A4F8563068
:107730002046FFF782FFE7E70023A4F85E302046EB
:10774000FFF794FFE7E708B5806B0023A0F85E30F1
:10775000A0F8563005F08CF808BD000070B504465E
:107760000268D3691068916840F60F0C13EA0C0F99
:107770000DD113F0200F10D010F0200F02D111F016
:10778000805F0AD0636F93B3204698472FE0884DFF
:107790000D402DD1874E30422AD1E56E012D00F0EB
:1077A000C08013F4801F03D011F4800F40F0948147
:1077B00013F0800F07D010F0800F40F0948111F487
:1077C000000F40F0908113F0400F03D010F0400FF5
:1077D00040F0908113F4000F03D010F0804F40F080
:1077E0008D8113F0807F02D00028C0F28B8170BDA4
:1077F00013F0010F09D010F4807F06D00126166225
:10780000D4F890203243C4F8902013F0020F0BD02C
:1078100011F0010F08D0226802261662D4F89020D9
:1078200042F00402C4F8902013F0040F0BD011F0C2
:10783000010F08D0226804261662D4F8902042F086
:107840000202C4F8902013F0080F0BD010F0200FA4
:1078500000D13DB1226808251562D4F890202A4352
:10786000C4F8902013F4006F0CD010F0806F09D092
:1078700022684FF400651562D4F8902042F020028F
:10788000C4F89020D4F89020002AB0D013F0200F34
:1078900009D010F0200F02D111F0805F03D0636F88
:1078A0000BB120469847D4F8902023689B6813F0CA
:1078B000400F02D112F0280F2CD02046FFF7D6FE41
:1078C00023689B6813F0400F20D0226802F1080360
:1078D00053E8003F23F04003083242E8003100291A
:1078E000F3D1D4F880306BB1334A1A65D4F88000F4
:1078F000FBF79EFC00283FF47AAFD4F88000036DBC
:10790000984774E7204604F0B3FF70E7204604F080
:10791000AFFF6CE7204604F0ABFF0023C4F89030C3
:1079200065E713F0100F3FF43CAF10F0100F3FF479
:1079300038AF1023136223689B6813F0400F00F0E8
:107940009180D4F8802013681C481D498B4218BFD1
:10795000834237D018318B4234D018318B4231D02A
:1079600018318B422ED018318B422BD018318B42DC
:1079700028D018318B4225D001F556718B4221D089
:1079800018318B421ED018318B421BD018318B42DC
:1079900018D018318B4215D018318B4212D01831C3
:1079A0008B420FD018318B420CD05B689BB20BE03E
:1079B0000100001020010004477700081000024079
:1079C000280002405B689BB2002B3FF410AFB4F874
:1079D0005C1099427FF60BAFA4F85E30D369B3F523
:1079E000807F32D0226852E8003F23F4807342E85F
:1079F00000310029F6D1226802F1080353E8003F64
:107A000023F00103083242E800310029F3D1226853
:107A100002F1080353E8003F23F04003083242E834
:107A200000310029F3D12023C4F88C300023E36611
:107A3000226852E8003F23F0100342E80031002999
:107A4000F6D1D4F88000FBF753FA02232367B4F889
:107A50005C10B4F85E309BB2C91A89B2204604F0BB
:107A6000D7FEC4E6B4F85C10B4F85E309BB2C91A15
:107A700089B2B4F85E309BB2002B3FF4B8AE002957
:107A80003FF4B5AE226852E8003F23F4907342E819
:107A900000300028F6D1226802F1080353E8000FF5
:107AA0001A4B0340083242E800300028F3D120236B
:107AB000C4F88C300023E3666367226852E8003F15
:107AC00023F0100342E800300028F6D10223236798
:107AD000204604F09DFE8AE64FF480131362204690
:107AE00000F006FE83E6A36F002B3FF480AE204635
:107AF00098477CE62046FFF7E6FD78E6204600F052
:107B0000F9FD74E6204600F0F4FD70E6FEFFFFEF9D
:107B100008B5806B01230367C36E012B02D0FFF70A
:107B2000E5FD08BDB0F85C10490804F071FEF8E707
:107B300008B50346806BDB69B3F5807F29D000234D
:107B4000A0F85E30026852E8003F23F4807342E8F8
:107B500000310029F6D1026802F1080353E8003F22
:107B600023F00103083242E800310029F3D1026812
:107B700002F1080353E8003F23F04003083242E8D3
:107B800000310029F3D12023C0F88C30C36E012BC3
:107B900007D000230367C36E012B0CD0FFF7A5FDB0
:107BA00008BD026852E8003F23F0100342E80031AC
:107BB0000029F6D1EDE7B0F85C1004F029FEEFE7FC
:107BC00070B586B004468368026913434269134363
:107BD000C269134301680868904A02401A430A6068
:107BE0002268536823F44053E1680B435360A16952
:107BF00022688B4B9A4201D0236A19439068894BC3
:107C000003400B4393602268D36A23F00F03616A39
:107C10000B43D3622368844A934229D0834A934218
:107C200000F09480824A934200F0AA80814A9342F5
:107C300000F0C080804A934200F0D6807F4A934291
:107C400000F008817E4A934200F02D817D4A9342E4
:107C500000F040817C4A934200F053817B4A93427A
:107C600000F078816E4A934200F09D81802233E0DB
:107C7000774A526D02F03802282A65D8DFE812F000
:107C8000290064006400640064006400640064000F
:107C9000AB0164006400640064006400640064007C
:107CA0002B006400640064006400640064006400ED
:107CB0005E006400640064006400640064006400AA
:107CC0006000640064006400640064006400640098
:107CD0006200012200E0082251498B4200F09481A9
:107CE000E069B0F5004F00F00A82202A00F26182BC
:107CF000202A00F2AE82DFE812F063027D02AC02BD
:107D0000AC028002AC02AC02AC028502AC02AC0256
:107D1000AC02AC02AC02AC02AC028A02AC02AC0215
:107D2000AC02AC02AC02AC02AC02AC02AC02AC02E3
:107D3000AC02AC02AC02AC02AC0296021022CBE761
:107D40002022C9E74022C7E78022C5E7404A526D9A
:107D500002F00702052A11D8DFE812F006003F0101
:107D600008000A000C000E000022B5E70822B3E765
:107D70001022B1E72022AFE74022ADE78022ABE737
:107D8000334A526D02F00702052A11D8DFE812F0DB
:107D90000600270108000A000C000E0000229BE7E5
:107DA000082299E7102297E7202295E7402293E7DF
:107DB000802291E7264A526D02F00702052A11D867
:107DC000DFE812F006000F0108000A000C000E00A8
:107DD000002281E708227FE710227DE720227BE74F
:107DE000402279E7802277E7194A526D02F00702B4
:107DF000052A11D8DFE812F00600F70008000A0093
:107E00000C000E00002267E7082265E7102263E7F6
:107E1000202261E740225FE780225DE7F369FFCF20
:107E2000000C0058FFF4FF11001001400044004016
:107E300000480040004C0040005000400014014049
:107E400000780040007C004000180140001C014008
:107E500000440258694A526D02F03802282A20D89C
:107E6000DFE802F0151F1F1F1F1F1F1FC31F1F1F4B
:107E70001F1F1F1F171F1F1F1F1F1F1F191F1F1F20
:107E80001F1F1F1F1B1F1F1F1F1F1F1F1D00012242
:107E900022E7082220E710221EE720221CE74022CA
:107EA0001AE7802218E7554A526D02F00702052AA8
:107EB0000ED8DFE802F0039C0507090B00220BE750
:107EC000082209E7102207E7202205E7402203E7FE
:107ED000802201E7494A526D02F00702052A0ED8B6
:107EE000DFE802F003870507090B0022F4E6082209
:107EF000F2E61022F0E62022EEE64022ECE68022B6
:107F0000EAE63E4A526D02F03802282A20D8DFE81D
:107F100002F0151F1F1F1F1F1F1F721F1F1F1F1F74
:107F20001F1F171F1F1F1F1F1F1F191F1F1F1F1F6F
:107F30001F1F1B1F1F1F1F1F1F1F1D000122CBE61E
:107F40000822C9E61022C7E62022C5E64022C3E681
:107F50008022C1E6294A526D02F03802282A20D830
:107F6000DFE802F0151F1F1F1F1F1F1F4E1F1F1FBF
:107F70001F1F1F1F171F1F1F1F1F1F1F191F1F1F1F
:107F80001F1F1F1F1B1F1F1F1F1F1F1F1D00012241
:107F9000A2E60822A0E610229EE620229CE64022CD
:107FA0009AE6802298E602F50E32926D02F0070200
:107FB000052A0ED8DFE802F003260507090B022286
:107FC0008AE6082288E6102286E6202284E64022FD
:107FD00082E6802280E604227EE604227CE60422F9
:107FE0007AE6042278E6042276E6042274E6042285
:107FF00072E6042270E604226EE600BF00440258D6
:10800000042269E6042267E6202A27D8022AC0F063
:108010000E81023A1E2A00F20C81DFE812F02600DF
:108020000A0156000A010A010A015B000A010A015D
:108030000A010A010A010A010A0160000A010A0193
:108040000A010A010A010A010A010A010A010A01D8
:108050000A010A010A010A010A016C00402A02D140
:108060004FF4004006E00120F4E0FEF7BFF80028DE
:1080700000F0E180626A7E4B33F81220B0FBF2F32D
:10808000656805EB4501994200F2D780B3EB053FE7
:1080900000F2D580002633463146F8F73DFB090251
:1080A00041EA106100026B08C0182A46334641F1CC
:1080B0000001F8F731FBA0F540726E4B9A4200F2D6
:1080C000C0802368D8603046C4E003A8FEF7A0F85B
:1080D0000498CCE76846FEF79BF90198C7E7664B22
:1080E0001B6813F0200F08D0634B1B68C3F3C10358
:1080F0006248D840BEE76248BCE76048BAE7202A39
:1081000015D8202A00F29F80DFE802F015369D9DE9
:10811000399D9D9D3E9D9D9D9D9D9D9D439D9D9DAC
:108120009D9D9D9D9D9D9D9D9D9D9D9D4F00402A3A
:1081300006D001208EE0FDF7EDF9002800F08580E3
:10814000626A4B4B33F81230B0FBF3F062685308AD
:1081500003EB4003B3FBF2F3A3F110014FF6EF7210
:10816000914274D89AB222F00F02C3F34203134330
:108170002268D36000206DE0FDF7DEF9DDE703A89B
:10818000FEF746F80498D8E76846FEF741F90198EB
:10819000D3E7394B1B6813F0200F08D0364B1B6810
:1081A000C3F3C1033548D840CAE73548C8E7334868
:1081B000C6E7402A02D14FF4004005E0012049E023
:1081C000FDF7A8F900284FD0626A294B33F8123026
:1081D000B0FBF3F0636800EB5300B0FBF3F0A0F1E9
:1081E00010024FF6EF739A4240D8236880B2D860ED
:1081F00000202FE0FDF7A0F9E4E703A8FEF708F858
:108200000498DFE76846FEF703F90198DAE71A4BAE
:108210001B6813F0200F08D0174B1B68C3F3C10372
:108220001648D840D0E71648CEE71448CCE70120DE
:1082300010E001200EE000200CE001200AE0012007
:1082400008E0012006E0012004E0002002E0012017
:1082500000E001200123A4F86A30A4F8683000236C
:108260006367A36706B070BD0020F3E70120F1E764
:1082700038450108FFFC0F00004402580090D0036D
:1082800000093D00836A13F0080F06D002685368A6
:1082900023F40043816B0B435360836A13F0010F97
:1082A00006D00268536823F40033C16A0B4353605D
:1082B000836A13F0020F06D00268536823F48033F8
:1082C000016B0B435360836A13F0040F06D00268FE
:1082D000536823F48023416B0B435360836A13F08C
:1082E000100F06D00268936823F48053C16B0B43D0
:1082F0009360836A13F0200F06D00268936823F41A
:108300000053016C0B439360836A13F0400F0AD053
:108310000268536823F48013416C0B435360436C31
:10832000B3F5801F0BD0836A13F0800F06D002686C
:10833000536823F40023C16C0B43536070470268F9
:10834000536823F4C003816C0B435360EBE72DE9C2
:10835000F84305460E4617469946DDF820802B68FF
:10836000DC6936EA04040CBF01240024BC423AD183
:10837000B8F1FF3FF3D0FAF725F8A0EB090040452C
:1083800034D8B8F1000F33D02B681A6812F0040FFC
:10839000E5D0B6F1400218BF0122802EDFD0002ABE
:1083A000DDD0DA6912F0080F11D1DA6912F4006F2A
:1083B000D5D04FF400621A622846FFF757F9202300
:1083C000C5F89030002385F8843003200CE00824A1
:1083D0001C622846FFF74AF9C5F89040002385F84B
:1083E0008430012000E00020BDE8F8830320FBE793
:1083F0000320F9E72DE9F04182B01E46D0F888301D
:10840000202B5BD104460D469046002A18BF002958
:1084100001D1012053E00023C0F890302123C0F89F
:108420008830F9F7CFFF0746A4F85480A4F85680A7
:10843000A368B3F5805F02D04FF0000816E023690F
:1084400043B34FF0000811E02023C4F88830032024
:1084500035E038F8023B2268C3F308039362B4F8AE
:10846000562092B2013A92B2A4F85620B4F856308F
:108470009BB293B100963B46002280212046FFF735
:1084800066FF0028E0D1002DE3D015F8012B23680A
:108490009A62E4E7A8460025E8E700963B460022FA
:1084A00040212046FFF753FF18B92023C4F8883035
:1084B00005E02023C4F88830032000E0022002B049
:1084C000BDE8F08130B583B004460023C0F8903099
:1084D000F9F778FF05462268126812F0080F10D1EC
:1084E00023681B6813F0040F28D12023C4F88830B8
:1084F000C4F88C300020E066206784F8840003B064
:1085000030BD6FF07E430093034600224FF400110C
:108510002046FFF71CFF0028E2D0226852E8003F07
:1085200023F0800342E800310029F6D12023C4F86B
:108530008830002384F884300320E0E76FF07E4326
:1085400000932B4600224FF480012046FFF7FFFEE8
:108550000028CAD0226852E8003F23F4907342E812
:1085600000310029F6D1226802F1080353E8003FE8
:1085700023F00103083242E800310029F3D120231F
:10858000C4F88C30002384F884300320B7E778B334
:1085900010B50446D0F888300BB32423C4F88830D3
:1085A0002268136823F001031360A36AE3B920462D
:1085B000FFF706FB012811D02268536823F490438B
:1085C00053602268936823F02A039360226813683B
:1085D00043F0010313602046FFF774FF10BD80F8DD
:1085E0008430F9F7F5FCD8E72046FFF74BFEDEE7CD
:1085F0000120704710B5044613468165A0F85C2041
:108600000022C0F890202222C0F88C20D0F88020D0
:10861000AAB12149D163D0F8802020491164D0F853
:1086200080201F49D164D0F88020002111650168A5
:10863000826D2431D0F88000FAF70EFB20BB23694D
:1086400043B1226852E8003F43F4807342E80031AE
:108650000029F6D1226802F1080353E8003F43F0F5
:108660000103083242E800310029F3D1226802F107
:10867000080353E8003F43F04003083242E800316A
:108680000029F3D1002010BD1023C4F8903020231E
:10869000C4F88C300120F6E7317B0008117B00081C
:1086A000EF760008436E2BB90123A0F86A30A0F8DA
:1086B0006830704730B403689A68C2F342629968C0
:1086C000490F094D6B5C1B01084C615C93FBF1F396
:1086D000A0F86A30AB5C1B01A25C93FBF2F3A0F83C
:1086E000683030BC704700BF58450108504501084C
:1086F00070477047704790F88430012B18D00123E1
:1087000080F884302423C0F8883003681A68196818
:1087100021F00101196022F0005200234366016834
:108720000A602022C0F8882080F8843018467047FC
:108730000220704738B590F88430012B1DD00446D4
:10874000012380F884302423C0F8883003681D6832
:108750001A6822F001021A600268936823F06043ED
:1087600019439160FFF79EFF23681D602023C4F822
:108770008830002084F8840038BD0220FCE738B53A
:1087800090F88430012B1DD00446012380F88430FA
:108790002423C0F8883003681D681A6822F001029B
:1087A0001A600268936823F0606319439160FFF7D1
:1087B00079FF23681D602023C4F88830002084F8E6
:1087C000840038BD0220FCE7D0F88C30202B21D16A
:1087D00010B50446002A18BF002901D1012010BDA0
:1087E0000123C36600230367FFF704FF0028F6D1C7
:1087F000E36E012B01D00120F1E7236810221A62F9
:10880000226852E8003F43F0100342E8003100299B
:10881000F6D1E4E702207047842801D00330704786
:108820000020704708B500F06FFD002008BD2DE95D
:10883000F04387B00E464469C4B18569B5B1476855
:10884000D0F80080D0F81090B0F90800FFF7E4FFEE
:1088500002950194009033464A464146384600F05E
:10886000E3FC0590059807B0BDE8F083446805680F
:108870000769B0F90800FFF7CFFF05AB019300903F
:108880003346BAB22946204600F00BFD0128E9D054
:108890000020E8E708B500B9012000F087FE0020BD
:1088A00008BD00F1080343604FF0FF328260C360EF
:1088B000036100230360704700230361704743682E
:1088C0004B609A688A60516099600861036801335F
:1088D0000360704730B40D68B5F1FF3F11D000F16F
:1088E00008031C465B681A68AA42FAD963684B60A1
:1088F00099608C606160086103680133036030BC7B
:1089000070470469F2E70369416882688A604168D8
:1089100051605A68824206D0002202611A68013A08
:108920001A601868704782685A60F5E782B00023C1
:1089300001930D4B1B68B3F1FF3F08D04FF050037C
:1089400083F31188BFF36F8FBFF34F8FFEE74FF0B4
:10895000500383F31188BFF36F8FBFF34F8F019BD9
:10896000002BFCD002B070472400002408480068A7
:10897000006880F308884FF0000080F3148862B626
:1089800061B6BFF34F8FBFF36F8F00DF00BF0000F2
:1089900008ED00E0DFF80C00016841F470010160AF
:1089A0007047000088ED00E04FF0807340F8043C11
:1089B00021F0010140F8081C054B40F80C3C40F840
:1089C000202C6FF0020340F8243C4438704700BF6D
:1089D0002D890008000000000000000000000000D9
:1089E000074B19680868B0E8F04F80F30988BFF3B7
:1089F0006F8F4FF0000080F311887047AFF3008055
:108A0000608A00244FF0500383F31188BFF36F8F07
:108A1000BFF34F8F0B4A136801331360012B00D053
:108A200070474FF0E023D3F8043D13F0FF0FF7D069
:108A30004FF0500383F31188BFF36F8FBFF34F8F55
:108A4000FEE700BF24000024094B1B6843B94FF028
:108A5000500383F31188BFF36F8FBFF34F8FFEE78F
:108A6000013B034A13600BB983F31188704700BFC1
:108A700024000024000000000000000000000000AE
:108A8000EFF30980BFF36F8F154B1A681EF0100FBC
:108A900008BF20ED108A20E9F04F10602DE9090091
:108AA0004FF0500080F31188BFF34F8FBFF36F8FEB
:108AB00000F0A2FD4FF0000080F3118809BC196896
:108AC0000868B0E8F04F1EF0100F08BFB0EC108A35
:108AD00080F30988BFF36F8F704700BFAFF300804A
:108AE000608A002408B54FF0500383F31188BFF368
:108AF0006F8FBFF34F8F00F051FC28B14FF0E02390
:108B00004FF08052C3F8042D002383F3118808BD71
:108B10004FF0E022002313619361054B1B68054968
:108B2000A1FB03139B09013B5361072313617047AA
:108B300018000024D34D62104FF0E023D3F8002D2D
:108B40003D4B9A421CD04FF0E023D3F8002D3B4B15
:108B50009A421ED030B583B0394B1A78D2B2019206
:108B6000FF221A701B78DBB28DF803309DF80330BA
:108B700003F05003334A1370334B07221A601BE093
:108B80004FF0500383F31188BFF36F8FBFF34F8F04
:108B9000FEE74FF0500383F31188BFF36F8FBFF3ED
:108BA0004F8FFEE7284A1368013B13609DF803309E
:108BB0005B00DBB28DF803309DF8033013F0800FBB
:108BC000F0D1214B1B68032B08D04FF0500383F3E7
:108BD0001188BFF36F8FBFF34F8FFEE71B021A4A56
:108BE000136003F4E0631360019BDBB2144A13705B
:108BF0004FF0E024D4F8203D43F47003C4F8203D46
:108C0000D4F8203D43F07043C4F8203DFFF780FFC7
:108C100000250E4B1D60FFF7BDFED4F8343F43F036
:108C20004043C4F8343FFFF7A1FE00F0E5FCFFF736
:108C30007DFE284603B030BD71C20F4170C20F41A6
:108C400000E400E0E4130024E013002424000024E6
:108C5000134A12F0070F1FD0D11D21F0070147F270
:108C600030535B1A13440A460E48026000214160EB
:108C70001344083B23F007030B4803605960196055
:108C8000991A51601360094B1960094B1960094B1F
:108C90004FF000421A60704747F23053E4E700BFDC
:108CA0000814002400140024FC130024F4130024EE
:108CB000F8130024E8130024164B1A461B6883425D
:108CC000FBD3516802EB010C844509D0416800EBED
:108CD000010C634509D00360904219D010607047C1
:108CE0004068014451601046F0E710B40A4C246813
:108CF000A3420BD05B681944416013681B68036092
:108D0000904200D010605DF8044B70470460F7E7B4
:108D1000704700BF00140024FC13002438B504463B
:108D200000F034FB384B1B68B3B1384B1B681C4256
:108D300050D1002C50D004F1080214F0070F02D0DB
:108D400022F007020832002A55D0314B1B689342AB
:108D500053D330490C6804E0FFF77AFFE5E721467A
:108D60001C466368934202D22368002BF7D1264B3E
:108D70001B68A34243D00D68083523680B60636805
:108D80009B1A102B10D9A01810F0070F08D04FF025
:108D9000500383F31188BFF36F8FBFF34F8FFEE74C
:108DA00043606260FFF788FF626819490B689B1A8D
:108DB0000B60194909688B4201D217490B60134BAC
:108DC0001B681343636000232360144A1368013354
:108DD000136002E0002500E0002500F06BFB15F0B9
:108DE000070F0ED04FF0500383F31188BFF36F8F3E
:108DF000BFF34F8FFEE70025EFE70025EDE70025E5
:108E0000EBE7284638BD00BFFC130024E81300241C
:108E1000F813002400140024F4130024F013002499
:108E2000002834D038B50446A0F1080550F8043CB9
:108E3000174A1268134208D14FF0500383F3118888
:108E4000BFF36F8FBFF34F8FFEE750F8081C41B19F
:108E50004FF0500383F31188BFF36F8FBFF34F8F31
:108E6000FEE723EA020340F8043C00F08FFA54F8CE
:108E7000041C084A13680B4413602846FFF71CFFC4
:108E8000054A13680133136000F014FB38BD7047C6
:108E9000E8130024F8130024EC130024084B1B688B
:108EA0001B6823B9074B4FF0FF321A607047044B21
:108EB0001B68DB68DB685A68024B1A60704700BFAA
:108EC000A8890024408900242DE9F04707469846E8
:108ED000089DDDF824900A9C266B6FF040431344F4
:108EE00006EB830626F00706002964D008464FF0FB
:108EF000000CBCF10F0F09D810F80C2004EB0C0388
:108F000083F8342012B10CF1010CF2E7002384F84D
:108F10004330062D00D90625E56265644FF0000A4E
:108F2000C4F848A0201DFFF7C7FC04F11800FFF7A4
:108F3000C3FC2461C5F10705A5616462C4F890A172
:108F400084F894A14FF4A072514604F1500003F04C
:108F5000D1FF1B4B636503F16802A265D033E36563
:108F600001220023C4E93A2343F20E33A4F8F0307F
:108F70004AF6CD33A4F8F23041F23423A4F8F430A9
:108F80004EF26D63A4F8F6304DF6EC63A4F8F830B9
:108F90000523A4F8FA300B23A4F8FC3042463946E6
:108FA0003046FFF701FD2060B9F1000F01D0C9F88C
:108FB0000040BDE8F087002384F83430A9E700BF03
:108FC000449A002438B5002407E004EB840293009F
:108FD0000E481844FFF765FC0134062CF5D90C4DFA
:108FE0002846FFF75EFC0B4C2046FFF75AFC0A4868
:108FF000FFF757FC0948FFF754FC0948FFF751FCFD
:10900000084B1D60084B1C6038BD00BFD48900248C
:10901000C0890024AC890024908900247C89002424
:1090200064890024A8890024A489002410B504467A
:10903000FFF7E8FC214A136801331360204B1B68DB
:109040005BB1204B1B686BB91D4B1B68DA6AE36A86
:109050009A4207D81A4B1C6004E0194B1C60136835
:10906000012B28D0184A136801331360E06A0123EA
:109070008340164A11680B43136000EB8000211DEA
:10908000134B03EB8000FFF71AFCFFF7DDFC0D4BE1
:109090001B687BB10A4B1B68DA6AE36A9A4209D201
:1090A0004FF0E0234FF08052C3F8042DBFF34F8FF1
:1090B000BFF36F8F10BDFFF785FFD3E760890024F2
:1090C000608A00245489002444890024588900249B
:1090D000D489002410B50446503003F0A3FF94F85F
:1090E000953163B1012B11D0022B0ED04FF05003FC
:1090F00083F31188BFF36F8FBFF34F8FFEE7206BB1
:10910000FFF78EFE2046FFF78BFE10BD2046FFF7CF
:1091100087FEFAE70F4B1B68D3B110B5FFF772FC5F
:109120000D4BDB68DC68201DFFF7EDFB0B4A136875
:10913000013B1360074A1368013B1360FFF784FC8F
:109140002046FFF7C7FF034B1B68002BE6D110BD7D
:10915000704700BF788900247C890024608900243E
:1091600008B5FFF7D7FF074B1B68012BF9D94FF064
:10917000E0234FF08052C3F8042DBFF34F8FBFF3AD
:109180006F8FEEE7D489002470B504460D461F4B5F
:109190001E681F4B18680430FFF7B5FB48B91C4B1D
:1091A0001B68DB6A01229A401A490B6823EA020312
:1091B0000B60B4F1FF3F14BF00230123002D08BF53
:1091C00000236BB93444124B1B685C60A6420ED975
:1091D000114B18680E4B19680431FFF77BFB70BD0B
:1091E0000B4B196804310D48FFF769FBF7E70C4B8F
:1091F0001868074B19680431FFF76CFB094B1B68B3
:10920000A342ECD9074B1C60E9E700BF5C8900244E
:10921000608A002458890024A489002464890024D9
:10922000A88900244089002430B587B00B9C8CB1FC
:109230000C9DC5B14FF4CC750495049DB5F5CC7F5C
:109240001AD04FF0500383F31188BFF36F8FBFF331
:109250004F8FFEE74FF0500383F31188BFF36F8FFA
:10926000BFF34F8FFEE74FF0500383F31188BFF336
:109270006F8FBFF34F8FFEE7049D0C9D2C6302247C
:1092800085F8954100240394029505AC01940A9C4D
:109290000094FFF719FE0C98FFF7C8FE059807B079
:1092A00030BD2DE9F04385B00746884614461E467A
:1092B0009000FFF733FD10B381464FF4CC70FFF7F9
:1092C0002DFD0546A8B1C0F83090002380F89531F7
:1092D000039302900D9B01930C9B0093334622460F
:1092E00041463846FFF7F0FD2846FFF79FFE012074
:1092F00007E04846FFF794FD4FF0FF3001E04FF0E4
:10930000FF3005B0BDE8F08310B588B000240594A7
:10931000069407AA06A905A8F8F778F8059B029312
:10932000069B019300942346079A10491048FFF7C3
:109330007BFF104B1860B8B14FF0500383F31188D6
:10934000BFF36F8FBFF34F8F0B4B1B6850330B4A2C
:1093500013600B4B4FF0FF321A600A4B01221A6068
:10936000094B1C60FFF7E8FB08B010BD5043010833
:10937000619100083C890024608A0024A000002438
:1093800040890024548900245C890024024A13681F
:1093900001331360704700BF38890024F8B53A4B99
:1093A0001B68002B69D1394B1D6801351D60C5B99B
:1093B000374B1B681B6843B14FF0500383F3118890
:1093C000BFF36F8FBFF34F8FFEE7314A1168314B08
:1093D000186810601960304A136801331360FFF792
:1093E0005DFD2E4B1B68AB423DD900272C4B1B6803
:1093F000DB6A03EB83039A002A4B9B58012B00D9AD
:109400000127294B1B68002B3CD001273AE001279C
:109410001F4B1B681B6843B31D4B1B68DB68DC6874
:1094200063689D4226D3261D3046FFF76CFAA36A77
:109430001BB104F11800FFF766FAE36A01229A40B3
:109440001A49086802430A6003EB83039A00314615
:1094500014481044FFF733FAE26A114B1B68DB6AC9
:109460009A42D4D2D4E70027D2E70C4B4FF0FF3218
:109470001A60BBE7094A1360B8E70D4A1368013365
:10948000136000273846F8BD388900245C89002421
:10949000A8890024A4890024488900244089002444
:1094A000608A0024D48900244C890024588900242F
:1094B0005089002438B5354B1B6843B94FF0500331
:1094C00083F31188BFF36F8FBFF34F8FFEE7FFF772
:1094D00099FA2E4B1A68013A1A601B68002B4FD17B
:1094E0002B4B1B680BB900244BE00024294B1B6855
:1094F0001BB3284BDB68DC6804F11800FFF703FAA4
:10950000251D2846FFF7FFF9E06A01238340224A20
:1095100011680B43136000EB800029461F4B03EBDF
:109520008000FFF7CCF9E26A1D4B1B68DB6A9A42A8
:10953000DCD31C4B01221A60D8E70CB1FFF7AEFC5C
:10954000194B1C6884B9174B1C68D4B14FF0E02349
:109550004FF08052C3F8042DBFF34F8FBFF36F8FCE
:1095600001240EE0013C07D0FFF718FF0028F9D0D6
:109570000C4B01221A60F5E70B4B00221A60E2E760
:109580000024FFF761FA204638BD00BF3889002467
:10959000608900249089002458890024D4890024FB
:1095A000608A00244C8900245089002410B5A8B199
:1095B0000446104B1B6843B14FF0500383F31188EE
:1095C000BFF36F8FBFF34F8FFEE7FFF7DFFE002182
:1095D0002046FFF7D9FDFFF76DFF48B94FF0E023B4
:1095E0004FF08052C3F8042DBFF34F8FBFF36F8F3E
:1095F00010BD00BF38890024224B1B681BB1224BD1
:1096000001221A607047204B00221A601F4B1B6812
:10961000B3FA83F3DBB2C3F11F0303EB83018A00C8
:109620001B498A5842B94FF0500383F31188BFF3A6
:109630006F8FBFF34F8FFEE7154803EB83018A005E
:10964000024451684968516003EB830C4FEA8C0275
:109650000832024491420DD003EB83039A000C4B75
:1096600013445B68DA680B4B1A601B6850330A4A74
:1096700013607047486862469100054A0A4450608A
:10968000EAE700BF388900244C8900245889002467
:10969000D4890024608A0024A0000024084AD2F85B
:1096A000FC3043F08073C2F8FC30064B064AC3F826
:1096B000B02F00225A601A6842F001021A60704707
:1096C00000ED00E0001000E055CEACC5704708B5D5
:1096D000FFF7E4FF08BD0000074B5A68074B1B6803
:1096E0000749A1FB03139B0C03FB00F0024B5B68D3
:1096F0009B1A8342FAD37047001000E01800002440
:1097000083DE1B4310B504E04FF47A70FFF7E4FFEB
:109710002046431E9CB20028F6D110BD08B5002299
:1097200001210248FBF76CF908BD00BF0008025890
:1097300008B5012211460248FBF762F908BD00BFD7
:109740000008025808B5002208210248FBF758F922
:1097500008BD00BF0008025808B5012208210248D0
:10976000FBF74EF908BD00BF0008025800B587B0EE
:109770008DF80F004FF47A73009301230DF1170257
:109780000DF10F010348FDF7FFF99DF8170007B031
:109790005DF804FB4C0F002410B50C46FFF7E6FF04
:1097A0002046FFF7E3FF10BD10B50C4640F08000E7
:1097B000FFF7DCFF5520FFF7D9FF207010BD38B54B
:1097C0000D46144640F08000FFF7D0FF06E055201C
:1097D000FFF7CCFF05F8010B013CE4B2002CF6D1F9
:1097E00038BD000070B5FFF799FF8020FFF7BEFF7E
:1097F0005520FFF7BBFF5520FFF7B8FFFFF798FF95
:109800009620FFF769FFFFF789FF8020FFF7AEFF83
:109810005520FFF7ABFF5520FFF7A8FFFFF788FFA4
:109820009620FFF759FFFFF779FFB6217E20FFF75B
:10983000B3FFFFF77DFF5020FFF764FFFFF76EFFD8
:109840008020FFF793FF5520FFF790FF5520FFF78B
:109850008DFFFFF76DFF9620FFF73EFFFFF75EFFDE
:109860008020FFF783FF5520FFF780FF5520FFF78B
:109870007DFF0446FFF75CFF9620FFF72DFF1E2CAF
:1098800032D10024052C2DD8FFF748FF174A04EBEE
:109890004403D1184E78D55C31462846FFF77CFF4B
:1098A000FFF746FF9620FFF717FFFFF737FF45F05A
:1098B0008000FFF75BFF5520FFF758FF5520FFF7AB
:1098C00055FF0546FFF734FF9620FFF705FFAE4230
:1098D00002D10134E4B2D5E704EB4404034B234442
:1098E000987800E0002070BDFF20FCE77445010877
:1098F00070B582B000248DF80740FFF723FF0DF10B
:1099000007012046FFF750FFFFF726FF9620FFF7DD
:10991000E3FEFFF717FF0DF107012046FFF744FFB5
:10992000FFF71AFF9620FFF7D7FEFFF70BFFB621D0
:109930001420FFF731FFFFF70FFF5020FFF7E2FE83
:10994000FFF700FF0DF107012046FFF72DFFFFF79E
:1099500003FF9620FFF7C0FEFFF7F4FE0DF10701AD
:109960002046FFF721FFFFF7F7FE9620FFF7B4FE32
:109970009DF807300F2B2ED1052C29D8FFF7E2FEDA
:10998000164A04EB4403D1184D78D65C294630467C
:10999000FFF702FFFFF7E0FE9620FFF79DFEFFF7BF
:1099A000D1FE0DF107013046FFF7FEFEFFF7D4FEB2
:1099B0009620FFF791FE9DF807309D4202D10134B9
:1099C000E4B2D9E704EB4404044B2344987800E064
:1099D000002002B070BDFF20FBE700BF604501081A
:1099E00010B5FFF773FEFFF772FEFFF7FBFE0446AC
:1099F000FFF77EFF2043C0B210BD0000F0B583B07A
:109A000006460D461446002700970197FFF786FE8D
:109A10009220FFF7ABFE062269461220FFF7CFFE29
:109A2000FFF786FE9DF801301B021BB29DF8002057
:109A3000134307EE903AF8EEE77A474A92ED007A40
:109A400067EE877AC5ED007A9DF803301B021BB2E2
:109A50009DF802100B4307EE903A92ED007AF8EE73
:109A6000E77A67EE877AC5ED017A9DF805301B022B
:109A70001BB29DF80420134307EE903AF8EEE77A04
:109A800067EE877AC5ED027AFFF75CFE0822694629
:109A90003846FFF794FEFFF75FFE9DF800300F2B6E
:109AA00027D0FFF73BFEA220FFF760FE02226946A7
:109AB0002220FFF784FEFFF73BFE9DF800209DF873
:109AC00001305B0943EAC203B3F5806F01DBA3F504
:109AD000006307EE903AF8EEE77AB4EE007A67EEAC
:109AE000877AB3EE077A77EE877AC4ED007A03B00F
:109AF000F0BD9DF803301B021BB29DF802201343FA
:109B000007EE903AF8EEE77A144A92ED007A67EEA3
:109B1000877AC6ED007A9DF805301B021BB29DF8CE
:109B200004100B4307EE903A92ED007AF8EEE77AD4
:109B300067EE877AC6ED017A9DF807301B021BB2EB
:109B40009DF80620134307EE903AF8EEE77A67EEA9
:109B5000877AC6ED027AA4E72C00002428000024AE
:109B600010B504463E4B1B79012B14D150B101288E
:109B700017D13B4B93ED0A0A1A785978D87802F03E
:109B800095F90EE0364B9FED370A1A785978D87858
:109B900002F08CF905E0324B5A780121084602F0B8
:109BA00045F9314B1B79012B14D154B1012C17D13C
:109BB0002D4B93ED0A0A1A785978D87802F076F985
:109BC0000EE0294B9FED270A1A785978D87802F0D1
:109BD0006DF905E0244B5A780121084602F026F978
:109BE000224B1B79012B14D154B1012C17D11F4BDF
:109BF00093ED0A0A1A785978D87802F057F90EE0EE
:109C00001A4B9FED180A1A785978D87802F04EF955
:109C100005E0164B5A780121084602F007F9144B6B
:109C20001B79012B14D154B1012C17D1104B93ED9A
:109C30000A0A1A785978D87802F038F90EE00C4BF5
:109C40009FED080A1A785978D87802F02FF905E0C4
:109C5000074B5A780121084602F0E8F810BD00BF12
:109C60009C8F002400000000708F0024448F00248B
:109C7000188F002408B505E00120FFF771FF0120CF
:109C8000FEF708FE064B9B7A012B05D0032BF3D081
:109C90000020FFF765FFF2E70120FFF761FFEEE725
:109CA0005C8E0024084BB3F9023007EE103AB8EE90
:109CB000C77ADFED066AC7EE267A77EEA77A044BFD
:109CC000C3ED007A704700BF5C8E0024000025447D
:109CD000380D0024124BB3F9022007EE902AF8EE5B
:109CE000E77AB3F90C3007EE103AB8EEC77A77EEA0
:109CF000C77AB6EE007A67EE877A77EEA77A9FED9D
:109D0000097A67EE877ADFED086A87EEA67ADFEDDB
:109D1000077A87EE270ADFED067A20EE270A7047DA
:109D2000948D0024DB0F4940000070423C3C7C4194
:109D30008FC2753D08B5DFED050A9FED050A054A9E
:109D40000021054802F076FA08BD00BF00000000BF
:109D500000409C4578000024F48A002410B5F0EE01
:109D6000400A054C054B93ED050A204602F080FAA7
:109D700094ED080A10BD00BFF48A0024248E00244C
:109D800008B5DFED050AB0EE000A044A00210448D8
:109D900002F050FA08BD00BF000000006C00002473
:109DA000648A002410B5F0EE400A064B1B8D00EECD
:109DB000103A054CB8EE400A204602F059FA94EDEC
:109DC000080A10BD948D0024648A002408B5DFEDD4
:109DD000050AB2EE040A044A0021044802F02AFAF5
:109DE00008BD00BF0000000060000024AC8A002411
:109DF000DFED1E7AB4EEE70AF1EE10FA0FD51C4B38
:109E00004FF440421A80DFED197AF4EEE70AF1EEE2
:109E100010FA17D5174B4FF440421A807047DFED08
:109E2000167AB4EEE70AF1EE10FA04DD104B4FF4A7
:109E300080421A80E7E7BDEEC00A0D4B10EE102AF3
:109E40001A80E0E7DFED0C7AF4EEE70AF1EE10FAA3
:109E500004DD084B4FF480421A807047FDEEE00AA3
:109E6000044B10EE902A1A80704700BF000080C695
:109E7000960D0024940D00240000804608B52DEDB9
:109E8000068BF0EE409AB0EE608AB0EE419A08F090
:109E9000BBFFF0EE408AB0EE690A08F075FFF0EE05
:109EA000409A28EE08AA68EEA87A29EE099A6AEE86
:109EB000277A39EE670A08F045FFDFED0B7AB4EE3A
:109EC000E70AF1EE10FA0CD428EE688A68EE8A8A66
:109ED00068EEA98AC8EE807A38EE670ABDEC068B78
:109EE00008BD9FED020AF9E7BD3786350000000086
:109EF00038B52DED028B9FED208A204CB5EE001A6F
:109F0000F0EE480A94ED020AFFF7B8FF84ED060A66
:109F10001B4DB5EE001AF0EE480A95ED020AFFF768
:109F2000ADFF85ED060AD4ED067ABEEE007A67EE47
:109F3000877AC4ED077AF1EE676AC4ED086A4FF0DC
:109F40007C536362A36220EE070A85ED070AB1EE37
:109F5000407A85ED087A6B62AB62C4ED0B7A2363BD
:109F6000C4ED0D6AA36385ED0B0A2B6385ED0D7AB5
:109F7000AB63BDEC028B38BD3D0A573EB88C002464
:109F80005C8C00241F4B93ED077A1F4AD2ED037AB5
:109F900027EE277A93ED086A1C4AD2ED036A26EE73
:109FA000266A37EE067A83ED0F7A93ED097A67EE2B
:109FB000877A93ED0A7A66EE876A77EEA67AC3ED22
:109FC000107A134BD3ED077A124A92ED036A67EECB
:109FD000C67A93ED087A104AD2ED036A27EE667AC4
:109FE00077EE877AC3ED0F7AD3ED097A67EEC67AFA
:109FF00093ED0A7A27EE667A77EE877AC3ED107AC8
:10A00000704700BFB88C0024448F0024708F002458
:10A010005C8C0024188F00249C8F0024024B034A80
:10A020005361034A536170473D0AD73EB88C002400
:10A030005C8C0024144B9B7A012B05D00023134A1F
:10A040009364134A936470470F4BB3F9062007EEED
:10A05000102AB8EEC77A9FED0F6AC7EE067ADFEDD9
:10A060000E6A67EEA67A094AC2ED127AB3F9023097
:10A0700007EE103AB8EEC77AC7EE067A67EEA67A10
:10A08000034BC3ED127A70475C8E0024B88C002419
:10A090005C8C0024000025440000204208B5DFED60
:10A0A000050A9FED050A054A0021054802F0C2F89D
:10A0B00008BD00BF00000000000020425400002442
:10A0C000848B002408B5DFED050A9FED050A054ADB
:10A0D0000021054802F0AEF808BD00BF00000000F6
:10A0E00000002042480000243C8B00241B4BD3ED91
:10A0F0000B7A67EEA07A93ED0C7A27EE007A77EE72
:10A10000877AC3ED137AD3ED0D7A67EEA00AD3ED0B
:10A110000E7A67EE807A70EEA70AC3ED140A104B30
:10A12000D3ED0B7A67EEA17A93ED0C7A27EE017AE4
:10A1300077EE877AF1EE677AC3ED137AD3ED0D7A75
:10A1400067EEA17A93ED0E7A27EE017A77EE877AA1
:10A15000F1EE677AC3ED147A704700BFB88C002423
:10A160005C8C0024DFED327AB4EEE70AF1EE10FAEF
:10A1700021DD304BC3ED0A7ADFED2D7AF4EEE70AEC
:10A18000F1EE10FA26DD2C4BC3ED0A7ADFED287ACA
:10A19000B4EEE71AF1EE10FA2BDD284BC3ED0A7A84
:10A1A000DFED237AF4EEE71AF1EE10FA30DD244BFE
:10A1B000C3ED0A7A7047DFED237AB4EEE70AF1EED9
:10A1C00010FA03D51B4BC3ED0A7AD5E7194B83ED83
:10A1D0000A0AD1E7DFED1B7AF4EEE70AF1EE10FA96
:10A1E00003D5154BC3ED0A7AD0E7134BC3ED0A0A2A
:10A1F000CCE7DFED147AB4EEE71AF1EE10FA03D5EE
:10A200000E4BC3ED0A7ACBE70C4B83ED0A1AC7E776
:10A21000DFED0C7AF4EEE71AF1EE10FA03D5084BF5
:10A22000C3ED0A7A7047064BC3ED0A1A704700BFA8
:10A23000000020429C8F0024708F0024448F002453
:10A24000188F0024000020C2114B93ED157AF3EE15
:10A250000E7AB4EEE77AF1EE10FA10D54FF07E5296
:10A260009A650C4B93ED157AF3EE0E7AB4EEE77A1D
:10A27000F1EE10FA07D54FF07E529A657047044B05
:10A2800000229A65EDE7034B00229A65704700BFF4
:10A29000B88C00245C8C002408B52D4BD3ED0B7AD0
:10A2A00093ED0E7A67EE877A93ED0C6AD3ED0D6A23
:10A2B00066EE266A77EEE67AF0EEE75ADFED256A7B
:10A2C000F4EEE65AF1EE10FA10DD234BD3ED046AFA
:10A2D00027EE267A214BD3ED046A26EE266A37EE66
:10A2E000467AC7EE276A1A4BC3ED156A1C4BD3EDAD
:10A2F0000B7A93ED0E6A67EE867AD3ED0C6A93EDD6
:10A300000D7A26EE877A77EEC77AF0EEE75A9FED60
:10A31000117AF4EEC75AF1EE10FA10DD114B93EDFD
:10A32000047A27EE467A104B93ED046A66EE866A4D
:10A3300037EE267AC7EE276A094BC3ED156A0B4B39
:10A340009B7A022B00D108BDFFF77EFFFBE700BF21
:10A35000B88C0024BD378635448F0024708F0024CC
:10A360005C8C0024188F00249C8F00245C8E0024B9
:10A37000DFED847A60EE277A9FED837A20EE877A8C
:10A3800077EE877A9FED817A21EE077A77EEC77AAA
:10A390009FED7F7A77EE877A7E4BC3ED007ADFED13
:10A3A0007E7A60EE277A9FED7D7A20EE877A77EECF
:10A3B000877A9FED7B7A21EE077A77EEC77A9FED59
:10A3C000797A77EE877AC3ED017ADFED777A60EEFE
:10A3D000277A9FED767A20EE877A77EE877A9FED5F
:10A3E000747A21EE077A77EEC77A9FED727A77EE6C
:10A3F000877AC3ED027ADFED707A60EE277A9FEDFF
:10A400006F7A20EE877A77EE877A9FED6D7A21EE6C
:10A41000077A77EEC77A9FED6B7A77EE877AC3ED8E
:10A42000037ADFED697A60EE277A9FED687A20EE95
:10A43000877A77EE877A9FED667A21EE077A77EE54
:10A44000C77A9FED647A77EE877AC3ED047ADFED01
:10A45000627A60EE277A9FED617A20EE877A77EE56
:10A46000877A9FED5F7A21EE077A77EEC77A9FEDC4
:10A470005D7A77EE877AC3ED057ADFED5B7A60EE81
:10A48000277A9FED5A7A20EE877A77EEC77A9FED8A
:10A49000587A21EE077A77EE877A9FED567A77EE33
:10A4A000C77AC3ED067ADFED547A60EE277A9FED26
:10A4B000537A20EE877A77EEC77A9FED517A21EEB4
:10A4C000077A77EE877A9FED4F7A77EEC77AC3EDFA
:10A4D000077ADFED4D7A60EE277A9FED4C7A20EE19
:10A4E000877A77EEC77A9FED4A7A21EE077A77EE80
:10A4F000877A9FED487A77EEC77AC3ED087ADFED69
:10A50000467A60EE277A9FED457A20EE877A77EEDD
:10A51000C77A9FED437A21EE077A77EE877A9FED2F
:10A52000417A77EEC77AC3ED097ADFED3F7A60EEC4
:10A53000277A9FED3E7A20EE877A77EEC77A9FEDF5
:10A540003C7A21EE077A77EE877A9FED3A7A77EEBA
:10A55000877AC3ED0A7ADFED387A20EE270ADFED3D
:10A56000377A60EEA70A30EE600ADFED357A21EE29
:10A57000271A30EE010ADFED337A30EE270A83ED39
:10A580000B0A7047523855425FE99A42356FFF42D5
:10A59000DF4F4D40640D0024D9CE9D40780BE6413D
:10A5A00028FE22425305034064CC1A4141820E41E9
:10A5B00047036F412653853E8FE4DA40E3259941F6
:10A5C0004A7BBC41B150AB3E58A9BFC3110FEE430B
:10A5D000D8907043FEC580429318E5C16900FB41E5
:10A5E000D93D6041D3BC7B40A0810A44473F184419
:10A5F0000B345D43D65635411F1522435BF12D4385
:10A600001DB873424BC80340CAB2D442E71BDC42B8
:10A61000074E1442DCD7154068112743019E294399
:10A620008F025F42BC965040E2987844DBB582448A
:10A63000471AC743FC29A04240A414419FAB57418D
:10A640000378F9408273B04084B008B50DF1080C6E
:10A650008CE80F009DED021A61EE010A21EE200A3E
:10A66000FFF786FEDDED067A264BC3ED007A9DED01
:10A67000055A254B83ED005ADDED086A9FED237ADC
:10A6800076EEC76A224BC3ED006A224B93ED006A57
:10A690009DED077A37EE467A1F4B83ED007ADDEDAC
:10A6A000045A1E4BC3ED005A9DED036A1C4B83ED0B
:10A6B000006A1C4BD3ED004A27EEA40AD3ED017AC1
:10A6C00025EE275A30EE050AD3ED027A66EEA76A28
:10A6D00030EE260AD3ED037A27EE277A30EE070A0A
:10A6E000D3ED047A65EEA75A30EE250AD3ED057A4C
:10A6F00026EE276A30EE060AB1EE400ABDE80840B1
:10A7000004B07047580D0024540D00243333333FF8
:10A71000500D0024380D00244C0D0024480D002459
:10A72000440D0024640D0024364B9B7A012B05D088
:10A730000023354A1360354A1360704700B52DED8C
:10A74000028B85B0324B93ED167AF7EE007AB4EEB9
:10A75000677AF1EE10FA07D02A4BB3F90830C82B0C
:10A7600002DC13F1C80F20DA0023274A1360294ABC
:10A770009361294B93ED167AF7EE007AB4EE677A7F
:10A78000F1EE10FA07D01F4BB3F90830C82B02DCEA
:10A7900013F1C80F1FDA00231C4A13601F4A93618C
:10A7A00005B0BDEC028B5DF804FB1D4B93ED008AF8
:10A7B000184B03F1100207CA8DE807000FCBFFF713
:10A7C00043FFDFED187A20EE270A38EE408A0E4B61
:10A7D00083ED008ACDE7114B03F1100207CA8DE823
:10A7E00007000FCBFFF730FFDFED0E7A60EE277A20
:10A7F0000B4B93ED007A77EE877A044BC3ED007A2A
:10A80000CEE700BF5C8E0024600D00245C0D0024A8
:10A81000B88C0024308D00245C8C0024148D00241E
:10A82000400D00247E95144508B5DFED050A9FED27
:10A83000050A054A0021054801F0FCFC08BD00BFDF
:10A840000000000000007A443C000024148C002426
:10A8500010B5F0EE400A054C054B93ED040A204676
:10A8600001F006FD94ED080A10BD00BF148C002411
:10A87000B88C002408B5DFED050A9FED050A054AEE
:10A880000021054801F0D6FC08BD00BF0000000013
:10A8900000007A4430000024CC8B002410B5F0EE88
:10A8A000400A054C054B93ED040A204601F0E0FCFC
:10A8B00094ED080A10BD00BFCC8B00245C8C0024F2
:10A8C0000F4BDB7A012B00D1704710B52DED028BB9
:10A8D0000C4C94ED050AFFF7BBFF9FED0B8A30EEA1
:10A8E000080A84ED110A094C94ED050AFFF7D6FF1A
:10A8F00030EE080A84ED110ABDEC028B10BD00BFDA
:10A900005C8E0024B88C0024000000005C8C0024C5
:10A9100008B52DED048BF0EE408AB0EE608AF0EEC3
:10A92000419AB0EE410A08F06FFAB0EE409AB0EEEC
:10A93000690A08F029FAF0EE407A28EE088A29EE32
:10A94000287A27EE287A27EE097A38EE470AB5EEFC
:10A95000C00AF1EE10FA0DD467EEA88A08F0F2F9F9
:10A9600038EE800AB5EEC00AF1EE10FA05D9BDEC5A
:10A97000048B08BDBFEE000AF9E7BFEE000AF6E758
:10A9800038B52DED028B254B93ED027A244D85EDE4
:10A99000007A244BD3ED026AF1EE667A224CC4EDC4
:10A9A000007A224B93ED021ADFED217A31EE271A5D
:10A9B00085ED031A1F4B93ED026A77EEC67AC4ED5C
:10A9C000037A31EE471AB6EE006A21EE061A85EDDB
:10A9D000021A76EEA77A67EE867AC4ED027A37EE2F
:10A9E000017A85ED017A77EEE67AC4ED017A9FED82
:10A9F000128AF5EE000AB0EE480AFFF789FF85EDEE
:10AA0000040A94ED021AF5EE000AB0EE480AFFF7C8
:10AA10007FFF84ED040ABDEC028B38BD448F002417
:10AA2000B88C0024188F00245C8C0024708F0024C4
:10AA3000DB0F49409C8F00243D0A573E38B52DED71
:10AA4000028B3D4BD3ED027AF1EE677A3B4CC4EDBD
:10AA5000017A3B4DC5ED017AD3ED057AF1EE677AC7
:10AA6000C4ED027AC5ED027AFFF78AFFFFF740FADC
:10AA7000FFF788FA334AD2ED107A94ED017A77EE37
:10AA8000C77AC4ED037A304BD3ED107A77EEC77AEC
:10AA9000C5ED037A1169216019692960D2ED017A47
:10AAA00094ED027A77EEC77A9FED287A77EEC77A2F
:10AAB000C4ED047AD3ED017AD5ED026A77EEE67A39
:10AAC00077EEC77AC5ED047AFFF704F9B0EE408A55
:10AAD00084ED050AFFF7FEF885ED050A1C4B9B7A0D
:10AAE000012B07D00023154A9361154A9361BDECF1
:10AAF000028B38BD174BD3ED007AF5EE407AF1EEBC
:10AB000010FA12D1D4ED067A9FED137A28EE078A57
:10AB100077EE887AC4ED067AD5ED067A20EE070A3C
:10AB200077EE807AC5ED067AE1E70023034A936168
:10AB3000034A9361DBE700BF788E0024308D002448
:10AB4000148D0024B88C00245C8C0024DB0FC93FDA
:10AB50005C8E0024380D00246F12833A08B5FFF78D
:10AB600063FEFFF787FEFFF799FAFFF7ABFAFFF7EF
:10AB7000E1F8FFF72BF9FFF703F9214B214A536165
:10AB8000214A5361FFF78EF8FFF758FF9FED1F0A28
:10AB9000FFF708F9B1EE400A1D4B83ED000AFFF7FD
:10ABA000DDF81C4B83ED000AFFF7BEFD1A4BD3ED19
:10ABB000000A1A4B93ED000AFFF71AF9FFF72EFA75
:10ABC000FFF77EFEFFF736FA0F4C0E4DD4ED111A4B
:10ABD00094ED121AD5ED110A95ED120AFFF786FAD7
:10ABE000D4ED131A95ED131AD5ED140A94ED140A49
:10ABF000FFF7B8FAFFF750FB0120FDF74BFEC1E766
:10AC00000AD7233EB88C00245C8C002400E06D45FC
:10AC10003C0D0024400D00245C0D0024600D002438
:10AC200008B5054BB3F90810044801F031FE0120C6
:10AC3000FDF730FEF5E700BF5C8E002458430108A5
:10AC400070B52DED028B82B00346C278807840EA61
:10AC50000220ADF800005A791D7945EA0225ADF8C9
:10AC60000250DA799C7944EA0224ADF80440DFED21
:10AC7000138A9FED138A1021F0EE680AB0EE480A9D
:10AC800001F0C4FA0F4E86ED060A1021F0EE680AB4
:10AC9000B0EE480A284601F0B9FA86ED070A1021FD
:10ACA000F0EE680AB0EE480A204601F0AFFA86EDF1
:10ACB000080A02B0BDEC028B70BD00BF33336B439A
:10ACC00033336BC3248E002470B52DED028B82B01C
:10ACD0000346C278807840EA0220ADF800005A7935
:10ACE0001D7945EA0225ADF80250DA799C7944EAEB
:10ACF0000224ADF80440DFED138A9FED138A102182
:10AD0000F0EE680AB0EE480A01F080FA0F4E86EDC8
:10AD1000030A1021F0EE680AB0EE480A284601F056
:10AD200075FA86ED040A1021F0EE680AB0EE480AC2
:10AD3000204601F06BFA86ED050A02B0BDEC028BED
:10AD400070BD00BF1F850B421F850BC2248E0024DF
:10AD500070B52DED028B84B00346C278807840EA4E
:10AD6000022001905A791D7945EA02250295DA7987
:10AD70009C7944EA022403941021DFED120A9FED2E
:10AD8000120A01F043FA114E86ED000ADFED108A37
:10AD90009FED108A1021F0EE680AB0EE480A2846AE
:10ADA00001F034FA86ED020A1021F0EE680AB0EEE6
:10ADB000480A204601F02AFA86ED010A04B0BDECEB
:10ADC000028B70BD0000B4420000B4C2248E002487
:10ADD00000003443000034C3F8B5034690F801C0C6
:10ADE0008678B01000F03E00360306F44056DA785C
:10ADF00046EA02161A7946EA1216950205F47055CB
:10AE00005A7945EA82059A7945EA9215140204F4C2
:10AE10007C54DB791C430E21F7EE000ABFEE000ADA
:10AE200040EA8C1001F0F2F9104F87ED090A0E216B
:10AE3000F7EE000ABFEE000A304601F0E7F987EDB1
:10AE40000A0A0E21F7EE000ABFEE000A284601F0BA
:10AE5000DDF987ED0B0A0E21F7EE000ABFEE000ABE
:10AE6000204601F0D3F987ED0C0AF8BD248E0024AA
:10AE700008B50378013B032B05D8DFE803F0020592
:10AE8000080BFFF7DDFE08BDFFF71EFFFBE7FFF72E
:10AE90005FFFF8E7FFF7A0FFF5E70000064B93F828
:10AEA0002E303B2B03D8054B01221A807047034BF1
:10AEB00000221A80704700BF948D00249C0D00244E
:10AEC00008B5F7F77FFA1D4BDB69C01AB0F5FA7FBA
:10AED00024D91A4B00221A71F7F774FA184BDB6960
:10AEE000C01AB0F5FA7F1DD9154B00221A71F7F779
:10AEF00069FA144BDB69C01AB0F5FA7F16D9114B09
:10AF000000221A71F7F75EFA0F4BDB69C01AB0F531
:10AF1000FA7F0FD90C4B00221A7108BD074B012292
:10AF20001A71D9E7064B01221A71E0E7054B01229D
:10AF30001A71E7E7044B01221A71EEE79C8F002497
:10AF4000708F0024448F0024188F002408B5FFF769
:10AF5000A5FFFFF7B5FF0120FDF79CFCF7E7000018
:10AF600008B5144AB2F90010134B1980B2F9021057
:10AF70005980B2F904109980B2F90610D980B2F95B
:10AF800008101981917A9972D17AD972B2F90C109C
:10AF90005982B2F90E109982B2F91010D982917CBF
:10AFA0001976D17C5976928A5A830120FDF772FC7A
:10AFB000D7E700BF009900245C8E002480B53E4D89
:10AFC0003E4C3F4A29462046FEF718FD9FED3D3A8C
:10AFD0003D4FB0EE434AF0EE433AD5ED022A95EDEF
:10AFE000012AD5ED001A94ED021AD4ED010A94ED70
:10AFF000000A384600F0E8F9344DA5F108062B4662
:10B000002A1F3146384600F0DBFB55ED024ADFEDE2
:10B01000307A64EEA75A2F4BC3ED005A55ED016A02
:10B0200026EEA77A83ED017A96ED025A65EE277A2D
:10B03000C3ED027A94ED016AB1EE466A264B83EDC8
:10B04000006AA2685A6022689A60F1EE666AC3EDEF
:10B05000036AC3ED044A83ED055AB1EE477A83EDE6
:10B06000067AC3ED075AC3ED087A1C4AD1681C4B17
:10B0700019605169596011699960D2ED016AC3ED97
:10B08000066A92ED027A83ED077AD2ED007AC3ED7B
:10B09000087A9FED146A66EE866AC3ED036A27EEAE
:10B0A000067A83ED047A67EE867AC3ED057A01208D
:10B0B000FDF7F0FB83E700BFBC0D0024C80D0024A2
:10B0C000B80D00240000000004000024B40D00248A
:10B0D000E02E6542A00D00249C8E0024248E0024C6
:10B0E000788E002435FA8E3C08B500221146FF20E8
:10B0F00001F0EEFB4FF47A70FDF7CCFB0022FF214C
:10B10000104601F0E5FB4FF47A70FDF7C3FBFF2218
:10B110000021084601F0DCFB4FF47A70FDF7BAFB22
:10B12000E3E70000F6EE007A60EE277A10EE103AC0
:10B13000074AA2EB630307EE103A67EE277A67EE41
:10B14000277AB7EE080A30EE670A27EE000A704742
:10B15000DF59375F10B52DED068B0446B0EE409AEF
:10B16000F0EE609AB0EE418AF0EE618AB0EE42AA4B
:10B17000F0EE62AAF5EE401AF1EE10FA14BF0123C8
:10B180000023B5EE402AF1EE10FA18BF43F0010398
:10B190002BB9F5EE402AF1EE10FA00F0938068EE3C
:10B1A000A87A2AEE0A7A77EE877A2AEEAA0A37EE8A
:10B1B000800AFFF7B7FF68EE808A2AEE00AA6AEEDF
:10B1C00080AA94ED017AD4ED036A27EE266AD4EDC5
:10B1D000007AD4ED025A27EEA55A36EE456A27EEDC
:10B1E000277A66EEA55A37EE257A67EEA77AF6EE4D
:10B1F000005A77EEE57A66EEA66A77EEA67A6AEEF0
:10B20000276A6AEE875A76EEE56A6AEE86AA68EEE3
:10B21000A77A7AEEE7AA68EE878A2AEE06AA78EE7F
:10B22000CA8A624BD3ED007AF5EEC07AF1EE10FADD
:10B2300040F3B380D3ED007A67EEA67A9FED5C7A97
:10B2400067EE877A5B4991ED006A76EE277AC1ED69
:10B25000007AD3ED007A67EEAA7A67EE877A564ACB
:10B2600092ED006A76EE277AC2ED007AD3ED007A8D
:10B2700067EEA87A67EE877A504B93ED007A77EE07
:10B28000277AC3ED007AD1ED007A39EE279AD2ED14
:10B29000007A79EEA79AD3ED007A38EE278A484BE8
:10B2A000D3ED007A67EEA67A39EE279AD3ED007ACD
:10B2B00067EEAA7A79EEA79AD3ED007A67EEA87ABC
:10B2C00038EE278ADFED3F7A29EE270A69EEA70AD2
:10B2D00028EE271AD4ED006A94ED017AD4ED027AB3
:10B2E00027EE409A20EEA76A39EE469AD4ED039AEB
:10B2F00029EE816A39EE469A39EE269A84ED009A53
:10B3000060EE268A21EE276A78EE868A29EEA06A08
:10B3100078EEC68A78EE878AC4ED018A20EEA68A86
:10B3200021EE076A38EE468A29EE806A38EE068AF0
:10B3300038EE278A84ED028A21EE261A60EE870A0B
:10B3400031EE201A20EE270A31EE401A79EE819A6A
:10B35000C4ED039A69EE097A28EEA87A77EE877A27
:10B3600028EE087A77EE877A29EEA90A37EE800A66
:10B37000FFF7D8FE29EE009A84ED009A68EE808AE5
:10B38000C4ED018A28EE008A84ED028A69EE809A73
:10B39000C4ED039ABDEC068B10BD0023054A136073
:10B3A000054A1360054A136079E700BFCC8E00247C
:10B3B0006F12833AC88E0024C48E0024C08E0024ED
:10B3C000840000246F12033A10B52DED108B86B067
:10B3D0000446B0EE409AF0EE609AB0EE418AF0EE8C
:10B3E00061BAF0EE428AB0EE62CAB0EE43AAB0EEA5
:10B3F00063BAF0EE44AAB5EE403AF1EE10FA0CBF93
:10B4000001230023F5EE403AF1EE10FA03F00103B8
:10B4100018BF00232BB1B5EE404AF1EE10FA00F050
:10B42000B681F5EE40BAF1EE10FA14BF0123002305
:10B43000F5EE408AF1EE10FA18BF43F001032BB984
:10B44000B5EE40CAF1EE10FA00F035816BEEAB7A42
:10B4500028EEA87A77EE877A2CEE0C0A37EE800A6F
:10B46000FFF760FE6BEE805ACDED025A28EE805A4F
:10B470008DED035A6CEE004ACDED044A6AEE0A7A6D
:10B480002BEE0B7A77EE877A2AEEAA0A37EE800A3D
:10B49000FFF748FE2AEE00AA2BEE00BA6AEE80AA59
:10B4A000D4ED007A27EEA77A8DED057AD4ED01BAB6
:10B4B00027EEABFAD4ED028A67EEA8FA94ED03DA30
:10B4C00067EE8D7A6BEEABCA6BEEA86A6BEE8DBA47
:10B4D00068EEA8EA68EE8D8A2DEE0DDAB6EE00EA87
:10B4E0003EEE6ECA3CEE4DCA2CEE0A7A76EEE7DAF4
:10B4F0002DEE8B6A37EE067A3FEEAB6A8DED016A70
:10B5000026EE2A6A37EE067A37EE077A77EEA67AC3
:10B5100067EE8A7A7EEE6CCA7CEECD6A66EE8B6A46
:10B5200077EEA67A78EECF6A66EEAA6A77EEA67A0A
:10B5300077EEA77A27EE077A67EEA77A77EE277A73
:10B5400017EE900AF5F740F841EC100B07F098FB66
:10B5500051EC100BF5F790F807EE100A7BEEEFBAFE
:10B560006BEE8A7A7FEE288A68EE8B6A77EEA67A8F
:10B570007CEEEECA6CEEAA6A77EEA67A77EEA77A30
:10B58000DDED056A76EECE6A76EE8D6A2CEE07CAA0
:10B590002BEEA76A3CEE06CA6DEE87DA28EEA76AA4
:10B5A0007DEE86DA9DED016A26EE077A6CEEA7CA7B
:10B5B00077EE2C7A9DED035A25EE266ADDED044ADE
:10B5C00028EEA47A36EE476A2BEE277A6AEEAD5A59
:10B5D00037EE657A36EE076A2BEEA47ADDED025A75
:10B5E00065EEA66A77EE666A6AEE8CAA6AEE277A3C
:10B5F0007AEEE7AA76EEAA7A68EEA58A6BEE85BAAD
:10B6000078EEEB8A2AEE2DAA2BEE0CBA3AEE4BAA74
:10B6100078EE8A8A634B93ED007AB5EEC07AF1EE4C
:10B6200010FA40F3B78093ED007A27EE067ADFED4B
:10B630005E6A27EE267A5D49D1ED005A35EE877AAB
:10B6400081ED007A93ED007A27EE277A27EE267AAD
:10B65000574AD2ED005A35EE877A82ED007A93EDA3
:10B66000007A27EE287A27EE267A524BD3ED006A2D
:10B6700036EE877A83ED007A91ED007A39EE079AFB
:10B6800092ED007A79EE879A93ED007A38EE078A88
:10B69000494B93ED007A27EE067A39EE079A93ED3F
:10B6A000007A67EE277A79EEA79AD3ED007A67EEF3
:10B6B000A87A38EE278ADFED417A29EE279A69EEDB
:10B6C000A79A28EE278A94ED006AD4ED016A94EDDA
:10B6D000027A66EEC9AA69EE877A7AEEE7AAD4ED15
:10B6E000037A67EE885A7AEEE5AA7AEE86AAC4ED66
:10B6F00000AA29EE06AA68EE075A3AEE25AA67EED6
:10B70000A95A3AEE65AA3AEE26AA84ED01AA69EE94
:10B71000868A68EE265A78EEE58A67EE895A78EED0
:10B72000A58A78EE878AC4ED028A28EE068A69EE39
:10B73000A69A38EE298A29EE079A38EE498A37EE1A
:10B74000888A84ED038A6AEEAA7A2AEE0A7A77EE6C
:10B75000877A28EEA87A77EE877A28EE080A37EEFD
:10B76000800AFFF7DFFC6AEE80AAC4ED00AA2AEE89
:10B7700000AA84ED01AA68EE808AC4ED028A28EE50
:10B78000008A84ED038A06B0BDEC108B10BDFFF774
:10B79000E1FCF8E70023054A1360054A1360054AF7
:10B7A000136075E7CC8E00246F12833AC88E002494
:10B7B000C48E0024C08E0024840000246F12033A3B
:10B7C000F8B52DED028B04460F4616461D46D0ED0A
:10B7D000000A90ED030A20EE800AD0ED017A90ED88
:10B7E000027A27EE877A30EE070A60EEA00A67EE4B
:10B7F000A77A70EEA70A70EEA00AB7EE008A70EE84
:10B80000C80A30EE000A07F09BFA87ED000AD4ED73
:10B81000017A94ED037A67EE877A94ED007AD4ED9D
:10B82000026A27EE267A77EEC77AB8EE000A27EE8C
:10B83000800A07F059FA86ED000AD4ED000A94ED6B
:10B84000010A20EE800A94ED027AD4ED037A27EE05
:10B85000277A30EE070A60EEA00A67EEA77A70EE4C
:10B86000A70A70EEA00A70EEC80A30EE000A07F0D0
:10B8700067FA85ED000ABDEC028BF8BD124BB3F9F7
:10B880000030002B1FDD114BB3F916301BB1104BEC
:10B8900001221A70704710B56420FCF7FBFF0B4BB8
:10B8A000B3F916301BB10A4B01221A7010BD084CB7
:10B8B0002370054B4EF678421A806420FCF7EAFFAD
:10B8C00001232370F2E770479A0D0024948D002421
:10B8D0000000002408B5FFF7D1FF0120FCF7DAFFD4
:10B8E000F9E7000008B5DFED050A9FED050A054AF6
:10B8F0000021054800F09EFC08BD00BF00409C45AB
:10B900000080BB4588000024D08E002410B5F0EEE6
:10B91000400A094BB3F9163000EE103A074CB8EE66
:10B92000C00A204600F0A4FCD4ED087AFDEEE77AC8
:10B9300017EE903A18B210BD948D0024D08E0024DA
:10B9400008B5064BB3F9003000EE103AB8EEC00A65
:10B95000FFF7DCFF024B188008BD00BF9A0D0024E2
:10B96000980D002408B5FFF7BDFFFFF7E9FF0120A0
:10B97000FCF790FFF9E708B50120FCF78BFFFBE728
:10B9800000B59BB00023129313930222149201225C
:10B9900015921693179312A94248F8F797FB0028BF
:10B9A0005BD100230093022211463E48F8F7D3FBF7
:10B9B000002855D1002201213A48F8F72FFD002830
:10B9C00051D13848F8F7E2FB00284FD100230A9301
:10B9D0000B9302220C9201220D920E930F930AA94F
:10B9E0003148F8F773FB002843D10023009302226B
:10B9F00011462D48F8F7AFFB00283DD10022012168
:10BA00002948F8F70BFD002839D12748F8F7BEFB85
:10BA1000002837D1002302930393022204920122CB
:10BA200005920693079302A92048F8F74FFB60BBE5
:10BA300000230093022211461C48F8F78CFB38BB08
:10BA4000002201211948F8F7E9FC20BB1748F8F754
:10BA50009DFB18BB1BB05DF804FBF5F763FEA0E788
:10BA6000F5F760FEA6E7F5F75DFEAAE7F5F75AFEE3
:10BA7000ACE7F5F757FEB8E7F5F754FEBEE7F5F784
:10BA800051FEC2E7F5F74EFEC4E7F5F74BFECFE7F0
:10BA9000F5F748FED4E7F5F745FED7E7F5F742FEA0
:10BAA000D8E700BFD0080024300800249007002405
:10BAB00000283FD0F8B50C4606460B781B094371A9
:10BAC00048788A78C97823791F0947EA01171D0247
:10BAD00005F4706563791D431021F2EE090ABAEE90
:10BAE000090A42EA002000F091FB86ED020A0C21CF
:10BAF000F2EE040ABAEE040A384600F087FB86ED3F
:10BB0000030A0C21F3EE0C0ABBEE0C0A284600F0E7
:10BB10007DFB86ED040AA37907EE903AF8EE677A8A
:10BB2000C6ED057AE37907EE903AF8EE677AC6ED4E
:10BB3000067AF8BD7047000011F0010F00D1704780
:10BB400010B58CB004466B4602AA4021F8F774FB8E
:10BB500050B92368674A934208D0674A934260D03D
:10BB6000664A934200F08D800CB010BD029B142BEE
:10BB700008D8112BF8D3113B032BF5D8DFE803F0DD
:10BB80002D363F48A3F20122062AEDD8DBB2013B55
:10BB9000DBB25B4903EB830201EB420031F9124057
:10BBA00004819DF800C09DF8014044EA0C2421F86E
:10BBB00012409DF80220120212B29DF80340224367
:10BBC00042809DF80420120212B29DF805402243E3
:10BBD00082809DF806208271C6E74A4C694620465D
:10BBE000FFF766FFF6F7EEFBE061BDE7464C6946FE
:10BBF0002046FFF75DFFF6F7E5FBE061B4E7434C55
:10BC000069462046FFF754FFF6F7DCFBE061ABE73F
:10BC10003F4C69462046FFF74BFFF6F7D3FBE06148
:10BC2000A2E7029BA3F20122062A9DD8DBB2013BC8
:10BC3000DBB2384C03EB830104EB410C34F91120E7
:10BC4000ACF808209DF800209DF8010040EA022091
:10BC500024F811009DF80220120212B29DF8031080
:10BC60000A43ACF802209DF80420120212B29DF89B
:10BC700005100A43ACF804209DF806108CF8061055
:10BC800072E7029BBC2B31D0FFF46EAFA3F201220E
:10BC9000062A3FF669AFDBB2013BDBB21E4903EB7C
:10BCA000830201EB420031F9124004819DF800C08B
:10BCB0009DF8014044EA0C2421F812409DF802202E
:10BCC000120212B29DF80340224342809DF80420E4
:10BCD000120212B29DF80540224382809DF80600B0
:10BCE00003EB830201EB420398713DE76846FFF7DF
:10BCF000BFF839E700A0004000A4004000D4004095
:10BD0000DC8D00249C8F0024708F0024448F00243D
:10BD1000188F0024948D00244C8D0024082816D8F8
:10BD2000DFE800F0051707090B0D0F1113000020C5
:10BD30007047022070470320704704207047052099
:10BD4000704706207047072070470820704708207A
:10BD50007047012070470000002918BF002823D039
:10BD600070B58AB01546064608291BD801930024F1
:10BD7000029403940846FFF7D1FF049005940694BB
:10BD8000079408940994022D05D0032D05D0012DA8
:10BD900008D1064802E0064800E00648324601A9FC
:10BDA000F8F70EFA0AB070BD704700BFD008002443
:10BDB00030080024900700242DE9F041174F4FF080
:10BDC0002C0842460021384601F094F8144E4246B1
:10BDD0000021304601F08EF8124D424600212846DF
:10BDE00001F088F8104C42460021204601F082F80C
:10BDF00001237B701122BA70FB7002227270122232
:10BE0000B270F37003226A701322AA70EB700422DE
:10BE100062701422A270E370BDE8F0819C8F002450
:10BE2000708F0024448F0024188F002400B583B045
:10BE300084468E461346114A92E8030002AA02E99C
:10BE40000300BCF1020F10D0BCF1030F11D0BCF104
:10BE5000010F07D1FC228DF80720724608216846A1
:10BE6000FFF77AFF03B05DF804FBFD228DF8072091
:10BE7000F3E7FE228DF80720EFE700BF60430108DB
:10BE800031EE601A30EE600A01238340013B07EE79
:10BE9000903AF8EEE77A20EE270AC0EE017AFCEE3F
:10BEA000E77A17EE903A98B2704700002DE9F04318
:10BEB0002DED028B83B080468946B0EE408A002487
:10BEC000274626462546A446042A4DD8DFE812F028
:10BED00005007100B90001014901DFEDC67AB4EE39
:10BEE000E70AF1EE10FA09D9DFEDC37AB4EEE70AFA
:10BEF000F1EE10FA04DBB0EE678A01E09FEDBD8A37
:10BF0000DFEDBE8A1020B2EE091AFAEE090AB0EE91
:10BF1000680AFFF7B5FF04460C209FEDB91ADFED64
:10BF2000B90AB0EE680AFFF7ABFF07460C209FED99
:10BF3000B61AF0EE680AB0EE680AFFF7A1FF0646EF
:10BF40000C20B1EE041AF0EE680AB0EE680AFFF7B2
:10BF500097FF05460C209FEDA81ADFEDA60AB0EE6C
:10BF6000480AFFF78DFF8446230A8DF800308DF8CC
:10BF700001403B098DF80230330A43EA07138DF87C
:10BF800003308DF804602B098DF805304FEA1C232F
:10BF900043EA05138DF806308DF807C04B4642463C
:10BFA00008216846FFF7D8FE03B0BDEC028BBDE860
:10BFB000F083FAEE047AB4EEE70AF1EE10FA09D94A
:10BFC000F2EE047AB4EEE70AF1EE10FA04DBB0EE1A
:10BFD000678A01E0BAEE048ADFED888A1020B2EEAB
:10BFE000091AFAEE090AB0EE680AFFF749FF04469B
:10BFF0000C20B3EE0E1AFBEE0E0AB0EE680AFFF745
:10C000003FFF07460C209FED801AF0EE680AB0EE65
:10C01000680AFFF735FF06460C20B1EE041AF0EE71
:10C02000680AB0EE680AFFF72BFF05460C20B2EE57
:10C03000041AFAEE040AB0EE480AFFF721FF84461C
:10C0400092E7FAEE047AB4EEE70AF1EE10FA09D9B3
:10C05000F2EE047AB4EEE70AF1EE10FA04DBB0EE89
:10C06000678A01E0BAEE048ADFED648A1020B2EE3E
:10C07000091AFAEE090AB0EE680AFFF701FF044652
:10C080000C20B3EE0E1AFBEE0E0AB0EE680AFFF7B4
:10C09000F7FE07460C209FED5C1AF0EE680AB0EE42
:10C0A000680AFFF7EDFE06460C20B1EE041AF0EE2A
:10C0B000680AB0EE680AFFF7E3FE05460C20B2EE10
:10C0C000041AFAEE040AB0EE480AFFF7D9FE8446D5
:10C0D0004AE7FBEE0C7AB4EEE70AF1EE10FA09D962
:10C0E000F3EE0C7AB4EEE70AF1EE10FA04DBB0EEF0
:10C0F000678A01E0BBEE0C8ADFED408A1020B2EEC9
:10C10000091AFAEE090AB0EE680AFFF7B9FE04460A
:10C110000C20B2EE041AFAEE040AB0EE680AFFF739
:10C12000AFFE07460C209FED381AF0EE680AB0EE1D
:10C13000680AFFF7A5FE06460C20B1EE041AF0EEE1
:10C14000680AB0EE680AFFF79BFE05460C20B3EEC6
:10C150000C1AFBEE0C0AB0EE480AFFF791FE84467B
:10C1600002E7FBEE027AB4EEE70AF1EE10FA09D923
:10C17000F3EE027AB4EEE70AF1EE10FA04DBB0EE69
:10C18000678A01E0BBEE028ADFED1C8A1020B2EE66
:10C19000091AFAEE090AB0EE680AFFF771FE0446C2
:10C1A0000C209FED171ADFED170AB0EE680AFFF7B3
:10C1B00067FE07460C209FED141AF0EE680AB0EEF9
:10C1C000680AFFF75DFE06460C20B1EE041AF0EE99
:10C1D000680AB0EE680AFFF753FE05460C20B3EE7E
:10C1E000021AFBEE020AB0EE480AFFF749FE844647
:10C1F000BAE600BF000058C200005842000000002C
:10C2000000003442000034C20000FA4307EE900AF6
:10C2100070EEC00AF8EEE77A27EEA07A01238B4091
:10C22000013B07EE903AF8EEE77AC7EE276A36EE62
:10C23000800A70479446002A18BF002817D0017062
:10C2400012684260DCF804208260DCF80820C260DA
:10C2500080ED040AC0ED050A002282634263026396
:10C260000262C2628262426242640264C2637047D6
:10C270000346002800F0A380D0ED107AC0ED117ABB
:10C2800090ED0F7A80ED107AC0ED060A80ED070A76
:10C2900070EEC00AC0ED0F0A0278002A4CD1D0ED32
:10C2A000017A60EEA77AC0ED097AD0ED0A6A90EDC6
:10C2B000026A20EE866A76EE866AC0ED0A6A426BF2
:10C2C0008263026B426370EEC70AC0ED0C0A90ED08
:10C2D000037A60EE870AC0ED0B0A90ED057AF4EE62
:10C2E000C76AF1EE10FA13DD80ED0A7A93ED0A7A4F
:10C2F00077EE877A70EEA70AC3ED080AD3ED047AC9
:10C30000F4EEE70AF1EE10FA0CDDC3ED087A15E061
:10C31000B1EE477AF4EEC76AF1EE10FAE6D580ED99
:10C320000A7AE3E7F1EE677AF4EEE70AF1EE10FA43
:10C3300004D5C3ED087A01E0012A02D093ED080A82
:10C340007047D0ED016A30EEC76A66EE866AC0EDCE
:10C35000096A90ED026A20EE866A80ED0A6A426BF5
:10C360008263026B426337EE077A70EEC70A77EE9C
:10C37000A07AC0ED0C7A90ED037A67EE877AC0ED73
:10C380000B7A90ED087A76EE866A77EEA67A77EEEB
:10C39000277AC0ED087A90ED047AF4EEC77AF1EED0
:10C3A00010FA02DD80ED087AC8E7B1EE477AF4EEC4
:10C3B000C77AF1EE10FAC1D580ED087ABEE79FED9D
:10C3C000010A70470000000038B504460025857258
:10C3D000C5600561057564222946153000F08AFDA7
:10C3E00084F87950012384F8373738BD70B5054695
:10C3F0000E46074C2046FFF7E7FF256005496160C0
:10C400004FF400722281A6722846FCF7DDF970BD58
:10C41000C8910024C88F0024034658B1FF2005E0CE
:10C4200013F8011B48400449085C11464A1E0029C4
:10C43000F6D17047FF20704788470108024688B14F
:10C440004FF6FF7009E012F8013B4340DBB20749A9
:10C4500031F8133083EA1020614601F1FF3C0029D6
:10C46000F1D170474FF6FF70704700BF8845010853
:10C470002DE9F0410746002400E00134A74240F3D3
:10C480005881AD4B5A681519125D9B7A9A42F4D1C6
:10C4900004212846FFF7C0FF2B7998422DD1B5F82B
:10C4A0000160F11D2846FFF7C9FF7319B3F8073083
:10C4B000984224D1E31D1E440136BE4280F23981E8
:10C4C000B5F8053040F20E2293425ED8B3F5007FF6
:10C4D00018D9A3F201230D2B57D8DFE813F08400FD
:10C4E0009900AF00BB00C500CB00D400E100EB0019
:10C4F000F500FC0014011B0123010134BEE70936DD
:10C500003444BBE7B3F5837F3FD2B3F5807F08D9CE
:10C51000A3F20113042B38D8DFE803F03C4637536D
:10C520005C00022B14D0032B1BD0012B2DD1824B8E
:10C53000D5F80700D5F80B10D5F80F20C3F87A000E
:10C54000C3F87E10C3F88220EA7C83F886201CE0C2
:10C55000794BB5F807106A7AA3F8871083F8892019
:10C5600013E0EB1D754A05F1270ED3F800C05E6895
:10C570009868D968C2F800C056609060D1601033E6
:10C5800010327345F1D11B881380B5F8013009339F
:10C590001C4473E7684BD5F80700C3F8AC00B5F846
:10C5A0000B20A3F8B020F0E7634BD5F80720C3F8C1
:10C5B000B220B5F80B106A7BA3F8B61083F8B82048
:10C5C000E3E75D4BD5F80720C3F8B920EA7A83F892
:10C5D000BD20DAE7584BD5F80720C3F8BE20EA7A29
:10C5E00083F8C220D1E7544BD5F80700D5F80B10DB
:10C5F000D5F80F20C3F8C300C3F8C710C3F8CB2089
:10C60000B5F813106A7DA3F8CF1083F8D120BCE7EA
:10C61000494BD5F80760D5F80B00D5F80F10D5F8C1
:10C620001320C3F8D260C3F8D600C3F8DA10C3F8F9
:10C63000DE20B5F81720A3F8E220A6E7404BD5F896
:10C640000700D5F80B10D5F80F2007C3B5F8132055
:10C650001A809AE7384BD5F80710D5F80B20C3F8A5
:10C66000F210C3F8F62090E7D5F80720324BC3F854
:10C67000FA208AE7304BB5F807106A7AA3F8FE1063
:10C6800083F8002181E72C4BD5F80710D5F80B2053
:10C69000C3F80111C3F80521EA7B83F8092174E787
:10C6A000254BD5F80710D5F80B20C3F80A11C3F8AD
:10C6B0000E216AE7204BD5F80720C3F81221B5F800
:10C6C0000B20A3F8162160E71E4BD5F80700D5F81C
:10C6D0000B1003C359E7EE1DDFF868E005F12708EA
:10C6E000F44630687168B268F368ACE80F00103641
:10C6F000E6464645F4D130687168AEE803003389F8
:10C70000AEF8003041E70F4BD5F80700D5F80B1015
:10C7100003C33AE70B4BD5F807001860B5F80B20B8
:10C720009A8032E7074BB5F807106A7A19809A7039
:10C730002BE7BDE8F08100BFC8910024529200248D
:10C74000AC920024E092002400295FD010B50B4683
:10C7500091F800E04A784EEA022ECEF30A0EA0F8D5
:10C7600000E04A7891F802C04FEA4C1C4CEAD20C27
:10C77000CCF30A0CA0F802C08978DA78920042EA79
:10C780009112197942EA8122C2F30A0282801C794D
:10C790005979C90141EA5401C1F30A01C180AEF5DA
:10C7A000806EA0F800E0ACF5806CA0F802C0A2F5A5
:10C7B00080628280A1F58061C1805A79C2F3011242
:10C7C00082725A799209C2729A79D97942EA01221F
:10C7D00082811A7A597A42EA0122C2819A7AD97AF6
:10C7E00042EA012202821A7B82745A7BC2749A7BCB
:10C7F000D97B42EA012282821A7C5B7C42EA0323D3
:10C80000A3F5806303810123C38210BD704700003C
:10C8100038B504460D460268104B9A4204D022688F
:10C820000F4B9A420DD038BD122905D024220D4954
:10C830002046FBF7C9FFF2E70A490B48FFF784FFE0
:10C84000F4E70A4CE3680133E3602846FFF710FE83
:10C85000228961682068FBF7B7FFE4E700500040D9
:10C86000007800401899002400990024C891002401
:10C8700008B50268044B9A4200D008BD242203493F
:10C88000FBF7A2FFF9E700BF005000401899002411
:10C890000FB410B502AA52F8041B094B1A60094CD8
:10C8A000204600F00BFB82B2074B1A800A23214678
:10C8B0000648FBF79FFDBDE8104004B0704700BF7D
:10C8C000409A0024409900243C990024201200241E
:10C8D00010B588B000238DF807300EE04FF0600CE3
:10C8E00014E04FF0600C1EE04FF0600CC3F1170431
:10C8F00020346C4404F818CC0133072B21DC41FAB6
:10C9000003F414F0010FE9D04FF0780CC3F10704E1
:10C9100020346C4404F818CC40FA03F414F0010FEE
:10C92000DFD04FF0780CC3F10F0420346C4404F8CE
:10C9300018CC42FA03F414F0010FD5D04FF0780C64
:10C94000D4E74FF6FF7300220DF107010F48F9F706
:10C95000BBFF0E4B93F88130DBB2012BF9D14FF6C0
:10C96000FF73182202A90948F9F7AEFF002408E076
:10C970004FF6FF7301220DF107010448F9F7A4FFF8
:10C980000134632CF4DD08B010BD00BFC40E0024D8
:10C990002DE9F047089D0E4604460F46002B4AD16C
:10C9A00094468C45B2FA82F260D942B1C2F12003BA
:10C9B000974020FA03F30CFA02FC1F4394404FEA1D
:10C9C0001C4E1FFA8CF6B7FBFEF1230C0EFB117701
:10C9D00043EA074301FB06F098420AD91CEB030324
:10C9E00001F1FF3780F01581984240F2128102393F
:10C9F00063441B1AA4B2B3FBFEF00EFB103344EAEF
:10CA0000034400FB06F6A6420AD91CEB040400F11D
:10CA1000FF3380F00081A64240F2FD80644402387A
:10CA200040EA0140A41B00211DB1D4400023C5E908
:10CA30000043BDE8F0878B4205D90DB1C5E900017F
:10CA400000210846F5E7B3FA83F1002946D1B34245
:10CA500002D3824200F2F580841A66EB03020120C1
:10CA60001746002DE5D0C5E90047E2E7002A40F06F
:10CA70009380A1EB0C034FEA1C471FFA8CFE0121A7
:10CA8000B3FBF7F607FB1630230C43EA00430EFB1B
:10CA900006F0984208D91CEB030306F1FF3802D2D6
:10CAA000984200F2D08046461B1AA4B2B3FBF7F0BE
:10CAB00007FB103344EA03440EFB00FEA64508D9E9
:10CAC0001CEB040400F1FF3302D2A64500F2B6804D
:10CAD0001846A4EB0E0440EA0640A5E7C1F1200782
:10CAE0008B4022FA07FC4CEA030C06FA01FE20FAFE
:10CAF00007F426FA07F344EA0E0400FA01F84FEAB5
:10CB00001C404FEA1449B3FBF0FE1FFA8CF600FB01
:10CB10001E3349EA03430EFB06F9994502FA01F276
:10CB20000BD91CEB03030EF1FF3A80F08580994589
:10CB300040F28280AEF1020E6344A3EB0909A4B275
:10CB4000B9FBF0F300FB139944EA094403FB06F632
:10CB5000A64208D91CEB040403F1FF3068D2A642B8
:10CB600066D9023B644443EA0E40A41BA0FB02E6E4
:10CB7000B4427346B14652D34FD05DB1B8EB030215
:10CB800064EB090404FA07F722FA01F31F43CC40CF
:10CB9000C5E9007400214CE7C2F1200120FA01F33D
:10CBA0000CFA02FC26FA01F1964033434FEA1C4787
:10CBB0001FFA8CFEB1FBF7F007FB1016190C41EAC7
:10CBC000064100FB0EF68E4204FA02F408D91CEB73
:10CBD000010100F1FF382DD28E422BD90238614479
:10CBE000891B9BB2B1FBF7F607FB161143EA014321
:10CBF00006FB0EF1994208D91CEB030306F1FF383E
:10CC000014D2994212D9023E63445B1A46EA0041AB
:10CC100036E73946EDE6184602E7F045ADD2BEEB01
:10CC2000020366EB0C060138B146A6E74646ECE780
:10CC3000034698E74046D3E7D6467EE76444023889
:10CC400047E708460DE7023E63442DE7024A0349E1
:10CC5000034800F0C9B800BF9400002465F500083F
:10CC6000A80000240C4B4168994210B5044601D03D
:10CC700002F078FCA168094B994202D0204602F0EC
:10CC800071FCE168064B994204D02046BDE8104093
:10CC900002F068BC10BD00BF449A0024AC9A002486
:10CCA000149B00242DE9F843314A324C3249DFF815
:10CCB000DC90DFF8DC80314F116000250423294629
:10CCC000082204F15C00C4E903352D4EA560C4E9D7
:10CCD0000055C4E90555656600F00CF904F15800EB
:10CCE000C4E90749C4E90987E66200F041FA294628
:10CCF000244B6367082204F1C400C4E91A55C4E94F
:10CD00001E552567C4F8CC50C4F8805000F0F2F8E6
:10CD100004F1680304F1C000C4F88430C4E9229827
:10CD2000C4E9247600F024FA174BC4F8DC30294615
:10CD300004F596700822C4E93455C4E93855C4F89E
:10CD4000D850C4F83451C4F8E85000F0D3F804F1D6
:10CD5000D003C4E93D87C4F8F09004F59470C4F89A
:10CD6000FC60C4F8EC30BDE8F84300F001BA00BF45
:10CD70007C9B0024449A00244DCC000891CE0008EE
:10CD8000B5CE000809000100120002002DCE0008F7
:10CD900051CE000810B504460A4800F0EDF9636B67
:10CDA00023B9094B094A1B68626323B1BDE81040EF
:10CDB000044800F0E3B9FFF775FFBDE810400148F3
:10CDC00000F0DCB98C9B00247C9B002465CC00081F
:10CDD000014800F0D1B900BF8C9B0024014800F04D
:10CDE000CDB900BF8C9B00242DE9F8430746884647
:10CDF00016464FF00009D6E90154013D10D4A3892D
:10CE0000012B08D9B4F90E3001332146384602D03F
:10CE1000C04749EA0009013D6B1C04F16804EED1EA
:10CE20003668002EE7D14846BDE8F88310B50C46B9
:10CE3000B1F90E1000F042F9002803DB236D034422
:10CE4000236510BDA38923F48053A38110BD00BFC7
:10CE50002DE9F0410C46B1F90C101F46CB050546F3
:10CE600016460BD421F48051A1813B46B4F90E1033
:10CE700032462846BDE8F04100F036B9B4F90E104C
:10CE80000223002200F004F9B4F90C10EAE700BF15
:10CE900010B50C46B1F90E1000F0FAF8B4F90C30E8
:10CEA000421C0EBF23F4805343F480532065A381BA
:10CEB00010BD00BFB1F90E1000F0A2B870B59AB065
:10CEC00013460A4E0A466FF0004102910591084947
:10CED000039104460025306819956946009404942E
:10CEE00000F076FD009B1D701AB070BDA0000024FC
:10CEF0000802FFFF830730B547D0541E002A3ED0FA
:10CF0000CAB2034601E0013C39D303F8012B9D0767
:10CF1000F9D1032C2CD9CDB205EB05250F2C05EB4F
:10CF2000054535D9A4F1100222F00F0C03F1100EC3
:10CF3000E6444FEA121C1A46C2E90055C2E90255FE
:10CF400010327245F8D10CF1010214F00C0F03EB12
:10CF5000021204F00F0C13D0ACF1040323F003030E
:10CF60000433134442F8045B9342FBD10CF00304F6
:10CF70002CB1C9B21C4403F8011BA342FBD130BD44
:10CF800064461346002CF4D1F9E703461446C0E783
:10CF90001A46A446E0E700BF40EA01039B0710B52C
:10CFA00001D1032A17D8844601F1FF3E07E01EF89D
:10CFB000011F03F8011B541E29B19C4622466346FB
:10CFC000002AF4D110BD9444002CFBD003F8011BBF
:10CFD0006345FBD110BD8E468446DEF80040A4F1C7
:10CFE000013323EA040313F0803F71460EF1040E6F
:10CFF000DAD1043A032A4CF8044BEED87146D3E751
:10D0000038B5074D0022044608462A60F4F782FE30
:10D01000431C00D038BD2B68002BFBD0236038BDEB
:10D02000809B0024194B1B6883422ED0416C70B545
:10D03000054681B100268C593CB12146246828461A
:10D0400000F00AF9002CF8D1696C0436802EF2D178
:10D05000284600F001F9A96B11B1284600F0FCF850
:10D060002C6C34B121462468284600F0F5F8002CD9
:10D07000F8D1E96C11B1284600F0EEF86B6B1BB1EA
:10D080002846BDE87040184770BD7047A0000024D6
:10D0900038B50C46084D8446114620461A460023F2
:10D0A0002B606446F4F740FE431C00D038BD2B686B
:10D0B000002BFBD0236038BD809B002438B50C4684
:10D0C000084D8446114620461A4600232B606446CC
:10D0D000F4F702FE431C00D038BD2B68002BFBD0B8
:10D0E000236038BD809B002438B50C46084D84462B
:10D0F000114620461A4600232B606446F4F7FCFDD7
:10D10000431C00D038BD2B68002BFBD0236038BDFA
:10D11000809B0024014B1868704700BFA0000024CA
:10D1200070B50F4B0F4DAB42A3EB050607D0B61001
:10D13000002455F8043B01349847A642F9D806F07C
:10D14000EBFF094D094B5E1BAB424FEAA60606D02A
:10D15000002455F8043B01349847A642F9D870BD25
:10D16000F04E0108F04E0108F04E0108F84E01089B
:10D17000704700BF704700BF704700BF704700BFD7
:10D18000024B13B1024800F005B8704700000000E0
:10D19000E9F70008002301461A46184602F078BB5A
:10D1A0002DE9F84306460820894602F031FBDFF8F6
:10D1B000A4800546304600F0FDFBD8F808305F68D3
:10D1C00027F00307A7F11104A4EB09042C44B4FBD6
:10D1D000F5F4013C05FB04F4A54208DC00213046CF
:10D1E00002F0F0FAD8F808303B44984205D03046B7
:10D1F00000F0E6FB0020BDE8F8836142304602F013
:10D20000E1FA01300FD0114AD8F808303F1B47F03F
:10D2100001075F60136830461B1B136000F0D0FBF2
:10D220000120BDE8F8830021304602F0CBFAD8F89F
:10D230000820831A0F2BDADD43F001035360044BFF
:10D2400002491B68C01A0860D1E700BF949B002404
:10D25000EC010024F801002400297CD02DE9F041E4
:10D260000C46804600F0A6FB54F8043C754FA4F130
:10D27000080523F001016818BE684268864222F062
:10D28000030200F08380DE07426000EB020C33D41F
:10D2900054F8084CDCF804302D1B2144AC6807F12D
:10D2A000080C644503F0010364D0D5F80CE0C4F821
:10D2B0000CE0CEF80840002B00F0818041F0010323
:10D2C0006B600160B1F5007F22D27868CB08012243
:10D2D000490901338A40024357F833107A6007EB5B
:10D2E000C302083AC5E9021247F83350CD60404600
:10D2F000BDE8F04100F064BBDCF80430DB072BD55F
:10D3000041F00103B1F5007F44F8043C0160DCD337
:10D31000B1F5206F4FEA512353D28B0903F1390045
:10D3200003F13802C300F818FB580838984203D1BB
:10D3300061E09B68984204D05A6822F003028A4256
:10D34000F7D8D868C5E902308560DD604046BDE8A1
:10D35000F04100F035BB7047114407F1080C8368B9
:10D3600063453FD0C268DA60936041F001036B60AF
:10D370006950A7E7002B5FD10A44D0E90213CB60C4
:10D38000996042F001036B60AA50B0E7DB070A44E2
:10D3900007D454F8083CED1A1A44D5E90213CB60BF
:10D3A000996042F001036B60274BBD601B6893429C
:10D3B0009DD8264B40461968FFF7F2FE97E71144C7
:10D3C000CDE7142B08D9542B1DD80B0B03F16F009C
:10D3D00003F16E02C300A6E703F15C0003F15B02F8
:10D3E000C300A0E741F00103C7E90455C5E902CC39
:10D3F0006B6069507BE779689210012404FA02F2AD
:10D400000A437A609EE7B3F5AA7F06D8CB0B03F1F7
:10D41000780003F17702C30085E740F2545293424B
:10D4200006D88B0C03F17D0003F17C02C3007AE780
:10D430004FF47E737E2276E741F001036B6001605A
:10D4400055E700BFF8010024F0010024C49B00242C
:10D450002DE9F04F01F10B05162D83B0064623D8B8
:10D46000102900F2AF8000F0A5FA10251823022041
:10D47000B74F3B44A3F108025C68944200F01E8160
:10D480006368E268A16823F00303CA60234430465E
:10D4900091605A6842F001025A6000F091FA083433
:10D4A000204603B0BDE8F08F35F0070500F18A8013
:10D4B000A94200F2878000F07DFAB5F5FC7FC0F04C
:10D4C0006E816B0A00F08280042B00F21D81AB0993
:10D4D00003F1390003F1380EC3009D4F3B44A3F123
:10D4E000080C5C68A44507D10DE0002AE16880F2D1
:10D4F000DF808C4507D00C46636823F003035A1B7A
:10D500000F2AF2DD7046DFF860823C69444500F086
:10D51000BC80636823F0030CACEB05030F2B00F316
:10D520004281002BC7E9048880F22D81BCF5007F81
:10D53000D7F804E080F0C8804FEADC0101314FEAFF
:10D540005C1C012303FA0CF357F83120A2604EEA69
:10D55000030E07EBC103083BE360C7F804E047F89C
:10D560003140D46083104FF0010C0CFA03FCF445F9
:10D5700032D81CEA0E0F08D120F003004FEA4C0C01
:10D580001CEA0E0F00F10400F8D007EBC00AD646E3
:10D590008146DEF80C300BE0596821F003014A1B8C
:10D5A0000F2A1C46DB6800F3BB80002A80F2DE8075
:10D5B0009E45F1D109F1010919F0030F0EF1080E92
:10D5C000E7D119E10C233360002469E74FF40073BD
:10D5D00040204FF03F0E80E7BC68636823F00309EA
:10D5E000A94503D3A9EB05030F2B51DC594B1B684D
:10D5F000082003F1100804EB0903009302F008F976
:10D60000554A13680133A844834605D008F1FF3812
:10D610008044434203EA08084146304602F0D2F80B
:10D62000B0F1FF3F4C4A824600F0D880009B834215
:10D6300000F2D280494B186840440BF1FF3118606A
:10D64000844640F0FC801AEA010F40F0F880D7F8D9
:10D6500008A0C84448F00102CAF80420404B1968E9
:10D66000814238BF18603F4B1968814238BF18604B
:10D67000544622F00308A845A8EB050301D30F2B5D
:10D6800006DC304600F09CF99EE7D7F804E069E735
:10D69000621943F0010345F0010565603046BA6048
:10D6A000536000F08DF90834204603B0BDE8F08FD8
:10D6B000A2682344D16030468A60EAE6DC68A3426F
:10D6C0007FF4DEAE02301EE7BCF5206F4FEA5C222D
:10D6D0007BD3142A00F2128102F15C03DB005B327F
:10D6E000F918FB580839994203D1ECE09B6899423C
:10D6F00004D05A6822F003026245F7D8D968C4E919
:10D7000002318C60DC602DE7142B6AD9542B00F2B7
:10D71000FE802B0B03F16F0003F16E0EC300DCE6FD
:10D72000D4F808C03046661945F001056560CCF8AC
:10D730000C30C3F808C042F00103C7E90466C6E92B
:10D7400002887360625000F03BF90834A8E600BF1D
:10D75000F8010024C49B0024EC010024949B0024C5
:10D76000C09B0024BC9B00240002002421443046BE
:10D770004A6842F001024A6054F8082FD3609A6068
:10D7800000F01EF98CE6A4443046DCF8043043F087
:10D790000103CCF8043000F013F9083480E6E808FF
:10D7A00005F1080364E6621943F0010145F0010543
:10D7B00065603046C7E90422C2E90288516044F836
:10D7C0000C3000F0FDF808346AE64FEA9C1202F1D2
:10D7D0003903DB00383283E7BC4228D0BC6862687A
:10D7E00047E703F15C0003F15B0EC30075E65AF8EE
:10D7F0000839534540F0D98010F0030F00F1FF3095
:10D80000F5D17B6823EA0C037B604FEA4C0C9C4506
:10D810003FF6E2AEBCF1000F04D1DDE64FEA4C0C5E
:10D8200009F104091CEA030FF8D04846ADE6604B45
:10D83000186808EB000C0BF1FF31C3F800C010684A
:10D8400001306ED0009AAAEB020262441A601AF00C
:10D850000702CDE9002340D0C2F108029244D0442F
:10D8600008EA01005A44121A02EA010B59463046EE
:10D8700001F0A8FF421C019B6FD0A0EB0A0000EB57
:10D880000B081868C7F808A048F001025844BC42C9
:10D89000CAF8042018603FF4E1AEB9F10F0F43D984
:10D8A0006168A9F10C0222F0070201F001011143A5
:10D8B00061604FF0050CA1180F2AC1E901CC54D8C2
:10D8C000DAF80420CAE692104FF0010C0CFA02F2CA
:10D8D0004EEA020EC7F804E011E70AEB08020A401C
:10D8E000ABEB020202EA010B5946304601F06AFF37
:10D8F000431C019BC1D1DDF800B0C2E7542A17D800
:10D900004FEA1C3202F16F03DB006E32E8E6B3F53A
:10D91000AA7F17D8EB0B03F1780003F1770EC30051
:10D92000DBE5C2F800A092E70123CAF80430A8E6BC
:10D93000B2F5AA7F24D84FEADC3202F17803DB008B
:10D940007732CDE640F25452934224D8AB0C03F127
:10D950007D0003F17C0EC300BFE5009A083A9044B5
:10D96000A8EB0A084FF0000B8BE7304604F10801E2
:10D970000093FFF771FC009BD7F808A018689FE799
:10D9800040F254539A420CD84FEA9C4202F17D0374
:10D99000DB007C32A4E64FF47E737F204FF07E0ED6
:10D9A0009BE54FF47E737E229AE67B682DE700BFED
:10D9B000949B00240148FFF7DFBB00BF849B002439
:10D9C0000148FFF7DBBB00BF849B00240000000080
:10D9D0002DE9F04FD9B00C46099115460B938346BB
:10D9E00001F0ECFE036816931846F2F7A9FF002138
:10D9F0001490082228A8FFF77DFAA389190603D5F9
:10DA00002369002B00F05E879FED7F7B0023CDE92B
:10DA10002D33CDE917338DED107B2FAA0E932C9269
:10DA2000144615931C93199306932E46B246784BD1
:10DA3000D3F8E45001F0BCFE28AA0346009224A9C2
:10DA400052465846A847002800F0B180C0F2A7808F
:10DA5000249A252A034601D09A44E8E7BAEB060740
:10DA6000054640F0A880002319464FF0FF328DF89C
:10DA7000873007930AF1010A9AF800300592049161
:10DA80000AF1010AA3F120025A2A00F2C380DFE85A
:10DA900012F0F402C100C100ED02C100C100C100DA
:10DAA0006A00C100C1003F025102C1004A020603E0
:10DAB000C100FF025B005B005B005B005B005B0082
:10DAC0005B005B005B00C100C100C100C100C10080
:10DAD000C100C1003B01C100BE01D3023B013B01BB
:10DAE0003B01C100C100C100C100CC02C100C100A6
:10DAF0008802C100C100C100E801C1005702C10095
:10DB0000C100B206C100C100C100C100C100C10016
:10DB1000C100C1003B01C100BE011A023B013B0133
:10DB20003B01A0021A027F00C100C202C100B30281
:10DB3000D80622037F00C100E8017C00AE06C100C8
:10DB4000C100DB06C1007C00A3F1300200211AF8FD
:10DB5000013B01EB810102EB4101A3F13002092AF3
:10DB6000F5D907918EE7584601F028FE43681993CE
:10DB70001846F2F7E5FE1C900546584601F01EFED9
:10DB800083681793002D40F0B7859AF8003077E747
:10DB9000049B43F0200304939AF8003070E70822B6
:10DBA000002128A8FFF7A6F901239A443FE7BAEB22
:10DBB0000607054610D02E9B3B442E932D9B013328
:10DBC000072BC4E900672D9315DC0834069B3B4402
:10DBD0000693002D7FF447AF2E9B002B41F09381DD
:10DBE000099B9B8903F04003002B41F09283069828
:10DBF00059B0BDE8F08F09992CAA584601F086FC6F
:10DC00000028EDD12FACE1E700000000000000008B
:10DC1000000600240C93002BDED000228DF8FC308F
:10DC200001238DF8872002930A920893059212929D
:10DC30000F920D923FAE049B13F0020302D00299A3
:10DC40000231029104992E9D11F0840805D10799A3
:10DC500002980F1A002F00F3A1806AB101226260BE
:10DC60002D9A013201350DF18701072A2E952D924B
:10DC7000216000F3DB8308346BB12D9B22AA0133B2
:10DC800002352260072B4FF002022E952D93626021
:10DC900000F3C1830834B8F1800F00F0C482059B03
:10DCA000089A9F1A002F00F3FE82049BDA0500F108
:10DCB0002482089B63601D442D9B26600133072B43
:10DCC0002E952D9300F33F830834049B5A0705D506
:10DCD000079B029A9E1A002E00F3B583DDE90632F7
:10DCE00002998A42ACBF9B185B180693002D40F046
:10DCF0000B8300232D930A9B1BB10A995846FFF70B
:10DD0000ABFA2FAC564691E60C930B9B073323F0EE
:10DD10000703B3EC027B58EC177B0B9328F000430E
:10DD20001B938DED1A7ADDE91A01AF4B4FF0FF32EC
:10DD30008DED107BF3F70AF9002840F00285DDE94C
:10DD40001A01A94B4FF0FF32F3F7E2F8002840F038
:10DD5000F8840022002338464146F3F7CFF8002824
:10DD600041F021809DF88720049BA04E23F0800382
:10DD700004939F4B0C994729D8BF1E4600230321CB
:10DD80000A9302910891059312930F930D93002A21
:10DD90003FF451AF029B013302934CE795492D9A12
:10DDA0001391102F25DD21462846099C914D1D9386
:10DDB0004FF0100904E0103F102F01F1080115DDAC
:10DDC00001321030072AC1E90059CDE92D20F2DDDA
:10DDD0002CAA2146584601F099FB002840F09C826D
:10DDE000103F102FDDE92D202FA9E9DC1D9B0C46EB
:10DDF00005460132139921603D44072ACDE92D25BE
:10DE0000676000F3D4869DF88720083425E70B9AD5
:10DE10000C93432B02F1040503D0049BDA0640F176
:10DE20001785082200212AA8FFF764F80B9B3FAE54
:10DE30001A6831462AAB584603F02CF903460133E1
:10DE4000089001F06182089B23EAE37302930022A9
:10DE50000B958DF887200A92059212920F920D92DF
:10DE6000E9E60B9F0C9357F8046B00238DF887307D
:10DE7000002E00F016850C9B532B00F0BF86049BF0
:10DE800013F010030D9340F0B986059B002BC1F2EF
:10DE900045800D991A463046F2F7F2FC0A900028A8
:10DEA00001F066820A9B991B0D9B0891059321EA5C
:10DEB000E17112930F930A9373239DF887200B97B8
:10DEC00002910C9363E70C93049B9B0640F1BD8089
:10DED0000B9B073323F007031A46596852F8083B97
:10DEE0000B920A460029C0F2CA8305990029C0F2A4
:10DEF0008382049921F0800553EA020140F07D827B
:10DF0000059A002A40F07E820495089258AE60E19E
:10DF10000B9B53F8042B0792002A80F2DA83079AAE
:10DF20000B9352420792049B43F0040304939AF824
:10DF30000030A5E52B238DF887309AF800309FE557
:10DF40000C93049B43F0100515F0200200F072833F
:10DF50000B9B073323F0070319465A6851F8083B17
:10DF60000B9101210020059E8DF88700002EC0F244
:10DF7000198125F08000049053EA020040F01181DD
:10DF8000002E40F02486002940F0808315F0010324
:10DF9000089300F0A38330238DF85F310DF25F16F4
:10DFA00017E10C93049B43F010030493049B13F0BC
:10DFB000200200F055830B9B073323F0070319461B
:10DFC0005A6851F8083B0B91049921F480650021AF
:10DFD000C8E79AF80030682B00F04E84049A42F0AB
:10DFE000400204924CE500BFFFFFEF7F6C43010845
:10DFF0006843010898480108049B9D0640F19083FE
:10E000000B9B069A1B681A60D2175A600B9B04334D
:10E010000B9356460AE59AF800306C2B00F02284E8
:10E02000049A42F0100204922AE5049B43F008038C
:10E0300004939AF8003023E50C93049B43F01003FB
:10E040000493049B9B063FF543AF04990B9ACF06BC
:10E0500052F8043B00F14B8304994E0640F143868D
:10E060000B9243F3C03211461BB23BE7049B43F0D3
:10E07000010304939AF8003002E59DF887209AF88E
:10E080000030002A7FF4FCAC20228DF88720F7E4D2
:10E09000049B43F0800304939AF80030F0E4504668
:10E0A00010F8013B2A2B01F0E581A3F13002092A87
:10E0B00098BF002101F2E48010F8013B01EB8101DF
:10E0C00002EB4101A3F13002092AF5D941EAE172DC
:10E0D00005928246D6E40B9A049B43F0020552F85F
:10E0E000043B0B9247F63002ADF8882078209B4A1B
:10E0F0001592022100220C9034E70C9B652B40F313
:10E100003381DDE9100100220023F2F7EDFE002843
:10E1100000F0D2812D9B924A226001330135012209
:10E12000072B2E952D93626000F35C850834239BAA
:10E130000E9A934280F2C882149B169A1D44C4E939
:10E1400000232D9B2E950133072B2D9300F39E83E7
:10E1500008340E9B5E1E002E7FF7B7AD102E2D9B50
:10E16000DFF8009240F3E580DDF82480102704E01A
:10E170000834103E102E40F3DC8001331035072B9D
:10E18000C4E90097CDE92D35F2DD2CAA4146584669
:10E1900001F0BCF9002840F0BF80DDE92D352FAC3F
:10E1A000E7E7049D012900F02881022958AE1FD11C
:10E1B000159803F00F011B09415C06F8011D43EAA5
:10E1C0000273120953EA0201F3D158AB9B1B049569
:10E1D0000893059908989DF8872081424FF0000325
:10E1E000B8BF01460A93029112930F930D93CEE5A7
:10E1F00003F00701DB0843EA4273D208303153EAE7
:10E200000207304606F8011DF2D1EF07DDD53029AF
:10E21000DBD03023023806F8013C58AB1B1A0495BA
:10E2200008930646D5E7079B029A9F1A002F7FF7AF
:10E2300036AD102F2D9BDFF82C9122DD2A464FF0B2
:10E2400010084D46DDF8249004E0103F102F04F133
:10E25000080414DD01331032072BC4E90058CDE95E
:10E260002D32F2DD2CAA4946584601F04FF900281C
:10E2700052D1103F102FDDE92D322FACEADCA94638
:10E28000154601333D44072BCDE92D35C4F80090E8
:10E29000676000F3DB84059B089A9F1A002F04F146
:10E2A00008047FF702AD102F2D9BDFF8B8901FDD1B
:10E2B0002A464FF01008099D04E0103F102F04F18A
:10E2C000080414DD013327491032072BC4E9001874
:10E2D000CDE92D32F1DD2CAA2946584601F016F978
:10E2E000D0B9103F102FDDE92D322FACEADC1546F6
:10E2F00001333D44072BCDE92D35C4F8009067600C
:10E3000000F38C810834D0E409992CAA584601F016
:10E31000FDF800283FF4EDAC0A9B002B3FF460AC05
:10E320000A995846FEF798FF099B9B8903F0400322
:10E330005AE401333544072BC4F800906660CDE9F8
:10E340002D357FF7C1AC09992CAA584601F0DEF8AB
:10E350000028E1D12E9D2FACB7E400BF784301081F
:10E36000A8430108884801080E9B2D9F012B05F149
:10E37000010507F1010704F1080840F30B810123AF
:10E38000072FCDE92D752660636000F38381149B10
:10E39000169A01371D44072FC8E90023CDE92D75D2
:10E3A00000F3858108F108080E9BDDE910015C1E71
:10E3B00000220023F2F798FD002840F00481013785
:10E3C00001362544072FCDE92D75C8F80060C8F83F
:10E3D000044000F3EB8008F10808189BC8F80430EB
:10E3E00001371D44072F26ABCDE92D75C8F8003045
:10E3F000A9DC08F1080468E4049D0A2B72F100010D
:10E4000080F05E8330338DF85F31012304950893EB
:10E410000DF25F16DDE609992CAA584601F076F850
:10E4200000287FF479AF2E9D2FAC34E40999139323
:10E430002CAA584601F06AF800287FF46DAF2E9D93
:10E44000139B2FAC18E4B44A2D9B1392102E1FDDA2
:10E45000DDF824801027914604E0103E102E04F1D0
:10E46000080415DD01331035072BC4E90097CDE909
:10E470002D35F2DD2CAA4146584601F047F8002818
:10E480007FF44AAF103E102EDDE92D352FACE9DCCC
:10E490000133139A3544072BC4E90026CDE92D3505
:10E4A0007FF71CAC09992CAA584601F02FF80028D8
:10E4B0007FF432AF2E9D11E42399002940F351835C
:10E4C000DDE90D329342A8BF1346002B98460ADDC2
:10E4D0001D44C4E900632D9B2E950133072B2D931A
:10E4E00000F3618608340D9FB8F1000FA8BFA7EBB9
:10E4F0000807002F00F3F5810D9B33440593049B1F
:10E500005F0500F11582239B0E9A9342C0F2A08210
:10E51000049AD00700F19C820E9AB718D61A059B70
:10E52000FF1AB742A8BF3746002F0ADD23602D9B94
:10E53000676001333D44072B2E952D9300F36586CC
:10E540000834002FA8BFF61B002E7FF7BEAB102E9D
:10E550002D9BDFF8C8917FF7ECAEDDF82480102703
:10E5600004E00834103E102E7FF7E3AE013310357F
:10E57000072BC4E90097CDE92D35F2DD2CAA4146E1
:10E58000584600F0C3FF00287FF4C6AEDDE92D3504
:10E590002FACE7E7049BD9073FF5F1AE0123072F26
:10E5A000CDE92D75266063607FF717AF09992CAA16
:10E5B000584600F0ABFF00287FF4AEAEDDE92D75C4
:10E5C0000DF1BC0809E70E9B012B7FF706AF112B5D
:10E5D000DFF8489140F35C83CDF814A01026CA46BA
:10E5E000DDF8249005E008F10808103C102C40F3F9
:10E5F0004C8301371035072FC8E900A6CDE92D75EA
:10E60000F1DD2CAA4946584600F080FF00287FF42F
:10E6100083AEDDE92D750DF1BC08E6E709992CAA5A
:10E62000584600F073FF00287FF476AE2E9D2FAC85
:10E63000FFF73BBB0B9915F0100051F8043B0CD1D0
:10E6400015F0400604D00B919BB20246012189E4EB
:10E6500015F400721CBFDBB232460B91012181E43C
:10E6600004980B9910F0100051F8043B3DD1049A26
:10E6700012F0400534D09BB202460B91A4E45B42F9
:10E68000049D62EB42022D2001216CE4059B08935E
:10E6900058AE9EE509992CAA584600F037FF00288D
:10E6A0007FF43AAEDDE92D750DF1BC086FE60999EE
:10E6B0002CAA584600F02AFF00287FF42DAEDDE991
:10E6C0002D750DF1BC086FE6049BDB077FF5FDAAF5
:10E6D00032E50B939AF80030FFF7D2B958AE78E5DF
:10E6E000049A12F4007240F009840B916CE40B92CE
:10E6F000DA171146FFF7F6BB179A9AF80030002A8E
:10E700003FF4BEA91278002A3FF4BAA9049A42F451
:10E7100080620492FFF7B4B998480108884801085C
:10E72000049BD80600F1AB82049B590600F1E083FC
:10E73000049B9A0540F1A3820B9B069A1B681A70F2
:10E7400064E4DDE9100102460B46F2F7FFFB002806
:10E7500040F01E860C9B612B00F03185412B00F0B0
:10E760004E85059B013300F002840C9B23F02003AF
:10E77000472B00F0E1850A90DDE91001049A002999
:10E7800042F48079C0F2F9849DED107B8DED1E7B03
:10E79000002313930C9B413B252B00F22583DFE8DC
:10E7A00013F02904230323032303EA03B5042303FB
:10E7B0002303230323032303230323032303230329
:10E7C0002303230323032303230323032303230319
:10E7D0002303230323032303230323032303230309
:10E7E00023032904230323032303EA03B504049D1D
:10E7F0000C93FFF7A9BB0C93AD4B1593049B13F03F
:10E80000200200F033810B9B073323F007031946E6
:10E810005A6851F8083B0B910498C1070BD553EA8D
:10E82000020108D00C998DF8891040F00201049182
:10E8300030218DF88810049921F480650221FFF7BA
:10E8400091BB0C93FFF7B2BB0C939A4B1593D5E792
:10E850000B9B1B688DF8FC300123029308933FAE9D
:10E86000FFF7F5BA049B43F0200304930AF1010A71
:10E870009AF80030FFF704B9049B43F40073049343
:10E880000AF1010A9AF80030FFF7FAB809992CAAA0
:10E89000584600F03BFE00287FF43EAD2E9D2FAC85
:10E8A00057E4059B0A96062B314628BF062305969A
:10E8B00032460293804E0B97089312910F910D915F
:10E8C000FFF765BA40215846FEF7C2FD099B186064
:10E8D0001861002800F00386099A40235361FFF76E
:10E8E00093B8102F2D9BDFF8D49140F30B8249464B
:10E8F0002A46B146099D4FF010080E4604E0083440
:10E90000103F102F40F3FA8101331032072BC4E976
:10E910000068CDE92D32F2DD2CAA2946584600F0D8
:10E92000F5FD00287FF4F8ACDDE92D322FACE7E7E8
:10E930000E9BCDF830A006EB03090F9BDDF85CA021
:10E94000DDF848800D96002B22462946059C099D3E
:10E95000CDF81490DDF8709031DDB8F1000F40F380
:10E960003B8108F1FF382D98199B01304944072855
:10E97000C2E900392E912D9000F387800832059B63
:10E980009AF800001F1B8742A8BF0746002F0CDD26
:10E990002D98013039440728C2E900472E912D9067
:10E9A00000F360819AF800000832002FACBFC61B4C
:10E9B0000646002E16DC04440F9B002BCDDCB8F17C
:10E9C000000FCEDCDDE90D632046F31898421446B3
:10E9D000024628BF1A46CDF85CA00D46DDF830A0EF
:10E9E000059290E5102E2D98344B23DD08941027C6
:10E9F00034461E4604E0103C102C02F1080216DDDD
:10EA000001302E4B10310728C2E90037CDE92D0126
:10EA1000F1DD2CAA2946584600F078FD00287FF445
:10EA20007BAC103C102CDDE92D012FAAE8DC33462D
:10EA30002646089C1360013031440728CDE92D019A
:10EA4000566000F3A2839AF8000008320444B3E74A
:10EA5000149A16991544C4E900122D9A2E95013284
:10EA6000072A2D9200F3BE83083455E504980B99CC
:10EA700010F0100051F8043B17D1049A12F0400531
:10EA80000ED09BB202460B91C6E62CAA29465846E8
:10EA900000F03CFD00287FF43FAC2E992FAA6EE7D2
:10EAA000049A12F4007240F01F820B91B4E600BF8A
:10EAB0008C43010878430108A043010888480108F5
:10EAC00000210894DFF81C93179CCDF810A005F4E2
:10EAD000806758AE4FF0050802958C4605E00A2B7A
:10EAE00072F1000234D353462A46991841F10001CD
:10EAF000A9FB010525F0030000EB9500091A581A3F
:10EB00004FF0CC3562F1000E05FB00F5A0FB09A02B
:10EB100009FB0E550AF0010E0544AEFB080E401825
:10EB20004FEA5A0A303006F8010C4AEAC57A0CF16D
:10EB3000010C013E6D08002FD1D021788C45CED13B
:10EB4000BCF1FF0FCBD00A2B72F1000280F0E780FE
:10EB50001794DDF810A0029D089CCDF838C0FFF78F
:10EB600034BB2D9B9E4A2260013301350122072BC5
:10EB70002E952D93626000F31B810834002940F02C
:10EB80009380049B0E9A03F0010313433FF49DA866
:10EB9000149B169A1D44C4E900232D9B2E95013326
:10EBA000072B2D9300F3D68104F108028DE009991B
:10EBB00013932CAA584600F0A9FC00287FF4ACABB4
:10EBC0009DF887202E9D139B2FACFFF746B8012997
:10EBD000049D7FF4EAAA15E40F9B013B0AF1FF3A7A
:10EBE0000F93C0E609992CAA584600F08FFC002824
:10EBF0007FF492AB2E9D2FACFFF799BA0DF1A808C8
:10EC00000822002140462596FEF774F9059B002B4B
:10EC1000C0F292800025029799462F460EE03FA948
:10EC2000584602F037FA431C384400F08F834845B9
:10EC300009DC05F1040500F0BD830746259A525909
:10EC40004346002AEBD10897029F83E009992CAA3A
:10EC5000584600F05BFC00287FF45EAB2E9D2FAC85
:10EC6000FFF71DB82CAA2946584600F04FFC002893
:10EC70007FF452AB9AF800002E992FAA95E60B9BD1
:10EC8000069A1B681A60FFF7C1B9D146DDF814A0D7
:10EC9000C8F8009001372544072FCDE92D75C8F835
:10ECA00004407FF798AB81E4149B169A1D44C4E995
:10ECB00000232D9B2E950133072B2D9300F34A81C2
:10ECC00004F108020029C0F2E0820E9916600133B7
:10ECD0000D44072BCDE92D3551603FF734AB02F1E0
:10ECE0000804FEF7F2BF04990B928D054ABF43F367
:10ECF000C012DA175BB21146FFF7F4B81546324678
:10ED00004E46914601333D44072BCDE92D35C4F8DD
:10ED10000090676000F312810834FFF7EDBB1C9B85
:10ED20001999F61A1A463046FEF736F9637803B198
:10ED300001344FF0000CD6E600231946CDF80080D0
:10ED400025AA584602F0CCF903460133089000F09A
:10ED5000FD822596089B002B36D0632B00F3E480C0
:10ED600000230A933FAE082200214046FEF7C2F876
:10ED7000089DCDF800802B4625AA3146584602F062
:10ED8000AFF9854240F0A58308990B97002373548F
:10ED900021EAE1719DF887200593029112930F9368
:10EDA0000D93FEF7F4BF2D228DF88720FEF7DCBF10
:10EDB00009992CAA584600F0A9FB00287FF4ACAAB8
:10EDC00023992E9D2FACD9E6089B9DF887200B97A1
:10EDD0000293059312930F930D930A93FEF7D7BFF7
:10EDE000A8430108CDCCCCCC2AAB019325AB009332
:10EDF000022123AB9DED1E0B059A584600F020FE24
:10EE0000049BD907064600F1FC812A9B1B1A0E932E
:10EE1000239B0D930D9BDA1C03DB059A9A4280F22B
:10EE20008B810C9B023B0C930D9B013B9DF830208A
:10EE300023930021002BB8BF0D9B8DF89820BABFFB
:10EE4000C3F101032D222B22092B8DF8992040F3C9
:10EE500065820DF1AF05B34F2A461046A7FB03129A
:10EE6000D20802EB8201A3EB4101303100F8011C12
:10EE700019466329134600F1FF32EEDC303302F805
:10EE8000013C831EAB4280F021830DF1990213F8FF
:10EE9000011B02F8011FAB42F9D158AB181AA0F1BF
:10EEA000AD0318930E9B189A012B1A44089240F355
:10EEB0005882089B149A13440893049B089A23F4DD
:10EEC000806343F48073049322EAE2720023129376
:10EED00002920F930D93139B002B40F01B819DF822
:10EEE00087200593FEF753BFDBB22A460B9193E4CC
:10EEF0000B9B069A1B681A80FFF788B8DBB22A467C
:10EF00000B91FFF761B8099C2CAA2146584600F0E6
:10EF1000FDFAA38903F04003FEF766BE3046F1F721
:10EF20000FFD0146FEF7C0BF591C5846FEF790FA88
:10EF30000646002800F0DB820A9014E709992CAA03
:10EF4000584600F0E3FA00287FF4E6A92E9D2FAC86
:10EF5000FFF7D2BA09992CAA584600F0D7FA002830
:10EF60007FF4DAA9DDE92D3523992FAAAAE6062335
:10EF70000A90059300E4059B022103F101082AABE6
:10EF8000019325AB00939DED1E0B23AB42465846E3
:10EF900000F056FD0C9B23F02007462F064600EBA1
:10EFA000080518BF452705D13378302B00F03C8188
:10EFB000239B1D44DDE91E0100220023F1F794FF8D
:10EFC000002840F059812A9BAB4206D230215A1CBE
:10EFD0002A9219702A9B9D42F9D8239A0D929B1B65
:10EFE000472F0E933FF416AF462F00F02B810D9B59
:10EFF000013B1BE723A89DED1E0B00F017FC002230
:10F000004FF07F5351EC100BF1F706FD02460B4613
:10F01000CDE9022300220023F1F766FF08B10123A6
:10F020002393059B404A0C98CDF820A0591E3F4BD6
:10F030000D96612808BF1A463746A0460592DDE9BD
:10F0400002458A46164609E0002200230AF1FF39EC
:10F05000F1F74AFF002840F0BB81CA46344B00223A
:10F0600020462946F1F7D8FC0D460446F1F784FF07
:10F070008146F1F797FA02460B4620462946F1F7FA
:10F0800043F916F80930BAF1FF3F3A46044607F84B
:10F09000013B0D46D8D1CDE90245264BDDF820A035
:10F0A0000D9E4446904600224D46F1F745FF00284C
:10F0B00000F0FF81059BCDF8A880D97B17F8012CC3
:10F0C00091423B4609D1302003F8010C2A9B5A1E7D
:10F0D0002A9213F8012C9142F6D0392A0BBF059AD7
:10F0E0000132927AD2B203F8012C3B469B1B0C9A58
:10F0F0000E93239B0D93612A03F1FF33239300F0BA
:10F10000B381412150220C91012193E6DDF8148056
:10F11000032134E72D2200238DF887200593FEF785
:10F1200039BE00BFCDCCCCCC8C430108784301085C
:10F13000000030400000E03FDDE90D23934200F382
:10F14000C480049B13F0010F0D9B00F00F81149AF3
:10F1500013440893049B5F0503D50D9B002B00F31C
:10F160004781089B23EAE373029367230C930023F0
:10F17000CDF8109012930F93ADE601F100431F9369
:10F180002D231E901393FFF705BB2CAA2946584642
:10F1900000F0BCF900287FF4BFA89AF800002E996F
:10F1A0002FAA044408E409992CAA584600F0AEF9A5
:10F1B00000287FF4B1A82E9D2FACFFF794B97823D7
:10F1C0008DF88930049B43F00203049330238DF8BB
:10F1D0008830059B632B00F38E8000230A933FAE9B
:10F1E000FFF7CABA09992CAA584600F08FF90028EF
:10F1F0007FF492A8239B2E9D2FACFFF78DB9582347
:10F20000DEE7059B4727C518D4E609992CAA58467E
:10F2100000F07CF900287FF47FA8239E0E9B2E9D92
:10F220009E1B2FACFFF78DB9DDE91E0100220023E4
:10F23000F1F75AFE002800F01981239B0D931D441D
:10F24000AB1B0E93049B0D99059A03F00103002953
:10F2500043EA020340F31A81002B40F0F2800D9B39
:10F26000089366230C93049B5B0500F1C380089B05
:10F2700023EAE37302937AE7239A0D922B46AEE6D4
:10F28000002282460592FEF7FDBB4F421031DFF8A7
:10F290007892B8BF102404DB21E00832103F102F11
:10F2A0001DDD01331035072BC2E90094CDE92D3562
:10F2B000F3DD09992CAA584600F028F900287FF4BC
:10F2C0002BA8DDE92D352FAAE8E70E9B149A9A1892
:10F2D0000D9B0892002B71DD67230C93C3E701336C
:10F2E0003D44072BCDE92D35C2F80090576000F35F
:10F2F000AF800832E9E4591C5846FEF7A9F80646E3
:10F3000010B10A90FFF738BA099A938943F0400385
:10F3100093814FF0FF330693FEF769BC002934D187
:10F3200030228DF89A200DF19B02303302F8013B18
:10F3300026ABD31A1893B5E5059B002B7FF41BAAC7
:10F34000059B0A9301230593FFF716BA099BB3F9AE
:10F350000C3000220A9243F04003099A9381FEF791
:10F36000DBBF049BDB077FF5A8ADA2E50893F1E6C0
:10F37000059B0293089373239DF887200B970590B4
:10F3800012900F900C93FEF702BD0DF19A02CCE79C
:10F39000119B5A4E002B049BA8BF9DF8872023F099
:10F3A0008003B8BF2D220493B8BF8DF88720544B3B
:10F3B000FEF7E0BC059B029F0893CBE4C3F1010379
:10F3C0001A4422EAE2730293672308920C93CEE672
:10F3D00051460029DDF820A00D9E4446FFF685AE7B
:10F3E0004B1C3B44302207F8012B9F42FBD17DE6AA
:10F3F00067230C9317990B78FF2B74D000250D9A77
:10F40000284603E001300131FF2B08D0934206DA91
:10F41000D21A4B78002BF5D10B780135F4E7179110
:10F420000D920F901295129A0F9B1C99CDF8109087
:10F430001344089A01FB0323089323EAE37302931E
:10F4400049E5149B1A445318089366230C930AE762
:10F4500009992CAA584600F059F800287EF45CAFB0
:10F46000DDE92D352FAA30E470224DE6C8F1010305
:10F4700023939EE50B9A9AF8013052F8041B0B92E5
:10F4800041EAE17182460591FEF7FABA2BB90123F0
:10F49000662202930C92089369E6149B03F101081B
:10F4A000059B4344089323EAE373029366230C937A
:10F4B0005DE6DDE90201134B0022F1F715FD00289E
:10F4C0003FF413AEE8077FF510AEF3E5022318937F
:10F4D000E8E4099BB3F90C3043F040033DE70C230B
:10F4E000CBF8003015E7002312930F939BE7099B9D
:10F4F0000A90B3F90C3043F040032EE7744301083F
:10F50000704301080000E03F884801082DE9F843F6
:10F51000154692682C68FAB180468946083401E0A5
:10F520000834CFB16B68591E002B1746696013DD94
:10F5300054F8046C002EF3D0334654F8082C494696
:10F54000404601F0D9FD431C07D0AA68921B17461C
:10F55000AA600834002FE5D100200023C5E901335B
:10F56000BDE8F88370B500293FD006460C4610B1BF
:10F57000436B002B3CD0636EB4F90C20DD0732D412
:10F58000900538D52146304600F04CF8E36A054630
:10F5900033B1E169304698470028B8BF4FF0FF35D6
:10F5A000A3891A0639D4216B41B104F14003994271
:10F5B00002D03046FDF750FE00232363616C21B179
:10F5C0003046FDF749FE00236364FDF701FC636EDE
:10F5D0000022DB07A2811CD5A06DFDF7CBFDFDF756
:10F5E000FDFB284670BD002ACCD10025284670BD01
:10F5F000FDF7D0FBBFE7A06DFDF7BEFDB4F90C3001
:10F60000002BBFD1636ED907EFD4A06DFDF7B6FD17
:10F61000EBE7A06DFDF7B2FDDEE721693046FDF7AF
:10F620001BFEC0E7B1F90C202DE9F04116070C468E
:10F6300080464ED4496842F400630029A38163DD0B
:10F64000A56A002D42D0002112F48052D8F8006043
:10F65000C8F80010E16964D101234046A847451C61
:10F6600002466ED0B4F90C30A56AE169580705D599
:10F670006368D21A236B0BB1E36BD21A00234046A6
:10F68000A847431C4FD1D8F80010B4F90C301D29FD
:10F6900040D8314ACA40D7073CD52269226023F4BA
:10F6A0000062A281DD044FF00002626001D50029F2
:10F6B00045D0216BC8F8006041B104F14003994284
:10F6C00002D04046FDF7C8FD002323630020BDE8BB
:10F6D000F0810E69002EF9D00D680E6092070CBF04
:10F6E0004B690023AD1B8B600BE02B463246E16972
:10F6F000676A4046B847B0F1000CA5EB0C056644BC
:10F7000006DD002DF1DCE1E7E16B002998DCDDE7A7
:10F71000B4F90C3043F04003A3814FF0FF30BDE853
:10F72000F081226DA2E7B4F90C302269226023F443
:10F730000062A281DB044FF000026260B9D520654F
:10F74000B7E7D8F80030002B8CD01D2B01D0162B3A
:10F75000DED1C8F80060B9E70100402038B50C469A
:10F76000054608B1436B03B3B4F90C0088B1636E6E
:10F77000DB0701D481050FD528462146FFF752FF4C
:10F78000636EDA07054602D4A3899B0508D528468F
:10F7900038BD0546284638BDA06DFDF7EDFCEBE70A
:10F7A000A06DFDF7EBFC284638BDFDF7F3FADBE76B
:10F7B000014B93F828017047000600240048704769
:10F7C000F006002438B5074D0022044608462A609A
:10F7D000F2F7ACFA431C00D038BD2B68002BFBD0ED
:10F7E000236038BD809B002438B5074D074C2C1B87
:10F7F000A41005D0013C55F8043D9847002CF9D1E0
:10F80000BDE8384004F08EBCFC4E0108F84E0108FB
:10F81000082802D14FF48050704708B5FDF77AFCF4
:10F82000162303604FF0FF3008BD00BF70B555ECE4
:10F83000104B0646134825F00043002183423160F7
:10F840001DD8204618431AD00F4828402A4658B9D8
:10F850000E4B002220462946F1F7DEF80A4621F039
:10F86000004304466FF035011B156FF31E52A3F2DF
:10F87000FE3342F07F550B4445F40015336045ECF0
:10F88000104B70BDFFFFEF7F0000F07F0000504382
:10F890002DE9F8431B4D0646286898460F469146C9
:10F8A000FDF76AFC184B1C681CB3286865681F2D9F
:10F8B00022DC4EB96B1C0235636044F82570FDF7FD
:10F8C0005DFC0020BDE8F88304EB85010123C1F84D
:10F8D0008890D4F88821AB401A43022EC4F88821BE
:10F8E000C1F80881E6D1D4F88C211A43C4F88C21E0
:10F8F000E0E7064C1C60D8E7FDF740FC4FF0FF3016
:10F90000E0E700BFE8010024909B0024C89B00248E
:10F910002DE9F04F03690C69A34283B0C0F28A80DD
:10F92000013C01F1140500F1140855F8243058F891
:10F93000242001339A428E4681464FEA840105EB2A
:10F94000840708EB840AB2FBF3F63AD3CDE900153D
:10F950000022AC46404613465CF8041B05681FFABB
:10F9600081FB06FB0B22090C4FEA124B06FB01BB85
:10F9700092B2A9B2891A19441FFA8BF3C3EB21433F
:10F9800003EB154389B241EA0341674540F8041B84
:10F990004FEA1B424FEA2343DED2DDE9001558F857
:10F9A000013073B9AAF1040AD04504D307E0D04569
:10F9B00004F1FF3403D25AF80439002BF7D0C9F808
:10F9C00010407146484601F019FA00282EDB4146E6
:10F9D000002255F8040BD1F800C01FFA80FE1FFA70
:10F9E0008CF3A3EB0E031344020CC2EB234202EB95
:10F9F0001C429BB243EA0243AF4241F8043B4FEA48
:10FA00002242E6D258F8242008EB84036AB9043B6A
:10FA1000434504D807E0984504F1FF3403D253F876
:10FA20000429002AF7D0C9F810400136304603B047
:10FA3000BDE8F08F002003B0BDE8F08F00000000AB
:10FA40002DE9F04F9DB0CDE90A320291816B269DE0
:10FA500004908DED060B57EC106B49B1C26B4A60F8
:10FA60000123934004468B6000F066FF0023A363EC
:10FA7000B7F10009B4BF012300232B60764BBCBF54
:10FA800029F00049CDF81C9033EA090300F0AA8060
:10FA90009DED067B002251EC170B00238DED007BC2
:10FAA000F1F722FA804668B10A9A01231360279B76
:10FAB00013B1279A694B1360694B059305981DB0E4
:10FAC000BDE8F08F9DED000B04981AAA1BA901F068
:10FAD00073FA5FEA1955824640F09A80DDE91A858B
:10FAE000454405F23243202B40F38A83C3F140039F
:10FAF00009FA03F905F2124326FA03F349EA03006F
:10FB0000F0F740FD0123013DA1F1F8711293554B2F
:10FB10000022F0F7F9FB4AA3D3E90023F0F77CFFBA
:10FB200049A3D3E90023F0F7F1FB064628460F4628
:10FB3000F0F738FD46A3D3E90023F0F76DFF024646
:10FB40000B4630463946F0F7E1FB06460F46F1F723
:10FB500013FA002204460990002330463946F1F793
:10FB6000CDF9002840F02283099CA8EB050808F194
:10FB7000FF33162C089300F28A813B4B03EBC4033E
:10FB8000D3E90023DDE90001F1F7B8F9002871D0CD
:10FB9000631E099300231193089B002BC0F27D8103
:10FBA00000230C93099B002B6ADA099B0C9A0D9396
:10FBB000D21A0C925A4200230993029B1092092BED
:10FBC00068D8052B40F32183043B02930025029B58
:10FBD000023B032B00F23686DFE813F06E046B0461
:10FBE000630447040A9AC9F3130942F20F7359EAEE
:10FBF000060913601CD1279B002B00F043861B4B8A
:10FC000005930833279A059813601DB0BDE8F08F5F
:10FC1000DDE90012C2F31303084643F07F51CDF82B
:10FC20004880A5F2FF35DDF8688041F440116EE7A9
:10FC3000279B002B40F0F4830D4B05933EE700BF5C
:10FC400061436F63A787D23FB3C8608B288AC63FE2
:10FC5000FB799F501344D33F0000F07FA943010874
:10FC6000A84301080000F83FE0480108F4430108F8
:10FC700000440108B8F1000F40F3A38411900C90E8
:10FC8000DDE908321344089300231093029B0D9280
:10FC9000092B96D90023012502930E954FF0FF3BC7
:10FCA0000B93049BCDF84CB00021D963049800F06D
:10FCB0001DFE0590002800F0CE85DDE90432BBF181
:10FCC0000E0F9A6300F21881002D00F015810D9936
:10FCD000002940F34684B34B01F00F0203EBC2034B
:10FCE000C805D3E900894FEA211540F10884AE4BDD
:10FCF000DDE90001D3E90823F0F7B8FFCDE91401ED
:10FD000005F00F0503277DB1A74EE90708D540464A
:10FD10004946D6E90023F0F77FFE01378046894641
:10FD20006D1006F10806F0D142464B46DDE914019C
:10FD3000F0F79CFF80468946119B43B19B4B002204
:10FD400040464946F1F7DAF8002840F00B8538467E
:10FD5000F0F728FC42464B46F0F75EFE944B00223B
:10FD6000F0F7D4FAA1F15073CDE914011593BBF16A
:10FD7000000F00F0A8800D9BCDE918B3494640461E
:10FD8000F1F7FAF8189A874B03EBC20313ED027BE5
:10FD900005468DED167BF0F705FC0B4602464946FD
:10FDA0004046F0F7B1FA059F0E9B30357E1CECB251
:10FDB000804689463546002B00F06C84DDE9162329
:10FDC0007C490020F0F752FFDDE91423F0F79CFA9C
:10FDD0003C7042464B4604460D46F1F7ADF800280C
:10FDE00040F0B884CDF850A0CDF858B00027AB460D
:10FDF000A246189D2AE00137AF4280F2FD846E4B87
:10FE0000504659460022F0F707FE6B4B002282460F
:10FE10008B4640464946F0F7FFFD89468046F1F79C
:10FE2000ABF80446F0F7BEFB02460B464046494697
:10FE3000F0F76AFA303406F8014B52465B468046CA
:10FE40008946F1F75BF8002840F0D38442464B46E0
:10FE500056490020F0F758FA52465B46F1F74EF843
:10FE60000028C8D0199BDDF850A0059A374603F149
:10FE7000010802E0974200F09B843E4617F8013DDE
:10FE8000392BF7D00133DBB23B7045467DE10123CE
:10FE90001193089B002BBFF683AEC8F101030C93AE
:10FEA000002308937EE63846F0F77CFB42464B463B
:10FEB000F0F7B2FD3E4B0022F0F728FAA1F15073A3
:10FEC000CDE9140115933D4B002240464946F0F719
:10FED0001BFADDE9144522462B4606460F46F1F78C
:10FEE0002BF8002840F0738430463946224605F14D
:10FEF0000043F1F703F828BB1B9B002BC0F2908056
:10FF00000D9A0E2A00F38C80264B0D9A03EBC20348
:10FF100093ED007B0B9B002B8DED027B19DABBF17F
:10FF2000000F16DC0ED1254B0022DDE90201F0F7AF
:10FF300073FD02460B46DDE90001F0F7E9FF0028FA
:10FF400000F045840023059E00931F460B9BDD4374
:10FF50002DE2059B5D1CDDE90278DDE900013A46F2
:10FF60004346F0F783FEF1F707F80646F0F71AFB71
:10FF70003A464346F0F750FD02460B46DDE90001E4
:10FF8000F0F7C2F9059A06F13003BBF1010F2F46D5
:10FF9000137000F021830125CDF800A0A846DDE90B
:10FFA000029A2BE0E0480108B84801080000F03F41
:10FFB00000001C400000E03F00002440000014400E
:10FFC0004A46534620462946F0F750FEF0F7D4FF44
:10FFD0000646F0F7E7FA4A465346F0F71DFD08F1EA
:10FFE00001080B46024629462046F0F78DF906F136
:10FFF0003003D84507F8013B00F0EC82844B002227
:020000040801F1
:10000000F0F70AFD0022002304460D46F0F76CFFCE
:100010000028D5D00D9DDDF800A001353E46B4E0A6
:100020000E9A002A40F0D8800023109E0C9D0E935B
:100030001F4665B1089A002A09DD0C99AA421346A9
:10004000A8BF2B46C91AED1AD31A0C910893109B1E
:1000500053B10E9B13B1002E40F0F7825146109A17
:10006000049800F0F9FD82460498012100F010FD8B
:10007000099B0090002B40F0BE81029B012B40F3B6
:10008000D4810120089A104410F01F0000F09B80DA
:10009000C0F12003042B40F3E3810C9BC0F11C0052
:1000A000034402440C93054408920C9B002B05DD8D
:1000B000514604981A4600F029FE8246089B002B00
:1000C00005DD009904981A4600F020FE0090119B6F
:1000D000002B40F07581BBF1000F40F34C810E9B6B
:1000E000002B40F0A4800D9D0135DDF81480009CAC
:1000F000DDF81090012607E0514600230A22484609
:1001000000F024FC0136824621465046FFF700FCF1
:10011000B34500F1300008F8010BEDDCBBF1000F36
:10012000059BCCBF5E460126814603EB060B0024EF
:1001300051460122049800F0E9FD0099824600F042
:100140005DFE002840F3EE81059A02E0934500F041
:1001500003825E460BF1FF3B16F8013C392BF5D0CC
:1001600001338BF80030DDF810800099404600F034
:10017000E3FB57B12CB1BC4203D02146404600F00E
:10018000DBFB0498394600F0D7FB0498514600F099
:10019000D3FB002333700A9B1D60279B002B3FF489
:1001A0008DAC05981E601DB0BDE8F08F2046F0F7BD
:1001B000F9F932463B46F0F797FE00287FF4D4ACBD
:1001C000631E0993D0E41C230C9A1A440C92089ADB
:1001D0001A441D44089268E7029A012A40F3AD814F
:1001E000109B0BF1FF36B342C0F26981BBF1000FE7
:1001F000A3EB060680F2EF820C9BA3EB0B056CE1F0
:10020000C3F1200306FA03F07AE40125DFE400BF1E
:10021000000024403946002304980A2200F096FB8F
:10022000139B002B074640F3FF820D969B46002D43
:1002300005DD394604982A4600F068FD0746099B0B
:10024000002B40F0E681B846059E731E03EB0B04BD
:10025000069B03F00103CDE90B43049C0099504633
:10026000FFF756FB39468346504600F0C7FD00991C
:1002700005464246204600F0E3FDC3680BF1300915
:100280000146ABBB0990504600F0B8FD09990890B3
:10029000204600F051FB089A002A54D1029B1BB95A
:1002A0000C9B002B00F0AE82002D3FDB0B9BB34676
:1002B0009E420BF8019B00F0C381514600230A22A5
:1002C000204600F043FB4745824639464FF0000385
:1002D0004FF00A02204630D000F038FB4146074676
:1002E00000230A22204600F031FB5E468046B5E737
:1002F000049800F021FB002D06DB069B03F00102B1
:10030000029B1D432A4329D151460122049800F043
:10031000FDFC0099824600F071FD002840F3F68054
:10032000B9F1390F00F049820BF131090D9D06F842
:10033000019B3C460135474615E700F007FB5E464A
:10034000074680468AE7002DC0F29382029B1D4338
:100350000C9B1D4300F08D82002AA7DDB9F1390FF7
:1003600000F02B820D9D09F101033C4606F8013B8C
:1003700001354746F7E6029B022B7FF7B0AEBBF193
:10038000000F40F02581009904985B46052200F09B
:10039000DDFA01460090504600F030FD002840F3A1
:1003A0001781059E0D9D312306F8013B013500990B
:1003B000049800F0C1FA0135002F7FF4E2AEE4E6C4
:1003C0000099504600F01AFD0028BFF684AE514651
:1003D000002304980D9C0A2200F0B8FA0E9B661EBA
:1003E0008246002B7FF416AF139B002B40F3118243
:1003F0000D9D9B4679E601461A46049800F02CFCB8
:10040000029B0090012B6EDD00230993009A136973
:1004100002EB8303186900F0E9FAC0F1200031E62D
:10042000984B05930333FFF7EDBB069B002B7FF43E
:1004300028AEDDE90612C2F31303002B7FF421AED0
:10044000914B134033B10C9B01330C93089B013348
:1004500008930123099A0993002A3FF412AED5E7C5
:100460003FF423AEC0F13C03AEE601230E930B9B99
:100470000D9A134403F1010B5E46012E1393B8BF8E
:100480000126172E40F3F981012204235B0003F1BA
:100490001400B042114602F10102F7D9049BD9635E
:1004A00004E401230E930B9E002E36DD1396B34613
:1004B000E7E700230E93DAE700230E93F3E7109BA0
:1004C000099A1096F31A1A44089B09925B44089300
:1004D0000C9B1D465B440C9300260498012100F000
:1004E000D7FA0746A5E5069B002B8DD1DDE906016D
:1004F000C1F313030A46002BA2D0099086E79DEDB5
:10050000007B02278DED147BFFF7FDBB7FF40EAF60
:1005100019F0010F7FF404AF08E701230B939B460A
:10052000FFF7BFBB03D119F0010F7FF40DAE5E469C
:100530001BF8013D302BFAD015E6129A002A00F084
:100540009C8003F23343089A109E1A4408920C9A36
:1005500015461A440C92C0E7059A312301351370F1
:1005600001E600F0FA800D9A484B554205F00F0263
:1005700003EBC203D3E90023DDE90001F0F74CFAF5
:100580002D11CDE9140100F05881414E00230227BE
:1005900080468946EA0709D5D6E900234046494600
:1005A000F0F73AFA01378046894601236D1006F1CB
:1005B0000806EFD1002B7FF4BFABDDE91489FFF70C
:1005C000BBBBC8F1010308900C931190FFF758BB17
:1005D000059EBBE4DDF800A002460B46EFF796FE51
:1005E0000D9DCDE90001013502460B46DDE9020112
:1005F000A846F0F783FC40B9DDE90023DDE90201FC
:10060000F0F772FC18B1F30701D5059A35E43E46C0
:10061000BBE57968049800F069F90546002800F008
:1006200021813B6902339A0007F10C010C30F0F78D
:100630008DF804982946012200F068FB804603E605
:100640000D9D3C460135474672E5049C39463246CD
:10065000204600F001FB524601460746204600F0C6
:1006600045FA51468046204600F066F9109B9B1BD8
:10067000C24610933FF4F8ACF0E41A9BC3F1360382
:1006800061E700BF004401080000F07FE048010876
:10069000B8480108DDE91623DDE91401F0F7BCF9DB
:1006A000059B1C70189B012BCDE90E0100F0C38047
:1006B000189F059B12961F447A4B002240464946DC
:1006C000F0F7AAF90D460446F0F756FC8146EFF71D
:1006D00069FF09F1300902460B4620462946EFF72B
:1006E00013FE06F8019BBE4280468946E4D1129D66
:1006F0006D4B0022DDE90E01EFF708FE02460B46C6
:1007000040464946F0F718FC00286CD1DDE90E237D
:1007100065490020EFF7F8FD02460B464046494682
:10072000F0F7ECFB80B91B9B002BFFF67DAC0D9B1B
:100730000E2B3FF779AC5D4B0D9A03EBC20393EDA3
:10074000007B8DED027B06E43E46013F16F8013C3E
:10075000302BF9D0199D013517E5DDE90089022715
:10076000FFF7EABABBF1000F3FF49DAB139C002CDE
:100770007FF7C2AB0D9B013B0022404649461993CF
:10078000484BF0F749F980468946781CEFF70AFF95
:1007900042464B46F0F740F9454B0022EFF7B6FDD5
:1007A000A1F15073CDE9140118941593FFF7E6BA3F
:1007B00008F101083123FFF767BB0D9D059AB34689
:1007C00039233C460BF8013B01354746C1E4002381
:1007D00000931F46E5E5089B5B4408930C9B1D4670
:1007E0005B440C9379E6199B059A03F10108FFF726
:1007F00044BBDDF850A0ADE7DDF850A0DDF858B0FF
:10080000FFF77ABBB9F1390FD7D0002D3FF78CAD88
:100810008CE5029B022B03DC0D9DDDF84CB064E4FB
:10082000DDF84CB00D96AAE5029B022BF8DCDDF852
:100830004CB00D96FBE437465AE7DDE914890227F0
:10084000FFF77ABA049B0025DD632946184600F0BD
:100850004DF80590D0B9174B1748002240F2AF1160
:1008600000F02AFD134B14482A4640F2EF2100F015
:1008700023FD002A3FF748AD58E5049B0021D963CA
:10088000FFF714BA0D4B0593FFF718B9DDE90432F1
:100890009A634FF0FF3301220B9513930E929B4600
:1008A000FFF72ABB000024400000E03FE0480108B9
:1008B00000001C400444010818440108F4430108E6
:1008C00082B049B15AB16BB113780B601278101E27
:1008D00018BF012002B0704701A9002AF3D11046C9
:1008E00002B070476FF00100F4E700BF436C70B5D1
:1008F00005460C464BB153F8240080B1026843F81A
:1009000024200023C0E9033370BD2122042100F01C
:10091000F3FC034668640028EDD1002070BD01217E
:1009200001FA04F6721D9200284600F0E5FC00284A
:10093000F3D0C0E90146E4E731B1436C4A6853F8AB
:100940002200086043F82210704700BF2DE9F041F3
:100950000D6907460E461C4601F1140E0020DEF814
:1009600000108BB202FB03434FEA134C090C02FB4D
:1009700001CC01309BB203EB0C4385424EF8043BA3
:100980004FEA1C44EBDC3CB1B368AB4207DD06EB3D
:10099000850301355C6135613046BDE8F0817168E1
:1009A00038460131FFF7A2FF8046A8B13269023212
:1009B00006F10C0192000C30EFF7C8FE7B6C7268F8
:1009C00053F82210316043F82260464606EB850357
:1009D00001355C613561DFE7024B03484246BA21CD
:1009E00000F06AFC0444010874440108B0F5803F3B
:1009F000034636BF030400201020B3F1807F3CBFC4
:100A00001B020830B3F1805F3CBF1B010430B3F11F
:100A1000804F03D3002B06DB013070479B0003D4CB
:100A20005B0003D4202070470230704703307047CA
:100A3000036813F00702014607D0DA071FD49807AE
:100A400021D55B080B600120704798B2A0B1104619
:100A5000DAB20AB908301B0A1A0704BF1B090430AE
:100A60009A0704BF9B080230DA0703D45B0800F141
:100A7000010006D00B6070471B0C1020E8E7002037
:100A80007047202070479B080B600220704700BF12
:100A900038B5436C04460D464BB15868B0B1026896
:100AA0005A6000220123C0E90323456138BD212299
:100AB000042100F021FC034660640028EDD1094BBD
:100AC0000948002240F2451100F0F6FB1C220121EA
:100AD000204600F011FC0028F1D001220223C0E9D9
:100AE0000123DEE704440108744401082DE9F04FB6
:100AF000D1F810801569A84585B00E46924605DBF1
:100B00002A46534645468A4690461E46DAF808303D
:100B1000DAF8041005EB0804A342B8BF0131FFF76F
:100B2000E5FE8446002800F08B8000F1140707EBF7
:100B3000840E774505D23B46002243F8042B9E45A0
:100B4000FBD8143606EB88080AF11409464509EB70
:100B5000850566D2A5EB0A03153B23F003030AF1D2
:100B6000150A043355452CBF9B464FF0040BCDF8B6
:100B700008E00394AE46E24605E0090C2AD1B045F0
:100B800007F104074AD956F8041B8DB2002DF4D0A2
:100B9000CC463C46002301965CF8040B216886B2E3
:100BA0008AB2000C05FB0622090C1A4405FB001151
:100BB00001EB124192B242EA0142E64544F8042BAD
:100BC0004FEA1143E8D8019E47F80B3056F8041C51
:100BD000090CD4D03B68002248461D463C4694464A
:100BE000028801FB02C202EB15429BB243EA0243B8
:100BF00044F8043B50F8043B25684FEA134CABB271
:100C000001FB0C3303EB124370454FEA134CE7D35F
:100C1000B04547F80B3007F10407B4D8DDE902E42A
:100C2000D446002C02DC05E0013C03D05EF8043D14
:100C3000002BF9D06046CCF8104005B0BDE8F08F2D
:100C4000034B044862464FF4B17100F035FB00BF1E
:100C5000044401087444010812F003032DE9F04133
:100C6000144607462CD10D46A4101CD03E6C86B30A
:100C7000E3074FF0000806D4641014D03068A8B120
:100C80000646E307F8D5324629463846FFF72EFFD9
:100C900035B17B6C696853F821202A6043F82150F4
:100CA00064100546EAD12846BDE8F0813246314657
:100CB0003846FFF71BFF3060C0F800800646E0E7CB
:100CC000013B0F4A52F823200023FFF73FFE054661
:100CD000CAE701213846FFF709FE064640B1012365
:100CE00040F27122C0E90432002338640360BFE798
:100CF000044B0548324640F2451100F0DDFA00BFD2
:100D0000A848010804440108744401082DE9F0478B
:100D10000C4690462769A368496807EB62177D1C5B
:100D20009D4206464FEA621904DD5B009D4201F1D7
:100D30000101FADC3046FFF7D9FD8446002851D086
:100D4000B9F1000F00F114000EDD09F105024FEAC0
:100D5000820E03460CEB8202002143F8041B9342EF
:100D6000FBD1AEF114031844216904F1140318F007
:100D70001F0803EB81012DD0C8F1200986464FF0F2
:100D8000000A1A6802FA08F242EA0A024EF8042B34
:100D900053F8042B994222FA09FAF2D80B1B153B9F
:100DA00023F00303043304F11502914238BF0423F6
:100DB00040F803A0BAF1000F00D13D46736C6268A1
:100DC000CCF8105053F822102160604643F82240BE
:100DD000BDE8F087043853F8042B40F8042F9942FB
:100DE000F9D8EAE7034B044862464FF4EF7100F08C
:100DF00063FA00BF04440108744401080B69844687
:100E00000069C01A16D10CF1140C14310CEB8302DA
:100E100010B401EB830301E0944508D252F8044D6D
:100E200053F8041D8C42F7D005D24FF0FF305DF827
:100E3000044B7047704701205DF8044B704700BFBA
:100E40002DE9F04F15460A692B69D21A002A83B0A2
:100E5000884640F0878001F1140605F1140101EB8A
:100E6000830106EB830301E09E427ED253F8044DDA
:100E700051F8042D9442F7D075D32B4600244546F3
:100E800098466968FFF732FD8146002800F08980A6
:100E90002E69C460D8F8100005F1140B08F1140E87
:100EA00009F1140A05F110020EEB80000BEB86012C
:100EB00057464FF0000CCDF804B05EF8044B52F8E2
:100EC000045F1FFA84FBABB2A3EB0B03240C634457
:100ED000C4EB154404EB23449BB243EA044370453E
:100EE00047F8043B4FEA244CE7D8A0EB080208F18E
:100EF00015084045A2F1150234BF002001209208D8
:100F00000028DDF804B002F101044FEA840408BFB0
:100F100004240BEB0405A942544433D92746284640
:100F200050F8043B1CFA83FE1A0C634402EB2E4279
:100F30009BB243EA0243814247F8043B4FEA224C0A
:100F4000EED80139491B21F003010C4423B954F8B0
:100F5000043D013E002BFAD04846C9F8106003B0AA
:100F6000BDE8F08F89DA01248BE70021FFF7BEFC92
:100F7000814678B101220023C0E90423484603B02A
:100F8000BDE8F08F00284FEA820208BF00220AEB7A
:100F90000204DBE7064B07484A4640F2372100F0DF
:100FA0008BF9034B03484A4640F2452100F084F98F
:100FB00004440108744401082DE9F0430E4683B04F
:100FC000012159EC108B1546FFF790FC04460028D0
:100FD00046D0C9F30A57C9F313030FB143F4801382
:100FE0000193B8F1000313D101A8FFF721FD019B84
:100FF00063610122203022610FB3A7F23347074417
:10100000C0F1350037602860204603B0BDE8F083AA
:1010100068460093FFF70CFD019BF8B10099C0F101
:10102000200203FA02F2C3400A430193002B6261DB
:101030000CBF01220222A3612261002FDDD104EB4B
:101040008203A0F2324030601869FFF7CFFCC0EB9A
:1010500042102860204603B0BDE8F083009AE5E71F
:10106000034B0448224640F20F3100F025F900BF3F
:10107000044401087444010849B1FF2A02D80A70E7
:10108000012070478A2303604FF0FF307047084605
:10109000704700BF70B5054684B05BB11C460F4B6E
:1010A000D3F8E060234669B12846B047431C0FD00F
:1010B00004B070BD094B00F58274D3F8E06023469C
:1010C0000029F1D10A46284601A9B047431CEFD1B7
:1010D00000228A2322602B6004B070BD0006002429
:1010E00010B582B0049CCDE900344FF0FF3300F01E
:1010F00059FB02B010BD00BF2DE9F0478F681D46B7
:10110000AF420B680C46164636D8B1F90CC01CF439
:10111000906F0ED13D46184631462A4600F04CF8F5
:10112000A368DF1B2368A7602B4400202360BDE871
:10113000F0874A69096902EB42025F1A02EBD27238
:101140006B1C52103B44934292BF914699461A46FB
:101150001CF4806F804611D01146FCF779F9824665
:1011600000B321693A46EFF7F1FAA38923F49063BB
:1011700043F08003A38105E02F46CCE700F0F2F8AE
:10118000824658B10AEB0703A9EB0707A760C4F82A
:1011900010A0C4F8149023602F46BCE72169404694
:1011A000FCF75AF8A3890C2243F04003C8F800204A
:1011B0004FF0FF30A381BAE788420ED98B188342E3
:1011C0000BD900EB020C002A6ED0624613F801CD59
:1011D00002F801CD9942F9D170470F2A0FD8034682
:1011E00002F1FF3C002A5FD00CF1010C013B8C4462
:1011F00011F8012B03F8012F6145F9D1704740EA3E
:1012000001039B0751D1A2F1100370B501F1200C2D
:1012100023F00F0501F1100E00F11004AC441B097E
:101220005EF8105C44F8105C5EF80C5C44F80C5CF2
:101230005EF8085C44F8085C5EF8045C44F8045C02
:101240000EF1100EE64504F11004E9D1013312F05D
:101250000C0F01EB031102F00F0400EB031328D075
:10126000043C24F003064FEA940C1E441C1F8E46D7
:101270005EF8045B44F8045FB442F9D10CF1010458
:1012800002F0030203EB840301EB840102F1FF3C53
:101290004AB10CF1010C013B8C4411F8012B03F80D
:1012A000012F6145F9D170BD704702F1FF3C034643
:1012B0009AE72246EAE700BF00B50B4C25681446C2
:1012C000EE681A4685B003460D464CB107490095B5
:1012D000CDE901143046064900F076FA01F0EEFB44
:1012E00004490C46F3E700BFA0000024D0440108E5
:1012F000E0440108DC44010838B5A1FB021454BBEA
:10130000FCF7A6F8054650B350F8042C22F003026F
:10131000043A242A10D8132A13D91B2AC0E90044FE
:1013200016D9242AC0E902440ABFC0E9044400F1E6
:10133000100200F1180205E02146FBF7DBFD28460C
:1013400038BD02460023C2E900339360284638BD09
:1013500000F10802F6E7FBF7DDFE0C230360002531
:10136000284638BD2DE9F84F1646002900F0968032
:101370000C46804606F10B05FCF71CFB54F8041CD8
:10138000162DA4F1080921F0030758D81025AE4204
:1013900058D8AF4260DABE4B9A6809EB070C624539
:1013A000DCF8040000F0908020F0010363445B68E7
:1013B000DB0768D420F003003B189D4247DDCB07D4
:1013C00012D454F8083CA9EB030BDBF8043023F0EB
:1013D0000302104400EB070A554540F3F68007EB83
:1013E000020A554540F3CC8031464046FCF730F8C0
:1013F0000646002800F0208154F8043C23F0010345
:101400004B44A0F10802934200F0B4803A1F242A12
:1014100000F2D780132A00F2A28003462246116808
:1014200019605168596092689A6021464046FBF7FE
:1014300013FF4046FCF7C4FA3046BDE8F88F35F09C
:101440000705A4D50C23C8F80030002618E01F4675
:10145000DCE90223D3609A60D9F804307A1B0F2AA2
:1014600003F0010309EB07001DD83B43C9F8043022
:10147000436843F0010343604046FCF7A1FA264667
:101480003046BDE8F88FC907AED454F8083CA9EB44
:10149000030BDBF8043023F00302A0E7BDE8F84FAC
:1014A0001146FBF7D5BF09EB05012B4342F00102C2
:1014B000C9F804304A60436843F0010343600831CF
:1014C0004046FBF7C9FED7E720F00300C21905F13B
:1014D000100C624580F29180CA0785D454F8082C1C
:1014E000A9EB020BDBF8042022F00302104400EB0E
:1014F000070AD4453FF773AF5E46DBF80C1056F889
:10150000080F3A1F242AC160886000F2AE80132AB7
:1015100040F2A9802168CBF808106168CBF80C1064
:101520001B2A00F2A88008340BF110022168116018
:1015300061685160A16891600BEB0501AAEB05029F
:1015400042F0010299604A60DBF8043003F00103C5
:101550002B434046CBF80430FCF732FA90E723687F
:101560000360636843601B2A3CD804F1080200F161
:10157000080354E750F8043C23F003031F446BE7CF
:101580003A1F5E46DBF80C3056F8081F242ACB6061
:10159000996022D8132A1ED92368CBF808306368D3
:1015A000CBF80C301B2A3BD808340BF1100322680F
:1015B0001A6062685A60A2689A6034465746D946F3
:1015C0004AE72146FFF7F8FD2FE7DCE902133A1F4F
:1015D000CB609960D5E73346E9E721463046FFF70F
:1015E000EBFDEAE7A3688360E368C360242A27D0A1
:1015F00004F1100200F1100311E709EB05019960F5
:10160000531B43F001034B6054F8043C03F0010307
:101610002B43404644F8043CFCF7D2F926462FE71A
:10162000A368CBF81030E368CBF81430242A10D02C
:1016300010340BF11803BAE74046FCF7C1F904E790
:10164000236903616169416104F1180200F1180323
:10165000E5E62369CBF818306369CBF81C30183401
:101660000BF12003A3E7324660E721463046FFF73F
:10167000A3FD074B60E7A168CBF81010E168CBF839
:101680001410242A06D010340BF118024EE700BFC4
:10169000F80100242269CBF818206269CBF81C20DD
:1016A00018340BF1200241E72DE9F04F8BB0DDE952
:1016B000157A86461E46002F5AD0156800295CD040
:1016C000149B002B69D0741E4EB3043DCDE9015E1E
:1016D000DDF850B004910026039105920BE0039BC6
:1016E0000BBB019B1868002836D0DC4557D2013C63
:1016F000631C664613D0019B029853F8042F019394
:10170000DAF8E0503B4607A9D7E90098A847421C01
:1017100037D000EB060CDC45E1D9C7E9009830462C
:101720000BB0BDE8F08F00280EDD049B019D18442E
:101730005A1E07A900F1FF3E11F8013B02F8013FD4
:101740007245F9D101950490059B1A6804321A601C
:10175000019B18680028C8D10399059A01B110604F
:101760000CF1FF36002230463A600BB0BDE8F08F36
:10177000156800F586770029A2D14FF0FF33149346
:10178000A1E7DDF808E006468A2100223046CEF8BF
:1017900000103A600BB0BDE8F08F149EBFE76646BC
:1017A000BDE700BF10B584B0054C069800900798BF
:1017B0000190044800680294FFF776FF04B010BD62
:1017C00000060024A00000240EB410B583B005ABC1
:1017D000064C53F8042B01930146206800F008F8EA
:1017E00003B0BDE8104003B0704700BFA000002464
:1017F0002DE9F04FC7B016AFCDE906218346082288
:10180000002138461C460C93FBF774FBBBF1000F1C
:1018100004D0DBF83430002B00F02786079B5A6E8B
:10182000B3F90C30D00702D4990540F10A859E0423
:1018300006D4079943F4005322F400528B814A6680
:10184000950400F1C386079AB2F90C30190740F1EC
:10185000CB801269002A00F0C78003F01A020A2A1E
:1018600000F0D18000239E46CDE90FEECDE91B3379
:10187000DFF8F8A8CDF838E01DAB1A939946CDF8FB
:1018800020E0CDF834E0069DDAF8E440FDF790FF63
:10189000009703462A4614A95846A047002800F09E
:1018A000D180C0F2C780149A252A034601D01D4476
:1018B000EAE7069BEE1A044640F0C88000234FF08A
:1018C000FF316A788DF84B3009936C1C05910393B6
:1018D0000134A2F120035A2B00F2F980DFE813F063
:1018E0006002F700F7005A02F700F700F7006A00FD
:1018F000F700F700E801F901F700F3010402F7002F
:10190000FE015B005B005B005B005B005B005B005B
:101910005B005B00F700F700F700F700F700F70047
:10192000F700F700F7009D016A02F700F700F700E3
:10193000F700F700F700F700F700F700F7002002C4
:10194000F700F700F7007601F7008D02F700F700C7
:10195000E704F700F700F700F700F700F700F700DB
:10196000F700F700F7009D01C201F700F700F7004C
:101970008402C2017E00F7000A03F700FB02E404C0
:10198000DA027E00F70076017C00E104F700F70040
:101990000A05F7007C00A2F13003002114F8012BA6
:1019A00001EB810103EB4101A2F13003092BF5D9D1
:1019B00009918EE75846FDF701FF43680F931846DB
:1019C000EEF7BEFF109005465846FDF7F7FE836818
:1019D0000E93002D40F05684227879E7039B2278FD
:1019E00043F02003039373E7079D5846294601F00F
:1019F00003F8002840F01E86B5F90C3003F01A02F7
:101A00000A2A7FF42FAF0799B1F90E20002AFFF6BA
:101A100029AF4A6ED60702D49D0540F1CB85DDE99A
:101A200006212346584600F017FE0890089847B054
:101A3000BDE8F08F082200213846FBF75BFA01234E
:101A40001D4421E7069BEE1A044612D0069BC9E905
:101A500000361C9B33441C931B9B0133072B1B93A9
:101A600011DC09F10809089B33440893002C7FF42A
:101A700025AF1C9B002B40F0B885079B0022B3F9D3
:101A80000C301B9218E007991AAA584600F024FE61
:101A900078B90DF17409E6E707991AAA584600F0DB
:101AA0001BFE00287ED00B9B1BB10B995846FBF701
:101AB000D3FB079BB3F90C30079A526ED1077CD544
:101AC0005B0600F18D85089847B0BDE8F08F06945D
:101AD000002ACED000238DF84B3001238DF8B4209E
:101AE00004930A932DAC00230B930593039810F0F5
:101AF0008408DDE91B2105D10998049D451B002DB3
:101B000000F3D6829DF84B0078B1013201200131FB
:101B1000C9F80400072A0DF14B00CDE91B21C9F8D3
:101B2000000000F3FA8209F108097BB1013213A821
:101B30000231C9F80000072A4FF00200CDE91B214D
:101B4000C9F8040000F3F88209F10809B8F1800F20
:101B500000F00C82059B0A981D1A002D00F34A82A2
:101B60000A9BC9F8004001321944072ACDE91B211C
:101B7000C9F8043000F3798209F10809039B58077A
:101B800005D5099B049A9C1A002C00F3E282DDE93A
:101B9000083204988242ACBF9B181B180893002996
:101BA0007FF47AAF00231B930B9B1BB10B99584614
:101BB000FBF752FB0DF1740965E69A0580D4079C8A
:101BC000A06DFBF7DBFAB4F90C3079E70C9E0694B4
:101BD00056F8044B00238DF84B30002C00F05D8448
:101BE000532A00F0A283039B13F0100540F09D835D
:101BF000059B002BC0F2CD841A4629462046EEF7FD
:101C00003FFE0B90002800F00685031BCDE90A3546
:101C100023EAE373049300F09DBC0C9B0694432AD3
:101C200003F1040503D0039BD80640F16783082223
:101C3000002118A8FBF75EF90C9B2DAC1A68214611
:101C400018AB5846FFF726FA034601330A9000F016
:101C5000D6840A9B23EAE373049300230C958DF842
:101C60004B3040E7039B0694990640F1AC800C9BF7
:101C7000073323F0070319465A6851F8083B0C91C3
:101C80001146002AC0F23F81059A002AC0F248811D
:101C9000039A22F08002039253EA010240F040814D
:101CA000059B002B40F08B8404930A9346AC49E1DA
:101CB0000C9B53F8042B0992002A80F2BA82099AED
:101CC0000C9352420992039B227843F0040303933E
:101CD000FEE52B2322788DF84B30F9E5039B227823
:101CE00043F080030393F3E5204610F8012B2A2AE2
:101CF00000F09584A2F13003092B98BF002100F277
:101D0000608410F8012B01EB810103EB4101A2F18A
:101D10003003092BF5D941EAE17305930446D8E570
:101D2000039B069443F0100212F0200100F0518250
:101D30000C9B073323F007031846596850F8083BFB
:101D40000C9022F480640394059C002084428DF85A
:101D50004B007CDB53EA010422F4906240F0818363
:101D6000039C0392059B002B69D1002840F05C8204
:101D700014F001020A9200F0608230238DF81731CE
:101D80009DF84B3004920DF21714002B40F0DF80C9
:101D90000B93E1E0039B227843F00103039397E563
:101DA0009DF84B302278002B7FF492AD20238DF8E4
:101DB0004B308DE5039B069443F010030393039B84
:101DC00099063FF554AF0C9A52F8043B0C92039AD3
:101DD000D20600F14382039A560640F13B8243F358
:101DE000C0310A461BB24CE72278039B682A00F0F8
:101DF000958243F0400303936AE5039B069443F006
:101E0000100414F0200100F0F3810C9B073323F041
:101E100007031A46596852F8083B0C9200228DF8C5
:101E20004B20059A002AC0F21E8324F08002039200
:101E300053EA010274D1059B0120002B95D00128A3
:101E400000F0BD8300230228194600F01A8146AC39
:101E500003F00702DB0843EA4173C908303253EA52
:101E60000105204604F8012DF2D1039BDD0740F166
:101E70001681302A00F013813023059A04F8013CC2
:101E8000023846AB1B1A9A42B8BF1A460A93044658
:101E9000049257E0039B0C9A069443F002030393C9
:101EA00052F8043B0C9247F63002ADF84C20AD4A94
:101EB0000D92002100228DF84B20059A002AC0F2D5
:101EC000E080039C53EA010024F08002039240F07A
:101ED000D880022046E7039B06949C0640F1C1810E
:101EE0000C9B089A1B681A60D2175A600C9B04332B
:101EF0000C93C8E42278039B6C2A00F0088243F01C
:101F000010030393E4E42D228DF84B20059A5B42E5
:101F100061EB4101002A03DB039A22F08002039265
:101F20000A2B71F1000280F039823033DBB28DF878
:101F30001731059B012BB8BF0123049301230A939A
:101F40000DF217149DF84B30002B3FF421AF002306
:101F50000B93049B01330493039B13F002033FF4A0
:101F6000C5AD049B023304930223BFE5099B04988B
:101F70001D1A002D7FF7EEAD102DDFF8EC8126DD68
:101F800040464B46A046DDF81C901026044604E06F
:101F9000103D102D03F1080315DD01321031072A21
:101FA000C3E90046CDE91B21F2DD1AAA494658468D
:101FB00000F092FB00287FF476AD103D102DDDE996
:101FC0001B211DABE9DC9946234644469846013265
:101FD0002944072ACDE91B21C9F80080C9F804501B
:101FE00000F34882059B0A981D1A002D09F1080983
:101FF0007FF7B6AD102DDFF8708128DD4B46102637
:10200000A9462546079C06E0A9F11009B9F1100F71
:1020100003F1080318DD013253481031072AC3E9E0
:102020000006CDE91B21EFDD1AAA2146584600F033
:1020300053FB00287FF437ADA9F11009B9F1100F57
:10204000DDE91B211DABE6DC2C464D4699460132ED
:102050002944072ACDE91B21C9F80080C9F804509A
:1020600000F3D58009F108097AE507991AAA5846BC
:1020700000F032FB00287FF416AD1C990DF17409B5
:102080007CE50D9846AC03F00F021B09825C04F856
:10209000012D43EA0173090953EA0102F3D1059ABC
:1020A00046AB1B1B9A42B8BF1A460A93049249E7F3
:1020B000102D2F4E23DD48461193A146079C04E0C6
:1020C000103D102D00F1080016DD013210311023F3
:1020D000072ACDE91B2106604360F1DD1AAA2146DB
:1020E000584600F0F9FA00287FF4DDAC103D102DC1
:1020F000DDE91B211DA8E8DC119B4C46814601321D
:102100002944072ACDE91B21C9F80060C9F8045009
:1021100000F3978109F10809F4E4079911931AAAC9
:10212000584600F0D9FA00287FF4BDACDDE91B2148
:10213000119B0DF17409F8E407991AAA584600F0AA
:10214000CBFA00287FF4AFACDDE91B210DF1740957
:10215000FCE4102C1B9B064E28DDDDF81C801025AE
:102160000DE000BF78430108AC4A010800060024D6
:10217000BC4A0108103C102C09F1080916DD013396
:102180001031072BC9E90065CDE91B31F2DD1AAA30
:102190004146584600F0A0FA00287FF484AC103C79
:1021A000102CDDE91B310DF17409E8DC0133214409
:1021B000072BC9E90064CDE91B317FF7E8AC07992B
:1021C0001AAA584600F088FA00287FF46CAC1C99D3
:1021D000DDE40C9850F8043B0C9012F010007FF4F2
:1021E000B0AD12F0400400F062819BB20146A8E558
:1021F0000C9A52F8043B0C9214F010027FF40EAECD
:1022000014F0400000F059819BB2114606E6079990
:102210001AAA584600F060FA00287FF444ACDDE9C1
:102220001B210DF174099BE4059B04930A9346ACB2
:1022300088E622780C93FFF74BBB059B049346ACD2
:1022400080E6079DA86DFAF797FFB5F90C306A6E26
:10225000FFF7EDBA039A950500F18781D9170A4671
:102260000FE5039BD80600F11381039B590600F18B
:102270008B81039B9A0540F10B810C9B089A1B688C
:102280001A7033E60E9B2278002B3FF421AB1B78AB
:10229000002B3FF41DAB039B43F480630393FFF7D4
:1022A00017BB0694039CACE5039A06943CE5B24B3D
:1022B00006940D93039B13F020015FD00C9B073312
:1022C00023F007031846596850F8083B0C90039C0C
:1022D000E6070AD553EA010007D08DF84D2044F0F7
:1022E0000202039230228DF84C20039A22F480627D
:1022F0000392DFE5A14B06940D93DBE70C9B1B6873
:102300008DF8B430012304930A932DACA5E443F077
:102310002003627803930134FFF7DABA43F40073C1
:10232000627803930134FFF7D3BA0822002118A87A
:102330001594FAF7DFFD059B002BC0F2DC80002529
:10234000CDF81090A84699460EE02DA95846FEF704
:10235000A1FE431C404400F05281484509DC05F1D0
:10236000040500F054818046159A525918AB002A92
:10237000EBD1DDF81090CDF82880C9E00C9850F82A
:10238000043B0C90039810F01000A0D1039911F0B9
:10239000400400F099809BB2014698E7039ACDF87B
:1023A000109046AC02F48062A146CDF828B0744E7D
:1023B000DDF838B04FF0000C144605E00A2B71F13F
:1023C000000136D3434629465A1842F10002A6FBC3
:1023D000020525F0030000EB9500121A981A4FF041
:1023E000CC3561F1000E05FB00F506FB0E55A0FB98
:1023F0000680054408F0010E0520AEFB000E801893
:102400004FEA5808303009F8010C48EAC5780CF159
:10241000010C09F1FF396D08002CCFD09BF800208A
:102420006245CBD1BCF1FF0FC8D00A2B71F100017E
:1024300051D2CDF838B04C46DDF828B0DDF8109018
:102440002DE6079911931AAA584600F045F900287D
:102450007FF429ABDDE91B21119B0DF17409FFF716
:1024600051BB0392F3E403945AE55846FAF792FC01
:10247000FFF7D4B907991AAA584600F02DF9002899
:102480007FF411ABDDE91B210DF17409FFF762BB8D
:102490000C9B089A1B681A6028E5059B394C0C9622
:1024A000062B28BF06230A930493FFF71CBB12F4E4
:1024B00000711CBFDBB2214643E414F400713FF409
:1024C000ADACDBB20146A9E4039911F400711CBF65
:1024D000DBB22146FBE6109B0F99A9EB03091A46D4
:1024E0004846FAF759FD9BF801300BB10BF1010B8F
:1024F0004FF0000C66E718AB00930023194615AAAD
:102500005846FEF7EDFD034601330A9077D0159447
:102510000A9BE3B1632B45DC00230B932DAC08220F
:10252000002118A8FAF7E6FC0A9D18AB009315AA3B
:102530002B4621465846FEF7D3FD854240F0858064
:102540000A9A0023A35422EAE273049302E00A9B4E
:1025500004930B939DF84B301BB100230C9605930D
:10256000F7E405930C96FFF7C1BA43F3C0110A468E
:102570005BB2FFF786BB00BF8C43010878430108BC
:10258000CDCCCCCCA04301080C9B089A1B681A80C8
:10259000ACE42046EEF7D4F920EAE073CDE90A0571
:1025A0000493D7E7591C5846FAF752FF044630B354
:1025B0000B90B4E7886DFAF7E1FDFFF730BA3023EE
:1025C000B5E4002304460593FFF783B9D40707D485
:1025D000079B9B89980503D4079B986DFAF7CEFD5E
:1025E0004FF0FF330893FFF76EBA07991AAA5846BF
:1025F00000F072F800283FF440AAFFF75ABA079A91
:10260000B2F90C3043F040039381FFF755BADDE98E
:1026100004930A937CE7059B04930A939AE70C9B27
:10262000627853F8041B0C9341EAE171044605916A
:10263000FFF74EB9079A536EDB07D1D493899F05F4
:10264000CED4906DFAF79AFDCAE7079A938943F0C2
:1026500040039381FFF727BAF0B51F468B89ADF28F
:102660006C4D23F00203ADF80C301AAB00930493C9
:102670004FF48063029305934B6E1993CB89ADF8A9
:102680000E30CB6907934B6A099315460023064623
:1026900016A80C460693FAF76BFD2A463B46694698
:1026A0003046FFF7A5F8051E07DB69463046FDF703
:1026B00055F8002818BF4FF0FF35BDF80C305B0609
:1026C00003D5A38943F04003A3811698FAF752FD7E
:1026D00028460DF26C4DF0BD936810B514461BB939
:1026E00018460023636010BD00F006F80023A360C5
:1026F0000023636010BD00BF9368002B00F0F880DA
:102700002DE9F04FB1F90CC01CF0080F83B09046D2
:1027100081460C4631D00B697BB31CF00207D8F818
:10272000006038D00027D4F824B0E169DFF8C4A2F3
:102730003D4655452B463A4628BF53464846C5B107
:10274000D847002840F3CA80D8F808301B1A07443D
:102750002D1AC8F80830002B00F0B68055452B46DE
:10276000D4F824B0E16928BF53463A464846002DC4
:10277000E6D1D6E900750836DBE72146484600F089
:102780003BF9002840F0AF80B4F90CC0D8F80060E5
:102790001CF00207C6D11CF0010A63D12368A168AE
:1027A000574618468B46002F58D01CF4007F00F087
:1027B000B580B9420A4600F2E1801CF4906F2FD038
:1027C000216962695D1A02EB420202EBD2726B1C54
:1027D00052103B44934292BF93469B461A461CF4C8
:1027E000806F00F0EA8011464846FAF731FE002873
:1027F00000F0F9802A4621690090EDF7A7FFA28931
:10280000009B22F4906242F08002A2815819ABEB47
:102810000505C4F814B02361A5602060BB463A46A4
:1028200051460092FEF7C8FCA1682368009AA1EB0C
:102830000B011A443D46A16022600027D8F80830F9
:102840005B1BAA44C8F80830002B3DD02368A16860
:10285000B4F90CC018468B46002FA6D1D6E900A7C4
:1028600008369EE73846BB463D460097002D41D0CE
:10287000002846D0009A2068A168D4E90473AA42CF
:1028800028BF2A46B84204D901EB030A524500F397
:102890008580934275DCE169676A5A464846B847C5
:1028A000B0F1000A1ADD009BB3EB0A0300930FD0CE
:1028B0000120D8F80830A3EB0A03D344A5EB0A059E
:1028C000C8F80830002BD1D1002003B0BDE8F08F4C
:1028D00021464846FCF742FF0028EAD0B4F90C3004
:1028E00043F04003A3814FF0FF3003B0BDE8F08F09
:1028F00000207047756833460836002DFAD0D3F8AB
:1029000000B02A460A215846EDF7BAFF002867D0E2
:102910000130A0EB0B0300931A46ACE722699A4200
:1029200014D36269BA4211D86FF00043BB4228BF8A
:102930003B46656A93FBF2F3E16902FB03F3484609
:102940005246A847051EC9DD7F1B77E7B94228BF5D
:1029500039460D4618460A465146FEF72DFCA16839
:102960002368491B2B44A16023600029ECD1214638
:102970004846FCF7F3FE0028E6D0AFE7BB463A46F0
:102980004EE759460192FEF717FC019AA3689B1A7D
:10299000A360236813442360924684E75946524655
:1029A000FEF70AFC23685344236021464846FCF79F
:1029B000D5FE00283FF477AF90E74846FEF7D2FCFB
:1029C000034600287FF422AF21694846FAF744FC09
:1029D000B4F90C300C22C9F8002023F080037FE703
:1029E0006A1C009247E70C22B4F90C30C9F80020A9
:1029F00076E700BF00FCFF7F38B52F4B1B6805460C
:102A00000C4613B15A6B002A4BD0B4F90C3018079E
:102A10001CD5226922B313F0010107D0616900209F
:102A20004942A060A1613AB1002038BD980758BF63
:102A30006169A160002AF7D1190658BF1046F4D584
:102A400043F04003A3814FF0FF3038BDD9062CD5A9
:102A50005A0712D4226943F00803A381002ADAD16D
:102A600003F42071B1F5007FD5D02146284600F04F
:102A70002DF8B4F90C302269CDE7216B51B104F186
:102A80004002914204D02846FAF7E6FBB4F90C3034
:102A90000022226322690021C4E9002123F02403DB
:102AA000D9E71846FAF776F9AFE7092243F0400371
:102AB0002A60A381C7E700BFA000002408B5062054
:102AC00000F072F80120EFF701F900BF2DE9F041A5
:102AD000B1F90C300C46990796B008D504F14303C0
:102AE0000122C4E90432236016B0BDE8F081B4F9D4
:102AF0000E100029064626DB6A4600F081F8002801
:102B00001FDB019D05F47045A5F50055B5FA85F567
:102B10004FF480686D094FF4006741463046FAF77C
:102B200097FCE8B1B4F90C30C4F8148043F080038A
:102B300020602061A3813DBB3B43A38116B0BDE86B
:102B4000F081B4F90C3013F0800519D04FF0400833
:102B50000025414630462F46FAF77AFC0028E1D19D
:102B6000B4F90C309A05BFD423F0030304F14302F7
:102B700043F002030121C4E90421A3812260B3E7E9
:102B80004FF480682F46C8E7B4F90E10304600F0C5
:102B90004DF810B9B4F90C30CEE7A38923F0030344
:102BA00043F001031BB2C7E738B5144B1F281D685B
:102BB0001ED8D5F83821044662B152F820304BB106
:102BC000012B05D0591C0FD0002142F82010984746
:102BD000002038BD284600F051F82246014628461C
:102BE000BDE8384000F034B816232B60012038BD12
:102BF00016232B604FF0FF3038BD00BFA00000242B
:102C000070B50C46084D03460026204611461C466A
:102C10002E60EFF782F8431C00D070BD2B68002BAC
:102C2000FBD0236070BD00BF809B002438B5074DEA
:102C30000022044608462A60EFF774F8431C00D0CF
:102C400038BD2B68002BFBD0236038BD809B00244F
:102C500070B50C46084D03460026204611461C461A
:102C60002E60EFF72BF8431C00D070BD2B68002BB3
:102C7000FBD0236070BD00BF809B0024EFF71CB821
:102C800038B52DED028B55EC104B00F0FDF82246C7
:102C90002B4620462946B0EE408AF0EE608AEEF7D9
:102CA00055F930B90022002320462946EEF726F9CF
:102CB00030B9B0EE480AF0EE680ABDEC028B38BDC0
:102CC000FAF728FA00220023212101601046194654
:102CD000EDF7CCFF41EC180BB0EE480AF0EE680AB5
:102CE000BDEC028B38BD00BF08B52DED028BB0EEF8
:102CF000408A00F08DFAB4EE488AF1EE10FAF0EE58
:102D0000408A0AD6B0EE480A00F076F8F7EE007A6C
:102D1000B4EEE70AF1EE10FA04DCB0EE680ABDEC9E
:102D2000028B08BDFAF7F6F9BDEC028B03462122AF
:102D30001A600248BDE8084000F0A0B8DC44010871
:102D400000F062BB08B52DED028BB0EE408A00F0BA
:102D500091F9B4EE488AF1EE10FA06D6DFED098A51
:102D6000B4EEE88AF1EE10FA02D4BDEC028B08BD95
:102D7000FAF7D0F988EEA80ABDEC028B2123036094
:102D800008BD00BF0000000010EE103A184923F003
:102D900000428A421AD9B2F1FF4F02D330EE400A04
:102DA000704700B583B0684600F0D6FB00F0030022
:102DB0000128DDED010A9DED000A10D0022809D09E
:102DC00090B900F05BF903B05DF804FBDFED090A90
:102DD00000F054B900F052F9B1EE400AF3E700F008
:102DE000CFF9B1EE400AEEE7012000F0C9F9EAE7B9
:102DF000D80F493F0000000010EE103A23F00043C6
:102E000000EE103A704700BF10EE103A194923F057
:102E100000428A421BD9B2F1FF4F02D330EE400A82
:102E2000704700B583B0684600F096FB00F00300E1
:102E30000128DDED010A9DED000A13D002280BD018
:102E400098B9012000F09CF903B05DF804FBDFEDB8
:102E50000A0A002000F094B9012000F091F9B1EEC7
:102E6000400AF1E700F00AF9EEE700F007F9B1EEE9
:102E7000400AE9E7D80F493F000000009FED010A32
:102E8000704700BF0000C07F2DE9F84F764955EC30
:102E9000104BA94300F0AB80002D2A46234655DD98
:102EA0002C1562D0C2F31302E107A4F2FF3742F4FB
:102EB000801203D4D90F01EB42025B0052000026BE
:102EC00002EBD3727F105B001624B4464FF400115E
:102ED0000CEB010090424FEAD3754FEA430303DC49
:102EE00000EB010C121A0E44013C05EB42024FEAC2
:102EF0005101EDD1A04620254FF000400AE043D01B
:102F0000510001EBD371013D0A464FEA43034FEAFA
:102F1000500045D0944508EB000EF0DABEF1000FEA
:102F20000EEB00080CDBE146A2EB0C019E4588BFCE
:102F300001F1FF314900CC46A3EB0E030444E0E766
:102F4000B8F1000FEFDB0CF10109EDE725F00041CE
:102F5000214346D0002D71D1D90A153A5B050029CD
:102F6000FAD0CE02144676D40A4600215200D50289
:102F7000084601F10101F9D5C1F1200523FA05F553
:102F80002A438B40241A8DE79E4502D94FEA4C0113
:102F9000B7E7BEF1000F0EEB000824DB0021CBE702
:102FA000194312D0DFF8C4A0DFF8C4B0DAE9000199
:102FB000DBE90023EDF7A8F9DAE9008902460B46C0
:102FC00040464946EDF7A4FFF8B96508711001F1D4
:102FD0007F5101F5001101EB075345EAC67243EC3E
:102FE000102BBDE8F88FB8F1000FACDAD6E7224617
:102FF0002B4620462946EDF70FFD22462B46EDF7DE
:1030000085F941EC100BBDE8F88FB4F1FF3FDAE928
:103010000001DBE9002322D0EDF778F9DAE9008935
:1030200002460B4640464946EDF768FFC8B1A31C6F
:1030300004F1020508BF01366D08C7E722462B469A
:1030400020462946EDF760F902460B46EDF70EFEE5
:1030500041EC100BC5E74FF0FF300A4692E701360E
:10306000B4E70134B1E700BF0000F07FD84A01089F
:10307000D04A0108B1EEC00A704700BF10EE103A06
:1030800023F00043B3F1485F2CD2FDEEC07A17EE77
:10309000903A002B60D060EE007A9FED317A9FED80
:1030A000315ADFED315A9FED316ADFED316AA7EE1B
:1030B000875A9FED307AE7EE855AA7EEA56AA7EE0C
:1030C000867AE7EE876A67EEA66A60EEC00AB6EE19
:1030D000007AE7EEA60AB7EE000AD7EE870A30EECE
:1030E000600A704760EE007A9FED1D7A9FED1D5AD1
:1030F000DFED1D5A9FED1D6ADFED1D6A1E4AA7EE2A
:10310000875A93429FED1B7AE5EE275AA5EEA76AF0
:10311000A6EE277AE7EE276A66EEA76AD5D9174AA0
:10312000934214D803F17F4307EE103AB7EE006ADA
:1031300036EE476A60EEC00AF6EE005A97EEA57AC0
:10314000E7EEA60A37EE607A36EE470A7047B6EE2B
:10315000076AB5EE027AEDE7B7EE000A704700BFE6
:103160004ED747ADF6740F317CF293B4010DD037D2
:10317000ABAA2A3D610BB6BA9999993E0000483F27
:1031800010EE103A23F00043B3F1485F04D2FDEE95
:10319000C07A17EE903A5BB360EE007A9FED157A35
:1031A000DFED155A9FED156ADFED156AE7EE875AD8
:1031B0009FED147AA5EEA76A20EE275AE6EE276A5D
:1031C000A6EEA77A30B9DFED106AE7EE876AA6EEC1
:1031D000850A704727EE457AF6EE006AA0EEA67AD9
:1031E000DFED0A6AD7EE270AE5EE260A30EE600A1E
:1031F000704700BFD3C92E2F342FD7B21BEF3836FC
:10320000010D50B98988083CABAA2ABEABAA2A3E58
:1032100038B510EE105A25F00044B4F17E5F2DED64
:10322000048BF0EE407A7FD077D8B4F17C5F0ED279
:10323000B4F1485F80F092809FED637A30EE077AB8
:10324000F7EE006AB4EEE67AF1EE10FA62DCB0EE68
:10325000670AFFF7D1FDF7EE007A37EEC08AB6EEC7
:10326000007A28EE078ADFED596A9FED597A9FEDC3
:10327000596A9FED595ADFED595ADFED598AE8EE48
:10328000076A9FED587AA8EE067A9FED576AA6EE78
:10329000885AA7EE086A9FED557ADFED556AE5EE8C
:1032A000085AA6EE087AE5EE886AE7EE087AE6EEB6
:1032B000888AB0EE480AB0EE679AFFF7DBFE4D4B06
:1032C0009C4268EE888A3AD810EE103A6FF30B03EE
:1032D00006EE903AA6EEE68A70EE267A88EE895AD5
:1032E000C8EE274A9FED447ADFED447AB0EE006ADB
:1032F000A4EEC67A30EE000AF0EE675A90EE057A38
:10330000E6EEC65A37EE657A37EEC70A002D01DCC5
:10331000B1EE400ABDEC048B38BDBDEC048B70EE01
:10332000407A87EEA70A38BDBDEC048B9FED320AC8
:103330009FED337A27EE800AA7EE870A38BD88EE24
:10334000896A9FED307ADFED2E7AA0EE060AF0EE64
:10335000006AA0EE267A37EEC70AD7E720EE007A99
:10336000DFED1B6A9FED196ADFED1B5A9FED195ABD
:10337000DFED1A4AA7EE266ABDEC048BE6EE075A8B
:10338000DFED186A9FED186AE7EE056AE5EE874AF9
:10339000A6EE876A9FED165ADFED145ADFED106A2C
:1033A000A4EE875AE6EE075AE5EE076AB7EE006A22
:1033B000A5EE876A26EE877AC7EE066AE0EE267AE1
:1033C000B0EE670A38BD00BFCAF24971047F4F3AB8
:1033D00008EF11382EC69D3D461124BDA80A4E3E69
:1033E000ABAA2A3E613330BF2D57014039D119C0F5
:1033F00090B0A6BE9999793F2EBD3BB3DB0F493FF4
:10340000DB0FC93F2EBD3B3310B582B0CDED010AB5
:10341000019B23F00042B2F1FF4FF0EE407A30D82A
:1034200010EE100A20F00041B1F1FF4F29D8B3F19E
:103430007E5F42D09C1704F0020444EAD07431B39A
:103440007AB3B2F1FF4F40D0B1F1FF4F29D0891AC2
:10345000B1F1F45F4FEAE15234DA002B42DA3C3248
:1034600040DA9FED340A012C4ED0022C43D064B1D7
:103470009FED317ADFED317A30EE070A30EE670AE0
:1034800003E09DED017A37EE270A02B010BD022C51
:1034900010D09FED2B7A032C08BFB0EE470A02B084
:1034A00010BD9FED280ADFED287A0028A8BFB0EEF6
:1034B000670AEAE79FED210AE7E702B0BDE810409E
:1034C00000F07AB99FED200ACDE7B1F1FF4F04F18A
:1034D000FF3420D0022C26D81C4B03EB840393ED41
:1034E000000AD2E79DED017A87EE870AFFF784FC98
:1034F00000F062F9B7E79FED107ADFED107A30EE59
:10350000070A37EEC00AC0E710EE103A03F1004395
:1035100000EE103AB9E7022C08D80D4B03EB8403F8
:1035200093ED000AB1E79FED030AAEE79FED090AAC
:10353000ABE700BF000000002EBDBB33DB0F4940EE
:10354000DB0F49C0DB0FC9BFDB0FC93FE04A0108F1
:10355000EC4A0108DB0F493F70B510EE103A884A7B
:1035600023F00044944286B0054671D9854A9442BE
:103570001E4624D823F00042002BDFED837A8349D6
:1035800022F00F02B0EE407A40F3E0808A4270EE03
:10359000677A09BF9FED7E7ADFED7E6ADFED7E6A96
:1035A00077EEC77A37EEE67A77EEC77A80ED007A63
:1035B00077EEE67AC0ED017A012006B070BD774A59
:1035C000944252D9B4F1FF4F48D2E215863AA4EBA7
:1035D000C25307EE903ABDEEE77ADFED716AB8EEBE
:1035E000C77A77EEC77A8DED037A67EEA67ABDEEDD
:1035F000E77AB8EEC77A77EEC77A8DED047A67EE90
:10360000A67AF5EE407AF1EE10FACDED057A40F0AB
:103610009880B5EE407AF1EE10FA0CBF0123022338
:10362000604901910221009103A8294600F09AF90E
:10363000002EC2DA95ED007AD5ED017AB1EE477A27
:10364000F1EE677A85ED007AC5ED017A4042B4E784
:10365000002285ED000A42600020AEE770EE407A5D
:10366000C0ED017AC0ED007AF6E7FFF7C5FB9FEDEC
:103670004E7A9FED456AF6EE007AE0EE077A9FED0E
:10368000457AFDEEE77A17EE900AF8EEE76A1F2812
:10369000A6EEC60A66EE877AB1EE666A20DC434A79
:1036A000411E26F0004352F8212023F0FF039342ED
:1036B00016D030EE677A30EE470A002E30EE670AF9
:1036C00085ED007A85ED010ABFF677AFB1EE477A56
:1036D000B1EE400A85ED007A85ED010A40426CE7C3
:1036E00030EE677AE21517EE103AC3F3C753C3EB17
:1036F000D453082BDFDD9FED267A9FED275AF0EE9D
:10370000405AE6EE075A70EE657AE6EE077AD6EE94
:10371000857A35EEE77A17EE103AC3F3C753D21A1B
:10372000192A10DD9FED227A9FED225AB0EE650A2C
:10373000A6EE070A75EEC07AE6EE077AD6EE857A2F
:10374000B7E703236CE7B0EE650AB4E78A4270EE90
:10375000277A09BF9FED0E7ADFED0E6ADFED0E6A64
:1037600077EE877A37EEA67A77EEC77A80ED007A21
:1037700077EEA67AC0ED017A4FF0FF301DE700BF6B
:10378000D80F493FE3CB1640800FC93FD00FC93F48
:10379000004435374344353708A3852E800F49430D
:1037A00000008043784B010884F9223FF84A010861
:1037B00000A3852E32318D2438B510EE105A25F035
:1037C0000044B4F1A14FF0EE407A0DD3B4F1FF4FB5
:1037D0005BD8DFED517A9FED517A002DCCBFB0EE72
:1037E000470AB0EE670A38BD4D4B9C425CD8B4F135
:1037F000445F4DD34FF0FF3327EEA76A9FED495A40
:103800009FED497ADFED495ADFED494A66EE066AD7
:103810005A1CA6EE857AE6EEA54A9FED465ADFEDE4
:10382000465AA7EE265AE4EEA65A9FED447ADFEDFB
:10383000444AA5EE267AE5EEA64A9FED425ADFED10
:10384000425AA7EE265A9FED417AA4EEA67AE5EEFB
:10385000265A27EE267AA5EE867A27EE877A38D082
:103860003B493C4A01EB8301D1ED006A37EE667AB1
:1038700002EB8303D3ED006A37EE677A002D36EE54
:10388000C70AB0DAB1EE400A38BD30EE000A38BDE2
:103890009FED317A30EE077AF7EE006AB4EEE67A01
:1038A000F1EE10FAA6DD38BDFFF7A6FA2B4B9C42CD
:1038B00012D8A3F5D0039C4223D8F0EE007ABFEED5
:1038C000007AA0EE277A002330EE270AC7EE007AAE
:1038D00092E737EEC70A38BD214B9C420BD8F7EE72
:1038E000087AB7EE007AA0EE277A022330EE670A54
:1038F000C0EE077A80E7BFEE007AC7EE007A0323B6
:103900007AE7F7EE007A30EE677A30EE270A012385
:10391000C7EE007A70E700BFDB0FC9BFDB0FC93FFE
:10392000FFFFDF3ED769853C59DA4B3D21A215BD2B
:103930006BF16EBD356B883D95879DBD6E2EBA3D92
:10394000388EE3BD2549123EABAAAA3ECDCC4CBE73
:10395000904E0108A04E0108CAF24971FFFF973F3F
:10396000FFFF1B402DE9F04F2DED048BDBB01C4613
:10397000944603930A46CD4B68991CF1040F53F803
:103980002160824604F1FF38C0F24982BCF1030392
:1039900048BF0CF10403DB10029301334FEAC30E5E
:1039A000ACEB0E030593029B16EB0800A3EB080398
:1039B00016D401309FEDBE7A699C18441EA9002BD5
:1039C000A4BF54F8235007EE905A03F10103ACBF93
:1039D000F8EEE77AF0EE477A8342E1EC017AEED135
:1039E000002EC0F2B182039B1EA901EB830446ADF9
:1039F0004FEA83094046F7180AEB8301B8F1000F3C
:103A0000DFEDAB7A09DBA3465346F3EC016A3BEDED
:103A1000017A8B42E6EE877AF7D10130B842E5ECC5
:103A2000017A04F10404E9D10DF1280B0BEB8603B4
:103A3000CDE9062E043B9FEDA09ADFED9E8A059806
:103A400004930AEB090446AF0BEB86090096CDF808
:103A500020C05AAB03EB8603002E13ED140A4FEA85
:103A6000860515DD7B195A4660EE097AB0EE407A7C
:103A7000FDEEE77A73ED016AF8EEE77ABB42A7EE56
:103A8000E87A37EEA60ABDEEC77AA2EC017AEBD14E
:103A9000019000F085FAF4EE007AB0EE408A20EE54
:103AA000270A00F0EFFAF2EE007AA0EE678A01989A
:103AB0000028FDEEC89AF8EEE97A38EE678A6CDDE8
:103AC00006F1FF3EC0F108035BF82E2042FA03FC2A
:103AD0000CFA03F3D21AC0F1070119EE903A4BF831
:103AE0002E200A416344002A09EE903A00F3F08048
:103AF000B5EE408AF1EE10FA40F09D80009B9E42A8
:103B00000ADD5D44002355F8041D4D4543EA0103D9
:103B1000F9D1002B40F0F280009B013B5BF8233091
:103B2000002B40F0E780049B012153F8042D013164
:103B3000002AFAD0731C31449C46029D039A05EB7F
:103B4000030E0EF1804E699D32440EF1FF3E07EBED
:103B500083061EAB05EB8E0E03EB8205DEED017ACC
:103B6000F8EEE77AB8F1000F0EF1040EE5EC017AF9
:103B7000DFED4F7A09DB2A465346F3EC016A32ED5A
:103B8000017AA342E6EE877AF7D10CF1010C614588
:103B9000E6EC017AE2DA0E465BE740F08F80731EB6
:103BA0005BF82320D211002AA2DD19EE903A002EF4
:103BB00003F1010309EE903A40F3D48159464FF0E6
:103BC000000E51F8043B002B6AD0C3F5807341F816
:103BD000043C04E00B68C3F1FF0341F8043B0EF121
:103BE000010E7645F6DC01239E4600280ADD0128F9
:103BF00078D0022806D1711E5BF8213003F03F0C0B
:103C00004BF821C0022A7FF473AFB7EE000A734667
:103C100030EE488A002B3FF46BAF0992019000F020
:103C2000BFF938EE408A0198099AB5EE408AF1EE64
:103C300010FA3FF463AF9246DDE9062EDDF820C0AE
:103C40000196AEEB0C00B0EE480A009E009200F028
:103C5000A7F9DFED186AB4EEE60AF1EE10FADDE935
:103C60000023F0EE407AC0F250819FED137A05995F
:103C700020EE077A0831BDEEC77A0591B8EEC77A13
:103C80005C1CE7EE667ABDEEC77AFDEEE77A17EECA
:103C9000901A4BF8231017EE103A4BF8243046E0F8
:103CA0000EF1010EB6458CDB9E469EE7DC4E010808
:103CB00000000000000080430000803BF6EE007A28
:103CC000B4EEE78AF1EE10FA80F2988000220FE756
:103CD0000133002E09EE903A3FF770AF0023012820
:103CE0009E4686D1711E5BF8213003F07F0C4BF8A5
:103CF00021C087E7731C9C4619461EE7334692464F
:103D0000DDE905125C1EA1F108005BF82410009E9D
:103D1000059061B903F18043013B0BEB830301463E
:103D200053F8040D013C08390028F9D00591059895
:103D30000092B7EE000A00F033F9002C009AB0EEC2
:103D4000407AC0F20581601C46AD5FED256A8100B6
:103D50000BEB800305EB800073ED017AF8EEE77A58
:103D60005B4567EE877A27EE267A60ED017AF3D11C
:103D70000DF1C8080B1F46A8C718C646A446002563
:103D80009146002E73DB844ADFED847A38460023A7
:103D900001E0AB4208DCF2EC016AB0EC017A0133DD
:103DA0009E42E6EE877AF4DA0CF1FF3CBCF1FF3F6D
:103DB000EEEC017A05F10105A7F10407E1D1689B5A
:103DC000022B4A4656DC002B2EDC0ED1DFED737A37
:103DD000414431ED017A414577EE877AF9D1534676
:103DE000002B40F0AE80C2ED007A19EE903A03F05D
:103DF00007005BB0BDEC048BBDE8F08F19EE903A84
:103E0000002E03F1010309EE903AC8BF02223FF7EA
:103E1000D5AEF7EE007A37EEC88A022268E60023B4
:103E20004FF0080E0293BBE59FED5C7A414471EDC3
:103E3000017A414537EE277AF9D1DDED327A5346E2
:103E400077EEC77A002B75D182ED007A64B133A981
:103E50000123B1EC017A01339C4277EE877AF8DADC
:103E600053460BB1F1EE677AC2ED017ABDE7DFEDA3
:103E70004B7A99E7689B032BB7D1002C7ED008EBD7
:103E8000840595ED007AA0002B46294671ED017A54
:103E9000F0EE476A37EE277A414577EEC77A81ED33
:103EA000007A77EEA67AC1ED017AEFD1012C65D0C8
:103EB00095ED007A08F1040173ED017AF0EE476A9E
:103EC00037EE277A994277EEC77A83ED007A77EE5C
:103ED000A67AC3ED017AEFD1031DDFED307A4344BA
:103EE00008F1080833ED017A984577EE877AF9D121
:103EF0005346DDED326A9DED337A73B9C2ED006A47
:103F000082ED017AC2ED027A6FE7FDEEC07A1C46BF
:103F100017EE901A4BF8231009E7F1EE666AB1EE3E
:103F2000477AF1EE677AC2ED006A82ED017AC2ED5E
:103F3000027A5AE7B1EE477A82ED007A002C86D1F8
:103F400090E7F1EE677A4EE7039B4FEA83096BE552
:103F5000689B022B0EDC002B13DC7FF446AFDFEDF9
:103F60000F7A3CE7022A7FF4C3ADF7EE007A37EE12
:103F7000C88ABDE5689B032B7FF437AFDFED077A76
:103F8000B6E75346DDED327A13B9002313606BE7D1
:103F90004FF00043136065E7B04E010800000000D9
:103FA00010EE103A33F000411A4627D0B1F1FF4F1E
:103FB00021D213F0FF4F22D1DFED2B7A2B4A60EE96
:103FC000277A904217EE903A33DB4CF2503CC3F321
:103FD000C75160451A46A1F1190116DDDFED247ABB
:103FE000DFED246A002BB0EE677AB8BFF0EE667A98
:103FF00027EE870A704730EE000A704770474CF290
:10400000503C60454FEAD151E8DC0144FE29E5DC33
:10401000002915DC11F1160F19DB193122F0FF42CE
:1040200042EAC15207EE902A9FED130A27EE800A5A
:104030007047DFED127A07EE103A27EE270A704735
:1040400022F0FF4242EAC15300EE103A7047DFED22
:104050000B7ADFED0B6A002BB0EE677AB8BFF0EE9B
:10406000667A27EE870A70470000004CB03CFFFFDD
:10407000CAF24971CAF249F1000000336042A20D50
:104080006042A28D10EE102AC2F3C7537F3B162B5D
:1040900022F0004129DC002B104618DB1A49194197
:1040A0000A4221D0DFED197A70EE277AF5EEC07A58
:1040B000F1EE10FA18DD002A04DA4FF4000242FA99
:1040C00003F3184420EA010300EE103A7047DFEDD5
:1040D0000F7A70EE277AF5EEC07AF1EE10FA03DD72
:1040E000002A08DB9FED0A0A7047B1F1FF4FFBD3AE
:1040F00030EE000A7047DFED077A0029BFEE000AB4
:1041000008BFB0EE670A7047FFFF7F00CAF249712F
:104110000000000000000080F8B500BFF8BC08BC3B
:104120009E467047F8B500BFF8BC08BC9E46704775
:1041300044430108F91300080000000000000000DB
:10414000800000000000000000000000384301086B
:1041500021AC0008FDFF000000000000000400008A
:10416000000000000000000034430108E9B000082E
:10417000FDFF0000000000008000000000000000C3
:10418000000000002C43010861AF0008FDFF0000A3
:10419000000000000001000000000000000000001E
:1041A00020430108BDAF0008FDFF00000000000033
:1041B000000400000000000000000000144301089B
:1041C000759C0008FDFF00000000000000020000D8
:1041D00000000000000000000843010865B9000865
:1041E000FDFF000000000000800000000000000053
:1041F00000000000FC420108D5B80008FDFF0000E7
:10420000000000008000000000000000000000002E
:10421000EC4201084DAF0008FDFF00000000000067
:10422000000100000000000000000000E44201085E
:104230005DAB0008FDFF000000000000000400006E
:104240000000000000000000D8420108031400082C
:10425000FDFF000000000000000200000000000060
:1042600000000000CC42010877B90008FDFF000003
:10427000000000000001000000000000000000003D
:10428000000000000000000000000000000000002E
:104290000000000001000000020000000300000018
:1042A0000400000000000000050000000000000005
:1042B00000000000000000000600000000000000F8
:1042C00000000000000000000700000075705F7330
:1042D0007461697273000000636861737369735F6E
:1042E0007678000063686173736973006572725F4A
:1042F0006465635F7461736B0000000073746F70BA
:104300005F636865636B000073686F6F745F7461EF
:10431000736B000063616E5F73656E740000000074
:10432000696D755F64617461000000006765745FAA
:10433000726300006C65640064656275675F756137
:104340007274000064656661756C745461736B000F
:1043500049444C45000000002564200D0A0000007F
:10436000FFFFFFFFFFFFFF00494E4600696E66003A
:104370004E414E006E616E00303132333435363787
:1043800038396162636465660000000030313233A1
:104390003435363738394142434445460000000041
:1043A000286E756C6C290000300000002E000000A3
:1043B0004C435F434F4C4C41544500004C435F43DA
:1043C00054595045000000004C435F4D4F4E45543A
:1043D000415259004C435F4E554D455249430000F0
:1043E0004C435F54494D45004C435F4D4553534149
:1043F00047455300496E66696E6974790000000094
:104400004E614E0042616C6C6F632073756363652F
:1044100065646564000000002F646174612F6A6543
:104420006E6B696E732F776F726B73706163652F3C
:10443000474E552D746F6F6C636861696E2F6172A2
:104440006D2D31332F7372632F6E65776C69622D1A
:1044500063796777696E2F6E65776C69622F6C6917
:1044600062632F7374646C69622F64746F612E636E
:10447000000000002F646174612F6A656E6B696EC5
:10448000732F776F726B73706163652F474E552D75
:10449000746F6F6C636861696E2F61726D2D31335B
:1044A0002F7372632F6E65776C69622D63796777FE
:1044B000696E2F6E65776C69622F6C6962632F730A
:1044C00074646C69622F6D707265632E6300000006
:1044D0002C2066756E6374696F6E3A2000000000D0
:1044E000617373657274696F6E2022257322206672
:1044F00061696C65643A2066696C652022257322C7
:104500002C206C696E65202564257325730A0000D4
:104510000000000001020304010203040607080969
:104520000006101600061016000102030405060717
:10453000080C10141820304001000200040006008E
:1045400008000A000C00100020004000800000015C
:104550000804020408010101010101030701000030
:104560000F000810820911000A15800B16000C18A4
:10457000010D00007D04017C000240AB03410005F9
:1045800053080658040700000000891112239B32CB
:104590002446AD573665BF74488CC19D5AAFD3BE13
:1045A0006CCAE5DB7EE9F7F88110080193331A2223
:1045B000A5562C47B7753E64C99C408DDBBF52AEF3
:1045C000EDDA64CBFFF976E802218B301002991303
:1045D0002667AF763444BD554AADC3BC588ED19FD3
:1045E0006EEBE7FA7CC8F5D983310A2091121803E3
:1045F000A7772E66B5543C45CBBD42ACD99E508FB3
:10460000EFFB66EAFDD874C904428D5316619F70B2
:104610002004A9153227BB364CCEC5DF5EEDD7FC92
:104620006888E1997AABF3BA85520C4397711E60A2
:10463000A1142805B3373A26CDDE44CFDFFD56EC72
:10464000E9986089FBBB72AA06638F7214409D5182
:104650002225AB343006B9174EEFC7FE5CCCD5DD52
:104660006AA9E3B8788AF19B87730E6295501C4162
:10467000A3352A24B1163807CFFF46EEDDDC54CD32
:10468000EBB962A8F99A708B088481951AA793B642
:104690002CC2A5D33EE1B7F04008C919522BDB3A32
:1046A000644EED5F766DFF7C899400859BB712A602
:1046B000ADD224C3BFF136E0C1184809D33B5A2A12
:1046C000E55E6C4FF77D7E6C0AA583B418869197E2
:1046D0002EE3A7F23CC0B5D14229CB38500AD91BF2
:1046E000666FEF7E744CFD5D8BB502A499961087C2
:1046F000AFF326E2BDD034C1C3394A28D11A580BD2
:10470000E77F6E6EF55C7C4D0CC685D71EE597F491
:104710002880A1913AA3B3B2444ACD5B5669DF78B1
:10472000600CE91D722FFB3E8DD604C79FF516E481
:10473000A9902081BBB332A2C55A4C4BD7795E6891
:10474000E11C680DF33F7A2E0EE787F61CC495D561
:104750002AA1A3B03882B193466BCF7A5448DD5971
:10476000622DEB3C700EF91F8FF706E69DD414C541
:10477000ABB122A0B9923083C77B4E6AD5585C4951
:10478000E33D6A2CF11E780F005EBCE2613FDD83E1
:10479000C29C7E20A3FD1F419DC3217FFCA2401E21
:1047A0005F01E3BD3E6082DC237D9FC1421CFEA011
:1047B000E1BF5D0380DE3C62BEE0025CDF81633D01
:1047C0007C22C09E1D43A1FF4618FAA427799BC5F1
:1047D00084DA3866E5BB5907DB856739BAE40658E1
:1047E0001947A5FB7826C49A653BD987045AB8E6D1
:1047F000A7F91B45C6987A24F8A6441A99C7257BC1
:104800003A6486D85B05E7B98CD2306EEDB3510FB0
:104810004E10F2AC2F7193CD114FADF3702ECC92A0
:10482000D38D6F31B2EC0E50AFF1134DCE90722C90
:104830006D33D18F0C52B0EE326C8ED0530DEFB180
:10484000F0AE4C1291CF2D73CA947628ABF5174970
:104850000856B4EA6937D58B5709EBB536688AD460
:1048600095CB2977F4AA4816E9B7550B88D6346A50
:104870002B7597C94A14F6A8742AC896154BA9F740
:10488000B6E80A54D7896B353030303030303030AC
:104890003030303030303030202020202020202098
:1048A00020202020202020200500000019000000EA
:1048B0007D000000000000000080E03779C3414324
:1048C000176E05B5B5B89346F5F93FE9034F384D76
:1048D000321D30F94877825A3CBF737FDD4F157522
:1048E000000000000000F03F000000000000244035
:1048F00000000000000059400000000000408F4010
:10490000000000000088C34000000000006AF8407A
:104910000000000080842E4100000000D01263419E
:104920000000000084D797410000000065CDCD4114
:10493000000000205FA00242000000E876483742F5
:10494000000000A2941A6D42000040E59C30A24293
:104950000000901EC4BCD64200003426F56B0C4308
:104960000080E03779C3414300A0D88557347643AF
:1049700000C84E676DC1AB43003D9160E458E14310
:10498000408CB5781DAF154450EFE2D6E41A4B4485
:1049900092D54D06CFF08044F64AE1C7022DB544CA
:1049A000B49DD9794378EA4400202020202020209B
:1049B00020202828282828202020202020202020CF
:1049C00020202020202020202088101010101010DF
:1049D000101010101010101010040404040404042B
:1049E00004040410101010101010414141414141C5
:1049F00001010101010101010101010101010101A7
:104A000001010101101010101010424242424242B6
:104A10000202020202020202020202020202020276
:104A2000020202021010101020000000000000001E
:104A30000000000000000000000000000000000076
:104A40000000000000000000000000000000000066
:104A50000000000000000000000000000000000056
:104A60000000000000000000000000000000000046
:104A70000000000000000000000000000000000036
:104A80000000000000000000000000000000000026
:104A90000000000000000000000000000000000016
:104AA0000000000000000000000000003030303046
:104AB0003030303030303030303030302020202036
:104AC0002020202020202020202020200000000066
:104AD00059F3F8C21F6EA501000000000000F03F6E
:104AE00000000080DB0F4940DB0F49C0DB0F49BFEE
:104AF000E4CB1640E4CB16C0000FC93F000F49407D
:104B000000CB9640000FC9400053FB4000CB16413C
:104B100000ED2F41000F49410031624100537B41BC
:104B2000003A8A4100CB9641005CA34100EDAF41C1
:104B3000007EBC41000FC94100A0D5410031E241D7
:104B400000C2EE410053FB4100F20342003A0A4228
:104B50000083104200CB164200141D42005C234229
:104B600000A5294200ED2F4200363642007E3C422D
:104B700000C74242000F4942A2000000F9000000B5
:104B8000830000006E0000004E00000044000000A2
:104B90001500000029000000FC00000027000000B4
:104BA00057000000D1000000F500000034000000B4
:104BB000DD000000C0000000DB000000620000001B
:104BC00095000000990000003C0000004300000038
:104BD0009000000041000000FE00000051000000B5
:104BE00063000000AB000000DE000000BB0000001E
:104BF000C500000061000000B700000024000000B4
:104C00006E0000003A000000420000004D0000006D
:104C1000D2000000E0000000060000004900000093
:104C20002E000000EA00000009000000D100000092
:104C3000920000001C000000FE0000001D000000AB
:104C4000EB0000001C000000B10000002900000083
:104C5000A70000003E000000E80000008200000005
:104C600035000000F50000002E000000BB00000031
:104C70004400000084000000E90000009C000000E7
:104C80007000000026000000B40000005F0000007B
:104C90007E0000004100000039000000910000008B
:104CA000D60000003900000083000000530000001F
:104CB00039000000F40000009C00000084000000A7
:104CC0005F0000008B000000BD000000F900000044
:104CD000280000003B0000001F000000F80000005A
:104CE00097000000FF000000DE000000050000004B
:104CF000980000000F000000EF0000002F000000EF
:104D0000110000008B0000005A0000000A000000A3
:104D10006D0000001F0000006D0000003600000064
:104D20007E000000CF00000027000000CB00000044
:104D300009000000B70000004F000000460000001E
:104D40003F000000660000009E0000005F000000C1
:104D5000EA0000002D0000007500000027000000A0
:104D6000BA000000C7000000EB000000E5000000F2
:104D7000F10000007B0000003D0000000700000083
:104D800039000000F70000008A0000005200000017
:104D900092000000EA0000006B000000FB00000031
:104DA0005F000000B10000001F0000008D00000047
:104DB0005D00000008000000560000000300000035
:104DC0003000000046000000FC0000007B000000F6
:104DD0006B000000AB000000F0000000CF000000FE
:104DE000BC000000200000009A000000F400000059
:104DF000360000001D000000A9000000E3000000D4
:104E000091000000610000005E000000E60000006C
:104E10001B00000008000000650000009900000071
:104E2000850000005F00000014000000A0000000EA
:104E300068000000400000008D000000FF0000003E
:104E4000D8000000800000004D000000730000004A
:104E500027000000310000000600000006000000EE
:104E60001500000056000000CA000000730000009A
:104E7000A8000000C900000060000000E20000007F
:104E80007B000000C00000008C0000006B000000F0
:104E90006937AC3168212233B40F14336821A2334F
:104EA0003863ED3EDA0F493F5E987B3FDA0FC93F2A
:104EB0000000C93F0000F0390000DA370000A233DB
:104EC0000000842E0000502B0000C2270000D022DA
:104ED0000000C41F0000C61B0000441704000000AF
:084EE0000700000009000000BA
:084EE80064B8FE7F0100000028
:084EF00081D100083110000817
:044EF8000910000895
:104EFC00010000000000803F0000000000000000E6
:104F0C00000000000090D0030090D00301000000CE
:104F1C0010000000AAAAAAAA58A08B3AE7416B3A43
:104F2C0000401C46000000000050434800401C4656
:104F3C000000000000504348000048420000000000
:104F4C000000FA4500004842000000000000FA454D
:104F5C0000008C42000000000000FA434260E53B78
:104F6C00000000000000000000409C450000000014
:104F7C00000000000000803F000000410000003FE6
:104F8C00000000000000000003000000449A002410
:104F9C00A80000240000000000000000449A002437
:104FAC00AC9A0024149B00240000000000000000B8
:104FBC0000000000000000000000000000000000E5
:104FCC0000000000000000000000000000000000D5
:104FDC0000000000000000000000000000000000C5
:104FEC0000000000000000000000000000000000B5
:104FFC0000000000000000000000000000000000A5
:10500C000000000000000000000000000000000094
:10501C000000000000000000000000000000000084
:10502C000000000000000000000000000000000074
:10503C0001000000000000000E33CDAB34126DE611
:10504C00ECDE05000B00000000000000000000007A
:10505C000000000000000000000000000000000044
:10506C000000000000000000000000000000000034
:10507C000000000000000000000000000000000024
:10508C000000000000000000000000000000000014
:10509C000000000000000000000000000000000004
:1050AC0000000000000000000000000000000000F4
:1050BC0000000000000000000000000000000000E4
:1050CC0000000000000000000000000000000000D4
:1050DC000000000000000000889B0024FFFFFFFF81
:1050EC0000000200000000000000000000000000B2
:1050FC00F8010024F801002400020024000200241E
:10510C0008020024080200241002002410020024CB
:10511C00180200241802002420020024200200247B
:10512C00280200242802002430020024300200242B
:10513C0038020024380200244002002440020024DB
:10514C00480200244802002450020024500200248B
:10515C00580200245802002460020024600200243B
:10516C0068020024680200247002002470020024EB
:10517C00780200247802002480020024800200249B
:10518C00880200248802002490020024900200244B
:10519C009802002498020024A0020024A0020024FB
:1051AC00A8020024A8020024B0020024B0020024AB
:1051BC00B8020024B8020024C0020024C00200245B
:1051CC00C8020024C8020024D0020024D00200240B
:1051DC00D8020024D8020024E0020024E0020024BB
:1051EC00E8020024E8020024F0020024F00200246B
:1051FC00F8020024F8020024000300240003002419
:10520C0008030024080300241003002410030024C6
:10521C001803002418030024200300242003002476
:10522C002803002428030024300300243003002426
:10523C0038030024380300244003002440030024D6
:10524C004803002448030024500300245003002486
:10525C005803002458030024600300246003002436
:10526C0068030024680300247003002470030024E6
:10527C007803002478030024800300248003002496
:10528C008803002488030024900300249003002446
:10529C009803002498030024A0030024A0030024F6
:1052AC00A8030024A8030024B0030024B0030024A6
:1052BC00B8030024B8030024C0030024C003002456
:1052CC00C8030024C8030024D0030024D003002406
:1052DC00D8030024D8030024E0030024E0030024B6
:1052EC00E8030024E8030024F0030024F003002466
:1052FC00F8030024F8030024000400240004002414
:10530C0008040024080400241004002410040024C1
:10531C001804002418040024200400242004002471
:10532C002804002428040024300400243004002421
:10533C0038040024380400244004002440040024D1
:10534C004804002448040024500400245004002481
:10535C005804002458040024600400246004002431
:10536C0068040024680400247004002470040024E1
:10537C007804002478040024800400248004002491
:10538C008804002488040024900400249004002441
:10539C009804002498040024A0040024A0040024F1
:1053AC00A8040024A8040024B0040024B0040024A1
:1053BC00B8040024B8040024C0040024C004002451
:1053CC00C8040024C8040024D0040024D004002401
:1053DC00D8040024D8040024E0040024E0040024B1
:1053EC00E8040024E8040024F0040024F004002461
:1053FC00F8040024F804002400050024000500240F
:10540C0008050024080500241005002410050024BC
:10541C00180500241805002420050024200500246C
:10542C00280500242805002430050024300500241C
:10543C0038050024380500244005002440050024CC
:10544C00480500244805002450050024500500247C
:10545C00580500245805002460050024600500242C
:10546C0068050024680500247005002470050024DC
:10547C00780500247805002480050024800500248C
:10548C00880500248805002490050024900500243C
:10549C009805002498050024A0050024A0050024EC
:1054AC00A8050024A8050024B0050024B00500249C
:1054BC00B8050024B8050024C0050024C00500244C
:1054CC00C8050024C8050024D0050024D0050024FC
:1054DC00D8050024D8050024E0050024E0050024AC
:1054EC00E8050024E8050024F0050024F00500245C
:1054FC00430000000000000000000000000000005D
:10550C00000000000000000000000000000000008F
:10551C00430000000000000000000000000000003C
:10552C00000000000000000000000000000000006F
:10553C00430000000000000000000000000000001C
:10554C00000000000000000000000000000000004F
:10555C0043000000000000000000000000000000FC
:10556C00000000000000000000000000000000002F
:10557C0043000000000000000000000000000000DC
:10558C00000000000000000000000000000000000F
:10559C0043000000000000000000000000000000BC
:1055AC0000000000000000000000000000000000EF
:1055BC00430000000000000000000000000000009C
:1055CC0000000000000000000000000000000000CF
:1055DC0079100108C108010800000000A849010861
:1055EC00AC430108DC440108DC440108DC4401083C
:1055FC00DC440108DC440108DC440108DC440108FB
:10560C00DC440108DC440108FFFFFFFFFFFFFFFF44
:10561C00FFFFFFFFFFFF000001004153434949001A
:10562C00000000000000000000000000000000006E
:10563C0000000000000000000000415343494900F5
:10564C00000000000000000000000000000000004E
:0C565C0000000000000000000000000042
:04000005080022FDD0
:00000001FF
