:020000040800F2
:100000000000052481220008B11B0008B31B000872
:10001000B51B0008B71B0008B91B00080000000052
:10002000000000000000000000000000F18B00084C
:10003000BB1B000800000000918C0008F58C000834
:10004000D1220008D1220008D1220008D1220008C4
:10005000D1220008D1220008D1220008D1220008B4
:10006000D1220008D1220008D1220008BD1B0008BF
:10007000CD1B0008DD1B0008ED1B0008D122000885
:10008000D1220008D1220008D1220008FD1B00085F
:100090000D1C0008D1220008D1220008D12200083E
:1000A000D1220008D1220008D1220008D122000864
:1000B000D1220008D1220008D1220008D122000854
:1000C000D1220008D1220008D1220008D122000844
:1000D0001D1C0008D1220008D1220008D1220008EE
:1000E000D1220008D122000800000000D12200081F
:1000F000D1220008D1220008D1220008D122000814
:10010000D1220008D1220008D1220008D122000803
:10011000D12200082D1C0008D12200083D1C000837
:10012000D1220008D1220008D1220008D1220008E3
:10013000D1220008D1220008D1220008D1220008D3
:1001400000000000000000000000000000000000AF
:10015000D1220008D1220008D1220008D1220008B3
:10016000D1220008D1220008D1220008D1220008A3
:10017000D1220008D1220008D1220008000000008E
:10018000D1220008D12200084D1C0008D12200080D
:10019000D1220008D1220008D1220008D122000873
:1001A000D1220008D1220008D1220008000000005E
:1001B000D1220008D1220008D1220008D122000853
:1001C000D1220008D1220008000000000000000039
:1001D0000000000000000000D12200080000000024
:1001E000000000000000000000000000000000000F
:1001F0000000000000000000D1220008D122000809
:10020000D1220008D122000800000000D1220008FD
:10021000D1220008D1220008D1220008D1220008F2
:10022000D122000800000000D122000800000000D8
:10023000D1220008D122000800000000D1220008CD
:10024000D1220008D1220008D1220008D1220008C2
:10025000D1220008D1220008D1220008D1220008B2
:10026000D1220008D1220008D1220008D1220008A2
:10027000D1220008D1220008D1220008000000008D
:10028000D1220008D1220008D1220008D122000882
:1002900000000000D1220008D12200080000000068
:1002A00000000000D1220008D1220008D12200085D
:1002B0005D1C0008D1220008D12200086D1C000836
:0C02C000D1220008D1220008D122000841
:1003000081F0004102E000BF83F0004330B54FEAC6
:1003100041044FEA430594EA050F08BF90EA020F33
:100320001FBF54EA000C55EA020C7FEA645C7FEAC6
:10033000655C00F0E2804FEA5454D4EB5555B8BFE9
:100340006D420CDD2C4480EA020281EA030382EA5A
:10035000000083EA010180EA020281EA0303362DEC
:1003600088BF30BD11F0004F4FEA01314FF4801CBF
:100370004CEA113102D0404261EB410113F0004FD1
:100380004FEA03334CEA133302D0524263EB430388
:1003900094EA050F00F0A780A4F10104D5F1200E26
:1003A0000DDB02FA0EFC22FA05F2801841F1000181
:1003B00003FA0EF2801843FA05F359410EE0A5F155
:1003C00020050EF1200E012A03FA0EFC28BF4CF086
:1003D000020C43FA05F3C01851EBE37101F000453C
:1003E00007D54FF0000EDCF1000C7EEB00006EEB49
:1003F0000101B1F5801F1BD3B1F5001F0CD34908D3
:100400005FEA30004FEA3C0C04F101044FEA445229
:1004100012F5800F80F09A80BCF1004F08BF5FEAB0
:10042000500C50F1000041EB045141EA050130BD90
:100430005FEA4C0C404141EB0101013C28BFB1F5A2
:10044000801FE9D291F0000F04BF01460020B1FAED
:1004500081F308BF2033A3F10B03B3F120020CDAC0
:100460000C3208DD02F1140CC2F10C0201FA0CF09E
:1004700021FA02F10CE002F11402D8BFC2F1200C03
:1004800001FA02F120FA0CFCDCBF41EA0C019040B9
:10049000E41AA2BF01EB0451294330BD6FEA040402
:1004A0001F3C1CDA0C340EDC04F11404C4F12002ED
:1004B00020FA04F001FA02F340EA030021FA04F3FF
:1004C00045EA030130BDC4F10C04C4F1200220FA56
:1004D00002F001FA04F340EA0300294630BD21FA94
:1004E00004F0294630BD94F0000F83F4801306BF5A
:1004F00081F480110134013D4EE77FEA645C18BF4E
:100500007FEA655C29D094EA050F08BF90EA020FE4
:1005100005D054EA000C04BF1946104630BD91EADC
:10052000030F1EBF0021002030BD5FEA545C05D1DF
:100530004000494128BF41F0004130BD14F580041E
:100540003CBF01F5801130BD01F0004545F0FE4192
:1005500041F470014FF0000030BD7FEA645C1ABFC7
:10056000194610467FEA655C1CBF0B46024650EAFE
:10057000013406BF52EA033591EA030F41F400212A
:1005800030BD00BF90F0000F04BF0021704730B5B0
:100590004FF4806404F132044FF000054FF0000185
:1005A00050E700BF90F0000F04BF0021704730B546
:1005B0004FF4806404F1320410F0004548BF40421B
:1005C0004FF000013EE700BF42004FEAE2014FEA70
:1005D00031014FEA02701FBF12F07F4393F07F4F4B
:1005E00081F06051704732F07F4208BF704793F04E
:1005F0007F4F04BF41F40021704730B54FF4607461
:1006000001F0004521F000411CE700BF50EA010263
:1006100008BF704730B54FF000050AE050EA01020C
:1006200008BF704730B511F0004502D5404261EB7C
:1006300041014FF4806404F132045FEA915C3FF4BD
:10064000D8AE4FF003025FEADC0C18BF03325FEA5A
:10065000DC0C18BF033202EBDC02C2F1200300FA0B
:1006600003FC20FA02F001FA03FE40EA0E0021FA30
:1006700002F11444BDE600BF4FEA4102B2F1E0438B
:1006800024BFB3F5001CDCF1FE5C0DD901F0004C79
:100690004FEAC0024CEA5070B2F1004F40EB8300C9
:1006A00008BF20F00100704711F0804F21D113F1F5
:1006B0003872BCBF01F00040704741F480114FEA2E
:1006C0005252C2F11802C2F1200C10FA0CF320FAB7
:1006D00002F018BF40F001004FEAC1234FEAD323D4
:1006E00003FA0CFC40EA0C0023FA02F34FEA43033E
:1006F000CCE77FEA625307D150EA01331EBF4FF0C7
:10070000FE4040F44000704701F0004040F0FE40E1
:1007100040F40000704700BF53B94AB9002908BF30
:1007200000281CBF4FF0FF314FF0FF3000F00CB835
:10073000ADF1080C6DE904CE0AF074FFDDF804E0B9
:10074000DDE9022304B07047704700BF844641EAE8
:10075000000313F003036DD1403A41D351F8043B39
:1007600040F8043B51F8043B40F8043B51F8043B8B
:1007700040F8043B51F8043B40F8043B51F8043B7B
:1007800040F8043B51F8043B40F8043B51F8043B6B
:1007900040F8043B51F8043B40F8043B51F8043B5B
:1007A00040F8043B51F8043B40F8043B51F8043B4B
:1007B00040F8043B51F8043B40F8043B51F8043B3B
:1007C00040F8043B51F8043B40F8043B51F8043B2B
:1007D00040F8043B51F8043B40F8043B403ABDD29A
:1007E000303211D351F8043B40F8043B51F8043B3C
:1007F00040F8043B51F8043B40F8043B51F8043BFB
:1008000040F8043B103AEDD20C3205D351F8043BCA
:1008100040F8043B043AF9D2043208D0D2071CBF96
:1008200011F8013B00F8013B01D30B8803806046BF
:10083000704700BF082A13D38B078DD010F0030335
:100840008AD0C3F10403D21ADB071CBF11F8013BA5
:1008500000F8013B80D331F8023B20F8023B7BE7F4
:10086000043AD9D3013A11F8013B00F8013BF9D21F
:100870000B7803704B7843708B78837060467047B9
:1008800001F0FF01102A2BDB10F0070F08D010F841
:10089000013B013A8B422DD010F0070F42B3F6D145
:1008A000F0B441EA012141EA014122F007047FF05E
:1008B00000070023F0E80256083C85EA010586EAB5
:1008C000010685FA47F5A3FA87F586FA47F6A5FAF1
:1008D00087F68EB9EED1F0BC01F0FF0102F00702FD
:1008E00032B110F8013B013A83EA010313B1F8D1A8
:1008F0000020704701387047002D06BF3546033889
:10090000073815F0010F07D1013015F4807F02BFC1
:10091000013015F4C03F0130F0BC0138704700BF12
:1009200000000000000000000000000000000000C7
:1009300000000000000000000000000000000000B7
:1009400030B490F800F020F007016FF0000C10F0C8
:10095000070491F820F040F048804FF000046FF059
:100960000700D1E9002391F840F000F1080082FA75
:100970004CF2A4FA8CF283FA4CF3A2FA8CF34BBB40
:10098000D1E9022382FA4CF200F10800A4FA8CF2B9
:1009900083FA4CF3A2FA8CF3E3B9D1E9042382FA87
:1009A0004CF200F10800A4FA8CF283FA4CF3A2FA9C
:1009B0008CF37BB9D1E9062301F1200182FA4CF2D4
:1009C00000F10800A4FA8CF283FA4CF3A2FA8CF33B
:1009D000002BC6D0002A04BF04301A4612BAB2FA5D
:1009E00082F200EBD20030BC7047D1E9002304F062
:1009F0000305C4F100004FEAC50514F0040F91F897
:100A000040F00CFA05F562EA05021CBF63EA050333
:100A100062464FF00004AAE770B54FF0FF0C4CF4AB
:100A2000E06C1CEA11541DBF1CEA135594EA0C0F2C
:100A300095EA0C0F00F0DEF82C4481EA030621EA67
:100A40004C5123EA4C5350EA013518BF52EA0335A2
:100A500041F4801143F4801338D0A0FB02CE4FF054
:100A60000005E1FB02E506F00042E0FB03E54FF084
:100A70000006E1FB03569CF0000F18BF4EF0010E7C
:100A8000A4F1FF04B6F5007F64F5407404D25FEA78
:100A90004E0E6D4146EB060642EAC62141EA55512B
:100AA0004FEAC52040EA5E504FEACE2EB4F1FD0C6D
:100AB00088BFBCF5E06F1ED8BEF1004F08BF5FEAEB
:100AC000500E50F1000041EB045170BD06F000469D
:100AD00046EA010140EA020081EA0301B4EB5C044A
:100AE000C2BFD4EB0C0541EA045170BD41F4801142
:100AF0004FF0000E013C00F3AB8014F1360FDEBF67
:100B0000002001F0004170BDC4F10004203C35DA42
:100B10000C341BDC04F11404C4F1200500FA05F3C5
:100B200020FA04F001FA05F240EA020001F0004266
:100B300021F0004110EBD37021FA04F642EB0601DC
:100B40005EEA430E08BF20EAD37070BDC4F10C0406
:100B5000C4F1200500FA04F320FA05F001FA04F2CA
:100B600040EA020001F0004110EBD37041F10001B6
:100B70005EEA430E08BF20EAD37070BDC4F12005C1
:100B800000FA05F24EEA020E20FA04F301FA05F229
:100B900043EA020321FA04F001F0004121FA04F2D1
:100BA00020EA020000EBD3705EEA430E08BF20EAA1
:100BB000D37070BD94F0000F0FD101F000464000DB
:100BC00041EB010111F4801F08BF013CF7D041EA5D
:100BD000060195F0000F18BF704703F00046520061
:100BE00043EB030313F4801F08BF013DF7D043EA32
:100BF0000603704794EA0C0F0CEA135518BF95EAE8
:100C00000C0F0CD050EA410618BF52EA4306D1D16E
:100C100081EA030101F000414FF0000070BD50EA8D
:100C2000410606BF1046194652EA430619D094EA17
:100C30000C0F02D150EA013613D195EA0C0F05D101
:100C400052EA03361CBF104619460AD181EA030155
:100C500001F0004141F0FE4141F470014FF000000D
:100C600070BD41F0FE4141F4780170BD70B54FF0A8
:100C7000FF0C4CF4E06C1CEA11541DBF1CEA135528
:100C800094EA0C0F95EA0C0F00F0A7F8A4EB05040A
:100C900081EA030E52EA03354FEA013100F0888001
:100CA0004FEA03334FF0805545EA131343EA1263CA
:100CB0004FEA022245EA111545EA10654FEA00267F
:100CC0000EF000419D4208BF964244F1FD0404F538
:100CD000407402D25B084FEA3202B61A65EB030594
:100CE0005B084FEA32024FF480104FF4002CB6EB51
:100CF000020E75EB030E22BFB61A754640EA0C00D1
:100D00005B084FEA3202B6EB020E75EB030E22BF10
:100D1000B61A754640EA5C005B084FEA3202B6EB51
:100D2000020E75EB030E22BFB61A754640EA9C0010
:100D30005B084FEA3202B6EB020E75EB030E22BFE0
:100D4000B61A754640EADC0055EA060E18D04FEA9E
:100D5000051545EA16754FEA06164FEAC30343EA3E
:100D600052734FEAC2025FEA1C1CC0D111F4801F0B
:100D70000BD141EA00014FF000004FF0004CB6E704
:100D800011F4801F04BF01430020B4F1FD0C88BFA3
:100D9000BCF5E06F3FF6AFAEB5EB030C04BFB6EBAE
:100DA000020C5FEA500C50F1000041EB045170BDA1
:100DB0000EF0004E4EEA113114EB5C04C2BFD4EBCE
:100DC0000C0541EA045170BD41F480114FF0000E52
:100DD000013C90E645EA060E8DE60CEA135594EACE
:100DE0000C0F08BF95EA0C0F3FF43BAF94EA0C0FD1
:100DF0000AD150EA01347FF434AF95EA0C0F7FF446
:100E000025AF104619462CE795EA0C0F06D152EA99
:100E100003353FF4FDAE1046194622E750EA41067D
:100E200018BF52EA43067FF4C5AE50EA41047FF48E
:100E30000DAF52EA43057FF4EBAE12E74FF0FF3CF3
:100E400006E000BF4FF0010C02E000BF4FF0010CC4
:100E50004DF804CD4FEA410C7FEA6C5C4FEA430C3D
:100E600018BF7FEA6C5C1BD001B050EA410C0CBF8C
:100E700052EA430C91EA030F02BF90EA020F0020EE
:100E8000704710F1000F91EA030F58BF994208BF55
:100E900090422CBFD8176FEAE37040F00100704712
:100EA0004FEA410C7FEA6C5C02D150EA013C07D169
:100EB0004FEA430C7FEA6C5CD6D152EA033CD3D0B4
:100EC0005DF8040B704700BF8446104662468C46AE
:100ED0001946634600E000BF01B5FFF7B7FF0028E1
:100EE00048BF10F1000F01BD4DF808EDFFF7F4FF0A
:100EF0000CBF012000205DF808FB00BF4DF808ED95
:100F0000FFF7EAFF34BF012000205DF808FB00BFB7
:100F10004DF808EDFFF7E0FF94BF012000205DF8D9
:100F200008FB00BF4DF808EDFFF7CEFF94BF01208E
:100F300000205DF808FB00BF4DF808EDFFF7C4FF87
:100F400034BF012000205DF808FB00BF4FEA410CD0
:100F50007FEA6C5C02D150EA013C0AD14FEA430CB3
:100F60007FEA6C5C02D152EA033C02D14FF00000F0
:100F700070474FF0010070474FEA410212F500122E
:100F800015D211D56FF47873B3EB625212D94FEAD0
:100F9000C12343F0004343EA505311F0004F23FABA
:100FA00002F018BF404270474FF00000704750EA0F
:100FB000013005D111F0004008BF6FF000407047CC
:100FC0004FF00000704700BF0348044B834202D03B
:100FD000034B03B1184770474C0700244C0700240B
:100FE000000000000548064B1B1AD90F01EBA301B6
:100FF000491002D0034B03B1184770474C07002437
:101000004C0700240000000010B5064C237843B9BB
:10101000FFF7DAFF044B13B10448AFF3008001235C
:10102000237010BD5007002400000000D8200108E4
:1010300008B5054B1BB105490548AFF30080BDE875
:101040000840FFF7CFBF00BF000000005407002496
:10105000D820010800B583B0174BD3F8D82042F050
:101060000102C3F8D820D3F8D83003F0010301936C
:10107000019B002205210B2001F0BEF90B2001F09D
:10108000CBF9002205210C2001F0B6F90C2001F06B
:10109000C3F9002205210D2001F0AEF90D2001F069
:1010A000BBF9002205210E2001F0A6F90E2001F067
:1010B000B3F903B05DF804FB0044025810B51648BC
:1010C000164B036000238360C3600374437483740E
:1010D000032444610A2282611D21C16102624462CB
:1010E0008262C1620263436301228263C36320217F
:1010F0000164042242648364C264036542658365BB
:10110000C36501664366826602F058FE00B910BDF1
:1011100000F0EAFAFBE700BFB008002400A000409E
:1011200010B51748174B036000238360C360037436
:1011300043748374032444610A2282611D21C161C6
:10114000026244628262C16202634FF4557242637A
:1011500001228263C3632021016404224264836408
:10116000C264036542658365C36501664366826642
:1011700002F024FE00B910BD00F0B6FAFBE700BF94
:101180001008002400A4004010B51748174B036056
:1011900000238360C3600374437483740324446135
:1011A0000A2282611D21C161026244628262C162BF
:1011B00002634FF4D562426301228263C36320213C
:1011C0000164042242648364C264036542658365EA
:1011D000C36501664366826602F0F0FD00B910BD8A
:1011E00000F082FAFBE700BF7007002400D4004043
:1011F00030B5BBB004460021359136913791389116
:101200003991B82206A80AF0BFFC23686F4A9342BE
:1012100008D06F4A93424BD06E4A934200F08E80C2
:101220003BB030BD4FF400420023CDE906234FF020
:101230008053219306A804F085FA40BB664A1368E0
:1012400001331360012B25D0644BD3F8E02042F02A
:101250000802C3F8E020D3F8E03003F0080301935C
:10126000019B03233593022336930024379438944B
:101270000923399335A95A4803F07AFA2246052101
:10128000132001F0B9F8132001F0C6F8C8E700F008
:101290002BFAD3E7514BD3F8EC2042F48072C3F819
:1012A000EC20D3F8EC3003F480730093009BCBE781
:1012B0004FF400420023CDE906234FF080532193E1
:1012C00006A804F03FFA40BB434A13680133136099
:1012D000012B25D0414BD3F8E02042F00202C3F8A5
:1012E000E020D3F8E03003F002030393039B602374
:1012F0003593022336930024379438940923399385
:1013000035A9384803F034FA22460521142001F0AB
:1013100073F8142001F080F882E700F0E5F9D3E7D4
:101320002E4BD3F8EC2042F48072C3F8EC20D3F8B3
:10133000EC3003F480730293029BCBE74FF400423E
:101340000023CDE906234FF08053219306A804F033
:10135000F9F948BB204A136801331360012B26D0EA
:101360001E4BD3F8E02042F00802C3F8E020D3F887
:10137000E03003F008030593059B4FF44053359389
:10138000022336930024379438940525399535A9DE
:10139000134803F0EDF9224629469F2001F02CF86E
:1013A0009F2001F039F83BE700F09EF9D2E70B4BA4
:1013B000D3F8EC2042F48072C3F8EC20D3F8EC3080
:1013C00003F480730493049BCAE700BF00A00040AD
:1013D00000A4004000D400406C07002400440258E0
:1013E000000C02580004025808B5012007F05AFB0F
:1013F000FBE70000034B0360034B0B60802313608B
:10140000704700BF500B00245009002410B5CEB027
:10141000634C0DF58E7CA646BEE80F00ACE80F00CD
:101420009EE807008CE80700002147A807F007FBAB
:101430005C4B18600DF5807C04F11C0EBEE80F00BB
:10144000ACE80F009EE807008CE80700002140A8E8
:1014500007F0F5FA544B18600DF1E40C04F1380E66
:10146000BEE80F00ACE80F009EE807008CE807001C
:10147000002139A807F0E3FA4C4B18600DF1C80CB5
:1014800004F1540EBEE80F00ACE80F009EE8070020
:101490008CE80700002132A807F0D1FA444B18600D
:1014A0000DF1AC0C04F1700EBEE80F00ACE80F00BB
:1014B0009EE807008CE8070000212BA807F0BFFA80
:1014C0003C4B18600DF1900C04F18C0EBEE80F003F
:1014D000ACE80F009EE807008CE80700002124A874
:1014E00007F0ADFA344B18600DF1740C04F1A80E3E
:1014F000BEE80F00ACE80F009EE807008CE807008C
:1015000000211DA807F09BFA2C4B18600DF1580C18
:1015100004F1C40EBEE80F00ACE80F009EE807001F
:101520008CE80700002116A807F089FA244B186000
:101530000DF13C0C04F1E00EBEE80F00ACE80F002A
:101540009EE807008CE8070000210FA807F077FA53
:101550001C4B18600DF1200C04F1FC0EBEE80F00CE
:10156000ACE80F009EE807008CE80700002108A8FF
:1015700007F065FA144B18600DF1040C04F58C7437
:101580000FCCACE80F0094E807008CE807000021BE
:1015900001A807F054FA0D4B18604EB010BD00BF03
:1015A000F0200108100D00240C0D0024080D00246B
:1015B000040D0024000D0024FC0C0024F80C002471
:1015C000F40C0024F00C0024EC0C0024E80C0024A3
:1015D00070B58CB000240794089409940A940B9475
:1015E000384BD3F8E02042F01002C3F8E020D3F8E3
:1015F000E02002F010020192019AD3F8E02042F0BC
:101600000402C3F8E020D3F8E02002F004020292C2
:10161000029AD3F8E02042F08002C3F8E020D3F829
:10162000E02002F080020392039AD3F8E02042F017
:101630000102C3F8E020D3F8E02002F00102049296
:10164000049AD3F8E02042F00202C3F8E020D3F875
:10165000E02002F002020592059AD3F8E02042F061
:101660000802C3F8E020D3F8E03003F00803069343
:10167000069B154D01224EF20901284603F082F91E
:101680004FF4604307930126089609940A9407A92A
:10169000284603F06DF8092307930896099403235D
:1016A0000A9307A9284603F063F84FF4A053079361
:1016B0004FF488130893099407A9044803F058F8D5
:1016C0000CB070BD004402580008025800100258C7
:1016D00008B50268034B9A4200D008BD00F028FE0E
:1016E000FBE700BF0014004072B6FEE700B59DB0F6
:1016F0004C22002109A80AF047FA2022002101A863
:101700000AF042FA022003F043F900230093204B31
:101710009A6922F440429A619B6903F44043009322
:10172000009B1B4B9B6913F4005FFAD001220992C6
:101730004FF480330A9302231293139314932821B6
:10174000159116920422179218930C2319930023D3
:101750001A931B9309A803F045F9A8B93F230193F5
:10176000032102910023039308230493402305934C
:1017700006934FF480620792089301A803F020FDBE
:1017800020B91DB05DF804FBFFF7AEFFFFF7ACFF1B
:101790000048025808B5274B5B6913F4003F13D18A
:1017A000BFF34F8FBFF36F8F224B0022C3F850223D
:1017B000BFF34F8FBFF36F8F5A6942F400325A6103
:1017C000BFF34F8FBFF36F8F00F084FDFFF78EFFE5
:1017D000FFF7FEFEFFF73EFC00F066F800F072FB3C
:1017E00000F000FB00F030F8FFF768FCFFF798FC12
:1017F000FFF7CAFC00F032FB00F098FB08F064FA37
:101800000028FBD124220C490C4807F0E5F809F028
:10181000F3FC09F05FFB08F06FFE08F09DFE01226B
:101820000749084807F020F8FFF7F0FD07F002F934
:10183000FEE700BF00ED00E0A08C00247012002441
:101840001C0D0024DC11002408B51548154B03605D
:101850004FF480034360002383600722C2604FF08F
:10186000007202614FF0807242614FF080628261CB
:101870004FF08042C261036243628362C36242638B
:101880008363C363036443648364C3640365436520
:10189000836504F013FF00B908BDFFF725FFFBE7E0
:1018A000EC0E00240038004008B51648164B0360C3
:1018B0004FF4800343604FF4003383600723C36019
:1018C000002303614FF0807242614FF080628261B9
:1018D0004FF08052C261036243628362C3624FF081
:1018E000804242638363C363036443648364C36469
:1018F00003654365836504F0E1FE00B908BDFFF7A9
:10190000F3FEFBE7640E002400140058F0B5BBB0F2
:101910000446002135913691379138913991B8229A
:1019200006A80AF031F92368634A934205D0634A56
:10193000934200F08B803BB0F0BD4FF48052002307
:10194000CDE9062306A803F0FDFE002875D15C4B07
:10195000D3F8E82042F48042C3F8E820D3F8E82026
:1019600002F480420192019AD3F8E02042F004028E
:10197000C3F8E020D3F8E02002F004020292029AB9
:10198000D3F8E02042F00202C3F8E020D3F8E030C0
:1019900003F002030393039B062335930227369734
:1019A0000025379538950526399635A9454802F022
:1019B000DFFE4FF4005335933697379538953996B7
:1019C00035A9414802F0D4FE4048414B036027232B
:1019D00043608560C5604FF4806303614561856144
:1019E000C5614FF440330362456200F029FF38BB04
:1019F000364BE3679C633748374B036028234360CB
:101A0000402383600023C3604FF48062026143611E
:101A10008361C3614FF400320262436200F010FF41
:101A200088B92C4BA3679C6300220521242000F079
:101A3000E3FC242000F0F0FC7DE7FFF755FE86E78D
:101A4000FFF752FED4E7FFF74FFEEAE74FF480427C
:101A50000023CDE906234FF0A043319306A803F0FD
:101A600071FE30BB164BD3F8F42042F02002C3F8CD
:101A7000F420D3F8F42002F020020492049AD3F860
:101A8000E02042F00102C3F8E020D3F8E03003F098
:101A900001030593059BA02335930223369300236E
:101AA000379338930823399335A90C4802F060FE28
:101AB00041E7FFF719FED5E7003800400014005851
:101AC000004402580008025800040258EC0D00249B
:101AD00010000240740D002428000240000002584B
:101AE00000B583B00A4BD3F8F42042F00202C3F8E9
:101AF000F420D3F8F43003F002030193019B002299
:101B00000F216FF0010000F077FC03B05DF804FBDB
:101B1000004402580F2801D90120704710B58AB03F
:101B2000044600220146372000F066FC372000F012
:101B300073FC1A4B1C601A4BD3F8E82042F02002C9
:101B4000C3F8E820D3F8E83003F020030093009BAB
:101B500001A902A803F0C4FC079BBBB903F09CFCDD
:101B60000346104AA2FB03239B0C013B0E480F4A7D
:101B7000026040F2E732C260436000230361836089
:101B800005F0EAFC30B101200AB010BD03F084FC7E
:101B90004300E6E7044805F035FBF5E71C000024A8
:101BA0000044025883DE1B43740F002400140040DD
:101BB000FEE7FEE7FEE7FEE7FEE7704708B50248EE
:101BC00001F030FC08BD00BFEC0D002408B5024850
:101BD00001F028FC08BD00BF740D002408B50248C0
:101BE00001F020FC08BD00BF3C10002408B50248ED
:101BF00001F018FC08BD00BFC40F002408B502485E
:101C000002F026FC08BD00BFB008002408B5024859
:101C100002F01EFC08BD00BF1008002408B50248F1
:101C200005F0CEF908BD00BFEC0E002408B502484F
:101C300005F076FE08BD00BF7012002408B502480A
:101C400005F034FB08BD00BF740F002408B502483E
:101C500005F066FE08BD00BFDC11002408B502488F
:101C600005F05EFE08BD00BFB410002408B50248B0
:101C700002F0EEFB08BD00BF700700240120704792
:101C800008B50AF05DF8162303604FF0FF3008BD79
:101C900008B54FF0FF31FFF7F3FFFEE770B50C46D4
:101CA0001646002506E0AFF30080214601F8010B3F
:101CB00001350C46B542F6DB304670BD70B50C46BA
:101CC0001646002504E014F8010BAFF3008001353F
:101CD000B542F8DB304670BD4FF0FF3070474FF42F
:101CE00000534B6000207047012070470020704770
:101CF00010B503460C4A0D490D48006840B10C4828
:101D000000680344521A934206D8094A136010BD72
:101D10000748084C0460F2E70AF012F80C2303604D
:101D20004FF0FF30F3E700BF00000524000400007F
:101D3000C00F0024E0900024224AD2F8883043F4F7
:101D40007003C2F88830204B1B6803F00F03062B8A
:101D500006D81D4A136823F00F0343F007031360EE
:101D60001A4B1A6842F001021A6000221A611968BF
:101D7000174A0A401A60144B1B6813F0080F06D06C
:101D8000114A136823F00F0343F0070313600F4B4E
:101D900000229A61DA611A620E4999620E49D9628B
:101DA0000E4919635A639963DA6319645A641968AE
:101DB00021F4802119601A66094B43F2D2021A609D
:101DC000704700BF00ED00E00020005200440258C0
:101DD0007FEDF6EA000202020000FF01800201012D
:101DE0000040005208B51A481A4B03601A4B436072
:101DF0004FF4805383604FF40053C3604FF480630B
:101E000003610C23436100238361C3610362436266
:101E1000836206F09EFC70B900210D4806F092FD29
:101E200060B900210A4806F0B2FD50B9084806F032
:101E30006AFD48B908BDFFF757FCEDE7FFF754FC12
:101E4000EFE7FFF751FCF1E7FFF74EFCF2E700BFC9
:101E50007012002400500040A086010008B5174809
:101E6000174B03604FF4E133436000238360C3608A
:101E700003610C2242618361C36103624362836236
:101E800006F067FC70B900210C4806F05BFD60B9F4
:101E900000210A4806F07BFD50B9084806F033FDE2
:101EA00048B908BDFFF720FCEDE7FFF71DFCEFE7A1
:101EB000FFF71AFCF1E7FFF717FCF2E7DC1100244B
:101EC0000078004008B51748174B03604FF46123B2
:101ED000436000238360C36003610C22426183611D
:101EE000C36103624362836206F033FC70B9002170
:101EF0000C4806F027FD60B900210A4806F047FDAE
:101F000050B9084806F0FFFC48B908BDFFF7ECFBE4
:101F1000EDE7FFF7E9FBEFE7FFF7E6FBF1E7FFF798
:101F2000E3FBF2E7481100240010014008B5174810
:101F3000174B03604FF4E133436000238360C360B9
:101F400003610C2242618361C36103624362836265
:101F500006F0FFFB70B900210C4806F0F3FC60B9F5
:101F600000210A4806F013FD50B9084806F0CBFCE2
:101F700048B908BDFFF7B8FBEDE7FFF7B5FBEFE7A2
:101F8000FFF7B2FBF1E7FFF7AFFBF2E7B410002475
:101F9000001C0140F0B5BFB00446002139913A91D0
:101FA0003B913C913D91B8220AA809F0EDFD2368D0
:101FB000A64A93420CD0A64A934276D0A54A9342B1
:101FC00000F0CA80A44A934200F0F9803FB0F0BD0F
:101FD00002220023CDE90A230AA803F0B3FB00285C
:101FE0005DD19E4BD3F8E82042F48012C3F8E8207C
:101FF000D3F8E82002F480120192019AD3F8E0208D
:1020000042F00402C3F8E020D3F8E02002F004021A
:102010000292029AD3F8E02042F00802C3F8E020CE
:10202000D3F8E03003F008030393039B4FF480538D
:10203000399302273A9700253B953C9508263D9613
:1020400039A9874802F094FB042339933A973B95CA
:102050003C953D9639A9834802F08AFB8248834B20
:102060000360412343608560C5604FF48063036172
:1020700045618561C5614FF440330362456200F0FC
:10208000DFFB78B9784BC4F880309C6300220521CF
:10209000352000F0B1F9352000F0BEF996E7FFF7E2
:1020A00023FB9EE7FFF720FBECE702220023CDE9AC
:1020B0000A230AA803F046FB002847D1674BD3F850
:1020C000E82042F08042C3F8E820D3F8E82002F08C
:1020D00080420492049AD3F8E02042F01002C3F840
:1020E000E020D3F8E03003F010030593059B4FF494
:1020F000C073399302233A9300253B953C950723FF
:102100003D9339A95A4802F033FB5A485A4B0360B1
:102110004F2343608560C5604FF480630361456170
:102120008561C5614FF400330362456200F088FBAE
:1021300078B9504BC4F880309C63002205215220AE
:1021400000F05AF9522000F067F93FE7FFF7CCFAA8
:10215000B4E7FFF7C9FAECE701220023CDE90A232F
:102160000AA803F0EFFA38BB3C4BD3F8F02042F05A
:102170001002C3F8F020D3F8F02002F0100206920B
:10218000069AD3F8E02042F00102C3F8E020D3F829
:10219000E03003F001030793079B4FF4C0633993CA
:1021A00002233A9300233B933C9307233D9339A9A1
:1021B000324802F0DDFA09E7FFF796FAD4E7012288
:1021C0000023CDE90A230AA803F0BCFA002839D17C
:1021D000224BD3F8F02042F08002C3F8F020D3F86D
:1021E000F02002F080020892089AD3F8E02042F032
:1021F0001002C3F8E020D3F8E03003F01003099395
:10220000099B0423399302263A9600243B943C947C
:102210003D93174D39A9284602F0AAFA08233993AD
:102220003A963B943C940B233D9339A9284602F0FF
:102230009FFA224605219C2000F0DEF89C2000F049
:10224000EBF8C3E6FFF750FAC2E700BF00500040CA
:102250000078004000100140001C0140004402587A
:1022600000080258000C02583C10002440000240B4
:1022700000100258C40F0024580002400000025809
:10228000DFF834D0FFF758FD0C480D490D4A002304
:1022900002E0D458C4500433C4188C42F9D30A4A1B
:1022A0000A4C002301E013600432A242FBD309F080
:1022B0004DFDFFF76FFA7047000005240000002471
:1022C0004C070024C427010850070024E090002494
:1022D000FEE7000010B5032000F07CF802F074FE69
:1022E0000F498B69C3F303230E4AD35C03F01F032A
:1022F000D8408B6903F00F03D35C03F01F0320FA6F
:1023000003F3094A1360094B18600F20FFF702FC22
:1023100010B10124204610BD0446FFF7E1FBF9E7A8
:1023200000440258A82401081000002414000024CE
:10233000034B1B78034A11680B441360704700BFBE
:102340001800002404130024014B1868704700BFD4
:1023500004130024002807DB00F01F0240090123BA
:102360009340024A42F82030704700BF00E100E08D
:10237000002804DB0901C9B2044B1954704700F06E
:102380000F000901C9B2024B1954704700E400E084
:1023900014ED00E000B500F00700C0F1070CBCF13F
:1023A000040F28BF4FF0040C031D062B0FD9C31ECA
:1023B0004FF0FF3E0EFA0CF021EA000199400EFAB0
:1023C00003FE22EA0E0241EA02005DF804FB00234C
:1023D000EEE700000649CB6823F4E0631B041B0C06
:1023E000000200F4E0600343024A1A43CA607047E7
:1023F00000ED00E00000FA0510B50446054BD86872
:10240000C0F30220FFF7C6FF01462046FFF7B0FFEA
:1024100010BD00BF00ED00E008B5FFF79BFF08BD51
:10242000F0B4876D0468664E664DAC4218BFB44286
:1024300042D01835AC423FD01835AC423CD01835AC
:10244000AC4239D01835AC4236D01835AC4233D016
:102450001835AC4230D005F55675AC422CD0183545
:10246000AC4229D01835AC4226D01835AC4223D026
:102470001835AC4220D01835AC421DD01835AC42CE
:102480001AD01835AC4217D04F4DAC4214D0143589
:10249000AC4211D01435AC420ED01435AC420BD046
:1024A0001435AC4208D01435AC4205D01435AC42DA
:1024B00002D01435AC4207D1446E856E6560C46E9F
:1024C00014B1046F456F656004683D4E3D4DAC42EC
:1024D00018BFB44252D01835AC424FD01835AC4278
:1024E0004CD01835AC4249D01835AC4246D01835DE
:1024F000AC4243D01835AC4240D005F55675AC42DD
:102500003CD01835AC4239D01835AC4236D01835ED
:10251000AC4233D01835AC4230D01835AC422DD057
:102520001835AC422AD01835AC4227D0264E274D5C
:10253000AC4218BFB44211D0254DAC420ED0143578
:10254000AC420BD01435AC4208D01435AC4205D0A7
:102550001435AC4202D01435AC4224D1C46D04F021
:102560001F050124AC407C60046863608368402BD5
:1025700020D0036899600368DA6014E0C46D04F049
:102580001F0C3F2404FA0CF4BC6005682C6824F48A
:1025900080242C60046863608368402B05D0036846
:1025A00099600368DA60F0BC704703689A6003685A
:1025B000D960F8E703689A600368D960F3E700BF61
:1025C0001000024028000240085402581C540258CF
:1025D0003054025803682749274A934218BF8B4258
:1025E0002FD0183293422CD01832934229D018326F
:1025F000934226D01832934223D01832934220D0EF
:10260000183293421DD002F55672934219D01832F7
:10261000934216D01832934213D01832934210D0FE
:10262000183293420DD0183293420AD01832934296
:1026300007D01832934204D023F0FF038365806DE6
:10264000704710B4D9B210390C4AA2FB0142C2F350
:1026500002120B4CA25CC2655F2907D96FF3090314
:1026600004338365806D5DF8044B70476FF3090395
:102670008365F7E71000024028000240ABAAAAAA2F
:10268000B824010883699BB9836A012B0AD0022B05
:1026900002D00BB100207047C36A13F0807F2AD1AB
:1026A00000207047C36AB3F1C07F26D00020704776
:1026B000B3F5005F0AD0836A022B26D9032B26D1FB
:1026C000C36A13F0807F24D100207047836A032BF4
:1026D00003D8DFE803F01404140A00207047C36A2B
:1026E00013F0807F0DD100207047C36AB3F1C07F23
:1026F00009D0002070470120704701207047012059
:10270000704701207047012070470120704700206A
:10271000704701207047000003682149214A934215
:1027200018BF8B4227D01432934224D014329342E4
:1027300021D0143293421ED0143293421BD0143253
:10274000934218D01432934215D0DAB2103A164997
:10275000A1FB0212120915491944A8291ED9144BCC
:1027600013449B000366134B436602F01F020123D0
:10277000934083667047DBB2083B0F4AA2FB0323FA
:102780000E4A02EB1312920002660D4A4266C3F330
:102790000413012202FA03F3836670470832DEE76E
:1027A000085402581C540258ABAAAAAAF0FBFDBF59
:1027B0000082001080080240CDCCCCCC00960016E0
:1027C0008058025801794A1E072A2BD830B4036872
:1027D000154D164CA34218BFAB4218D01434A34277
:1027E00015D01434A34212D01434A3420FD01434A1
:1027F000A3420CD01434A34209D01434A34206D00F
:102800000B4B0B449B00C3660A4B036705E00A4B66
:102810000B449B00C366094B036701239340436746
:1028200030BC7047704700BF085402581C5402580F
:102830003F820010400902403F960016405902585E
:1028400070B50446FFF780FD002C00F0B781054607
:1028500023685349534A934218BF8B420CBF01214E
:10286000002150D0183293424DD0183293424AD0B2
:102870001832934247D01832934244D018329342D0
:1028800041D0183293423ED002F5567293423AD06C
:102890001832934237D01832934234D018329342D0
:1028A00031D0183293422ED0183293422BD01832A6
:1028B000934228D01832934225D03B493B4A934259
:1028C00018BF8B4200F03281394A934200F02E81CA
:1028D0001432934200F02A811432934200F0268190
:1028E0001432934200F022811432934200F01E8190
:1028F0001432934200F01A8140236365032384F865
:10290000353001204AE0022284F83520002284F884
:10291000342079BB274A93422CD01832934229D0D5
:102920001832934226D01832934223D01832934261
:1029300020D0183293421DD002F55672934219D01E
:102940001832934216D01832934213D01832934261
:1029500010D0183293420DD0183293420AD0183258
:10296000934207D01832934204D01A6822F0010231
:102970001A6003E01A6822F001021A6023681A68DC
:1029800012F0010F18D0FFF7DFFC431B052BF5D920
:1029900020236365032384F83530012070BD00BF18
:1029A0001000024028000240085402581C540258EB
:1029B00030540258400002401A6881491140A26810
:1029C000E06802432069024360690243A069024350
:1029D000E0690243206A02430A43616A042900F065
:1029E00090806168522900F296803F29C0F08E8065
:1029F0003F39744820FA01F111F0010F01D042F47F
:102A000080121A602668756925F00705636A1D4300
:102A1000042B08D1A36A1D43E36A23B12046FFF7C4
:102A200031FE00287CD175612046FFF7D3FDE36DB0
:102A300003F01F023F239340836023686249634A87
:102A4000934218BF8B4242D0183293423FD0183283
:102A500093423CD01832934239D01832934236D048
:102A60001832934233D01832934230D002F5567266
:102A700093422CD01832934229D01832934226D058
:102A80001832934223D01832934220D01832934206
:102A90001DD0183293421AD01832934217D04C4AA4
:102AA000934214D01432934211D0143293420ED078
:102AB000143293420BD01432934208D01432934212
:102AC00005D01432934202D01432934213D12046DF
:102AD000FFF722FEA368802B63D0236E22791A6051
:102AE000636EA26E5A606368013B072B5CD90023BA
:102AF000E3662367636700206065012384F835304F
:102B00004CE7E16A206B01430A436AE7293905294A
:102B10003FF677AF73E7743903293FF672AF6EE77C
:102B200040236365012084F8350037E7022284F8EA
:102B30003520002284F8342019686FF31011A26840
:102B4000402A2CD0802A27D00022E06842EAD00216
:102B5000206942EAD002606942EAD002A06942EAF2
:102B6000D002E06942EAD002206A42EA10120A4327
:102B70001A602268174B1344174AA2FB03231B0950
:102B80009B00E3652046FFF725FDE26D02F01F0183
:102B900001228A40426050E74FF48042D5E710227C
:102BA000D3E70023636098E72046FFF70BFEE36E50
:102BB00000221A60236F626F5A609CE70120EDE6E5
:102BC0003F8010FE0F030F0010000240280002405B
:102BD00008540258F8ABFDA7CDCCCCCC002800F0AF
:102BE0003E8170B5044690F83400012800F0398128
:102BF000012084F8340094F83500C0B2012807D0D1
:102C00004FF400636365002384F83430012070BD05
:102C1000022084F83500002060652068924E934DB4
:102C2000A84218BFB0422FD01835A8422CD0183572
:102C3000A84229D01835A84226D01835A84223D05A
:102C40001835A84220D01835A8421DD005F5567574
:102C5000A84219D01835A84216D01835A84213D06A
:102C60001835A84210D01835A8420DD01835A84202
:102C70000AD01835A84207D01835A84204D00568F4
:102C800025F00105056003E0056825F001050560F4
:102C90002046FFF7C5FB23687349744A934218BF67
:102CA0008B4238D01832934235D01832934232D00A
:102CB000183293422FD0183293422CD018329342BC
:102CC00029D01832934226D002F55672934222D070
:102CD000183293421FD0183293421CD018329342BC
:102CE00019D01832934216D01832934213D01832AA
:102CF000934210D0183293420DD01A6822F00E027F
:102D000042F00A021A60236C93B12268136843F000
:102D1000040313600CE01A6822F01E0242F016024F
:102D20001A60236C23B12268136843F00803136010
:102D300023684D494D4A934218BF8B4242D0183206
:102D400093423FD0183293423CD01832934239D04C
:102D50001832934236D01832934233D0183293420D
:102D600030D002F5567293422CD01832934229D0BB
:102D70001832934226D01832934223D0183293420D
:102D800020D0183293421DD0183293421AD01832F4
:102D9000934217D0364A934214D01432934211D042
:102DA000143293420ED0143293420BD01432934219
:102DB00008D01432934205D01432934202D0143218
:102DC00093420ED1236E1A6812F4803F03D01A6822
:102DD00042F480721A60E36E1BB11A6842F480728A
:102DE0001A6023682049214A934218BF8B4230D091
:102DF000183293422DD0183293422AD0183293427F
:102E000027D01832934224D01832934221D018325E
:102E100093421ED002F5567293421AD01832934252
:102E200017D01832934214D01832934211D018326E
:102E300093420ED0183293420BD01832934208D0EE
:102E40001832934205D01A6842F001021A6000203D
:102E5000DDE61A6842F001021A600020D7E6012080
:102E600070470220D3E600BF100002402800024055
:102E70000854025870B50446FFF766FA002C00F0BB
:102E80009181054694F83530DBB2022B06D08023C1
:102E90006365002384F83430012070BD23688C49B9
:102EA0008C4A934218BF8B4230D0183293422DD0B7
:102EB000183293422AD01832934227D018329342C4
:102EC00024D01832934221D0183293421ED002F5FA
:102ED000567293421AD01832934217D01832934246
:102EE00014D01832934211D0183293420ED01832B7
:102EF00093420BD01832934208D01832934205D037
:102F00001A6822F00E021A60266809E01A6822F098
:102F10001E021A602268536923F0800353612668F9
:102F200023686B496B4A934218BF8B4242D01832D8
:102F300093423FD0183293423CD01832934239D05A
:102F40001832934236D01832934233D0183293421B
:102F500030D002F5567293422CD01832934229D0C9
:102F60001832934226D01832934223D0183293421B
:102F700020D0183293421DD0183293421AD0183202
:102F8000934217D0544A934214D01432934211D032
:102F9000143293420ED0143293420BD01432934227
:102FA00008D01432934205D01432934202D0143226
:102FB000934204D1226E136823F480731360236854
:102FC0004349444A934218BF8B422FD01832934250
:102FD0002CD01832934229D01832934226D018327E
:102FE000934223D01832934220D0183293421DD0FE
:102FF00002F55672934219D01832934216D0183205
:10300000934213D01832934210D0183293420DD00D
:10301000183293420AD01832934207D018329342A2
:1030200004D01A6822F001021A6003E01A6822F044
:1030300001021A60336813F0010F0ED0FFF784F914
:10304000431B052BF6D920236365032384F8353011
:10305000002384F8343001201FE723681C491D4AEF
:10306000934218BF8B4239D01832934236D018326F
:10307000934233D01832934230D0183293422DD03D
:10308000183293422AD01832934227D002F5567252
:10309000934223D01832934220D0183293421DD04D
:1030A000183293421AD01832934217D018329342F2
:1030B00014D01832934211D0183293420ED0A16D21
:1030C000E36D03F01F02012393404B600DE000BF4E
:1030D000100002402800024008540258A16DE36D20
:1030E00003F01F023F2393408B6023682E492F4A31
:1030F000934218BF8B4242D0183293423FD01832CD
:1031000093423CD01832934239D01832934236D091
:103110001832934233D01832934230D002F55672AF
:1031200093422CD01832934229D01832934226D0A1
:103130001832934223D01832934220D0183293424F
:103140001DD0183293421AD01832934217D0184A21
:10315000934214D01432934211D0143293420ED0C1
:10316000143293420BD01432934208D0143293425B
:1031700005D01432934202D0143293420BD1636EC5
:10318000A26E5A60E36E33B11A6822F480721A603C
:10319000236F626F5A60012384F83530002084F871
:1031A00034007AE6012078E6100002402800024050
:1031B00008540258002800F0288108B5024690F80B
:1031C0003530DBB2022B03D080234365012008BDDC
:1031D0000368904890498B4218BF83420CBF01207E
:1031E000002065D018318B4262D018318B425FD0FD
:1031F00018318B425CD018318B4259D018318B4238
:1032000056D018318B4253D001F556718B424FD0B6
:1032100018318B424CD018318B4249D018318B4237
:1032200046D018318B4243D018318B4240D01831F0
:103230008B423DD018318B423AD0196821F00E01F3
:1032400019601368734874498B4218BF83426AD06F
:1032500072498B4267D018318B4264D018318B424F
:1032600061D018318B425ED018318B425BD018315F
:103270008B4258D001F556718B4254D018318B4295
:1032800051D018318B424ED018318B424BD018316F
:103290008B4248D018318B4245D018318B4242D0F6
:1032A00018318B423FD0196821F0010119603EE0CE
:1032B000042182F8351080BB584A93422DD0183231
:1032C00093422AD01832934227D01832934224D006
:1032D0001832934221D0183293421ED002F5567212
:1032E00093421AD01832934217D01832934214D016
:1032F0001832934211D0183293420ED018329342B2
:103300000BD01832934208D01832934205D01A6875
:1033100022F001021A60002059E71A6822F0010227
:103320001A60002053E7196821F001011960136841
:10333000384839498B4218BF834242D018318B42FA
:103340003FD018318B423CD018318B4239D01831E4
:103350008B4236D018318B4233D018318B4230D06B
:1033600001F556718B422CD018318B4229D018317F
:103370008B4226D018318B4223D018318B4220D07B
:1033800018318B421DD018318B421AD018318B4224
:1033900017D023498B4214D014318B4211D01431F1
:1033A0008B420ED014318B420BD014318B4208D09B
:1033B00014318B4205D014318B4202D014318B4230
:1033C00017D1116E0B6823F480730B60906DD36D71
:1033D00003F01F0101238B404360536E916E5960CF
:1033E000D36E33B1196821F480711960136F516F76
:1033F0005960012382F83530002382F83430136D90
:103400002BB1104698470020E1E6012070470020CC
:10341000DDE600BF100002402800024040000240EC
:1034200008540258F0B583B00446002301937D4B45
:103430001D687D4BA3FB0535AD0A876D3E68D7F847
:1034400000C0036879497A48834218BF8B420CBF99
:103450000120002061D0774A93425ED01832934217
:103460005BD01832934258D01832934255D018325C
:10347000934252D0183293424FD002F55672934283
:103480004BD01832934248D01832934245D018326C
:10349000934242D0183293423FD0183293423CD0EC
:1034A0001832934239D01832934236D06249634A77
:1034B000934218BF8B4212D0614A93420FD014320C
:1034C00093420CD01432934209D01432934206D066
:1034D0001432934203D01432934240F061821A684E
:1034E000E16D01F01F010420884010EA0C0F00F08C
:1034F000A78212F0040F00F0A382786012F4004F4C
:1035000000F05A8212F4803F40F05082A36C002BEE
:1035100000F046822046984742E2E26D02F01F0129
:1035200008228A40324241D070BB424A93422BD09B
:103530001832934228D01832934225D01832934241
:1035400022D0183293421FD0183293421CD002F579
:103550005672934218D01832934215D018329342C3
:1035600012D0183293420FD0183293420CD0183236
:10357000934209D01832934206D01832934203D0B6
:103580001A68C2F3C00202E01A68C2F380026AB18C
:103590001A6822F004021A60E36D03F01F02082388
:1035A0009340BB60636D43F001036365E26D02F01D
:1035B0001F0226FA02F313F0010F47D023681B48BD
:1035C0001B498B4218BF83423CD018318B4239D003
:1035D00018318B4236D018318B4233D018318B42A0
:1035E00030D018318B422DD018318B422AD001F5C2
:1035F00056718B4226D018318B4223D018318B4222
:1036000020D018318B421DD018318B421AD018317E
:103610008B4217D018318B4214D018318B4211D005
:103620001B6813E014000024B5814E1B10000240FB
:103630002800024040000240085402581C5402581E
:10364000305402585B6913F0800F3BD1E36D03F0F7
:103650001F03042202FA03F333423FD02268964844
:1036600096498A4218BF824234D018318A4231D0FA
:1036700018318A422ED018318A422BD018318A4212
:1036800028D018318A4225D018318A4222D001F53B
:1036900056718A421ED018318A421BD018318A4294
:1036A00018D018318A4215D018318A4212D01831F8
:1036B0008A420FD018318A420CD018318A4209D080
:1036C00013680BE001239340BB60636D43F002037A
:1036D0006365BBE7126812F0020F3DD1E36D03F0A2
:1036E0001F03102202FA03F333425FD022687248AC
:1036F00072498A4218BF824234D018318A4231D08E
:1037000018318A422ED018318A422BD018318A4281
:1037100028D018318A4225D018318A4222D001F5AA
:1037200056718A421ED018318A421BD018318A4203
:1037300018D018318A4215D018318A4212D0183167
:103740008A420FD018318A420CD018318A4209D0EF
:103750001268C2F3800208E0BB60636D43F00403AB
:103760006365BBE71268C2F3C002FAB1BB602368AD
:103770001A6812F4802F0DD01B6813F4002F04D1A7
:10378000236C9BB12046984710E0A36C73B1204690
:1037900098470BE01A6812F4807F03D11A6822F070
:1037A00008021A60236C0BB120469847E36D03F0C2
:1037B0001F03202202FA03F3334200F093802268B1
:1037C0003D483E498A4218BF82422ED018318A4273
:1037D0002BD018318A4228D018318A4225D018318E
:1037E0008A4222D018318A421FD018318A421CD016
:1037F00001F556718A4218D018318A4215D0183115
:103800008A4212D018318A420FD018318A420CD025
:1038100018318A4209D018318A4206D018318A42BA
:1038200003D01268C2F3400202E01268C2F3001231
:10383000002A57D0BB6094F83530DBB2042B0ED091
:1038400023681A6812F4802F3AD01B6813F4002FF3
:103850002DD1636C002B45D02046984742E022686A
:10386000136823F0160313602268536923F0800362
:103870005361236CBBB12268136823F00803136003
:10388000E36D03F01F023F239340BB60012384F8E4
:103890003530002384F83430236D002B00F0808015
:1038A000204698477CE0A36C002BE4D1E8E7E36B6B
:1038B000C3B12046984715E010000240280002409E
:1038C0001A6812F4807F09D11A6822F010021A6077
:1038D000012384F83530002384F83430E36B0BB1D6
:1038E00020469847636D002B5AD0636D13F0010F8B
:1038F00052D0042384F8353023689649964A93427F
:1039000018BF8B422FD0183293422CD018329342DA
:1039100029D01832934226D01832934223D018323D
:10392000934220D0183293421DD002F55672934232
:1039300019D01832934216D01832934213D018324D
:10394000934210D0183293420DD0183293420AD0CD
:103950001832934207D01832934204D01A6822F0EA
:1039600001021A6003E01A6822F001021A60019B4A
:1039700001330193AB4204D823681B6813F0010F95
:10398000F5D123681B6813F0010F0BD0032384F8D3
:103990003530002384F83430E36C0BB1204698476F
:1039A00003B0F0BD012384F83530F2E7236C002B1F
:1039B000F6D020469847F3E712F0200F3AD123685B
:1039C0006449654A934218BF8B422FD01832934204
:1039D0002CD01832934229D01832934226D0183274
:1039E000934223D01832934220D0183293421DD0F4
:1039F00002F55672934219D01832934216D01832FB
:103A0000934213D01832934210D0183293420DD003
:103A1000183293420AD01832934207D01832934298
:103A200004D01A6822F004021A6003E01A6822F037
:103A300008021A60236C002BB2D020469847AFE7EB
:103A40000220884010EA0C0F60D012F0020F5DD007
:103A5000786012F4004F0ED012F4803F05D1636CF1
:103A6000002B9DD0204698479AE7E36B002B97D018
:103A70002046984794E712F0200F40D1236835493B
:103A8000354A934218BF8B422FD0183293422CD024
:103A90001832934229D01832934226D018329342DA
:103AA00023D01832934220D0183293421DD002F511
:103AB0005672934219D01832934216D0183293425C
:103AC00013D01832934210D0183293420DD01832CE
:103AD00093420AD01832934207D01832934204D04E
:103AE0001A6822F00A021A6003E01A6822F014022F
:103AF0001A60012384F83530002384F83430E36BF6
:103B0000002B3FF44DAF2046984749E7082000FAC4
:103B100001F111EA0C0F3FF443AF12F0080F3FF42C
:103B20003FAF1A6822F00E021A60E36D03F01F0324
:103B3000012202FA03F37B60626584F835200023DA
:103B400084F83430E36C002B3FF42AAF20469847CA
:103B500026E700BF100002402800024030B4416B4D
:103B60000468D4F884306F4A134043EA8103C4F8F0
:103B700084300468D4F8843023F47F03856B43EAEF
:103B80000543C4F88430836B0B440468D4F8881070
:103B9000114041EA8301C4F888100468D4F8881001
:103BA00021F4FE01C56B41EA0541C4F88810C16BE0
:103BB00003EB41030468D4F8A010114041EA8301EB
:103BC000C4F8A0100468D4F8A01021F4FE01056C1C
:103BD00041EA0541C4F8A010016C446C04FB0133B8
:103BE0000468D4F8B010114041EA8301C4F8B01061
:103BF0000468D4F8B01021F4FE01856C41EA054157
:103C0000C4F8B010816CC46C04FB01330468D4F8B0
:103C1000AC10114041EA8301C4F8AC10016D446D51
:103C200004FB01330468D4F8F010114041EA830129
:103C3000C4F8F0100468D4F8F01021F47C11856DFC
:103C400041EA0541C4F8F010816D03EB41030468BB
:103C5000D4F8C0100A4042EA8303C4F8C0300268B6
:103C6000D2F8C03023F47C13C16D43EA0143C2F89B
:103C7000C0300268D2F8C03023F07C53016E43EAB2
:103C80000163C2F8C030436B274A1A449200C266EF
:103C9000836B02EB83030367C16B03EBC1034367D1
:103CA000016C446C04FB01F103EB81038367816CBD
:103CB000C46C04FB01F103EB8103C367016D446D28
:103CC00004FB01F103EB8103C0F88030816D03EB4D
:103CD000C103C0F88430816EC46D01FB04FC03EBAA
:103CE0008C03C0F88830046E04FB01F103EB810300
:103CF000C0F890300D498B420DD9D0F89C3043F07C
:103D00002003C0F89C30032380F89830012007E09E
:103D1000002342F8043BD0F890309342F8D80020BA
:103D200030BC70470300FFFF002B0010FCD30040A5
:103D300070B54C68FCB90D698C6825430C6845EA80
:103D400084450E6ACC6944EA06648E6934434E6940
:103D50003443CE6844EA0644D0F88460806E00FBA9
:103D600003F306EB830E46F82350CEF804400EF121
:103D7000080E002019E00C698D6825430C68254366
:103D800045F08045DDE702EB000C9CF803409CF811
:103D900002301B0443EA04639CF8014043EA042315
:103DA000145C23434EF8043B0430CB68024CE35CC4
:103DB0008342E8D870BD00BFC024010830B595B07B
:103DC00004464C22A04901A8FCF7C0FC002C00F0DE
:103DD000388123689D4A934220D094F898300BB3E1
:103DE0002268936923F010039361FEF7ADFA05464C
:103DF00023689A6912F0080F1AD0FEF7A5FA431B40
:103E00000A2BF5D9D4F89C3043F00103C4F89C3058
:103E1000032384F89830012015B030BD03F580737A
:103E20006360DAE784F899302046FDF7E1F9D7E7D7
:103E30009A6942F001029A61FEF786FA0546236804
:103E40009A6912F0010F0FD1FEF77EFA401B0A2883
:103E5000F5D9D4F89C3043F00103C4F89C30032317
:103E600084F898300120D7E79A6942F002029A61FB
:103E7000237C012B40D02268936943F04003936177
:103E8000637C012B3ED02268936923F480439361C5
:103E9000A37C012B3CD02268936943F48053936147
:103EA0002268936923F44073A1680B4393612268ED
:103EB000936923F0A40393612268136923F010032C
:103EC0001361E368012B29D0002B2CD0022B00F0CA
:103ED0009B802268936943F0800393612268136991
:103EE00043F010031361E368032B1CD1226893692C
:103EF00043F02003936116E02268936923F04003A6
:103F00009361BDE72268936943F480439361BFE7FF
:103F10002268936923F480539361C1E7226893690F
:103F200043F004039361A3695A1EE369013B1B023A
:103F300043EA4263226A013A13436269013A216803
:103F400043EA0243CB61A368B3F5407F62D0236E9E
:103F500033B12268D2F8C030616E0B43C2F8C03072
:103F6000E36D226ED3420DD02168D1F8C83023F022
:103F70000703A26E14A800EB820252F84C2C1343E4
:103F8000C1F8C830236C6BB12168D1F8BC3023F084
:103F90000703626C14A800EB820252F84C2C134306
:103FA000C1F8BC30A36C73B12168D1F8BC3023F0E8
:103FB0007003E26C14A800EB820252F84C2C43EA26
:103FC0000213C1F8BC30236D73B12168D1F8BC3045
:103FD00023F4E063626D14A800EB820252F84C2CCB
:103FE00043EA0223C1F8BC302268184B9A4222D01F
:103FF0000023C4F89430C4F89C30012384F898302E
:104000002046FFF7ABFD07E72268936943F02003E2
:10401000936188E7A36A013BE26A013A43EA02231B
:10402000226B013A43EA0213626A013A216843EAC9
:104030000243CB608BE76268936823F003039360CD
:10404000D6E70120E8E600BF2422010800A00040D6
:1040500090F89830013BDBB2012B07D9D0F89C30A7
:1040600043F00203C0F89C30012070470B68DBB9B5
:10407000CB68072B0ED08A68DB0643EA82730A6995
:1040800043EA02434A691343C26E496842F8213049
:10409000002070470A69CB691B0243EA02438A6920
:1040A000134343F06053EFE710B4CA680B6943EA67
:1040B0004273072A0FD04A698C6842EA8472006F03
:1040C000496800EBC10C40F83130CCF804200020E6
:1040D0005DF8044B70478A69F1E790F898C05FFA81
:1040E0008CFCBCF1010F07D0D0F89C3043F00403E6
:1040F000C0F89C3001207047920042EA011242EA67
:1041000043030168009A1A43C1F8802000207047D9
:1041100090F89830DBB2012B07D0D0F89C3043F0F8
:104120000403C0F89C3001207047022380F89830C7
:104130000268936923F0010393610023C0F89C3067
:104140001846704738B5044690F89830DBB2022B19
:104150002BD10368D3F8C00010F07C5F0CD0D3F8EB
:10416000C40010F4001F0FD0D4F89C3043F4007347
:10417000C4F89C3001201FE0D4F89C3043F02003A9
:10418000C4F89C30012017E0D3F8C450C5F30445AF
:104190002B462046FFF7CCFD22680123AB40C2F836
:1041A000D030C4F89430002006E0D0F89C3043F0C2
:1041B0000803C0F89C30012038BD000090F898C07A
:1041C0005FFA8CFCBCF1020F40F0DF8070B5402933
:1041D0000CD041293DD0046D8C426DD8D0F89C3074
:1041E00043F02003C0F89C300120C1E00468D4F8FB
:1041F000A05015F4FE0F0CD0D4F8A45015F07F0F8A
:104200000FD1D0F89C3043F48073C0F89C3001206B
:10421000AEE0D0F89C3043F02003C0F89C30012081
:10422000A6E0D4F8A46016F0807604D0D4F8A050AC
:10423000002D0CDB0026D4F8A440C4F3052426444A
:10424000456F446C06FB04F405EB840E3BE001264D
:10425000F1E70468D4F8B05015F4FE0F0CD0D4F890
:10426000B45015F07F0F0FD1D0F89C3043F4807319
:10427000C0F89C3001207BE0D0F89C3043F0200354
:10428000C0F89C30012073E0D4F8B46016F080765A
:1042900004D0D4F8B050002D0CDB0026D4F8B44084
:1042A000C4F305242644856FC46C06FB04F405EBB7
:1042B000840E08E00126F1E7C56F446D01FB04F4AC
:1042C00005EB840E0026DEF8004004F080445460C4
:1042D00064BBDEF80040C4F38A441460DEF800409A
:1042E00004F000549460DEF8004004F000441461CF
:1042F000BEF80440D461BEF8064004F00F04D46058
:10430000DEF8044004F480145461DEF8044004F440
:10431000001494619EF8074004F07F041462DEF8F4
:104320000440E40F54624FF0000C0CE0DEF8004053
:1043300024F060441460D1E70EEB0C04247A03F8F7
:104340000C400CF1010CD468144D2C5D6445F3D87D
:10435000402909D041290CD01F290ED80268012319
:104360008B40C2F8983002E00368C3F8A8600020D0
:1043700070BD0368C3F8B860F9E701F01F01026877
:1043800001238B40C2F89C30F1E7D0F89C3043F019
:104390000803C0F89C300120704700BFC02401080A
:1043A00090F89830013BDBB2012B07D9D0F89C3054
:1043B00043F00203C0F89C300120704710B403683A
:1043C0009C6D0C4224D1DC6D44F00104DC6511F4D9
:1043D000007F05D00468D4F8E0301343C4F8E0301F
:1043E00011F4806F05D00468D4F8E4301343C4F8A6
:1043F000E4300068436D0C4A0A40134343650B4A9E
:10440000536943EA9173536100205DF8044B704790
:104410009C6D31EA040402D00324DC65D7E7DC6D2F
:1044200044F00204DC65D2E7FFFFCF3F00A8004064
:1044300070477047704770477047704770477047C4
:1044400070477047704770477047704770477047B4
:104450002DE9F04F83B00446904B1A695B69134015
:1044600001939B07009303681A6D02F4704A5A6D1A
:104470000AEA020A1A6D02F00F095A6D09EA0209E6
:104480001A6D02F0F0085A6D08EA02081E6D06F077
:1044900071565A6D16401F6D07F060775A6D1740C0
:1044A0005D6DD3F850B015F4807F02D01BF4807F8F
:1044B00064D115F4806F02D01BF4806F67D1009B2C
:1044C000002B74D1BAF1000F7ED1B9F1000F40F08A
:1044D0008780B8F1000F40F08F8015F4006F03D093
:1044E0001BF4006F40F0948015F4007F03D01BF4A0
:1044F000007F40F0988015F4002F03D01BF4002FAC
:1045000040F0A18015F4803F03D01BF4803F40F0C1
:10451000A58015F4802F03D01BF4802F40F0A980D4
:1045200015F4003F0FD01BF4003F0CD023684FF46C
:1045300000321A65594B00221A61D4F89C3043F0BE
:104540008003C4F89C30002F40F09E804EB1236859
:104550001E65B20F514B1A61D4F89C303343C4F836
:104560009C3022684E4B9A4200F09C80D4F89C30DC
:10457000002B40F0F98003B0BDE8F08F4FF480725B
:104580001A65464B00221A61FFF75BFF91E723682B
:10459000D3F8DC10D3F8E4204FF4806018653F4B6B
:1045A0000020186111402046FFF747FF87E7236886
:1045B00000221A65019B03F00303384A1361009936
:1045C0002046FFF735FF7DE72368C3F850A04FEA88
:1045D0009A72324B1A6151462046FFF72AFF74E760
:1045E0002368C3F850904FEA99722C4B1A614946E0
:1045F000204606F04BFD6CE72368C3F850804FEA75
:104600009872264B1A6141462046FFF713FF64E774
:1046100023684FF400621A65204B00221A6120467D
:10462000FFF709FF60E72368D3F8D810D3F8E0203C
:104630004FF400701865194B002018611140204696
:10464000FFF7FAFE57E723684FF400221A65134B71
:1046500000221A612046FFF7F1FE53E723684FF46A
:1046600080321A650D4B00221A612046FFF7E7FEE3
:104670004FE723684FF480221A65084B00221A6125
:104680002046FFF7DDFE4BE723681F65BA0F034B9B
:104690001A6139462046FFF7D6FE57E700A80040CA
:1046A00000A0004063689A6812F0030F3FF45EAF09
:1046B000196A01F00F015A6A186A00F03008586A46
:1046C00008EA00081F6A07F4C077586A07401E6AA4
:1046D00006F4FC46586A06401D6A05F4F025586A3F
:1046E0000540D3F82490D3F820A011401CD1B8F194
:1046F000000F1ED119F0400F02D01AF0400F20D148
:104700005FBB36B163681E62D4F89C303343C4F893
:104710009C30002D3FF42AAF63681D62D4F89C30B2
:104720002B43C4F89C3021E719622046FFF78CFE2A
:10473000DDE76368C3F8208041462046FFF785FE29
:10474000D8E76368D96BDA6B4020186202F03F0249
:10475000090C2046FFF77AFED2E763681F623946EC
:104760002046FFF774FECCE72046FFF76BFE02E71A
:10477000F0B583B000236BE085685E000324B4408D
:1047800025EA0405CC68B4402C438460456825EADA
:104790000C054C68C4F300149C402C43446069E051
:1047A000DD08083550F8254003F0070C4FEA8C0C63
:1047B0004FF00F0E0EFA0CFE24EA0E0E0C6904FAEE
:1047C0000CF444EA0E0440F825406BE0092400E0B4
:1047D000002404FA0EF42C430CF1020C664D45F84B
:1047E0002C404FF0B0442568D44325EA02064F68B8
:1047F00017F4801F01D042EA05064FF0B0452E6045
:104800006D6804EA05064F6817F4001F01D042EAFC
:1048100005064FF0B0456E60D5F8845004EA0506F1
:104820004F6817F4003F01D042EA05064FF0B0454B
:10483000C5F88460D5F880502C404E6816F4803F4F
:1048400001D042EA05044FF0B042C2F88040013383
:104850000A6832FA03F400F08C804FF0010C0CFA75
:1048600003FC1CEA0202F2D04C6804F00304013C91
:10487000012C81D94C6804F00304032C0CD0C468CB
:104880005D004FF0030C0CFA05FC24EA0C0C8C685C
:10489000AC4044EA0C04C4604C6804F00304022CED
:1048A0003FF47EAF04684FEA430E4FF0030C0CFA5E
:1048B0000EFC24EA0C0C4C6804F0030404FA0EF419
:1048C00044EA0C0404604C6814F4403FBFD02B4C05
:1048D000D4F8F45045F00205C4F8F450D4F8F4408C
:1048E00004F002040194019C4FEA930C0CF10205C0
:1048F000214C54F8255003F0030E4FEA8E0E0F247E
:1049000004FA0EF425EA04051D4CA0423FF460AF02
:1049100004F58064A0421ED004F58064A0421CD03F
:1049200004F58064A0421AD004F58064A04218D037
:1049300004F58064A04216D004F58064A04214D02F
:1049400004F58064A04212D004F50064A0423FF454
:104950003DAF0A243DE701243BE7022439E7032465
:1049600037E7042435E7052433E7062431E7072435
:104970002FE703B0F0BD00BF000400580044025808
:10498000000002580AB181617047090481617047D3
:10499000134BDB6813F0040F07D1114BDB6803F0F6
:1049A000070383421AD00120704710B50C4AD36820
:1049B00023F007030343D360FDF7C6FC0446084B0E
:1049C0005B6813F4005F07D1FDF7BEFC001BB0F578
:1049D0007A7FF4D9012000E0002010BD002070474C
:1049E00000480258002800F0D58238B50446036814
:1049F00013F0010F25D0A04A136903F03803926A1F
:104A0000102B15D0182B0FD06368B3F5803F3FD023
:104A1000002B53D1984B1A6822F480321A601A681E
:104A200022F480221A6038E002F00302022AEBD15D
:104A3000914B1B6813F4003F03D06368002B00F018
:104A4000AB82236813F0020F00F088808A4A136952
:104A5000926A13F038035AD0182B55D0E368002B14
:104A600000F0A98084490A6822F0190213430B6000
:104A7000FDF76AFC0546804B1B6813F0040F40F0FD
:104A80009180FDF761FC401B0228F4D903208AE2E3
:104A9000794A136843F48033136063682BB3FDF7DE
:104AA00053FC0546744B1B6813F4003FC9D1FDF756
:104AB0004BFC401B6428F5D9032074E2B3F5A02F0A
:104AC00009D06D4B1A6822F480321A601A6822F4F9
:104AD00080221A60E1E7684B1A6842F480221A606B
:104AE0001A6842F480321A60D7E7FDF72DFC0546BC
:104AF000614B1B6813F4003FA3D0FDF725FC401B5E
:104B00006428F5D903204EE212F0030FA6D15A4BC8
:104B10001B6813F0040F03D0E368002B00F03E8203
:104B2000554A136823F01903E1680B431360FDF73E
:104B30000BFC0546504B1B6813F0040F06D1FDF724
:104B400003FC401B0228F5D903202CE24A4A536893
:104B500023F0FE43216943EA01635360236813F0A5
:104B6000100F51D0444A136903F03803926A082B9E
:104B700039D0182B33D0E369002B69D03E4A136833
:104B800043F080031360FDF7DFFB05463A4B1B68DB
:104B900013F4807F53D1FDF7D7FB401B0228F5D9D2
:104BA000032000E2344A536823F0FE43216943EABC
:104BB00001635360D2E7304A136823F001031360A6
:104BC000FDF7C2FB05462C4B1B6813F0040FC5D044
:104BD000FDF7BAFB401B0228F5D90320E3E102F000
:104BE0000302012AC7D1244B1B6813F4807F03D032
:104BF000E369802B40F0D4811F4AD36823F07C53B3
:104C0000216A43EA0163D360236813F0080F49D097
:104C10006369002B32D0184A536F43F00103536786
:104C2000FDF792FB0546144B5B6F13F0020F39D171
:104C3000FDF78AFB401B0228F5D90320B3E10E4A99
:104C4000D36823F07C53216A43EA0163D360DBE736
:104C5000094A136823F080031360FDF775FB0546CE
:104C6000054B1B6813F4807FCED0FDF76DFB401B16
:104C70000228F5D9032096E1004402589D4A536F5B
:104C800023F001035367FDF75FFB0546994B5B6F0C
:104C900013F0020F06D0FDF757FB401B0228F5D991
:104CA000032080E1236813F0200F29D0A3699BB172
:104CB000904A136843F480531360FDF745FB0546A3
:104CC0008C4B1B6813F4005F1AD1FDF73DFB401BB2
:104CD0000228F5D9032066E1864A136823F480533D
:104CE0001360FDF731FB0546824B1B6813F4005F30
:104CF00006D0FDF729FB401B0228F5D9032052E11D
:104D0000236813F0040F21D1636A002B00F04A815D
:104D1000784A126902F03802182A00F0F180022B5A
:104D200075D0744A136823F080731360FDF70CFB91
:104D30000446704B1B6813F0007F00F0D880FDF72D
:104D400003FB001B0228F4D903202CE16A4A1368F4
:104D500043F480731360FDF7F7FA0546664B1B6852
:104D600013F4807F06D1FDF7EFFA401B6428F5D9D4
:104D7000032018E1A368012B0AD00BBB5D4B1A6F0F
:104D800022F001021A671A6F22F004021A6704E087
:104D9000584A136F43F001031367A36833B3FDF759
:104DA000D3FA0546534B1B6F13F0020FACD1FDF73E
:104DB000CBFA401B41F288339842F3D90320F2E04A
:104DC000052B09D04B4B1A6F22F001021A671A6F9C
:104DD00022F004021A67E0E7464B1A6F42F0040221
:104DE0001A671A6F42F001021A67D6E7FDF7ACFAAC
:104DF0000546404B1B6F13F0020F85D0FDF7A4FA58
:104E0000401B41F288339842F3D90320CBE0394A62
:104E1000136823F080731360FDF796FA0546354B4F
:104E20001B6813F0007F06D0FDF78EFA401B0228A6
:104E3000F5D90320B7E02F4B996A304A0A40A16A9E
:104E4000E06A41EA00110A439A62226B013AC2F316
:104E50000802616B0139490289B20A43A16B013929
:104E6000090401F4FE010A43E16B0139090601F06E
:104E7000FE410A431A63DA6A22F00102DA625A6BCF
:104E80006FF3CF02A16C42EAC1025A63DA6A22F0E0
:104E90000C02216C0A43DA62DA6A22F00202616CC7
:104EA0000A43DA62DA6A42F48032DA62DA6A42F497
:104EB0000032DA62DA6A42F48022DA62DA6A42F0B6
:104EC0000102DA621A6842F080721A60FDF73CFA59
:104ED0000446084B1B6813F0007F06D1FDF734FA37
:104EE000001B0228F5D903205DE000205BE00020D4
:104EF00059E000BF00440258004802580CFCFFFF74
:104F000030498A6A086B012B4ED002F00303A16A74
:104F10008B424BD1C2F30512E36A9A4248D1C0F3E7
:104F20000802236B013B9A4244D1C0F34622636BD3
:104F3000013B9A4240D1C0F30642A36B013B9A4227
:104F40003CD1C0F30660E36B013B984238D11D4B66
:104F50005B6BC3F3CC03A26C9A4201D1002022E028
:104F6000184AD36A23F00103D362FDF7EDF9054631
:104F7000FDF7EAF9A842FBD0124A536B6FF3CF0357
:104F8000A16C43EAC1035363D36A43F00103D362C4
:104F9000002008E001207047012004E0012002E029
:104FA000012000E0002038BD0120FCE70120FAE7E5
:104FB0000120F8E70120F6E70120F4E70120F2E7FD
:104FC0000120F0E700440258754B1B6903F03803D9
:104FD000102B00F0DE80182B0FD0002B40F0DB8070
:104FE0006F4B1B6813F0200F00F0D7806C4B1B68D1
:104FF000C3F3C1036B48D840704710B4684B9A6A3A
:1050000002F003029C6AC4F30510D96A01F00101A1
:105010005B6BC3F3CC0301FB03F307EE903AF8EEAE
:10502000677A14F47C7F77D0012A4AD0022A76D09E
:10503000002A40F091805A4B1B6813F0200F23D0B8
:1050400057490A68C2F3C102564BD34007EE103AE3
:10505000F8EE476A07EE100AB8EE476A86EE867ADF
:105060000B6BC3F3080306EE903AF8EE666A9FED09
:105070004E6A67EE867A76EEA77AF7EE006A77EEEA
:10508000A67A27EE277A38E007EE100AF8EE476A8C
:105090009FED466A86EE267A414B1B6BC3F30803ED
:1050A00006EE903AF8EE666A9FED3F6A67EE867A02
:1050B00076EEA77AF7EE006A77EEA67A27EE277AE1
:1050C0001BE007EE100AF8EE476A9FED396A86EE9C
:1050D000267A334B1B6BC3F3080306EE903AF8EEC7
:1050E000666A9FED316A67EE867A76EEA77AF7EE0A
:1050F000006A77EEA67A27EE277A294B1B6BC3F35B
:105100004623013307EE903AF8EE677AC7EE276A36
:10511000FCEEE67A17EE900A5DF8044B704707EE56
:10512000100AF8EE476A9FED236A86EE267A1C4B3A
:105130001B6BC3F3080306EE903AF8EE666A9FED28
:105140001A6A67EE867A76EEA77AF7EE006A77EE4D
:10515000A67A27EE277AD0E707EE100AF8EE476A1C
:105160009FED136A86EE267A0D4B1B6BC3F3080383
:1051700006EE903AF8EE666A9FED0B6A67EE867A65
:1051800076EEA77AF7EE006A77EEA67A27EE277A10
:10519000B3E709487047094870470248704700BFA5
:1051A000004402580090D003000000390024744CE1
:1051B0000024744A001BB74B00366E0100093D0005
:1051C000002800F0328170B50D4604469B4B1B68E9
:1051D00003F00F038B420BD2984A136823F00F039E
:1051E0000B431360136803F00F038B4240F01F81E1
:1051F000236813F0040F0CD02269914B9B6903F0D4
:1052000070039A4205D98E498B6923F070031A43C3
:105210008A61236813F0080F0CD06269884BDB6940
:1052200003F070039A4205D98549CB6923F07003D6
:105230001A43CA61236813F0100F0CD0A269804B87
:10524000DB6903F4E0639A4205D97D49CB6923F415
:10525000E0631A43CA61236813F0200F0CD0E2699F
:10526000774B1B6A03F070039A4205D974490B6AA5
:1052700023F070031A430A62236813F0020F0CD064
:10528000E2686F4B9B6903F00F039A4205D96C49A2
:105290008B6923F00F031A438A61236813F0010F0F
:1052A00041D0674A936923F47063A1680B4393610B
:1052B0006368022B0AD0032B27D0012B2CD0604A25
:1052C000126812F0040F06D10120ADE0126812F44A
:1052D000003F00F0AE805A490A6922F007021343EA
:1052E0000B61FDF731F80646554B1B6903F0380397
:1052F0006268B3EBC20F16D0FDF726F8801B41F2AF
:1053000088339842F0D903208EE04D4A126812F09B
:10531000007FE0D1012087E0494A126812F4807FC3
:10532000D9D1012080E0236813F0020F0CD0E2688D
:10533000434B9B6903F00F039A4205D240498B69A6
:1053400023F00F031A438A613C4B1B6803F00F03E1
:10535000AB420AD9394A136823F00F032B43136079
:10536000136803F00F03AB4265D1236813F0040FF9
:105370000CD02269324B9B6903F070039A4205D22C
:105380002F498B6923F070031A438A61236813F055
:10539000080F0CD062692A4BDB6903F070039A4254
:1053A00005D22749CB6923F070031A43CA612368E9
:1053B00013F0100F0CD0A269214BDB6903F4E063FA
:1053C0009A4205D21E49CB6923F4E0631A43CA61AD
:1053D000236813F0200F0CD0E269194B1B6A03F00D
:1053E00070039A4205D216490B6A23F070031A43E0
:1053F0000A62FFF7E9FD12498B69C3F30323114ADF
:10540000D35C03F01F03D8408B6903F00F03D35C18
:1054100003F01F0320FA03F30B4A13600B4B1860D1
:105420000B4B1868FCF776FB70BD0120704701201C
:10543000FAE70120F8E70120F6E700BF002000525C
:1054400000440258A824010810000024140000247D
:105450001C00002408B5FFF7B7FD0B4A9369C3F39E
:1054600003230A49CB5C03F01F0320FA03F392697C
:1054700002F00F02885C00F01F0023FA00F0044ADB
:105480001060044A136008BD00440258A8240108B3
:10549000100000241400002408B5FFF7DBFF054BC3
:1054A000DB69C3F30213044AD35C03F01F03D84043
:1054B00008BD00BF00440258A824010808B5FFF742
:1054C000C9FF054BDB69C3F30223044AD35C03F035
:1054D0001F03D84008BD00BF00440258A82401089B
:1054E0003F230360114B1A6902F0070242609A6978
:1054F00002F4706282609A6902F00F02C2609A69D7
:1055000002F070020261DA6902F070024261DA6947
:1055100002F4E06282611B6A03F07003C361044B12
:105520001B6803F00F030B60704700BF0044025874
:1055300000200052404B9B6A03F00303032B79D0F9
:1055400070B505460E463C4A136823F0806313602D
:10555000FCF7FAFE0446384B1B6813F0006F06D0C8
:10556000FCF7F2FE031B022BF5D9032070BD324B72
:105570009A6A22F47C32296842EA01329A626A68A5
:10558000013AC2F30802A9680139490289B20A4303
:10559000E9680139090401F4FE010A432969013966
:1055A000090601F0FE410A439A63DA6A22F0C0025A
:1055B00069690A43DA62DA6A22F02002A9690A43B9
:1055C000DA62DA6A22F01002DA62DA6B6FF3CF0283
:1055D000E96942EAC102DA63DA6A42F01002DA6289
:1055E000C6B91A46DB6A43F40023D362124A136831
:1055F00043F080631360FCF7A7FE04460E4B1B6864
:1056000013F0006F14D1FCF79FFE001B0228F5D9A0
:105610000320ABE7012E05D0074AD36A43F40013F9
:10562000D362E3E7044AD36A43F48013D362DDE72D
:1056300000209BE70120704700440258404B9B6AC2
:1056400003F00303032B79D070B505460E463C4AA0
:10565000136823F080531360FCF776FE0446384B42
:105660001B6813F0005F06D0FCF76EFE031B022BD5
:10567000F5D9032070BD324B9A6A22F07C722968FA
:1056800042EA01529A626A68013AC2F30802A968C2
:105690000139490289B20A43E9680139090401F470
:1056A000FE010A4329690139090601F0FE410A4356
:1056B0001A64DA6A22F4406269690A43DA62DA6AD1
:1056C00022F40072A9690A43DA62DA6A22F480726B
:1056D000DA625A6C6FF3CF02E96942EAC1025A6496
:1056E000DA6A42F48072DA62C6B91A46DB6A43F4B7
:1056F0008003D362124A136843F080531360FCF7AF
:1057000023FE04460E4B1B6813F0005F14D1FCF718
:105710001BFE001B0228F5D90320ABE7012E05D0A4
:10572000074AD36A43F08073D362E3E7044AD36A3B
:1057300043F40003D362DDE700209BE701207047BC
:1057400000440258F8B50446036813F0006F2FD0E8
:10575000436EB3F5001F25D015D8E3B1B3F5801F14
:105760000ED102210830FFF7E5FE054675BB934ACE
:10577000136D23F44013616E0B431365002619E08B
:105780000126354616E0B3F5401F01D10025EEE7AE
:10579000012635460EE0894AD36A43F40033D362CA
:1057A0000025E4E702212830FFF748FF0546DDE742
:1057B00000263546236813F4807F29D0A36D042B7F
:1057C00022D8DFE803F005131A0A0A002E46F1E793
:1057D0007A4AD36A43F40033D362C5B9774A136D6A
:1057E00023F00703A16D0B43136511E0002104F1C1
:1057F0000800FFF79FFE0546EFE7002104F12800AF
:10580000FFF71CFF0546E8E70126354600E02E4677
:10581000236813F4806F2DD0D4F8A430B3F5800F33
:105820003DD00DD8C3B1B3F5001F06D1002104F15E
:105830000800FFF77FFE054613E00126354619E014
:10584000B3F5000F0DD0B3F5200F0AD0B3F5C00F9C
:1058500007D0012635460DE0584AD36A43F4003399
:10586000D3621DBB554A936D23F46003D4F8A41092
:105870000B439365236813F4006F37D0D4F8A83036
:10588000B3F1007F5ED016D80BB3B3F1807F0FD198
:10589000002104F10800FFF74DFE05461CE0002141
:1058A00004F12800FFF7CAFE0546DAE72E46E1E7D5
:1058B000012635461AE0B3F1806F0DD0B3F1A06F29
:1058C0000AD0B3F1407F07D0012635460EE03B4AAF
:1058D000D36A43F40033D362002D3AD1374A936D33
:1058E00023F0E063D4F8A8100B439365236813F00A
:1058F000007F13D0E36C202B35D02FD833B1102B81
:1059000029D12E4AD36A43F40033D36295BB2B4A84
:10591000D36C23F03003E16C0B43D364236813F49E
:10592000805F4ED0E36DB3F5005F3FD027D87BB3E7
:10593000B3F5805F20D1002104F10800FFF7FAFDE4
:1059400005462AE0002104F12800FFF777FE05460E
:10595000C2E72E46CAE701263546DFE7302BD5D011
:1059600001263546DAE7022104F10800FFF7E2FDDF
:105970000546CBE72E46D1E70126354621E0B3F5B3
:10598000405F0AD0B3F5804F07D00126354618E0B6
:105990000A4AD36A43F40033D3628DB9074A136DC0
:1059A00023F4E043E16D0B4313650AE0002104F1A9
:1059B0002800FFF743FE0546EFE700BF004402580A
:1059C0002E46236813F4005F17D0236EB3F5003F13
:1059D0004FD042D843B1B3F5803F3BD1012104F110
:1059E0000800FFF7A7FD0546002D49D1924A136D27
:1059F00023F4E023216E0B431365236813F4804FD7
:105A000019D0D4F8AC30B3F1005F4AD03DD843B1DF
:105A1000B3F1805F36D1012104F10800FFF78AFD60
:105A20000546002D44D1844A936D23F0E043D4F819
:105A3000AC100B439365236813F4004F47D0E36E1B
:105A4000B3F1805F36D0B3F1005F4BD0BBB301261A
:105A500035463CE001263546CFE7B3F5802FC3D06D
:105A6000B3F5A02FC0D0B3F5403FBDD001263546D9
:105A7000C3E7012104F12800FFF7E0FD0546B3E785
:105A80002E46BAE701263546D5E7B3F1804FC8D098
:105A9000B3F1A04FC5D0B3F1405FC2D00126354667
:105AA000C9E7012104F12800FFF7C8FD0546B8E762
:105AB0002E46C0E7604AD36A43F40033D362C5B9C7
:105AC0005D4A136D23F04053E16E0B431365236869
:105AD00013F0807F1CD0A36C032B44D8DFE803F0C5
:105AE000100B3C10012104F10800FFF723FD0546CF
:105AF000E5E72E46EBE7504AD36A43F40033D3621E
:105B0000A5BB4D4AD36C23F00303A16C0B43D364B4
:105B1000236813F4800F2BD1236813F0010F00F0DA
:105B2000A980A36F282B00F2A380DFE803F091A1E6
:105B3000A1A1A1A1A1A18BA1A1A1A1A1A1A19AA172
:105B4000A1A1A1A1A1A191A1A1A1A1A1A1A191A165
:105B5000A1A1A1A1A1A19100022104F10800FFF7D8
:105B6000E9FC0546CCE701263546D1E72E46CFE7CE
:105B7000324A136843F480731360FCF7E5FB074671
:105B80002E4B1B6813F4807F05D1FCF7DDFBC01B97
:105B90006428F5D90325002D4AD1274B1B6FD4F873
:105BA000B020534013F4407F0CD0234B1A6F22F4E3
:105BB0004072196F41F480311967196F21F48031F7
:105BC00019671A67D4F8B030B3F5807F15D08DBB54
:105BD000D4F8B03003F44072B2F5407F1ED0164ABC
:105BE000136923F47C53136113490B6FD4F8B0206D
:105BF000C2F30B0213430B678EE7FCF7A5FB0746C6
:105C00000D4B1B6F13F0020FE1D1FCF79DFBC01B86
:105C100041F288339842F3D90325D8E70648026950
:105C200022F47C52064901EA131313430361DBE7B4
:105C30002E4671E72E466FE700440258004802588E
:105C4000CFFFFF00012104F10800FFF773FC0546B8
:105C5000E5B9B14A536D23F03803A16F0B43536587
:105C600008E0012104F12800FFF7E8FC0546EFE712
:105C700001263546236813F0020F17D0636F052BFA
:105C800029D8DFE803F00B05210B0B0B2E46F1E7BB
:105C9000012104F10800FFF74DFC0546F5B99E4AC5
:105CA000536D23F00703616F0B435365236813F0B3
:105CB000040F26D0D4F89030052B00F2D680DFE810
:105CC00003F0150FCD151515012104F12800FFF77C
:105CD000B5FC0546E2E701263546E7E72E46E5E74F
:105CE000012104F10800FFF725FC0546002D40F0D6
:105CF000BF80894A936D23F00703D4F890100B43BB
:105D00009365236813F0200F1DD0D4F88C30B3F1C5
:105D1000005F00F0C18000F2B0804BB1B3F1805F52
:105D200040F0A880002104F10800FFF703FC0546BD
:105D3000002D40F0B880784A536D23F0E043D4F84A
:105D40008C100B435365236813F0400F1DD0D4F81B
:105D50009830B3F5006F00F0BA8000F2A9804BB123
:105D6000B3F5806F40F0A180002104F10800FFF737
:105D7000E1FB0546002D40F0B180674A936D23F4A6
:105D8000E053D4F898100B439365236813F0800F09
:105D90001DD0D4F89C30B3F5804F00F0B38000F2F2
:105DA000A2804BB1B3F5005F40F09A80002104F16E
:105DB0000800FFF7BFFB0546002D40F0AA80564AB9
:105DC000936D23F46043D4F89C100B4393652368D0
:105DD00013F0080F0DD0D4F88030B3F5805F00F0D9
:105DE0009D804D4A536D23F44053D4F880100B43EB
:105DF0005365236813F0100F0DD0D4F89430B3F529
:105E0000807F00F09580444A936D23F44073D4F86A
:105E100094100B439365236813F4002F00F09D80CA
:105E2000D4F8A030B3F5803F00F08C80B3F5003F8C
:105E300008D0002B40F08D80002104F10800FFF70E
:105E400079FB0546002D40F08780334A936D23F49B
:105E50004033D4F8A0100B4393657EE0012104F198
:105E60002800FFF7EBFB054640E70126354648E7EB
:105E70002E4646E70126354665E7B3F1804F3FF4ED
:105E800057AFB3F1A04F3FF453AFB3F1405F3FF4CE
:105E90004FAF0126354656E7022104F12800FFF7EF
:105EA000CDFB054644E72E464DE7012635466CE717
:105EB000B3F5805F3FF45EAFB3F5A05F3FF45AAF38
:105EC000B3F5406F3FF456AF012635465DE702213A
:105ED00004F12800FFF7B2FB05464BE72E4654E7D6
:105EE0000126354673E7B3F5004F3FF465AFB3F5D0
:105EF000204F3FF461AFB3F5C04F3FF45DAF0126D3
:105F0000354664E7022104F12800FFF797FB0546B8
:105F100052E72E465BE700BF00440258022104F11D
:105F20002800FFF78BFB00283FF45BAF012658E702
:105F3000022104F12800FFF781FB00283FF463AF42
:105F4000012660E7022104F12800FFF777FB0546F0
:105F500078E70126354600E02E46236813F4802FAB
:105F600024D0D4F88430B3F5001F14D0B3F5401F0B
:105F700007D0B3F5801F15D17C4AD36A43F40033B0
:105F8000D36295B9794A536D23F44013D4F8841041
:105F90000B4353650AE0012104F12800FFF74EFB93
:105FA0000546EEE70126354600E02E46236813F449
:105FB000803F06D0236DCBB1B3F5803F24D00126BE
:105FC0003546236813F0005F27D1236813F4003FA0
:105FD0003DD0E36FB3F5807F2BD027D9B3F5007F99
:105FE0002CD0B3F5407F29D0012630E05F4AD36A38
:105FF00043F40033D36275B95C4AD36C23F4803325
:10600000216D0B43D364DCE7022104F10800FFF7A4
:1060100091FA0546EFE72E46D3E7022104F1280066
:10602000FFF70CFB0028D0D00126CEE733B10126C4
:106030000DE04E4AD36A43F40033D362002D5CD1A5
:106040004A4A536D23F44073E16F0B435365236851
:1060500013F4801F06D0454A136D23F00043216FCF
:106060000B431365236813F4001F06D03F4A136DDA
:1060700023F08073A16E0B431365236813F0804FE8
:1060800009D03A4B1A6922F400421A611A69D4F80D
:10609000B4100A431A612368002B06DA334AD36C22
:1060A00023F04053616D0B43D364236813F4000F56
:1060B00007D02E4A536D23F44003D4F888100B43C5
:1060C0005365636813F0010F19D1636813F0020F71
:1060D0001ED1636813F0040F23D1636813F0080F17
:1060E00028D1636813F0100F2DD1636813F0200FCF
:1060F00032D106B101263046F8BD2E46A7E7002171
:1061000004F10800FFF716FA0028DED00646DCE7A7
:10611000012104F10800FFF70DFA0028D9D0064646
:10612000D7E7022104F10800FFF704FA0028D4D0D1
:106130000646D2E7002104F12800FFF77FFA002885
:10614000CFD00646CDE7012104F12800FFF776FA0B
:106150000028CAD00646C8E7022104F12800FFF74C
:106160006DFA0028C5D00126C5E700BF00440258DB
:1061700008B5FFF76FF9054B1B6AC3F30213044A16
:10618000D35C03F01F03D84008BD00BF0044025891
:10619000A824010810B4794B9A6A9C6AC4F3053CA0
:1061A000D96AC1F30011DB6BC3F3CC0301FB03F32A
:1061B00014F47C3F00F0DD8002F0030207EE903A19
:1061C000F8EE677A012A4BD0022A00F09880002A64
:1061D00040F0B280694B1B6813F0200F23D0674951
:1061E0000A68C2F3C102664BD34007EE103AF8EEDC
:1061F000476A07EE10CAB8EE476A86EE867A8B6B5E
:10620000C3F3080306EE903AF8EE666A9FED5D6A06
:1062100067EE867A76EEA77AF7EE006A77EEA67AD0
:1062200027EE277A38E007EE10CAF8EE476A9FEDAE
:10623000566A86EE267A514B9B6BC3F3080306EE33
:10624000903AF8EE666A9FED4F6A67EE867A76EED0
:10625000A77AF7EE006A77EEA67A27EE277A1BE098
:1062600007EE10CAF8EE476A9FED486A86EE267A76
:10627000424B9B6BC3F3080306EE903AF8EE666A56
:106280009FED406A67EE867A76EEA77AF7EE006AAF
:1062900077EEA67A27EE277A384A936BC3F3462324
:1062A00007EE903AF8EE677AF7EE006A77EEA67A94
:1062B00087EE276ABCEEC66A80ED006A936BC3F373
:1062C000064307EE903AF8EE677A77EEA67A87EE05
:1062D000276ABCEEC66A80ED016A936BC3F306635E
:1062E00007EE903AF8EE677A77EEA67AC7EE276A5D
:1062F000FCEEE66AC0ED026A5DF8044B704707EEFB
:1063000010CAF8EE476A9FED226A86EE267A1B4B8A
:106310009B6BC3F3080306EE903AF8EE666A9FEDB6
:10632000196A67EE867A76EEA77AF7EE006A77EE5C
:10633000A67A27EE277AAFE707EE10CAF8EE476A8B
:106340009FED126A86EE267A0C4B9B6BC3F3080313
:1063500006EE903AF8EE666A9FED0A6A67EE867A74
:1063600076EEA77AF7EE006A77EEA67A27EE277A1E
:1063700092E70023036043608360BDE70044025856
:106380000090D003000000390024744C0024744AAB
:10639000001BB74B10B4794B9A6A9C6AC4F3055C36
:1063A000D96AC1F300215B6CC3F3CC0301FB03F397
:1063B00014F07C7F00F0DD8002F0030207EE903ADB
:1063C000F8EE677A012A4BD0022A00F09880002A62
:1063D00040F0B280694B1B6813F0200F23D067494F
:1063E0000A68C2F3C102664BD34007EE103AF8EEDA
:1063F000476A07EE10CAB8EE476A86EE867A0B6CDB
:10640000C3F3080306EE903AF8EE666A9FED5D6A04
:1064100067EE867A76EEA77AF7EE006A77EEA67ACE
:1064200027EE277A38E007EE10CAF8EE476A9FEDAC
:10643000566A86EE267A514B1B6CC3F3080306EEB0
:10644000903AF8EE666A9FED4F6A67EE867A76EECE
:10645000A77AF7EE006A77EEA67A27EE277A1BE096
:1064600007EE10CAF8EE476A9FED486A86EE267A74
:10647000424B1B6CC3F3080306EE903AF8EE666AD3
:106480009FED406A67EE867A76EEA77AF7EE006AAD
:1064900077EEA67A27EE277A384A136CC3F34623A1
:1064A00007EE903AF8EE677AF7EE006A77EEA67A92
:1064B00087EE276ABCEEC66A80ED006A136CC3F3F0
:1064C000064307EE903AF8EE677A77EEA67A87EE03
:1064D000276ABCEEC66A80ED016A136CC3F30663DB
:1064E00007EE903AF8EE677A77EEA67AC7EE276A5B
:1064F000FCEEE66AC0ED026A5DF8044B704707EEF9
:1065000010CAF8EE476A9FED226A86EE267A1B4B88
:106510001B6CC3F3080306EE903AF8EE666A9FED33
:10652000196A67EE867A76EEA77AF7EE006A77EE5A
:10653000A67A27EE277AAFE707EE10CAF8EE476A89
:106540009FED126A86EE267A0C4B1B6CC3F3080390
:1065500006EE903AF8EE666A9FED0A6A67EE867A72
:1065600076EEA77AF7EE006A77EEA67A27EE277A1C
:1065700092E70023036043608360BDE70044025854
:106580000090D003000000390024744C0024744AA9
:10659000001BB74B10B402685369916941F00801C0
:1065A000916101688A6942F010028A6101680A6893
:1065B00022F001020A6001680C69294A22400A613E
:1065C00001688A6822F440428A6090F88120D2B241
:1065D000042A0DD013F0200F0AD0D0F8842042F006
:1065E0008002C0F8842001688A6942F020028A6132
:1065F00090F88120D2B2032A0DD013F0400F0AD0B8
:10660000D0F8842042F00402C0F8842001688A692E
:1066100042F040028A6113F4007F0AD0D0F884204F
:1066200042F00102C0F8842001688A6942F40072D5
:106630008A6113F4807F0AD0D0F8843043F00803D5
:10664000C0F884300268936943F480739361002337
:10665000A0F86230A0F86A305DF8044B704700BFC4
:1066600090FCFFFFC36B5B09C0680830C00803FBE8
:10667000000070472DE9F84380460F4616461D4638
:10668000DDF8209000E0BDB1D8F800305C6937EA51
:1066900004040CBF01230023B3420AD1FBF754FECC
:1066A000A0EB0900A842EED3B5F1FF3FEBD00320E9
:1066B00000E00020BDE8F8830320FBE7002800F09D
:1066C000B78070B504460023836205685C4B5D4E5D
:1066D0009D4218BFB54214BF0126002607D0A3F57E
:1066E00074439D4203D0C3680F2B00F2A380204661
:1066F000FFF7B8FF2EB1544B9D4202D0082800F29C
:106700009B804F4A4F4B9D4218BF954203D003F5E3
:1067100080639D4202D1102800F2908094F881306D
:10672000F3B1022384F881302268136823F0010357
:10673000136023689A6802F4F812A169B1F1806FBE
:1067400014D0636813F4800F23D0E368062B20D99C
:1067500021680B6823F48073206D03430B601DE0F8
:1067600084F880302046FBF7D1F8DAE76168B1F5AC
:10677000800F06D00029E4D1A16BB1F1805FE0D198
:1067800002E0A06B0028F5D1196841F4805119602E
:10679000D7E721680B6823F480730B60E369A16A73
:1067A0000B431343E26B1343E16822680B4393608E
:1067B000636B626A1343A26B1343A269134322699A
:1067C000134362691343226A134362681343E26C02
:1067D0001343A2681343A26C1343A16D22680B43B9
:1067E000D36063686BB92268936823F4C05343F4A1
:1067F000006393602268936823F4C06343F480636A
:1068000093602268136D23F001031365636813F42A
:10681000800F06D02268D36823F00043616D0B43DC
:10682000D3600020C4F88400012384F8813070BD57
:10683000012070470120FAE70120F8E70120F6E780
:106840000030014000380040003C00402DE9F04796
:1068500082B004468A4691461D46D0F80080FBF778
:1068600073FD94F88160F6B2012E40F0488107462E
:10687000B9F1000F18BFBAF1000F00F0418194F890
:106880008030012B00F04081012384F88030032305
:1068900084F881300023C4F88430C4F85CA0A4F8E4
:1068A0006090A4F862906366A4F86830A4F86A3037
:1068B00063672367A368B3F5C02F1CD02268D36831
:1068C00023F4C02343F40033D360226853686FF38A
:1068D0000F0349EA030353602268136843F001037E
:1068E00013606368B3F5800F0BD0E3680F2B1BD8E0
:1068F000072B4DD8ACE02268136843F400631360A3
:10690000E3E72268136843F400731360EDE7E26D78
:1069100012681A62E36D0433E365B4F8622092B240
:10692000013A92B2A4F86220B4F862309BB2002B14
:1069300000F0C98023685A6912F0020FE7D1FBF713
:1069400003FDC01BA84202D3B5F1FF3F01D1002DCA
:10695000EAD12046FFF71EFED4F8843043F480735A
:10696000C4F88430012384F88130002384F8803017
:106970000326C5E0E36D1B88A8F82030E36D0233E1
:10698000E365B4F862309BB2013B9BB2A4F862307D
:10699000B4F862309BB2002B00F0958022685369F6
:1069A00013F0020F15D0B4F862309BB2012BE1D97D
:1069B000E36B002BDED0E36D1B681362E36D0433E1
:1069C000E365B4F862309BB2023B9BB2A4F862303C
:1069D000DEE7FBF7B9FCC01BA84202D3B5F1FF3FCD
:1069E00001D1002DD4D12046FFF7D4FDD4F8843056
:1069F00043F48073C4F88430012384F88130002389
:106A000084F8803003267BE0B4F862309BB2012B1F
:106A100010D9E36B73B1E36D1B88A8F82030E36DE8
:106A20000233E365B4F862309BB2023B9BB2A4F838
:106A300062300DE0E36D1B7882F82030E36D0133A6
:106A4000E365B4F862309BB2013B9BB2A4F86230BC
:106A5000B4F862309BB2002B35D02268536913F032
:106A6000020F15D0B4F862309BB2032BCCD9E36B84
:106A7000402BC9D9E36D1B681362E36D0433E365F2
:106A8000B4F862309BB2043B9BB2A4F86230DFE7FB
:106A9000FBF75AFCC01BA84202D3B5F1FF3F01D15E
:106AA000002DD5D12046FFF775FDD4F8843043F48E
:106AB0008073C4F88430012384F88130002384F883
:106AC000803003261CE000972B4600220821204638
:106AD000FFF7D0FD28B1D4F8843043F02003C4F888
:106AE00084302046FFF756FD012384F881300023CF
:106AF00084F88030D4F8843013B9002600E00226F0
:106B0000304602B0BDE8F0870226F9E72DE9F04FE4
:106B100083B004468A4691461D46D0F800B0C66B45
:106B2000C6F34F16FBF710FC94F88170FFB2012FEB
:106B300040F02D820136B6B28046B9F1000F18BF81
:106B4000BAF1000F00F02482002D00F0218294F8A9
:106B50008030012B00F02082012384F8803005234F
:106B600084F881300023C4F88430C4F86490A4F819
:106B70006A50A4F86850C4F85CA0A4F86250A4F865
:106B80006050236763672268D36823F4C023D3600F
:106B900022689C499C4B9A4218BF8A4209D003F54F
:106BA00080639A4202D04FF0080904E04FF01009C8
:106BB00001E04FF0100953686FF30F032B4353604C
:106BC0002268136843F0010313606368B3F5800F14
:106BD00006D0E3680F2B7AD94FEA990BA9461FE03C
:106BE0002268136843F400731360F2E723685A695C
:106BF000B9F1000F14D0596911F0010F32D0626E53
:106C00001B6B1360636E04336366B4F86A309BB227
:106C1000013B9BB2A4F86A30B4F86A901FFA89F974
:106C200045EA09039BB2002B00F0948123685A695E
:106C300012F0020FDAD0002DD8D005EB0B029145EF
:106C4000D4D2E26D12681A62E36D0433E365B4F8DE
:106C500062309BB2013B9BB2A4F86230B4F8625040
:106C6000ADB2C3E7B14514D212F4004F11D0626E39
:106C70001B6B1360636E04336366B4F86A309BB2B7
:106C8000013B9BB2A4F86A30B4F86A901FFA89F904
:106C9000C6E7FBF759FBA0EB08000C9B984202D318
:106CA000B3F1FF3F02D10C9B002BB9D12046FFF777
:106CB00071FCD4F8843043F48073C4F88430012329
:106CC00084F88130002384F88030032760E1072BAB
:106CD00040F23E814FEA59039A46A9461AE02368DA
:106CE0005A69B9F1000F15D05B6913F0010F34D068
:106CF000636EBBF830201A80636E02336366B4F8AB
:106D00006A309BB2013B9BB2A4F86A30B4F86A9037
:106D10001FFA89F945EA09039BB2002B00F01A819A
:106D200023685B6913F0020FD9D0002DD7D05346EA
:106D3000EB189945D3D2E36D1B88ABF82030E36D97
:106D40000233E365B4F862309BB2013B9BB2A4F816
:106D50006230B4F86250ADB2C1E7B1451BD212F453
:106D6000004F18D0636EBBF830201A80636E9A1CF7
:106D70006266BBF830205A80636E02336366B4F8F3
:106D80006A309BB2023B9BB2A4F86A30B4F86A90B6
:106D90001FFA89F9BEE7B9F1010F15D112F4005FAE
:106DA00012D0636EBBF830201A80636E02336366C4
:106DB000B4F86A309BB2013B9BB2A4F86A30B4F8D5
:106DC0006A901FFA89F9A5E7FBF7BEFAA0EB080065
:106DD0000C9B984202D3B3F1FF3F02D10C9B002BD6
:106DE00098D12046FFF7D6FBD4F8843043F4807363
:106DF000C4F88430012384F88130002384F8803083
:106E00000327C5E0003001400038004023685A697C
:106E1000BBF1000F15D0596911F0010F34D0626E2B
:106E200093F830301370636E01336366B4F86A30E0
:106E30009BB2013B9BB2A4F86A30B4F86AB01FFA67
:106E40008BFB45EA0B039BB2002B00F08380236889
:106E50005A6912F0020FD9D0002DD7D005EB0902E4
:106E60009345D3D2E26D127883F82020E36D01338D
:106E7000E365B4F862309BB2013B9BB2A4F8623088
:106E8000B4F86250ADB2C1E7B3452AD212F4004F54
:106E900027D0626E93F830301370636E5A1C6266AE
:106EA000226892F830205A70636E5A1C626622681B
:106EB00092F830205A70636E5A1C6266226892F80B
:106EC00030205A70636E01336366B4F86A309BB247
:106ED000043B9BB2A4F86A30B4F86AB01FFA8BFB8B
:106EE000AFE7BBF1030F15D812F4C04F12D0626E9A
:106EF00093F830301370636E01336366B4F86A3010
:106F00009BB2013B9BB2A4F86A30B4F86AB01FFA96
:106F10008BFB96E7FBF718FAA0EB08000C9B984256
:106F200002D3B3F1FF3F02D10C9B002B89D1204645
:106F3000FFF730FBD4F8843043F48073C4F8843016
:106F4000012384F88130002384F8803003271FE078
:106F5000AB4676E7CDF800800C9B00220821204646
:106F6000FFF788FB28B1D4F8843043F02003C4F83D
:106F700084302046FFF70EFB012384F88130002384
:106F800084F88030D4F8843013B9002700E0022759
:106F9000384603B0BDE8F08F0227F9E77047704725
:106FA0007047704708B5806B0023A0F86A30A0F8DE
:106FB0006230012380F88130FFF7F3FF08BD70478E
:106FC0002DE9F843044606683269736902EA03054D
:106FD000D6F8089090F88170FFB213F4006F02D0D9
:106FE00012F0080F3FD105F06403042B42D00023B8
:106FF00005F04508B8F1010F44D005F02602022A39
:1070000045D0002B46D115F0080F79D0226893693E
:1070100043F0080393612268936943F0100393617E
:107020002268936943F4006393612268136923F033
:107030000803136123689B6813F4404F3BD020463C
:10704000FFF7A8FA012384F88130D4F88430002BAC
:107050004AD1052F4CD0042F4ED0032F1AD12046F1
:10706000FFF79CFF16E0B36943F40063B361FFF7D9
:10707000A6FF0FE0636F20469847236F204698478E
:107080000123B5E7236F204698474346B5E7636F72
:1070900020469847BDE8F883072B1CD9636E328ED3
:1070A0001A80636E02336366B4F86A309BB2013BA8
:1070B0009BB2A4F86A30B4F86A309BB2002BBED001
:1070C000E3680F2BE8D92268636E126B1A60636E57
:1070D00004336366E8E72268636E92F830201A7022
:1070E000636E01336366DFE72046FFF75AFFD1E79F
:1070F0002046FFF755FFCDE72046FFF750FFC9E7D1
:1071000015F4587FC6D015F0400F0AD0D4F884305B
:1071100043F00403C4F884302268936943F04003C9
:10712000936115F4007F0AD0D4F8843043F0010352
:10713000C4F884302268936943F40073936115F4B2
:10714000807F0AD0D4F8843043F00803C4F8843038
:107150002268936943F48073936115F0200F0AD07D
:10716000D4F8843043F08003C4F8843022689369F3
:1071700043F020039361D4F88430002B8AD0226836
:10718000136823F001031360226811691A4B0B4046
:10719000136109F44049B9F5404F25D1226893683D
:1071A00023F440439360E36F5BB1144A1A65E06FC8
:1071B000FCF700F828B1D4F8843043F04003C4F859
:1071C0008430A36F002B3FF465AF0C4A1A65A06FA3
:1071D000FBF7F0FF00283FF45DAFD4F8843043F0B4
:1071E0004003C4F8843055E7012384F881302046F9
:1071F000FFF7D7FE4EE700BF94FCFFFFA56F000826
:107200007047000090F83D30DBB2012B42D10223E1
:1072100080F83D300268D36843F00103D36003680F
:107220001E4AB3F1804F18BF934225D0A2F57C428D
:10723000934221D002F5806293421DD002F5806214
:10724000934219D002F57842934215D0A2F56C42D0
:10725000934211D002F5943293420DD0A2F5C04270
:10726000934209D002F58062934205D01A6842F039
:1072700001021A60002070479968094A0A40062AEC
:1072800018BFB2F5803F07D01A6842F001021A60B9
:107290000020704701207047002070470000014027
:1072A00007000100704770477047704770B504468B
:1072B0000368DE681D6915F0020F10D016F0020F8A
:1072C0000DD06FF002021A610123037703689B69F6
:1072D00013F0030F64D0FFF7E6FF0023237715F0C8
:1072E000040F12D016F0040F0FD023686FF00402C1
:1072F0001A610223237723689B6913F4407F55D0DA
:107300002046FFF7D0FF0023237715F0080F12D097
:1073100016F0080F0FD023686FF008021A610423DB
:1073200023772368DB6913F0030F46D02046FFF76D
:10733000BAFF0023237715F0100F12D016F0100FAC
:107340000FD023686FF010021A6108232377236897
:10735000DB6913F4407F37D02046FFF7A4FF0023FA
:10736000237715F0010F02D016F0010F33D115F479
:10737000025F02D016F0800F35D115F4807F02D065
:1073800016F0800F37D115F0400F02D016F0400FE5
:1073900039D115F0200F02D016F0200F3BD170BD6F
:1073A000FFF780FF2046FFF77FFF96E72046FFF7B5
:1073B00079FF2046FFF778FFA5E72046FFF772FF29
:1073C0002046FFF771FFB4E72046FFF76BFF20462A
:1073D000FFF76AFFC3E723686FF001021A612046D6
:1073E000FAF776F9C3E723686FF402521A61204670
:1073F00000F0E3F8C1E723686FF480721A61204659
:1074000000F0DCF8BFE723686FF040021A61204605
:10741000FFF74BFFBDE723686FF020021A6120469B
:1074200000F0CAF8BBE7000030B50368424A90425A
:1074300014BF4FF0000E4FF0010EB0F1804F14BF9B
:1074400072464EF00102AAB93C4CA04214BF00247F
:1074500001243B4DA8420DD064B904F1804404F5E9
:107460008234A04214BF0024012405F50065A8421F
:1074700000D01CB123F070034C68234362BB2F4A39
:10748000904214BF002201222D4CA04224D01ABBEE
:1074900002F1804202F58232904214BF00220122A2
:1074A00004F50064A04217D0B2B9264A904214BF36
:1074B0000022012204F59A34A0420DD062B9224A7A
:1074C000904214BF0022012204F50064A04203D0C0
:1074D00012B91E4A904204D123F4407CCB6843EA9F
:1074E0000C0323F080034A69134303608A68C26275
:1074F0000A688262164A904214BF73464EF0010336
:1075000063B9104B984214BF0023012302F5705257
:10751000904203D013B90F4B984201D10B6903631A
:1075200001234361036913F0010F03D0036923F0C2
:107530000103036130BD00BF0000014000080040AE
:10754000000400400044014000E0004000E400402E
:10755000000401400048014060B310B5044690F8B3
:107560003D3013B3022384F83D30214651F8040B1B
:10757000FFF75AFF012384F8483084F83E3084F83E
:107580003F3084F8403084F8413084F8423084F849
:10759000433084F8443084F8453084F8463084F829
:1075A000473084F83D30002010BD80F83C30FFF7B4
:1075B00027FED7E701207047704770477047026881
:1075C00052E8003F23F0C00342E800310029F6D121
:1075D000026802F1080353E8003F23F40003083275
:1075E00042E800310029F3D12023C0F888307047E9
:1075F000026852E8003F23F4907342E8003100290A
:10760000F6D1026802F1080353E8001F0D4B0B404E
:10761000083242E800310029F3D1C36E012B06D0B5
:107620002023C0F88C300023C3664367704702688C
:1076300052E8003F23F0100342E800310029F6D160
:10764000EEE700BFFEFFFFEFD0F88830212B00D01F
:107650007047B0F856309BB293B9026852E8003FC9
:1076600023F0800342E800310029F6D1026852E895
:10767000003F43F0400342E800310029F6D1704753
:10768000036D1A7803689A62036D01330365B0F8DD
:1076900056309BB2013B9BB2A0F85630D8E7D0F8E9
:1076A0008830212B00D07047B0F856309BB293B988
:1076B000026852E8003F23F0800342E800310029CD
:1076C000F6D1026852E8003F43F0400342E800313F
:1076D0000029F6D17047036D1B880268C3F30803C5
:1076E0009362036D02330365B0F856309BB2013BE1
:1076F0009BB2A0F85630D6E7D0F88830212B00D0C6
:107700007047B0F86A3017E0026802F1080353E8E6
:10771000003F23F40003083242E800310029F3D18E
:10772000026852E8003F43F0400342E8003100297C
:10773000F6D17047013B9BB2002BE1D0B0F8562048
:1077400092B2002AE0D00268D16911F0800FF1D026
:10775000016D09789162026D01320265B0F8562020
:1077600092B2013A92B2A0F85620E3E7D0F88830FE
:10777000212B00D07047B0F86A3017E0026802F1A0
:10778000080353E8003F23F40003083242E80031C5
:107790000029F3D1026852E8003F43F0400342E879
:1077A00000310029F6D17047013B9BB2002BE1D09C
:1077B000B0F8562092B2002AE0D00268D16911F0E8
:1077C000800FF1D0016D0988C1F308019162026D4B
:1077D00002320265B0F8562092B2013A92B2A0F895
:1077E0005620E1E7D0F88830202B43D1002A18BF7B
:1077F000002941D00165A0F85420A0F856200023AC
:107800008367C0F890302123C0F88830436EB3F10D
:10781000005F10D08368B3F5805F25D0174B836776
:10782000026852E8003F43F0800342E8003100293B
:10783000F6D1002070478368B3F5805F0ED0104BFF
:107840008367026802F1080353E8003F43F4000332
:10785000083242E800310029F3D1EAE70369002B3E
:10786000EDD1084B8367ECE70369002BD6D1064BBB
:107870008367D5E7022070470120704749760008EA
:10788000F97600086D7700089F760008704708B504
:10789000026852E8003F23F0400342E8003100292B
:1078A000F6D12023C0F8883000238367FFF7EEFF6E
:1078B00008BD704738B5846BD4F88820D4F88C5054
:1078C00023689B6813F0800F01D0212A10D0236811
:1078D0009B6813F0400F01D0222D10D0D4F89030C7
:1078E00043F01003C4F89030204603F0F7FD38BD94
:1078F0000023A4F856302046FFF761FEE7E7002397
:10790000A4F85E302046FFF773FEE7E708B5806B0A
:107910000023A0F85E30A0F8563003F0DFFD08BD6C
:1079200070B504460268D3691068916840F60F0C80
:1079300013EA0C0F0DD113F0200F10D010F0200F10
:1079400002D111F0805F0AD0636F93B3204698474D
:107950002FE0884D0D402DD1874E30422AD1E56E63
:10796000012D00F0C08013F4801F03D011F4800FAC
:1079700040F0948113F0800F07D010F0800F40F09A
:10798000948111F4000F40F0908113F0400F03D068
:1079900010F0400F40F0908113F4000F03D010F06E
:1079A000804F40F08D8113F0807F02D00028C0F21C
:1079B0008B8170BD13F0010F09D010F4807F06D0C9
:1079C00001261662D4F890203243C4F8902013F0B8
:1079D000020F0BD011F0010F08D0226802261662A8
:1079E000D4F8902042F00402C4F8902013F0040F61
:1079F0000BD011F0010F08D0226804261662D4F8CB
:107A0000902042F00202C4F8902013F0080F0BD02F
:107A100010F0200F00D13DB1226808251562D4F87E
:107A200090202A43C4F8902013F4006F0CD010F07B
:107A3000806F09D022684FF400651562D4F8902059
:107A400042F02002C4F89020D4F89020002AB0D050
:107A500013F0200F09D010F0200F02D111F0805F39
:107A600003D0636F0BB120469847D4F89020236869
:107A70009B6813F0400F02D112F0280F2CD0204643
:107A8000FFF7B6FD23689B6813F0400F20D02268F3
:107A900002F1080353E8003F23F04003083242E8B4
:107AA00000310029F3D1D4F880306BB1334A1A6524
:107AB000D4F88000FBF77EFB00283FF47AAFD4F8BF
:107AC0008000036D984774E7204603F007FD70E7D8
:107AD000204603F003FD6CE7204603F0FFFC002383
:107AE000C4F8903065E713F0100F3FF43CAF10F08E
:107AF000100F3FF438AF1023136223689B6813F014
:107B0000400F00F09180D4F8802013681C481D4974
:107B10008B4218BF834237D018318B4234D0183192
:107B20008B4231D018318B422ED018318B422BD062
:107B300018318B4228D018318B4225D001F556716F
:107B40008B4221D018318B421ED018318B421BD072
:107B500018318B4218D018318B4215D018318B4216
:107B600012D018318B420FD018318B420CD05B6889
:107B70009BB20BE001000010200100040D79000809
:107B800010000240280002405B689BB2002B3FF4CB
:107B900010AFB4F85C1099427FF60BAFA4F85E30DA
:107BA000D369B3F5807F32D0226852E8003F23F4D6
:107BB000807342E800310029F6D1226802F10803FF
:107BC00053E8003F23F00103083242E80031002966
:107BD000F3D1226802F1080353E8003F23F0400389
:107BE000083242E800310029F3D12023C4F88C3058
:107BF0000023E366226852E8003F23F0100342E8C6
:107C000000310029F6D1D4F88000FBF733F90223C4
:107C10002367B4F85C10B4F85E309BB2C91A89B21D
:107C2000204603F041FCC4E6B4F85C10B4F85E30C2
:107C30009BB2C91A89B2B4F85E309BB2002B3FF4F4
:107C4000B8AE00293FF4B5AE226852E8003F23F4F5
:107C5000907342E800300028F6D1226802F1080350
:107C600053E8000F1A4B0340083242E80030002866
:107C7000F3D12023C4F88C300023E36663672268C5
:107C800052E8003F23F0100342E800300028F6D10C
:107C900002232367204603F007FC8AE64FF4801393
:107CA0001362204600F02CFE83E6A36F002B3FF406
:107CB00080AE204698477CE62046FFF7E8FD78E650
:107CC000204600F01FFE74E6204600F01AFE70E623
:107CD000FEFFFFEF08B5806B01230367C36E012B26
:107CE00002D0FFF7E6FD08BDB0F85C10490803F0CC
:107CF000DBFBF8E708B50346806BDB69B3F5807FF3
:107D000029D00023A0F85E30026852E8003F23F437
:107D1000807342E800310029F6D1026802F10803BD
:107D200053E8003F23F00103083242E80031002904
:107D3000F3D1026802F1080353E8003F23F0400347
:107D4000083242E800310029F3D12023C0F88C30FA
:107D5000C36E012B07D000230367C36E012B0CD029
:107D600003F0CCFB08BD026852E8003F23F010038B
:107D700042E800310029F6D1EDE7B0F85C1003F0DD
:107D800093FBEFE770B586B004468368026913433E
:107D900042691343C269134301680868904A02406C
:107DA0001A430A602268536823F44053E1680B4386
:107DB0005360A16922688B4B9A4201D0236A194310
:107DC0009068894B03400B4393602268D36A23F089
:107DD0000F03616A0B43D3622368844A934229D01C
:107DE000834A934200F09480824A934200F0AA8032
:107DF000814A934200F0C080804A934200F0D680CE
:107E00007F4A934200F008817E4A934200F02D8120
:107E10007D4A934200F040817C4A934200F05381B6
:107E20007B4A934200F078816E4A934200F09D8134
:107E3000802233E0774A526D02F03802282A65D852
:107E4000DFE812F02900640064006400640064004C
:107E500064006400AB0164006400640064006400BA
:107E6000640064002B00640064006400640064002B
:107E7000640064005E0064006400640064006400E8
:107E800064006400600064006400640064006400D6
:107E9000640064006200012200E0082251498B4224
:107EA00000F09481E069B0F5004F00F00A82202ACA
:107EB00000F26182202A00F2AE82DFE812F0630253
:107EC0007D02AC02AC028002AC02AC02AC028502C4
:107ED000AC02AC02AC02AC02AC02AC02AC028A0254
:107EE000AC02AC02AC02AC02AC02AC02AC02AC0222
:107EF000AC02AC02AC02AC02AC02AC02AC02960228
:107F00001022CBE72022C9E74022C7E78022C5E73D
:107F1000404A526D02F00702052A11D8DFE812F03C
:107F200006003F0108000A000C000E000022B5E721
:107F30000822B3E71022B1E72022AFE74022ADE7E5
:107F40008022ABE7334A526D02F00702052A11D8AE
:107F5000DFE812F00600270108000A000C000E00FE
:107F600000229BE7082299E7102297E7202295E755
:107F7000402293E7802291E7264A526D02F00702E1
:107F8000052A11D8DFE812F006000F0108000A00E8
:107F90000C000E00002281E708227FE710227DE717
:107FA00020227BE7402279E7802277E7194A526D49
:107FB00002F00702052A11D8DFE812F00600F700E8
:107FC00008000A000C000E00002267E7082265E79F
:107FD000102263E7202261E740225FE780225DE70D
:107FE000F369FFCF000C0058FFF4FF1100100140AF
:107FF0000044004000480040004C00400050004059
:108000000014014000780040007C0040001801404E
:10801000001C014000440258694A526D02F03802C7
:10802000282A20D8DFE802F0151F1F1F1F1F1F1F5F
:10803000C31F1F1F1F1F1F1F171F1F1F1F1F1F1FB4
:10804000191F1F1F1F1F1F1F1B1F1F1F1F1F1F1F4A
:108050001D00012222E7082220E710221EE720222D
:108060001CE740221AE7802218E7554A526D02F0B9
:108070000702052A0ED8DFE802F0039C0507090B6A
:1080800000220BE7082209E7102207E7202205E774
:10809000402203E7802201E7494A526D02F00702BD
:1080A000052A0ED8DFE802F003870507090B002236
:1080B000F4E60822F2E61022F0E62022EEE6402264
:1080C000ECE68022EAE63E4A526D02F03802282AA7
:1080D00020D8DFE802F0151F1F1F1F1F1F1F721F70
:1080E0001F1F1F1F1F1F171F1F1F1F1F1F1F191FAE
:1080F0001F1F1F1F1F1F1B1F1F1F1F1F1F1F1D00B5
:108100000122CBE60822C9E61022C7E62022C5E6F6
:108110004022C3E68022C1E6294A526D02F03802AD
:10812000282A20D8DFE802F0151F1F1F1F1F1F1F5E
:108130004E1F1F1F1F1F1F1F171F1F1F1F1F1F1F28
:10814000191F1F1F1F1F1F1F1B1F1F1F1F1F1F1F49
:108150001D000122A2E60822A0E610229EE62022AF
:108160009CE640229AE6802298E602F50E32926D55
:1081700002F00702052A0ED8DFE802F00326050701
:10818000090B02228AE6082288E6102286E62022CF
:1081900084E6402282E6802280E604227EE60422F3
:1081A0007CE604227AE6042278E6042276E60422BB
:1081B00074E6042272E6042270E604226EE600BF32
:1081C00000440258042269E6042267E6202A27D8E0
:1081D000022AC0F00E81023A1E2A00F20C81DFE86A
:1081E00012F026000A0156000A010A010A015B008A
:1081F0000A010A010A010A010A010A010A016000D2
:108200000A010A010A010A010A010A010A010A0116
:108210000A010A010A010A010A010A010A016C00A5
:10822000402A02D14FF4004006E00120F4E0FDF7BF
:108230009FFF002800F0E180626A7E4B33F8122035
:10824000B0FBF2F3656805EB4501994200F2D78077
:10825000B3EB053F00F2D580002633463146F8F7F0
:108260005BFA090241EA106100026B08C0182A4655
:10827000334641F10001F8F74FFAA0F540726E4B1A
:108280009A4200F2C0802368D8603046C4E003A858
:10829000FDF780FF0498CCE76846FEF77BF801986D
:1082A000C7E7664B1B6813F0200F08D0634B1B68B1
:1082B000C3F3C1036248D840BEE76248BCE76048E8
:1082C000BAE7202A15D8202A00F29F80DFE802F0C2
:1082D00015369D9D399D9D9D3E9D9D9D9D9D9D9D80
:1082E000439D9D9D9D9D9D9D9D9D9D9D9D9D9D9D18
:1082F0004F00402A06D001208EE0FDF7CDF800287F
:1083000000F08580626A4B4B33F81230B0FBF3F01B
:108310006268530803EB4003B3FBF2F3A3F11001CF
:108320004FF6EF72914274D89AB222F00F02C3F363
:10833000420313432268D36000206DE0FDF7BEF8CE
:10834000DDE703A8FDF726FF0498D8E76846FEF7A7
:1083500021F80198D3E7394B1B6813F0200F08D0A0
:10836000364B1B68C3F3C1033548D840CAE73548CC
:10837000C8E73348C6E7402A02D14FF4004005E081
:10838000012049E0FDF788F800284FD0626A294BA8
:1083900033F81230B0FBF3F0636800EB5300B0FB2E
:1083A000F3F0A0F110024FF6EF739A4240D8236821
:1083B00080B2D86000202FE0FDF780F8E4E703A842
:1083C000FDF7E8FE0498DFE76846FDF7E3FF019854
:1083D000DAE71A4B1B6813F0200F08D0174B1B6805
:1083E000C3F3C1031648D840D0E71648CEE7144877
:1083F000CCE7012010E001200EE000200CE001207D
:108400000AE0012008E0012006E0012004E000204D
:1084100002E0012000E001200123A4F86A30A4F862
:10842000683000236367A36706B070BD0020F3E7E0
:108430000120F1E7D0240108FFFC0F00004402589E
:108440000090D00300093D00836A13F0080F06D0A6
:108450000268536823F40043816B0B435360836AC3
:1084600013F0010F06D00268536823F40033C16A89
:108470000B435360836A13F0020F06D002685368FF
:1084800023F48033016B0B435360836A13F0040FB2
:1084900006D00268536823F48023416B0B4353607A
:1084A000836A13F0100F06D00268936823F4805398
:1084B000C16B0B439360836A13F0200F06D00268F0
:1084C000936823F40053016C0B439360836A13F0A9
:1084D000400F0AD00268536823F48013416C0B43A9
:1084E0005360436CB3F5801F0BD0836A13F0800F89
:1084F00006D00268536823F40023C16C0B43536019
:1085000070470268536823F4C003816C0B435360C7
:10851000EBE72DE9F84305460E4617469946DDF888
:1085200020802B68DC6936EA04040CBF0124002497
:10853000BC423AD1B8F1FF3FF3D0F9F705FFA0EB09
:108540000900404534D8B8F1000F33D02B681A68C1
:1085500012F0040FE5D0B6F1400218BF0122802EC0
:10856000DFD0002ADDD0DA6912F0080F11D1DA6904
:1085700012F4006FD5D04FF400621A622846FFF75C
:1085800037F82023C5F89030002385F88430032085
:108590000CE008241C622846FFF72AF8C5F8904032
:1085A000002385F88430012000E00020BDE8F88336
:1085B0000320FBE70320F9E72DE9F04182B01E46D6
:1085C000D0F88830202B5BD104460D469046002A17
:1085D00018BF002901D1012053E00023C0F89030DA
:1085E0002123C0F88830F9F7AFFE0746A4F854807D
:1085F000A4F85680A368B3F5805F02D04FF000085E
:1086000016E0236943B34FF0000811E02023C4F8BB
:108610008830032035E038F8023B2268C3F30803B2
:108620009362B4F8562092B2013A92B2A4F856205E
:10863000B4F856309BB293B100963B46002280219D
:108640002046FFF766FF0028E0D1002DE3D015F8A3
:10865000012B23689A62E4E7A8460025E8E7009624
:108660003B46002240212046FFF753FF18B9202344
:10867000C4F8883005E02023C4F88830032000E0E7
:10868000022002B0BDE8F08130B583B0044600237B
:10869000C0F89030F9F758FE05462268126812F0CB
:1086A000080F10D123681B6813F0040F28D1202372
:1086B000C4F88830C4F88C300020E066206784F865
:1086C000840003B030BD6FF07E4300930346002268
:1086D0004FF400112046FFF71CFF0028E2D022686B
:1086E00052E8003F23F0800342E800310029F6D130
:1086F0002023C4F88830002384F884300320E0E786
:108700006FF07E4300932B4600224FF480012046F9
:10871000FFF7FFFE0028CAD0226852E8003F23F48A
:10872000907342E800310029F6D1226802F1080373
:1087300053E8003F23F00103083242E800310029EA
:10874000F3D12023C4F88C30002384F88430032034
:10875000B7E778B310B50446D0F888300BB32423BC
:10876000C4F888302268136823F001031360A36AF9
:10877000E3B92046FFF706FB012811D022685368B1
:1087800023F4904353602268936823F02A03936094
:108790002268136843F0010313602046FFF774FF5B
:1087A00010BD80F88430F9F7F5FBD8E72046FFF7D5
:1087B0004BFEDEE70120704710B504461346816585
:1087C000A0F85C200022C0F890202222C0F88C2063
:1087D000D0F88020AAB12149D163D0F88020204967
:1087E0001164D0F880201F49D164D0F88020002186
:1087F00011650168826D2431D0F88000FAF7EEF936
:1088000020BB236943B1226852E8003F43F48073E0
:1088100042E800310029F6D1226802F1080353E84A
:10882000003F43F00103083242E800310029F3D150
:10883000226802F1080353E8003F43F04003083286
:1088400042E800310029F3D1002010BD1023C4F804
:1088500090302023C4F88C300120F6E7F57C000826
:10886000D57C0008B578000838B5D0F88C30202BBE
:1088700019D1002A18BF002917D00023C366036846
:108880000B4CA3420CD05B6813F4000F08D00468B3
:1088900054E8003F43F0806344E80035002DF6D1F2
:1088A000FFF78AFF00E0022038BD0120FCE700BF8F
:1088B000000C0058436E2BB90123A0F86A30A0F8D1
:1088C0006830704730B403689A68C2F342629968AE
:1088D000490F094D6B5C1B01084C615C93FBF1F384
:1088E000A0F86A30AB5C1B01A25C93FBF2F3A0F82A
:1088F000683030BC704700BFF0240108E82401084C
:1089000070477047704790F88430012B18D00123CE
:1089100080F884302423C0F8883003681A68196806
:1089200021F00101196022F0005200234366016822
:108930000A602022C0F8882080F8843018467047EA
:108940000220704738B590F88430012B1DD00446C2
:10895000012380F884302423C0F8883003681D6820
:108960001A6822F001021A600268936823F06043DB
:1089700019439160FFF79EFF23681D602023C4F810
:108980008830002084F8840038BD0220FCE738B528
:1089900090F88430012B1DD00446012380F88430E8
:1089A0002423C0F8883003681D681A6822F0010289
:1089B0001A600268936823F0606319439160FFF7BF
:1089C00079FF23681D602023C4F88830002084F8D4
:1089D000840038BD0220FCE7D0F88C30202B21D158
:1089E00010B50446002A18BF002901D1012010BD8E
:1089F0000123C36600230367FFF7DEFE0028F6D1DC
:108A0000E36E012B01D00120F1E7236810221A62E6
:108A1000226852E8003F43F0100342E80031002989
:108A2000F6D1E4E702207047842801D00330704774
:108A30000020704708B500F06FFD002008BD2DE94B
:108A4000F04387B00E464469C4B18569B5B1476843
:108A5000D0F80080D0F81090B0F90800FFF7E4FFDC
:108A600002950194009033464A464146384600F04C
:108A7000E3FC0590059807B0BDE8F08344680568FD
:108A80000769B0F90800FFF7CFFF05AB019300902D
:108A90003346BAB22946204600F00BFD0128E9D042
:108AA0000020E8E708B500B9012000F087FE0020AB
:108AB00008BD00F1080343604FF0FF328260C360DD
:108AC000036100230360704700230361704743681C
:108AD0004B609A688A60516099600861036801334D
:108AE0000360704730B40D68B5F1FF3F11D000F15D
:108AF00008031C465B681A68AA42FAD963684B608F
:108B000099608C606160086103680133036030BC68
:108B100070470469F2E70369416882688A604168C6
:108B200051605A68824206D0002202611A68013AF6
:108B30001A601868704782685A60F5E782B00023AF
:108B400001930D4B1B68B3F1FF3F08D04FF050036A
:108B500083F31188BFF36F8FBFF34F8FFEE74FF0A2
:108B6000500383F31188BFF36F8FBFF34F8F019BC7
:108B7000002BFCD002B07047200000240848006899
:108B8000006880F308884FF0000080F3148862B614
:108B900061B6BFF34F8FBFF36F8F00DF00BF0000E0
:108BA00008ED00E0DFF80C00016841F4700101609D
:108BB0007047000088ED00E04FF0807340F8043CFF
:108BC00021F0010140F8081C054B40F80C3C40F82E
:108BD000202C6FF0020340F8243C4438704700BF5B
:108BE0003D8B0008000000000000000000000000B5
:108BF000074B19680868B0E8F04F80F30988BFF3A5
:108C00006F8F4FF0000080F311887047AFF3008042
:108C1000888900244FF0500383F31188BFF36F8FCE
:108C2000BFF34F8F0B4A136801331360012B00D041
:108C300070474FF0E023D3F8043D13F0FF0FF7D057
:108C40004FF0500383F31188BFF36F8FBFF34F8F43
:108C5000FEE700BF20000024094B1B6843B94FF01A
:108C6000500383F31188BFF36F8FBFF34F8FFEE77D
:108C7000013B034A13600BB983F31188704700BFAF
:108C800020000024000000000000000000000000A0
:108C9000EFF30980BFF36F8F154B1A681EF0100FAA
:108CA00008BF20ED108A20E9F04F10602DE909007F
:108CB0004FF0500080F31188BFF34F8FBFF36F8FD9
:108CC00000F0A2FD4FF0000080F3118809BC196884
:108CD0000868B0E8F04F1EF0100F08BFB0EC108A23
:108CE00080F30988BFF36F8F704700BFAFF3008038
:108CF0008889002408B54FF0500383F31188BFF32F
:108D00006F8FBFF34F8F00F051FC28B14FF0E0237D
:108D10004FF08052C3F8042D002383F3118808BD5F
:108D20004FF0E022002313619361054B1B68054956
:108D3000A1FB03139B09013B536107231361704798
:108D400014000024D34D62104FF0E023D3F8002D1F
:108D50003D4B9A421CD04FF0E023D3F8002D3B4B03
:108D60009A421ED030B583B0394B1A78D2B20192F4
:108D7000FF221A701B78DBB28DF803309DF80330A8
:108D800003F05003334A1370334B07221A601BE081
:108D90004FF0500383F31188BFF36F8FBFF34F8FF2
:108DA000FEE74FF0500383F31188BFF36F8FBFF3DB
:108DB0004F8FFEE7284A1368013B13609DF803308C
:108DC0005B00DBB28DF803309DF8033013F0800FA9
:108DD000F0D1214B1B68032B08D04FF0500383F3D5
:108DE0001188BFF36F8FBFF34F8FFEE71B021A4A44
:108DF000136003F4E0631360019BDBB2144A137049
:108E00004FF0E024D4F8203D43F47003C4F8203D33
:108E1000D4F8203D43F07043C4F8203DFFF780FFB5
:108E200000250E4B1D60FFF7BDFED4F8343F43F024
:108E30004043C4F8343FFFF7A1FE00F0E5FCFFF724
:108E40007DFE284603B030BD71C20F4170C20F4194
:108E500000E400E00C130024081300242000002488
:108E6000134A12F0070F1FD0D11D21F0070147F25E
:108E700030535B1A13440A460E48026000214160D9
:108E80001344083B23F007030B4803605960196043
:108E9000991A51601360094B1960094B1960094B0D
:108EA0004FF000421A60704747F23053E4E700BFCA
:108EB0003013002428130024241300241C1300243E
:108EC0002013002410130024164B1A461B688342FB
:108ED000FBD3516802EB010C844509D0416800EBDB
:108EE000010C634509D00360904219D010607047AF
:108EF0004068014451601046F0E710B40A4C246801
:108F0000A3420BD05B681944416013681B6803607F
:108F1000904200D010605DF8044B70470460F7E7A2
:108F2000704700BF281300242413002438B50446DA
:108F300000F034FB384B1B68B3B1384B1B681C4244
:108F400050D1002C50D004F1080214F0070F02D0C9
:108F500022F007020832002A55D0314B1B68934299
:108F600053D330490C6804E0FFF77AFFE5E7214668
:108F70001C466368934202D22368002BF7D1264B2C
:108F80001B68A34243D00D68083523680B606368F3
:108F90009B1A102B10D9A01810F0070F08D04FF013
:108FA000500383F31188BFF36F8FBFF34F8FFEE73A
:108FB00043606260FFF788FF626819490B689B1A7B
:108FC0000B60194909688B4201D217490B60134B9A
:108FD0001B681343636000232360144A1368013342
:108FE000136002E0002500E0002500F06BFB15F0A7
:108FF000070F0ED04FF0500383F31188BFF36F8F2C
:10900000BFF34F8FFEE70025EFE70025EDE70025D2
:10901000EBE7284638BD00BF2413002410130024BA
:1090200020130024281300241C13002418130024E8
:10903000002834D038B50446A0F1080550F8043CA7
:10904000174A1268134208D14FF0500383F3118876
:10905000BFF36F8FBFF34F8FFEE750F8081C41B18D
:109060004FF0500383F31188BFF36F8FBFF34F8F1F
:10907000FEE723EA020340F8043C00F08FFA54F8BC
:10908000041C084A13680B4413602846FFF71CFFB2
:10909000054A13680133136000F014FB38BD7047B4
:1090A000101300242013002414130024084B1B6801
:1090B0001B6823B9074B4FF0FF321A607047044B0F
:1090C0001B68DB68DB685A68024B1A60704700BF98
:1090D000D0880024688800242DE9F0470746984688
:1090E000089DDDF824900A9C266B6FF040431344E2
:1090F00006EB830626F00706002964D008464FF0E9
:10910000000CBCF10F0F09D810F80C2004EB0C0375
:1091100083F8342012B10CF1010CF2E7002384F83B
:109120004330062D00D90625E56265644FF0000A3C
:10913000C4F848A0201DFFF7C7FC04F11800FFF792
:10914000C3FC2461C5F10705A5616462C4F890A160
:1091500084F894A14FF4A072514604F1500002F03B
:1091600013FD1B4B636503F16802A265D033E36511
:1091700001220023C4E93A2343F20E33A4F8F0306D
:109180004AF6CD33A4F8F23041F23423A4F8F43097
:109190004EF26D63A4F8F6304DF6EC63A4F8F830A7
:1091A0000523A4F8FA300B23A4F8FC3042463946D4
:1091B0003046FFF701FD2060B9F1000F01D0C9F87A
:1091C0000040BDE8F087002384F83430A9E700BFF1
:1091D000CC8D002438B5002407E004EB8402930012
:1091E0000E481844FFF765FC0134062CF5D90C4DE8
:1091F0002846FFF75EFC0B4C2046FFF75AFC0A4856
:10920000FFF757FC0948FFF754FC0948FFF751FCEA
:10921000084B1D60084B1C6038BD00BFFC88002453
:10922000E8880024D4880024B8880024A488002476
:109230008C880024D0880024CC88002410B50446F3
:10924000FFF7E8FC214A136801331360204B1B68C9
:109250005BB1204B1B686BB91D4B1B68DA6AE36A74
:109260009A4207D81A4B1C6004E0194B1C60136823
:10927000012B28D0184A136801331360E06A0123D8
:109280008340164A11680B43136000EB8000211DD8
:10929000134B03EB8000FFF71AFCFFF7DDFC0D4BCF
:1092A0001B687BB10A4B1B68DA6AE36A9A4209D2EF
:1092B0004FF0E0234FF08052C3F8042DBFF34F8FDF
:1092C000BFF36F8F10BDFFF785FFD3E788880024B9
:1092D000888900247C8800246C88002480880024ED
:1092E000FC88002410B50446503002F0B1FC94F81C
:1092F000953163B1012B11D0022B0ED04FF05003EA
:1093000083F31188BFF36F8FBFF34F8FFEE7206B9E
:10931000FFF78EFE2046FFF78BFE10BD2046FFF7BD
:1093200087FEFAE70F4B1B68D3B110B5FFF772FC4D
:109330000D4BDB68DC68201DFFF7EDFB0B4A136863
:10934000013B1360074A1368013B1360FFF784FC7D
:109350002046FFF7C7FF034B1B68002BE6D110BD6B
:10936000704700BFA0880024A488002488880024B7
:1093700008B5FFF7D7FF074B1B68012BF9D94FF052
:10938000E0234FF08052C3F8042DBFF34F8FBFF39B
:109390006F8FEEE7FC88002470B504460D461F4B26
:1093A0001E681F4B18680430FFF7B5FB48B91C4B0B
:1093B0001B68DB6A01229A401A490B6823EA020300
:1093C0000B60B4F1FF3F14BF00230123002D08BF41
:1093D00000236BB93444124B1B685C60A6420ED963
:1093E000114B18680E4B19680431FFF77BFB70BDF9
:1093F0000B4B196804310D48FFF769FBF7E70C4B7D
:109400001868074B19680431FFF76CFB094B1B68A0
:10941000A342ECD9074B1C60E9E700BF8488002415
:109420008889002480880024CC8800248C8800242B
:10943000D08800246888002430B587B00B9C8CB19C
:109440000C9DC5B14FF4CC750495049DB5F5CC7F4A
:109450001AD04FF0500383F31188BFF36F8FBFF31F
:109460004F8FFEE74FF0500383F31188BFF36F8FE8
:10947000BFF34F8FFEE74FF0500383F31188BFF324
:109480006F8FBFF34F8FFEE7049D0C9D2C6302246A
:1094900085F8954100240394029505AC01940A9C3B
:1094A0000094FFF719FE0C98FFF7C8FE059807B067
:1094B00030BD2DE9F04385B00746884614461E4668
:1094C0009000FFF733FD10B381464FF4CC70FFF7E7
:1094D0002DFD0546A8B1C0F83090002380F89531E5
:1094E000039302900D9B01930C9B009333462246FD
:1094F00041463846FFF7F0FD2846FFF79FFE012062
:1095000007E04846FFF794FD4FF0FF3001E04FF0D1
:10951000FF3005B0BDE8F08310B588B00024059495
:10952000069407AA06A905A8F7F764FF059B02930E
:10953000069B019300942346079A10491048FFF7B1
:109540007BFF104B1860B8B14FF0500383F31188C4
:10955000BFF36F8FBFF34F8F0B4B1B6850330B4A1A
:1095600013600B4B4FF0FF321A600A4B01221A6056
:10957000094B1C60FFF7E8FB08B010BDEC220108A6
:1095800071930008648800248889002484000024E2
:10959000688800247C88002484880024024A136898
:1095A00001331360704700BF60880024F8B53A4B60
:1095B0001B68002B69D1394B1D6801351D60C5B989
:1095C000374B1B681B6843B14FF0500383F311887E
:1095D000BFF36F8FBFF34F8FFEE7314A1168314BF6
:1095E000186810601960304A136801331360FFF780
:1095F0005DFD2E4B1B68AB423DD900272C4B1B68F1
:10960000DB6A03EB83039A002A4B9B58012B00D99A
:109610000127294B1B68002B3CD001273AE001278A
:109620001F4B1B681B6843B31D4B1B68DB68DC6862
:1096300063689D4226D3261D3046FFF76CFAA36A65
:109640001BB104F11800FFF766FAE36A01229A40A1
:109650001A49086802430A6003EB83039A00314603
:1096600014481044FFF733FAE26A114B1B68DB6AB7
:109670009A42D4D2D4E70027D2E70C4B4FF0FF3206
:109680001A60BBE7094A1360B8E70D4A1368013353
:10969000136000273846F8BD6088002484880024C1
:1096A000D0880024CC880024708800246888002496
:1096B00088890024FC880024748800248088002481
:1096C0007888002438B5354B1B6843B94FF05003F8
:1096D00083F31188BFF36F8FBFF34F8FFEE7FFF760
:1096E00099FA2E4B1A68013A1A601B68002B4FD169
:1096F0002B4B1B680BB900244BE00024294B1B6843
:109700001BB3284BDB68DC6804F11800FFF703FA91
:10971000251D2846FFF7FFF9E06A01238340224A0E
:1097200011680B43136000EB800029461F4B03EBCD
:109730008000FFF7CCF9E26A1D4B1B68DB6A9A4296
:10974000DCD31C4B01221A60D8E70CB1FFF7AEFC4A
:10975000194B1C6884B9174B1C68D4B14FF0E02337
:109760004FF08052C3F8042DBFF34F8FBFF36F8FBC
:1097700001240EE0013C07D0FFF718FF0028F9D0C4
:109780000C4B01221A60F5E70B4B00221A60E2E74E
:109790000024FFF761FA204638BD00BF608800242E
:1097A00088880024B888002480880024FC8800244D
:1097B00088890024748800247888002410B5A8B112
:1097C0000446104B1B6843B14FF0500383F31188DC
:1097D000BFF36F8FBFF34F8FFEE7FFF7DFFE002170
:1097E0002046FFF7D9FDFFF76DFF48B94FF0E023A2
:1097F0004FF08052C3F8042DBFF34F8FBFF36F8F2C
:1098000010BD00BF60880024224B1B681BB1224B97
:1098100001221A607047204B00221A601F4B1B6800
:10982000B3FA83F3DBB2C3F11F0303EB83018A00B6
:109830001B498A5842B94FF0500383F31188BFF394
:109840006F8FBFF34F8FFEE7154803EB83018A004C
:10985000024451684968516003EB830C4FEA8C0263
:109860000832024491420DD003EB83039A000C4B63
:1098700013445B68DA680B4B1A601B6850330A4A62
:1098800013607047486862469100054A0A44506078
:10989000EAE700BF608800247488002480880024E0
:1098A000FC8800248889002484000024184B1B783D
:1098B0004BB103F0FF02012A10D00023144A1370A9
:1098C000144A13707047FF2800D07047124B18706D
:1098D0000123104A13700E4A137070470D490A781D
:1098E000531CDBB20B700C498854102BEDD110B413
:1098F000CB7B0D2B07D00023054A1370054A13704C
:109900005DF8044B7047054C0FC984E80F00F2E77F
:109910008D8900248C890024A0890024C08900241A
:1099200010B5104BFF221A7000225A700E4A91692E
:10993000C3F80210D2ED087AF1EE677A17EE901AAA
:10994000C3F80610D269C3F80A200D22DA73074C57
:109950000FCB84E80F00102221460548FDF742FF97
:1099600010BD00BFB08900242C8C002490890024F5
:10997000DC11002408B5FFF7D3FF0220FFF792F8AF
:10998000F9E70000084AD2F8FC3043F08073C2F8CF
:10999000FC30064B064AC3F8B02F00225A601A6802
:1099A00042F001021A60704700ED00E0001000E094
:1099B00055CEACC5704708B5FFF7E4FF08BD000001
:1099C000074B5A68074B1B680749A1FB03139B0C05
:1099D00003FB00F0024B5B689B1A8342FAD370478B
:1099E000001000E01400002483DE1B4310B504E0E7
:1099F0004FF47A70FFF7E4FF2046431E9CB2002824
:109A0000F6D110BD08B5002201210248FAF7BAFFCD
:109A100008BD00BF0008025808B5012211460248DF
:109A2000FAF7B0FF08BD00BF0008025808B50022D1
:109A300008210248FAF7A6FF08BD00BF0008025837
:109A400008B5012208210248FAF79CFF08BD00BFB3
:109A50000008025800B587B08DF80F004FF47A73F4
:109A6000009301230DF117020DF10F010348FDF7DB
:109A70004DF89DF8170007B05DF804FBEC0E0024CC
:109A800010B50C46FFF7E6FF2046FFF7E3FF10BDD9
:109A900010B50C4640F08000FFF7DCFF5520FFF7C3
:109AA000D9FF207010BD38B50D46144640F0800037
:109AB000FFF7D0FF06E05520FFF7CCFF05F8010BBC
:109AC000013CE4B2002CF6D138BD000070B5FFF7C0
:109AD00099FF8020FFF7BEFF5520FFF7BBFF552001
:109AE000FFF7B8FFFFF798FF9620FFF769FFFFF732
:109AF00089FF8020FFF7AEFF5520FFF7ABFF552011
:109B0000FFF7A8FFFFF788FF9620FFF759FFFFF741
:109B100079FFB6217E20FFF7B3FFFFF77DFF5020CE
:109B2000FFF764FFFFF76EFF8020FFF793FF5520DC
:109B3000FFF790FF5520FFF78DFFFFF76DFF962091
:109B4000FFF73EFFFFF75EFF8020FFF783FF552002
:109B5000FFF780FF5520FFF77DFF0446FFF75CFF0E
:109B60009620FFF72DFF1E2C32D10024052C2DD876
:109B7000FFF748FF174A04EB4403D1184E78D55C31
:109B800031462846FFF77CFFFFF746FF9620FFF798
:109B900017FFFFF737FF45F08000FFF75BFF552009
:109BA000FFF758FF5520FFF755FF0546FFF734FF35
:109BB0009620FFF705FFAE4202D10134E4B2D5E7AB
:109BC00004EB4404034B2344987800E0002070BD6C
:109BD000FF20FCE70C25010870B582B000248DF849
:109BE0000740FFF723FF0DF107012046FFF750FF65
:109BF000FFF726FF9620FFF7E3FEFFF717FF0DF1B3
:109C000007012046FFF744FFFFF71AFF9620FFF7F2
:109C1000D7FEFFF70BFFB6211420FFF731FFFFF748
:109C20000FFF5020FFF7E2FEFFF700FF0DF10701E5
:109C30002046FFF72DFFFFF703FF9620FFF7C0FE3A
:109C4000FFF7F4FE0DF107012046FFF721FFFFF7B4
:109C5000F7FE9620FFF7B4FE9DF807300F2B2ED1AC
:109C6000052C29D8FFF7E2FE164A04EB4403D1186D
:109C70004D78D65C29463046FFF702FFFFF7E0FE3D
:109C80009620FFF79DFEFFF7D1FE0DF1070130464C
:109C9000FFF7FEFEFFF7D4FE9620FFF791FE9DF83A
:109CA00007309D4202D10134E4B2D9E704EB440409
:109CB000044B2344987800E0002002B070BDFF20E0
:109CC000FBE700BFF824010810B5FFF773FEFFF7AC
:109CD00072FEFFF7FBFE0446FFF77EFF2043C0B293
:109CE00010BD0000F0B583B006460D4614460027AF
:109CF00000970197FFF786FE9220FFF7ABFE062242
:109D000069461220FFF7CFFEFFF786FE9DF801306F
:109D10001B021BB29DF80020134307EE903AF8EEA9
:109D2000E77A474A92ED007A67EE877AC5ED007AC6
:109D30009DF803301B021BB29DF802100B4307EE87
:109D4000903A92ED007AF8EEE77A67EE877AC5ED01
:109D5000017A9DF805301B021BB29DF804201343C5
:109D600007EE903AF8EEE77A67EE877AC5ED027A69
:109D7000FFF75CFE082269463846FFF794FEFFF7BE
:109D80005FFE9DF800300F2B27D0FFF73BFEA2208F
:109D9000FFF760FE022269462220FFF784FEFFF7EC
:109DA0003BFE9DF800209DF801305B0943EAC203A9
:109DB000B3F5806F01DBA3F5006307EE903AF8EE90
:109DC000E77AB4EE007A67EE877AB3EE077A77EE39
:109DD000877AC4ED007A03B0F0BD9DF803301B0212
:109DE0001BB29DF80220134307EE903AF8EEE77A93
:109DF000144A92ED007A67EE877AC6ED007A9DF8F4
:109E000005301B021BB29DF804100B4307EE903A7D
:109E100092ED007AF8EEE77A67EE877AC6ED017A7E
:109E20009DF807301B021BB29DF80620134307EE76
:109E3000903AF8EEE77A67EE877AC6ED027AA4E701
:109E4000280000242400002430B58DB09DF844C0C3
:109E5000BDF8404003940024049405940825069519
:109E60000794089409940A940B9440FA05F48DF829
:109E700004408DF8050041FA05F08DF806008DF8D4
:109E8000071042FA05F18DF808108DF8092043FA01
:109E900005F28DF80A208DF80B30BCF1010F07D0C8
:109EA000BCF1020F0AD0BCF1030F0DD00DB030BDD4
:109EB00001AA03A90748FAF745F9F7E701AA03A998
:109EC0000548FAF73FF9F1E701AA03A90348FAF7B1
:109ED00039F9EBE7B00800241008002470070024CB
:109EE00000B583B00F4C02250195A1230093B4F96E
:109EF0000230B4F90020A17A0B48B0F90000FFF756
:109F0000A3FF0195A2230093B4F90630B4F904200D
:109F1000E17A0648B0F90000FFF796FF0120FEF74E
:109F2000C1FDDFE7608A0024380D0024140D0024F1
:109F300000B583B017E0012401944FF4007300933F
:109F400000231A461946184600F080F8019440F2A2
:109F5000FF13009300231A461946184600F076F8BE
:109F60000120FEF79FFD2A4B9B7A022BE3D0012BA9
:109F700018BF032B36D1274BB3F90030012B15D076
:109F8000012401944FF40073009300231A461946EC
:109F9000184600F05BF8019440F2FF130093002391
:109FA0001A461946184600F051F8D9E701240194E1
:109FB0004FF40073009300231A461749B1F90010BB
:109FC0001648B0F9000000F041F8019440F2FF1388
:109FD000009300231A461249B1F90010184600F008
:109FE00035F8BDE7012401944FF40073009300237A
:109FF0001A461946184600F029F8019440F2FF135A
:10A00000009300231A461946184600F01FF8A7E7E8
:10A01000608A00241E0D0024200D0024240D00243D
:10A02000280D002408B5074BD3F80200F6F7CCFA48
:10A0300002460B46044801F075FA0120FEF732FD96
:10A04000F1E700BFC0890024F422010830B58DB0CB
:10A050009DF844C0BDF84040039400240494059446
:10A06000082506950794089409940A940B9440FADD
:10A0700005F48DF804408DF8050041FA05F08DF8DF
:10A0800006008DF8071042FA05F18DF808108DF8DA
:10A09000092043FA05F28DF80A208DF80B30BCF147
:10A0A000010F07D0BCF1020F0AD0BCF1030F0DD095
:10A0B0000DB030BD01AA03A90748FAF743F8F7E746
:10A0C00001AA03A90548FAF73DF8F1E701AA03A997
:10A0D0000348FAF737F8EBE7B0080024100800242B
:10A0E00070070024064B93F838303B2B03D8054B00
:10A0F00001221A807047034B00221A80704700BF6C
:10A10000188A00241E0D002408B5FFF7EBFF01207C
:10A11000FEF7C8FCF9E7000008B5144AB2F90010D0
:10A12000134B1980B2F902105980B2F904109980CA
:10A13000B2F90610D980B2F908101981917A997292
:10A14000D17AD972B2F90C105982B2F90E109982F3
:10A15000B2F91010D982917C1976D17C5976928A05
:10A160005A830120FEF79EFCD7E700BF888C0024AD
:10A17000608A00241D4BB3F9062007EE902AF8EE02
:10A18000E77A9FED1B7A67EE877A1A4A92ED007A9A
:10A1900077EE877ADB7A012B10D0B3EE097AF4EEF2
:10A1A000C77AF1EE10FA1BDCBBEE047AF4EEC77A44
:10A1B000F1EE10FA16D5FBEE047A13E00E4BD3F84D
:10A1C0000A30BFEE007A06EE903AF4EE476AF1EEFE
:10A1D00010FAE2D0084BD3F8023007EE903ADCE7F1
:10A1E000F3EE097A034BC3ED007A7047608A0024CE
:10A1F0006F1203BA300D0024C0890024234BB3F939
:10A20000042007EE902AF8EEE77A9FED217A67EEB8
:10A21000877A204A92ED007A77EE877ADB7A012BF3
:10A220000ED09FED1D7AF4EEC77AF1EE10FA19DD2B
:10A230009FED1A7A77EEC77A164BC3ED007A704716
:10A24000174BD3F80A30BFEE007A06EE903AF4EEE0
:10A25000476AF1EE10FAE4D0114BD3F8063007EE5E
:10A26000903ADEE79FED0F7AF4EEC77AF1EE10FA3E
:10A2700007D59FED0A7A77EE877A064BC3ED007A11
:10A280007047044BC3ED007A704700BF608A00241A
:10A290006F1283BA340D0024000034430000B4432D
:10A2A000C0890024000034C308B5FFF763FFFFF73F
:10A2B000A5FF08BD144BD3ED077A144B93ED007A3C
:10A2C00037EE677ADFED126AB4EEE67AF1EE10FA55
:10A2D00007D59FED107A77EEC77A0F4BC3ED007A62
:10A2E0007047DFED0E6AB4EEE67AF1EE10FA07DDA4
:10A2F0009FED087A77EE877A074BC3ED007A7047B7
:10A30000054BC3ED007A70472C8C0024340D0024DB
:10A31000000034C30000B443180D0024000034438F
:10A3200008B5DFED050A9FED050A054A002105483D
:10A3300000F08CFF08BD00BF00409C460050C346A3
:10A3400068000024E48B002410B5F0EE400A094CAC
:10A35000094B93ED010A204600F096FF94ED080AA0
:10A36000BDEEC00A10EE103A1BB200EE103AB8EE85
:10A37000C00A10BDE48B00242C8C002408B5DFED4E
:10A38000050AB3EE0E0A044A0021044800F05EFFFD
:10A3900008BD00BF000000005C0000249C8B00246E
:10A3A00010B5F0EE400A054C054B93ED000A20462F
:10A3B00000F06AFF94ED080A10BD00BF9C8B0024DA
:10A3C000180D002408B5DFED050A9FED050A054AC2
:10A3D0000021054800F03AFF08BD00BF00204B46B1
:10A3E0000050C34650000024548B002410B5F0EEFA
:10A3F000400A094C094B93ED020A204600F044FF45
:10A4000094ED080ABDEEC00A10EE103A1BB200EE41
:10A41000103AB8EEC00A10BD548B00242C8C0024D6
:10A4200008B5DFED050AB2EE040A044A002104482B
:10A4300000F00CFF08BD00BF000000004400002435
:10A440000C8B002410B5F0EE400A054C054B93ED43
:10A45000080A204600F018FF94ED080A10BD00BF5E
:10A460000C8B00242C8C002408B5104B93ED000AB3
:10A47000FFF796FF0E4B83ED000AFFF765FFBDEE79
:10A48000C00A0C4B10EE102A1A800B4B93ED000AF9
:10A49000FFF7D8FF094B83ED000AFFF7A7FFBDEEDA
:10A4A000C00A074B10EE102A1A8008BD340D002494
:10A4B0003C0D0024380D0024300D00242C0D002408
:10A4C000280D0024094BDB7A022B08D0084B4FF4EF
:10A4D00067421A80074B4FF4C8521A807047002316
:10A4E000034A1380034A1380704700BF608A002428
:10A4F000260D0024220D002408B5DFED050A9FED8E
:10A50000050A054A0021054800F0A0FE08BD00BF6D
:10A5100000401C4600007A4638000024C48A00240B
:10A5200010B500EE900A0A4BB3F9023000EE103A73
:10A53000084CF8EEE00AB8EEC00A204600F0A4FE8F
:10A54000D4ED087AFDEEE77A17EE903A18B210BD16
:10A55000188A0024C48A002408B5DFED050A9FED9F
:10A56000050A054A0021054800F070FE08BD00BF3D
:10A5700000401C4600007A462C0000247C8A0024FF
:10A5800010B500EE900A0A4BB3F90C3000EE103A09
:10A59000084CF8EEE00AB8EEC00A204600F074FE5F
:10A5A000D4ED087AFDEEE77A17EE903A18B210BDB6
:10A5B000188A00247C8A002408B5074BB3F90000F0
:10A5C000FFF7AEFF054B1880054BB3F90000FFF70E
:10A5D000D7FF044B188008BD260D0024240D00244D
:10A5E000220D0024200D002408B5FFF7EBFEFFF735
:10A5F00017FFFFF795FEFFF7C1FEFFF755FEFFF7C8
:10A6000059FEFFF731FFFFF75DFFFFF7D5FF012090
:10A61000FEF748FAF1E7000080B52D4D2D4C2E4A8B
:10A6200029462046FFF75EFB9FED2C3A2C4FB0EEFB
:10A63000434AF0EE433AD5ED022A95ED012AD5EDD5
:10A64000001A94ED021AD4ED010A94ED000A38467E
:10A6500000F0C0F9234DA5F108062B462A1F31460C
:10A66000384600F0B3FB15ED025ADFED1F7A25EEF8
:10A67000276A1E4B83ED006A55ED014A64EEA75A26
:10A68000C3ED015A96ED027A67EE277AC3ED027A9E
:10A690006268174B1A60A2685A60D4ED006AF1EE46
:10A6A000666AC3ED026AC3ED034A83ED045AB1EE54
:10A6B000477A83ED057AC3ED065A83ED076AF1EE1A
:10A6C000677AC3ED087A0120FEF7ECF9A5E700BF31
:10A6D0005C0D0024680D0024580D002400000000CB
:10A6E00000000024540D0024E02E6542400D00249B
:10A6F0002C8C002408B500221146FF2000F032FF08
:10A700004FF47A70FEF7CEF90022FF21104600F0D8
:10A7100029FF4FF47A70FEF7C5F9FF2200210846A1
:10A7200000F020FF4FF47A70FEF7BCF9E3E7000079
:10A73000F6EE007A60EE277A10EE103A074AA2EBA6
:10A74000630307EE103A67EE277A67EE277AB7EED3
:10A75000080A30EE670A27EE000A7047DF59375FB4
:10A7600010B52DED068B0446B0EE409AF0EE609ADF
:10A77000B0EE418AF0EE618AB0EE42AAF0EE62AA33
:10A78000F5EE401AF1EE10FA14BF01230023B5EEE6
:10A79000402AF1EE10FA18BF43F001032BB9F5EE91
:10A7A000402AF1EE10FA00F0938068EEA87A2AEEC3
:10A7B0000A7A77EE877A2AEEAA0A37EE800AFFF73E
:10A7C000B7FF68EE808A2AEE00AA6AEE80AA94EDAE
:10A7D000017AD4ED036A27EE266AD4ED007AD4ED2F
:10A7E000025A27EEA55A36EE456A27EE277A66EE1C
:10A7F000A55A37EE257A67EEA77AF6EE005A77EE7D
:10A80000E57A66EEA66A77EEA67A6AEE276A6AEEBF
:10A81000875A76EEE56A6AEE86AA68EEA77A7AEE3D
:10A82000E7AA68EE878A2AEE06AA78EECA8A624B01
:10A83000D3ED007AF5EEC07AF1EE10FA40F3B38072
:10A84000D3ED007A67EEA67A9FED5C7A67EE877AA1
:10A850005B4991ED006A76EE277AC1ED007AD3ED7F
:10A86000007A67EEAA7A67EE877A564A92ED006A16
:10A8700076EE277AC2ED007AD3ED007A67EEA87AF9
:10A8800067EE877A504B93ED007A77EE277AC3ED27
:10A89000007AD1ED007A39EE279AD2ED007A79EE7E
:10A8A000A79AD3ED007A38EE278A484BD3ED007A89
:10A8B00067EEA67A39EE279AD3ED007A67EEAA7A88
:10A8C00079EEA79AD3ED007A67EEA87A38EE278A58
:10A8D000DFED3F7A29EE270A69EEA70A28EE271A4C
:10A8E000D4ED006A94ED017AD4ED027A27EE409A15
:10A8F00020EEA76A39EE469AD4ED039A29EE816AD2
:10A9000039EE469A39EE269A84ED009A60EE268A50
:10A9100021EE276A78EE868A29EEA06A78EEC68A4A
:10A9200078EE878AC4ED018A20EEA68A21EE076AB6
:10A9300038EE468A29EE806A38EE068A38EE278A93
:10A9400084ED028A21EE261A60EE870A31EE201A83
:10A9500020EE270A31EE401A79EE819AC4ED039A6F
:10A9600069EE097A28EEA87A77EE877A28EE087AD7
:10A9700077EE877A29EEA90A37EE800AFFF7D8FE2C
:10A9800029EE009A84ED009A68EE808AC4ED018A6F
:10A9900028EE008A84ED028A69EE809AC4ED039A5B
:10A9A000BDEC068B10BD0023054A1360054A1360F9
:10A9B000054A136079E700BF5C8C00246F12833A6C
:10A9C000588C0024548C0024508C002474000024E3
:10A9D0006F12033A10B52DED108B86B00446B0EE21
:10A9E000409AF0EE609AB0EE418AF0EE61BAF0EE75
:10A9F000428AB0EE62CAB0EE43AAB0EE63BAF0EE9D
:10AA000044AAB5EE403AF1EE10FA0CBF0123002340
:10AA1000F5EE403AF1EE10FA03F0010318BF0023FF
:10AA20002BB1B5EE404AF1EE10FA00F0B681F5EE2A
:10AA300040BAF1EE10FA14BF01230023F5EE408A6C
:10AA4000F1EE10FA18BF43F001032BB9B5EE40CA7E
:10AA5000F1EE10FA00F035816BEEAB7A28EEA87AB1
:10AA600077EE877A2CEE0C0A37EE800AFFF760FE4D
:10AA70006BEE805ACDED025A28EE805A8DED035AC6
:10AA80006CEE004ACDED044A6AEE0A7A2BEE0B7AA0
:10AA900077EE877A2AEEAA0A37EE800AFFF748FE99
:10AAA0002AEE00AA2BEE00BA6AEE80AAD4ED007A54
:10AAB00027EEA77A8DED057AD4ED01BA27EEABFA31
:10AAC000D4ED028A67EEA8FA94ED03DA67EE8D7A88
:10AAD0006BEEABCA6BEEA86A6BEE8DBA68EEA8EAB5
:10AAE00068EE8D8A2DEE0DDAB6EE00EA3EEE6ECA05
:10AAF0003CEE4DCA2CEE0A7A76EEE7DA2DEE8B6A42
:10AB000037EE067A3FEEAB6A8DED016A26EE2A6AD1
:10AB100037EE067A37EE077A77EEA67A67EE8A7A0C
:10AB20007EEE6CCA7CEECD6A66EE8B6A77EEA67A14
:10AB300078EECF6A66EEAA6A77EEA67A77EEA77A03
:10AB400027EE077A67EEA77A77EE277A17EE900A54
:10AB5000F5F73AFD41EC100B06F0DAFE51EC100B64
:10AB6000F5F78AFD07EE100A7BEEEFBA6BEE8A7AF4
:10AB70007FEE288A68EE8B6A77EEA67A7CEEEECAC4
:10AB80006CEEAA6A77EEA67A77EEA77ADDED056A13
:10AB900076EECE6A76EE8D6A2CEE07CA2BEEA76AA9
:10ABA0003CEE06CA6DEE87DA28EEA76A7DEE86DAFD
:10ABB0009DED016A26EE077A6CEEA7CA77EE2C7A35
:10ABC0009DED035A25EE266ADDED044A28EEA47AAF
:10ABD00036EE476A2BEE277A6AEEAD5A37EE657A83
:10ABE00036EE076A2BEEA47ADDED025A65EEA66A10
:10ABF00077EE666A6AEE8CAA6AEE277A7AEEE7AAA0
:10AC000076EEAA7A68EEA58A6BEE85BA78EEEB8AC4
:10AC10002AEE2DAA2BEE0CBA3AEE4BAA78EE8A8ACF
:10AC2000634B93ED007AB5EEC07AF1EE10FA40F383
:10AC3000B78093ED007A27EE067ADFED5E6A27EEA5
:10AC4000267A5D49D1ED005A35EE877A81ED007A9A
:10AC500093ED007A27EE277A27EE267A574AD2ED2F
:10AC6000005A35EE877A82ED007A93ED007A27EE6E
:10AC7000287A27EE267A524BD3ED006A36EE877A91
:10AC800083ED007A91ED007A39EE079A92ED007A21
:10AC900079EE879A93ED007A38EE078A494B93ED67
:10ACA000007A27EE067A39EE079A93ED007A67EE7E
:10ACB000277A79EEA79AD3ED007A67EEA87A38EE74
:10ACC000278ADFED417A29EE279A69EEA79A28EEC6
:10ACD000278A94ED006AD4ED016A94ED027A66EE5B
:10ACE000C9AA69EE877A7AEEE7AAD4ED037A67EE0D
:10ACF000885A7AEEE5AA7AEE86AAC4ED00AA29EE71
:10AD000006AA68EE075A3AEE25AA67EEA95A3AEE65
:10AD100065AA3AEE26AA84ED01AA69EE868A68EE53
:10AD2000265A78EEE58A67EE895A78EEA58A78EE9B
:10AD3000878AC4ED028A28EE068A69EEA69A38EE62
:10AD4000298A29EE079A38EE498A37EE888A84EDF7
:10AD5000038A6AEEAA7A2AEE0A7A77EE877A28EED2
:10AD6000A87A77EE877A28EE080A37EE800AFFF78E
:10AD7000DFFC6AEE80AAC4ED00AA2AEE00AA84EDE8
:10AD800001AA68EE808AC4ED028A28EE008A84ED6A
:10AD9000038A06B0BDEC108B10BDFFF7E1FCF8E7AD
:10ADA0000023054A1360054A1360054A136075E7DE
:10ADB0005C8C00246F12833A588C0024548C00243D
:10ADC000508C0024740000246F12033AF8B52DED66
:10ADD000028B04460F4616461D46D0ED000A90ED44
:10ADE000030A20EE800AD0ED017A90ED027A27EE78
:10ADF000877A30EE070A60EEA00A67EEA77A70EE57
:10AE0000A70A70EEA00AB7EE008A70EEC80A30EE0C
:10AE1000000A06F0DDFD87ED000AD4ED017A94ED1D
:10AE2000037A67EE877A94ED007AD4ED026A27EE12
:10AE3000267A77EEC77AB8EE000A27EE800A06F087
:10AE40009BFD86ED000AD4ED000A94ED010A20EE88
:10AE5000800A94ED027AD4ED037A27EE277A30EE59
:10AE6000070A60EEA00A67EEA77A70EEA70A70EEF6
:10AE7000A00A70EEC80A30EE000A06F0A9FD85EDC2
:10AE8000000ABDEC028BF8BD08B509E00E4B0022AC
:10AE90001A8002E00C4B00221A800120FDF702FE0E
:10AEA0000A4BB3F9023003F596739BB2B3F5167FE4
:10AEB000F0D9074BB3F9083013F5967FE6DA024B69
:10AEC00040F2DC521A80E8E7140D0024188A0024AE
:10AED000608A002400B59BB00023129313930222D2
:10AEE0001492012215921693179312A94248F9F76A
:10AEF000AFF800285BD100230093022211463E48A0
:10AF0000F9F7EBF8002855D1002201213A48F9F76A
:10AF100047FA002851D13848F9F7FAF800284FD1FC
:10AF200000230A930B9302220C9201220D920E939E
:10AF30000F930AA93148F9F78BF8002843D1002371
:10AF40000093022211462D48F9F7C7F800283DD199
:10AF5000002201212948F9F723FA002839D127488E
:10AF6000F9F7D6F8002837D1002302930393022281
:10AF70000492012205920693079302A92048F9F74B
:10AF800067F860BB00230093022211461C48F9F7C2
:10AF9000A4F838BB002201211948F9F701FA20BBB7
:10AFA0001748F9F7B5F818BB1BB05DF804FBF6F7C6
:10AFB0009BFBA0E7F6F798FBA6E7F6F795FBAAE759
:10AFC000F6F792FBACE7F6F78FFBB8E7F6F78CFBEA
:10AFD000BEE7F6F789FBC2E7F6F786FBC4E7F6F7AC
:10AFE00083FBCFE7F6F780FBD4E7F6F77DFBD7E7E7
:10AFF000F6F77AFBD8E700BFB00800241008002459
:10B000007007002400283FD0F8B50C4606460B78A0
:10B010001B09037148788A78C97823791F0947EAA0
:10B0200001171D0205F4706563791D431021F2EECE
:10B03000090ABAEE090A42EA002000F0F3F886EDA8
:10B04000020A0C21F2EE040ABAEE040A384600F0B5
:10B05000E9F886ED030A0C21F3EE0C0ABBEE0C0AAC
:10B06000284600F0DFF886ED040AA37907EE903A4F
:10B07000F8EE677AC6ED057AE37907EE903AF8EED6
:10B08000677AC6ED067AF8BD7047000011F0010F2F
:10B0900000D1704710B58CB004466B4602AA40211F
:10B0A000F9F78CF848B923684D4A934207D04D4AC6
:10B0B000934238D04C4A934265D00CB010BD029BED
:10B0C000112B2BD0F9D3A3F20122062AF5D8DBB23B
:10B0D000013BDBB2454903EB830201EB420031F94E
:10B0E000124004819DF800C09DF8014044EA0C2400
:10B0F00021F812409DF80220120212B29DF803407E
:10B10000224342809DF80420120212B29DF80540AD
:10B11000224382809DF806208271CEE7694634483A
:10B12000FFF770FFC9E7029BA3F20122062AC4D8E9
:10B13000DBB2013BDBB22F4903EB830201EB4200A0
:10B1400031F9124004819DF800C09DF8014044EAA5
:10B150000C2421F812409DF80220120212B29DF830
:10B160000340224342809DF80420120212B29DF84F
:10B170000540224382809DF8060003EB830201EB29
:10B180004203987199E7029BA3F20122062A94D800
:10B19000DBB2013BDBB2174903EB830201EB420058
:10B1A00031F9124004819DF800C09DF8014044EA45
:10B1B0000C2421F812409DF80220120212B29DF8D0
:10B1C0000340224342809DF80420120212B29DF8EF
:10B1D0000540224382809DF8062082716DE700BF02
:10B1E00000A0004000A4004000D40040188A0024C1
:10B1F000608C0024D089002410B5084C282200213E
:10B20000204600F0C1FC0323237001236370112248
:10B21000A270E370024B636210BD00BF608C00241B
:10B22000CDCCCC3E07EE900A70EEC00AF8EEE77A7D
:10B2300027EEA07A01238B40013B07EE903AF8EE0F
:10B24000E77AC7EE276A36EE800A70479446002AEE
:10B2500018BF002817D0017012684260DCF8042083
:10B260008260DCF80820C26080ED040AC0ED050AA7
:10B2700000228263426302630262C26282624262AD
:10B2800042640264C26370470346002800F0A38052
:10B29000D0ED107AC0ED117A90ED0F7A80ED107A32
:10B2A000C0ED060A80ED070A70EEC00AC0ED0F0A75
:10B2B0000278002A4CD1D0ED017A60EEA77AC0ED79
:10B2C000097AD0ED0A6A90ED026A20EE866A76EE7F
:10B2D000866AC0ED0A6A426B8263026B426370EE5B
:10B2E000C70AC0ED0C0A90ED037A60EE870AC0ED44
:10B2F0000B0A90ED057AF4EEC76AF1EE10FA13DD51
:10B3000080ED0A7A93ED0A7A77EE877A70EEA70AD3
:10B31000C3ED080AD3ED047AF4EEE70AF1EE10FA71
:10B320000CDDC3ED087A15E0B1EE477AF4EEC76A9A
:10B33000F1EE10FAE6D580ED0A7AE3E7F1EE677AEE
:10B34000F4EEE70AF1EE10FA04D5C3ED087A01E055
:10B35000012A02D093ED080A7047D0ED016A30EE61
:10B36000C76A66EE866AC0ED096A90ED026A20EE51
:10B37000866A80ED0A6A426B8263026B426337EE33
:10B38000077A70EEC70A77EEA07AC0ED0C7A90EDDE
:10B39000037A67EE877AC0ED0B7A90ED087A76EE45
:10B3A000866A77EEA67A77EE277AC0ED087A90ED76
:10B3B000047AF4EEC77AF1EE10FA02DD80ED087A35
:10B3C000C8E7B1EE477AF4EEC77AF1EE10FAC1D5CC
:10B3D00080ED087ABEE79FED010A7047000000008B
:10B3E00000295FD010B50B4691F800E04A784EEA8C
:10B3F000022ECEF30A0EA0F800E04A7891F802C0BF
:10B400004FEA4C1C4CEAD20CCCF30A0CA0F802C058
:10B410008978DA78920042EA9112197942EA812217
:10B42000C2F30A0282801C795979C90141EA5401A8
:10B43000C1F30A01C180AEF5806EA0F800E0ACF562
:10B44000806CA0F802C0A2F580628280A1F58061C4
:10B45000C1805A79C2F3011282725A799209C2727A
:10B460009A79D97942EA012282811A7A597A42EA92
:10B470000122C2819A7AD97A42EA012202821A7B97
:10B4800082745A7BC2749A7BD97B42EA01228282FF
:10B490001A7C5B7C42EA0323A3F5806303810123CA
:10B4A000C38210BD704700000268094B9A4200D069
:10B4B000704710B50446122905D0242205492046BC
:10B4C000FDF78AFA10BD03490348FFF789FFF4E747
:10B4D00000500040A08C0024888C002408B502682D
:10B4E000044B9A4200D008BD24220349FDF774FAA8
:10B4F000F9E700BF00500040A08C0024074B8342B6
:10B5000000D0704710B5064C2078FEF7CFF9012225
:10B5100021460248FDF7A8F910BD00BFDC11002448
:10B520001C0D00240FB410B502AA52F8041B094BDD
:10B530001A60094C204600F00BFB82B2074B1A80C0
:10B540000A2321460648FDF737F8BDE8104004B04D
:10B55000704700BFC88D0024C88C0024C48C002410
:10B560004811002410B588B000238DF807300EE094
:10B570004FF0600C14E04FF0600C1EE04FF0600CD8
:10B58000C3F1170420346C4404F818CC0133072BA2
:10B5900021DC41FA03F414F0010FE9D04FF0780CEC
:10B5A000C3F1070420346C4404F818CC40FA03F4C7
:10B5B00014F0010FDFD04FF0780CC3F10F042034EA
:10B5C0006C4404F818CC42FA03F414F0010FD5D0FF
:10B5D0004FF0780CD4E74FF6FF7300220DF107010E
:10B5E0000F48FBF733F90E4B93F88130DBB2012B98
:10B5F000F9D14FF6FF73182202A90948FBF726F983
:10B60000002408E04FF6FF7301220DF10701044802
:10B61000FBF71CF90134632CF4DD08B010BD00BF4A
:10B62000640E00242DE9F047089D0E4604460F469F
:10B63000002B4AD194468C45B2FA82F260D942B1CD
:10B64000C2F12003974020FA03F30CFA02FC1F43D7
:10B6500094404FEA1C4E1FFA8CF6B7FBFEF1230C08
:10B660000EFB117743EA074301FB06F098420AD923
:10B670001CEB030301F1FF3780F01581984240F283
:10B680001281023963441B1AA4B2B3FBFEF00EFB15
:10B69000103344EA034400FB06F6A6420AD91CEB29
:10B6A000040400F1FF3380F00081A64240F2FD80E7
:10B6B0006444023840EA0140A41B00211DB1D4407B
:10B6C0000023C5E90043BDE8F0878B4205D90DB1E1
:10B6D000C5E9000100210846F5E7B3FA83F1002926
:10B6E00046D1B34202D3824200F2F580841A66EB5F
:10B6F000030201201746002DE5D0C5E90047E2E727
:10B70000002A40F09380A1EB0C034FEA1C471FFA7C
:10B710008CFE0121B3FBF7F607FB1630230C43EA3E
:10B7200000430EFB06F0984208D91CEB030306F118
:10B73000FF3802D2984200F2D08046461B1AA4B2CB
:10B74000B3FBF7F007FB103344EA03440EFB00FEA3
:10B75000A64508D91CEB040400F1FF3302D2A6452C
:10B7600000F2B6801846A4EB0E0440EA0640A5E7B6
:10B77000C1F120078B4022FA07FC4CEA030C06FAC1
:10B7800001FE20FA07F426FA07F344EA0E0400FA51
:10B7900001F84FEA1C404FEA1449B3FBF0FE1FFAD0
:10B7A0008CF600FB1E3349EA03430EFB06F999456C
:10B7B00002FA01F20BD91CEB03030EF1FF3A80F001
:10B7C0008580994540F28280AEF1020E6344A3EB7E
:10B7D0000909A4B2B9FBF0F300FB139944EA094448
:10B7E00003FB06F6A64208D91CEB040403F1FF3064
:10B7F00068D2A64266D9023B644443EA0E40A41BC9
:10B80000A0FB02E6B4427346B14652D34FD05DB1BD
:10B81000B8EB030264EB090404FA07F722FA01F318
:10B820001F43CC40C5E9007400214CE7C2F1200160
:10B8300020FA01F30CFA02FC26FA01F19640334398
:10B840004FEA1C471FFA8CFEB1FBF7F007FB1016FE
:10B85000190C41EA064100FB0EF68E4204FA02F48E
:10B8600008D91CEB010100F1FF382DD28E422BD9F3
:10B8700002386144891B9BB2B1FBF7F607FB161136
:10B8800043EA014306FB0EF1994208D91CEB03037E
:10B8900006F1FF3814D2994212D9023E63445B1A72
:10B8A00046EA004136E73946EDE6184602E7F0453C
:10B8B000ADD2BEEB020366EB0C060138B146A6E73B
:10B8C0004646ECE7034698E74046D3E7D6467EE790
:10B8D0006444023847E708460DE7023E63442DE71B
:10B8E000024A0349034800F0C9B800BF78000024A9
:10B8F0008DE10008880000240C4B4168994210B586
:10B90000044601D002F042FCA168094B994202D0E2
:10B91000204602F03BFCE168064B994204D02046E9
:10B92000BDE8104002F032BC10BD00BFCC8D002439
:10B93000348E00249C8E00242DE9F843314A324C89
:10B940003249DFF8DC90DFF8DC80314F11600025F0
:10B9500004232946082204F15C00C4E903352D4E76
:10B96000A560C4E90055C4E90555656600F00CF909
:10B9700004F15800C4E90749C4E90987E66200F008
:10B980000DFA2946244B6367082204F1C400C4E978
:10B990001A55C4E91E552567C4F8CC50C4F8805028
:10B9A00000F0F2F804F1680304F1C000C4F8843038
:10B9B000C4E92298C4E9247600F0F0F9174BC4F8E2
:10B9C000DC30294604F596700822C4E93455C4E9F0
:10B9D0003855C4F8D850C4F83451C4F8E85000F0D1
:10B9E000D3F804F1D003C4E93D87C4F8F09004F51E
:10B9F0009470C4F8FC60C4F8EC30BDE8F84300F083
:10BA0000CDB900BF048F0024CC8D0024E1B800081C
:10BA100025BB000849BB0008090001001200020014
:10BA2000C1BA0008E5BA000810B504460A4800F09B
:10BA3000B9F9636B23B9094B094A1B68626323B1E7
:10BA4000BDE81040044800F0AFB9FFF775FFBDE84E
:10BA50001040014800F0A8B9148F0024048F00247E
:10BA6000F9B80008014800F09DB900BF148F002408
:10BA7000014800F099B900BF148F00242DE9F84364
:10BA80000746884616464FF00009D6E90154013DA5
:10BA900010D4A389012B08D9B4F90E300133214603
:10BAA000384602D0C04749EA0009013D6B1C04F149
:10BAB0006804EED13668002EE7D14846BDE8F88329
:10BAC00010B50C46B1F90E1000F00EF9002803DB9A
:10BAD000236D0344236510BDA38923F48053A38100
:10BAE00010BD00BF2DE9F0410C46B1F90C101F4606
:10BAF000CB05054616460BD421F48051A1813B4667
:10BB0000B4F90E1032462846BDE8F04100F002B903
:10BB1000B4F90E100223002200F0D0F8B4F90C1092
:10BB2000EAE700BF10B50C46B1F90E1000F0C6F8F8
:10BB3000B4F90C30421C0EBF23F4805343F48053FD
:10BB40002065A38110BD00BFB1F90E1000F06EB8E2
:10BB500070B59AB013460A4E0A466FF00041029142
:10BB600005910849039104460025306819956946F6
:10BB70000094049400F040FD009B1D701AB070BD4D
:10BB8000840000240802FFFF830730B547D0541E0D
:10BB9000002A3ED0CAB2034601E0013C39D303F883
:10BBA000012B9D07F9D1032C2CD9CDB205EB05252E
:10BBB0000F2C05EB054535D9A4F1100222F00F0C2E
:10BBC00003F1100EE6444FEA121C1A46C2E9005572
:10BBD000C2E9025510327245F8D10CF1010214F09D
:10BBE0000C0F03EB021204F00F0C13D0ACF10403A2
:10BBF00023F003030433134442F8045B9342FBD164
:10BC00000CF003042CB1C9B21C4403F8011BA3427D
:10BC1000FBD130BD64461346002CF4D1F9E703464E
:10BC20001446C0E71A46A446E0E700BF38B5074D02
:10BC30000022044608462A60F6F74EF8431C00D05E
:10BC400038BD2B68002BFBD0236038BD088F002443
:10BC5000194B1B6883422ED0416C70B5054681B1EB
:10BC600000268C593CB121462468284600F00AF988
:10BC7000002CF8D1696C0436802EF2D1284600F0F1
:10BC800001F9A96B11B1284600F0FCF82C6C34B115
:10BC900021462468284600F0F5F8002CF8D1E96C1C
:10BCA00011B1284600F0EEF86B6B1BB12846BDE8D9
:10BCB0007040184770BD70478400002438B50C46AA
:10BCC000084D8446114620461A4600232B606446E0
:10BCD000F6F70CF8431C00D038BD2B68002BFBD0C6
:10BCE000236038BD088F002438B50C46084D8446C3
:10BCF000114620461A4600232B606446F5F7CEFF16
:10BD0000431C00D038BD2B68002BFBD0236038BD0E
:10BD1000088F002438B50C46084D8446114620464D
:10BD20001A4600232B606446F5F7C8FF431C00D079
:10BD300038BD2B68002BFBD0236038BD088F002452
:10BD4000014B1868704700BF8400002470B50F4B8A
:10BD50000F4DAB42A3EB050607D0B610002455F8F3
:10BD6000043B01349847A642F9D806F0B5F9094DCD
:10BD7000094B5E1BAB424FEAA60606D0002455F8DD
:10BD8000043B01349847A642F9D870BDB827010892
:10BD9000B8270108B8270108C0270108704700BF6D
:10BDA000704700BF704700BF704700BF024B13B120
:10BDB000024800F005B870470000000079E4000870
:10BDC000002301461A46184602F0AABB2DE9F843A3
:10BDD00006460820894602F063FBDFF8A48005468A
:10BDE000304600F0FDFBD8F808305F6827F0030705
:10BDF000A7F11104A4EB09042C44B4FBF5F4013CB5
:10BE000005FB04F4A54208DC0021304602F022FBC9
:10BE1000D8F808303B44984205D0304600F0E6FBA5
:10BE20000020BDE8F8836142304602F013FB013088
:10BE30000FD0114AD8F808303F1B47F001075F6068
:10BE4000136830461B1B136000F0D0FB0120BDE8D7
:10BE5000F8830021304602F0FDFAD8F80820831A52
:10BE60000F2BDADD43F001035360044B02491B68DA
:10BE7000C01A0860D1E700BF1C8F0024CC01002449
:10BE8000D801002400297CD02DE9F0410C468046E1
:10BE900000F0A6FB54F8043C754FA4F1080523F00C
:10BEA00001016818BE684268864222F0030200F071
:10BEB0008380DE07426000EB020C33D454F8084C58
:10BEC000DCF804302D1B2144AC6807F1080C6445F4
:10BED00003F0010364D0D5F80CE0C4F80CE0CEF810
:10BEE0000840002B00F0818041F001036B6001608D
:10BEF000B1F5007F22D27868CB08012249090133CD
:10BF00008A40024357F833107A6007EBC302083ABD
:10BF1000C5E9021247F83350CD604046BDE8F04114
:10BF200000F064BBDCF80430DB072BD541F00103E3
:10BF3000B1F5007F44F8043C0160DCD3B1F5206F1B
:10BF40004FEA512353D28B0903F1390003F1380230
:10BF5000C300F818FB580838984203D161E09B6889
:10BF6000984204D05A6822F003028A42F7D8D8686F
:10BF7000C5E902308560DD604046BDE8F04100F073
:10BF800035BB7047114407F1080C836863453FD007
:10BF9000C268DA60936041F001036B606950A7E703
:10BFA000002B5FD10A44D0E90213CB60996042F0C4
:10BFB00001036B60AA50B0E7DB070A4407D454F8CA
:10BFC000083CED1A1A44D5E90213CB60996042F09F
:10BFD00001036B60274BBD601B6893429DD8264BC5
:10BFE00040461968FFF7F2FE97E71144CDE7142B9E
:10BFF00008D9542B1DD80B0B03F16F0003F16E020F
:10C00000C300A6E703F15C0003F15B02C300A0E7F5
:10C0100041F00103C7E90455C5E902CC6B606950E2
:10C020007BE779689210012404FA02F20A437A60ED
:10C030009EE7B3F5AA7F06D8CB0B03F1780003F196
:10C040007702C30085E740F25452934206D88B0C26
:10C0500003F17D0003F17C02C3007AE74FF47E73A5
:10C060007E2276E741F001036B60016055E700BF77
:10C07000D8010024D00100244C8F00242DE9F04F7A
:10C0800001F10B05162D83B0064623D8102900F2C6
:10C09000AF8000F0A5FA102518230220B74F3B44CB
:10C0A000A3F108025C68944200F01E816368E268B4
:10C0B000A16823F00303CA602344304691605A68A4
:10C0C00042F001025A6000F091FA0834204603B0B1
:10C0D000BDE8F08F35F0070500F18A80A94200F233
:10C0E000878000F07DFAB5F5FC7FC0F06E816B0AA9
:10C0F00000F08280042B00F21D81AB0903F13900AE
:10C1000003F1380EC3009D4F3B44A3F1080C5C685B
:10C11000A44507D10DE0002AE16880F2DF808C455C
:10C1200007D00C46636823F003035A1B0F2AF2DD85
:10C130007046DFF860823C69444500F0BC8063686B
:10C1400023F0030CACEB05030F2B00F34281002B13
:10C15000C7E9048880F22D81BCF5007FD7F804E0A0
:10C1600080F0C8804FEADC0101314FEA5C1C0123FA
:10C1700003FA0CF357F83120A2604EEA030E07EBE6
:10C18000C103083BE360C7F804E047F83140D460DE
:10C1900083104FF0010C0CFA03FCF44532D81CEA72
:10C1A0000E0F08D120F003004FEA4C0C1CEA0E0FD2
:10C1B00000F10400F8D007EBC00AD6468146DEF84D
:10C1C0000C300BE0596821F003014A1B0F2A1C4672
:10C1D000DB6800F3BB80002A80F2DE809E45F1D14F
:10C1E00009F1010919F0030F0EF1080EE7D119E169
:10C1F0000C233360002469E74FF4007340204FF0B4
:10C200003F0E80E7BC68636823F00309A94503D3A8
:10C21000A9EB05030F2B51DC594B1B68082003F1D8
:10C22000100804EB0903009302F03AF9554A136829
:10C230000133A844834605D008F1FF3880444342C7
:10C2400003EA08084146304602F004F9B0F1FF3F26
:10C250004C4A824600F0D880009B834200F2D28094
:10C26000494B186840440BF1FF311860844640F098
:10C27000FC801AEA010F40F0F880D7F808A0C84403
:10C2800048F00102CAF80420404B1968814238BFC7
:10C2900018603F4B1968814238BF1860544622F03D
:10C2A0000308A845A8EB050301D30F2B06DC304695
:10C2B00000F09CF99EE7D7F804E069E7621943F0C3
:10C2C000010345F0010565603046BA60536000F037
:10C2D0008DF90834204603B0BDE8F08FA2682344EE
:10C2E000D16030468A60EAE6DC68A3427FF4DEAEC5
:10C2F00002301EE7BCF5206F4FEA5C227BD3142A84
:10C3000000F2128102F15C03DB005B32F918FB588A
:10C310000839994203D1ECE09B68994204D05A68ED
:10C3200022F003026245F7D8D968C4E902318C6073
:10C33000DC602DE7142B6AD9542B00F2FE802B0B06
:10C3400003F16F0003F16E0EC300DCE6D4F808C001
:10C350003046661945F001056560CCF80C30C3F82D
:10C3600008C042F00103C7E90466C6E902887360A9
:10C37000625000F03BF90834A8E600BFD801002461
:10C380004C8F0024CC0100241C8F0024488F0024F3
:10C39000448F0024E0010024214430464A6842F0E2
:10C3A00001024A6054F8082FD3609A6000F01EF929
:10C3B0008CE6A4443046DCF8043043F00103CCF8AA
:10C3C000043000F013F9083480E6E80805F10803AA
:10C3D00064E6621943F0010145F0010565603046ED
:10C3E000C7E90422C2E90288516044F80C3000F029
:10C3F000FDF808346AE64FEA9C1202F13903DB00CB
:10C40000383283E7BC4228D0BC68626847E703F152
:10C410005C0003F15B0EC30075E65AF8083953451A
:10C4200040F0D98010F0030F00F1FF30F5D17B68A8
:10C4300023EA0C037B604FEA4C0C9C453FF6E2AECE
:10C44000BCF1000F04D1DDE64FEA4C0C09F1040900
:10C450001CEA030FF8D04846ADE6604B186808EBBD
:10C46000000C0BF1FF31C3F800C0106801306ED032
:10C47000009AAAEB020262441A601AF00702CDE9A0
:10C48000002340D0C2F108029244D04408EA0100DF
:10C490005A44121A02EA010B5946304601F0DAFFFB
:10C4A000421C019B6FD0A0EB0A0000EB0B08186840
:10C4B000C7F808A048F001025844BC42CAF804205A
:10C4C00018603FF4E1AEB9F10F0F43D96168A9F1EB
:10C4D0000C0222F0070201F00101114361604FF0EC
:10C4E000050CA1180F2AC1E901CC54D8DAF80420B0
:10C4F000CAE692104FF0010C0CFA02F24EEA020E5C
:10C50000C7F804E011E70AEB08020A40ABEB0202AD
:10C5100002EA010B5946304601F09CFF431C019B87
:10C52000C1D1DDF800B0C2E7542A17D84FEA1C3257
:10C5300002F16F03DB006E32E8E6B3F5AA7F17D88D
:10C54000EB0B03F1780003F1770EC300DBE5C2F8D3
:10C5500000A092E70123CAF80430A8E6B2F5AA7F4A
:10C5600024D84FEADC3202F17803DB007732CDE6E3
:10C5700040F25452934224D8AB0C03F17D0003F1F6
:10C580007C0EC300BFE5009A083A9044A8EB0A0865
:10C590004FF0000B8BE7304604F108010093FFF7E2
:10C5A00071FC009BD7F808A018689FE740F254532D
:10C5B0009A420CD84FEA9C4202F17D03DB007C32A8
:10C5C000A4E64FF47E737F204FF07E0E9BE54FF480
:10C5D0007E737E229AE67B682DE700BF1C8F0024C5
:10C5E0000148FFF7DFBB00BF0C8F00240148FFF7B5
:10C5F000DBBB00BF0C8F00242DE9F04FD9B00C46F7
:10C60000099115460B93834601F020FF03681693AA
:10C610001846F4F795F900211490082228A8FFF78E
:10C62000B3FAA389190603D52369002B00F05E87AE
:10C630009FED7F7B0023CDE92D33CDE917338DEDC1
:10C64000107B2FAA0E932C92144615931C931993CA
:10C6500006932E46B246784BD3F8E45001F0F0FE34
:10C6600028AA0346009224A952465846A847002803
:10C6700000F0B180C0F2A780249A252A034601D099
:10C680009A44E8E7BAEB0607054640F0A880002385
:10C6900019464FF0FF328DF8873007930AF1010AEF
:10C6A0009AF80030059204910AF1010AA3F12002E0
:10C6B0005A2A00F2C380DFE812F0F402C100C10080
:10C6C000ED02C100C100C1006A00C100C1003F020B
:10C6D0005102C1004A020603C100FF025B005B0079
:10C6E0005B005B005B005B005B005B005B00C1000C
:10C6F000C100C100C100C100C100C1003B01C100B7
:10C70000BE01D3023B013B013B01C100C100C1009E
:10C71000C100CC02C100C1008802C100C100C1003B
:10C72000E801C1005702C100C100B206C100C1004A
:10C73000C100C100C100C100C100C1003B01C10076
:10C74000BE011A023B013B013B01A0021A027F001D
:10C75000C100C202C100B302D80622037F00C1009B
:10C76000E8017C00AE06C100C100DB06C1007C0010
:10C77000A3F1300200211AF8013B01EB810102EB29
:10C780004101A3F13002092AF5D907918EE75846F5
:10C7900001F05CFE436819931846F4F7D1F81C9039
:10C7A0000546584601F052FE83681793002D40F06D
:10C7B000B7859AF8003077E7049B43F02003049391
:10C7C0009AF8003070E70822002128A8FFF7DCF96A
:10C7D00001239A443FE7BAEB0607054610D02E9B8B
:10C7E0003B442E932D9B0133072BC4E900672D9307
:10C7F00015DC0834069B3B440693002D7FF447AFBD
:10C800002E9B002B41F09381099B9B8903F04003F1
:10C81000002B41F09283069859B0BDE8F08F09993A
:10C820002CAA584601F086FC0028EDD12FACE1E798
:10C830000000000000000000E00500240C93002B25
:10C84000DED000228DF8FC3001238DF88720029382
:10C850000A920893059212920F920D923FAE049B9A
:10C8600013F0020302D002990231029104992E9D25
:10C8700011F0840805D1079902980F1A002F00F3D0
:10C88000A1806AB1012262602D9A013201350DF159
:10C890008701072A2E952D92216000F3DB8308344F
:10C8A0006BB12D9B22AA013302352260072B4FF07A
:10C8B00002022E952D93626000F3C1830834B8F113
:10C8C000800F00F0C482059B089A9F1A002F00F386
:10C8D000FE82049BDA0500F12482089B63601D44FC
:10C8E0002D9B26600133072B2E952D9300F33F835C
:10C8F0000834049B5A0705D5079B029A9E1A002EFE
:10C9000000F3B583DDE9063202998A42ACBF9B1879
:10C910005B180693002D40F00B8300232D930A9B98
:10C920001BB10A995846FFF7ADFA2FAC564691E66F
:10C930000C930B9B073323F00703B3EC027B58ECFB
:10C94000177B0B9328F000431B938DED1A7ADDE9DA
:10C950001A01AF4B4FF0FF328DED107BF4F7F6FA72
:10C96000002840F00285DDE91A01A94B4FF0FF32A3
:10C97000F4F7CEFA002840F0F8840022002338466D
:10C980004146F4F7BBFA002841F021809DF887204A
:10C99000049BA04E23F0800304939F4B0C994729DE
:10C9A000D8BF1E46002303210A93029108910593E4
:10C9B00012930F930D93002A3FF451AF029B013362
:10C9C00002934CE795492D9A1391102F25DD2146AE
:10C9D0002846099C914D1D934FF0100904E0103F2B
:10C9E000102F01F1080115DD01321030072AC1E9CD
:10C9F0000059CDE92D20F2DD2CAA2146584601F040
:10CA000099FB002840F09C82103F102FDDE92D207B
:10CA10002FA9E9DC1D9B0C460546013213992160C4
:10CA20003D44072ACDE92D25676000F3D4869DF8A3
:10CA30008720083425E70B9A0C93432B02F1040559
:10CA400003D0049BDA0640F11785082200212AA8AA
:10CA5000FFF79AF80B9B3FAE1A6831462AAB58464F
:10CA600003F060F903460133089001F06182089BEE
:10CA700023EAE373029300220B958DF887200A9234
:10CA8000059212920F920D92E9E60B9F0C9357F8C4
:10CA9000046B00238DF88730002E00F016850C9B68
:10CAA000532B00F0BF86049B13F010030D9340F04E
:10CAB000B986059B002BC1F245800D991A46304678
:10CAC000F3F7DEFE0A90002801F066820A9B991BAC
:10CAD0000D9B0891059321EAE17112930F930A933C
:10CAE00073239DF887200B9702910C9363E70C93B7
:10CAF000049B9B0640F1BD800B9B073323F007038B
:10CB00001A46596852F8083B0B920A460029C0F2AF
:10CB1000CA8305990029C0F28382049921F0800517
:10CB200053EA020140F07D82059A002A40F07E829D
:10CB30000495089258AE60E10B9B53F8042B0792C2
:10CB4000002A80F2DA83079A0B9352420792049BE1
:10CB500043F0040304939AF80030A5E52B238DF8E5
:10CB600087309AF800309FE50C93049B43F0100542
:10CB700015F0200200F072830B9B073323F00703AC
:10CB800019465A6851F8083B0B9101210020059E77
:10CB90008DF88700002EC0F2198125F080000490E6
:10CBA00053EA020040F01181002E40F02486002953
:10CBB00040F0808315F00103089300F0A383302335
:10CBC0008DF85F310DF25F1617E10C93049B43F073
:10CBD00010030493049B13F0200200F055830B9B79
:10CBE000073323F0070319465A6851F8083B0B91A5
:10CBF000049921F480650021C8E79AF80030682B79
:10CC000000F04E84049A42F0400204924CE500BFCA
:10CC1000FFFFEF7F042301080023010830250108EE
:10CC2000049B9D0640F190830B9B069A1B681A603B
:10CC3000D2175A600B9B04330B9356460AE59AF8B9
:10CC400000306C2B00F02284049A42F0100204920F
:10CC50002AE5049B43F0080304939AF8003023E587
:10CC60000C93049B43F010030493049B9B063FF535
:10CC700043AF04990B9ACF0652F8043B00F14B8363
:10CC800004994E0640F143860B9243F3C03211469D
:10CC90001BB23BE7049B43F0010304939AF8003076
:10CCA00002E59DF887209AF80030002A7FF4FCAC5A
:10CCB00020228DF88720F7E4049B43F0800304933F
:10CCC0009AF80030F0E4504610F8013B2A2B01F0AE
:10CCD000E581A3F13002092A98BF002101F2E48026
:10CCE00010F8013B01EB810102EB4101A3F130029D
:10CCF000092AF5D941EAE17205928246D6E40B9AF7
:10CD0000049B43F0020552F8043B0B9247F63002B5
:10CD1000ADF8882078209B4A1592022100220C90C1
:10CD200034E70C9B652B40F33381DDE910010022D1
:10CD30000023F4F7D9F8002800F0D2812D9B924A05
:10CD40002260013301350122072B2E952D9362605D
:10CD500000F35C850834239B0E9A934280F2C882CC
:10CD6000149B169A1D44C4E900232D9B2E95013374
:10CD7000072B2D9300F39E8308340E9B5E1E002E1E
:10CD80007FF7B7AD102E2D9BDFF8009240F3E580C2
:10CD9000DDF82480102704E00834103E102E40F304
:10CDA000DC8001331035072BC4E90097CDE92D3520
:10CDB000F2DD2CAA4146584601F0BCF9002840F0AB
:10CDC000BF80DDE92D352FACE7E7049D012900F098
:10CDD0002881022958AE1FD1159803F00F011B09B5
:10CDE000415C06F8011D43EA0273120953EA02018D
:10CDF000F3D158AB9B1B04950893059908989DF8AF
:10CE0000872081424FF00003B8BF01460A93029188
:10CE100012930F930D93CEE503F00701DB0843EA6D
:10CE20004273D208303153EA0207304606F8011D3A
:10CE3000F2D1EF07DDD53029DBD03023023806F8F8
:10CE4000013C58AB1B1A049508930646D5E7079B8F
:10CE5000029A9F1A002F7FF736AD102F2D9BDFF817
:10CE60002C9122DD2A464FF010084D46DDF8249023
:10CE700004E0103F102F04F1080414DD01331032D8
:10CE8000072BC4E90058CDE92D32F2DD2CAA494622
:10CE9000584601F04FF9002852D1103F102FDDE91C
:10CEA0002D322FACEADCA946154601333D44072B51
:10CEB000CDE92D35C4F80090676000F3DB84059B55
:10CEC000089A9F1A002F04F108047FF702AD102F73
:10CED0002D9BDFF8B8901FDD2A464FF01008099D02
:10CEE00004E0103F102F04F1080414DD013327493A
:10CEF0001032072BC4E90018CDE92D32F1DD2CAA40
:10CF00002946584601F016F9D0B9103F102FDDE937
:10CF10002D322FACEADC154601333D44072BCDE919
:10CF20002D35C4F80090676000F38C810834D0E49C
:10CF300009992CAA584601F0FDF800283FF4EDAC01
:10CF40000A9B002B3FF460AC0A995846FEF79AFF03
:10CF5000099B9B8903F040035AE401333544072BB6
:10CF6000C4F800906660CDE92D357FF7C1AC099912
:10CF70002CAA584601F0DEF80028E1D12E9D2FACF6
:10CF8000B7E400BF10230108402301082025010851
:10CF90000E9B2D9F012B05F1010507F1010704F1FF
:10CFA000080840F30B810123072FCDE92D7526607A
:10CFB000636000F38381149B169A01371D44072F89
:10CFC000C8E90023CDE92D7500F3858108F1080833
:10CFD0000E9BDDE910015C1E00220023F3F784FFA5
:10CFE000002840F00481013701362544072FCDE9A0
:10CFF0002D75C8F80060C8F8044000F3EB8008F114
:10D000000808189BC8F8043001371D44072F26ABC9
:10D01000CDE92D75C8F80030A9DC08F1080468E4F2
:10D02000049D0A2B72F1000180F05E8330338DF88D
:10D030005F310123049508930DF25F16DDE609992F
:10D040002CAA584601F076F800287FF479AF2E9D7F
:10D050002FAC34E4099913932CAA584601F06AF8CE
:10D0600000287FF46DAF2E9D139B2FAC18E4B44ABB
:10D070002D9B1392102E1FDDDDF824801027914682
:10D0800004E0103E102E04F1080415DD01331035C4
:10D09000072BC4E90097CDE92D35F2DD2CAA4146D6
:10D0A000584601F047F800287FF44AAF103E102E92
:10D0B000DDE92D352FACE9DC0133139A3544072B1C
:10D0C000C4E90026CDE92D357FF71CAC09992CAABF
:10D0D000584601F02FF800287FF432AF2E9D11E45E
:10D0E0002399002940F35183DDE90D329342A8BF13
:10D0F0001346002B98460ADD1D44C4E900632D9BAE
:10D100002E950133072B2D9300F3618608340D9F74
:10D11000B8F1000FA8BFA7EB0807002F00F3F581B7
:10D120000D9B33440593049B5F0500F11582239BFF
:10D130000E9A9342C0F2A082049AD00700F19C821A
:10D140000E9AB718D61A059BFF1AB742A8BF3746E2
:10D15000002F0ADD23602D9B676001333D44072BC0
:10D160002E952D9300F365860834002FA8BFF61B7B
:10D17000002E7FF7BEAB102E2D9BDFF8C8917FF7F6
:10D18000ECAEDDF82480102704E00834103E102EA9
:10D190007FF7E3AE01331035072BC4E90097CDE9E3
:10D1A0002D35F2DD2CAA4146584600F0C3FF002879
:10D1B0007FF4C6AEDDE92D352FACE7E7049BD90738
:10D1C0003FF5F1AE0123072FCDE92D752660636091
:10D1D0007FF717AF09992CAA584600F0ABFF00283B
:10D1E0007FF4AEAEDDE92D750DF1BC0809E70E9BAD
:10D1F000012B7FF706AF112BDFF8489140F35C83DA
:10D20000CDF814A01026CA46DDF8249005E008F1F8
:10D210000808103C102C40F34C8301371035072FC1
:10D22000C8E900A6CDE92D75F1DD2CAA494658467E
:10D2300000F080FF00287FF483AEDDE92D750DF14D
:10D24000BC08E6E709992CAA584600F073FF0028AD
:10D250007FF476AE2E9D2FACFFF73BBB0B9915F0FC
:10D26000100051F8043B0CD115F0400604D00B918E
:10D270009BB20246012189E415F400721CBFDBB2A7
:10D2800032460B91012181E404980B9910F01000B3
:10D2900051F8043B3DD1049A12F0400534D09BB2C2
:10D2A00002460B91A4E45B42049D62EB42022D20F6
:10D2B00001216CE4059B089358AE9EE509992CAAC0
:10D2C000584600F037FF00287FF43AAEDDE92D75AF
:10D2D0000DF1BC086FE609992CAA584600F02AFF08
:10D2E00000287FF42DAEDDE92D750DF1BC086FE649
:10D2F000049BDB077FF5FDAA32E50B939AF800301B
:10D30000FFF7D2B958AE78E5049A12F4007240F0F3
:10D3100009840B916CE40B92DA171146FFF7F6BB08
:10D32000179A9AF80030002A3FF4BEA91278002A12
:10D330003FF4BAA9049A42F480620492FFF7B4B9A8
:10D340003025010820250108049BD80600F1AB8296
:10D35000049B590600F1E083049B9A0540F1A382E7
:10D360000B9B069A1B681A7064E4DDE91001024603
:10D370000B46F3F7EBFD002840F01E860C9B612B5B
:10D3800000F03185412B00F04E85059B013300F004
:10D3900002840C9B23F02003472B00F0E1850A90C8
:10D3A000DDE91001049A002942F48079C0F2F98481
:10D3B0009DED107B8DED1E7B002313930C9B413B59
:10D3C000252B00F22583DFE813F029042303230330
:10D3D0002303EA03B50423032303230323032303C3
:10D3E000230323032303230323032303230323030D
:10D3F00023032303230323032303230323032303FD
:10D4000023032303230323032303290423032303E5
:10D410002303EA03B504049D0C93FFF7A9BB0C9307
:10D42000AD4B1593049B13F0200200F033810B9B4E
:10D43000073323F0070319465A6851F8083B0B914C
:10D440000498C1070BD553EA020108D00C998DF856
:10D45000891040F00201049130218DF88810049960
:10D4600021F480650221FFF791BB0C93FFF7B2BB5B
:10D470000C939A4B1593D5E70B9B1B688DF8FC30EA
:10D480000123029308933FAEFFF7F5BA049B43F0E4
:10D49000200304930AF1010A9AF80030FFF704B957
:10D4A000049B43F4007304930AF1010A9AF80030D4
:10D4B000FFF7FAB809992CAA584600F03BFE00285D
:10D4C0007FF43EAD2E9D2FAC57E4059B0A96062BAC
:10D4D000314628BF0623059632460293804E0B97AD
:10D4E000089312910F910D91FFF765BA40215846AC
:10D4F000FEF7C4FD099B18601861002800F0038640
:10D50000099A40235361FFF793B8102F2D9BDFF842
:10D51000D49140F30B8249462A46B146099D4FF00B
:10D5200010080E4604E00834103F102F40F3FA8133
:10D5300001331032072BC4E90068CDE92D32F2DD4A
:10D540002CAA2946584600F0F5FD00287FF4F8ACD7
:10D55000DDE92D322FACE7E70E9BCDF830A006EBCE
:10D5600003090F9BDDF85CA0DDF848800D96002BC9
:10D5700022462946059C099DCDF81490DDF870904F
:10D5800031DDB8F1000F40F33B8108F1FF382D98F1
:10D59000199B013049440728C2E900392E912D908A
:10D5A00000F387800832059B9AF800001F1B874212
:10D5B000A8BF0746002F0CDD2D98013039440728FD
:10D5C000C2E900472E912D9000F360819AF8000087
:10D5D0000832002FACBFC61B0646002E16DC0444E2
:10D5E0000F9B002BCDDCB8F1000FCEDCDDE90D6325
:10D5F0002046F31898421446024628BF1A46CDF832
:10D600005CA00D46DDF830A0059290E5102E2D9817
:10D61000344B23DD0894102734461E4604E0103CAA
:10D62000102C02F1080216DD01302E4B10310728B4
:10D63000C2E90037CDE92D01F1DD2CAA2946584673
:10D6400000F078FD00287FF47BAC103C102CDDE965
:10D650002D012FAAE8DC33462646089C13600130D2
:10D6600031440728CDE92D01566000F3A2839AF8D2
:10D67000000008320444B3E7149A16991544C4E92B
:10D6800000122D9A2E950132072A2D9200F3BE83A7
:10D69000083455E504980B9910F0100051F8043B3C
:10D6A00017D1049A12F040050ED09BB202460B919E
:10D6B000C6E62CAA2946584600F03CFD00287FF417
:10D6C0003FAC2E992FAA6EE7049A12F4007240F034
:10D6D0001F820B91B4E600BF242301081023010828
:10D6E000382301082025010800210894DFF81C9345
:10D6F000179CCDF810A005F4806758AE4FF00508D0
:10D7000002958C4605E00A2B72F1000234D3534691
:10D710002A46991841F10001A9FB010525F00300F3
:10D7200000EB9500091A581A4FF0CC3562F1000E43
:10D7300005FB00F5A0FB09A009FB0E550AF0010E40
:10D740000544AEFB080E40184FEA5A0A303006F87E
:10D75000010C4AEAC57A0CF1010C013E6D08002F5C
:10D76000D1D021788C45CED1BCF1FF0FCBD00A2B84
:10D7700072F1000280F0E7801794DDF810A0029D9E
:10D78000089CCDF838C0FFF734BB2D9B9E4A226021
:10D79000013301350122072B2E952D93626000F392
:10D7A0001B810834002940F09380049B0E9A03F0FB
:10D7B000010313433FF49DA8149B169A1D44C4E92A
:10D7C00000232D9B2E950133072B2D9300F3D6813B
:10D7D00004F108028DE0099913932CAA584600F031
:10D7E000A9FC00287FF4ACAB9DF887202E9D139BED
:10D7F0002FACFFF746B80129049D7FF4EAAA15E48F
:10D800000F9B013B0AF1FF3A0F93C0E609992CAA3E
:10D81000584600F08FFC00287FF492AB2E9D2FAC71
:10D82000FFF799BA0DF1A808082200214046259675
:10D83000FEF7AAF9059B002BC0F292800025029703
:10D8400099462F460EE03FA9584602F06BFA431C5A
:10D85000384400F08F83484509DC05F1040500F0E9
:10D86000BD830746259A52594346002AEBD10897B3
:10D87000029F83E009992CAA584600F05BFC00281F
:10D880007FF45EAB2E9D2FACFFF71DB82CAA294666
:10D89000584600F04FFC00287FF452AB9AF8000085
:10D8A0002E992FAA95E60B9B069A1B681A60FFF724
:10D8B000C1B9D146DDF814A0C8F80090013725445D
:10D8C000072FCDE92D75C8F804407FF798AB81E4A8
:10D8D000149B169A1D44C4E900232D9B2E950133F9
:10D8E000072B2D9300F34A8104F108020029C0F2AE
:10D8F000E0820E99166001330D44072BCDE92D35DA
:10D9000051603FF734AB02F10804FEF7F2BF04990F
:10D910000B928D054ABF43F3C012DA175BB2114672
:10D92000FFF7F4B8154632464E46914601333D4462
:10D93000072BCDE92D35C4F80090676000F3128104
:10D940000834FFF7EDBB1C9B1999F61A1A463046AE
:10D9500000F042FD637803B101344FF0000CD6E6CD
:10D9600000231946CDF8008025AA584602F000FA97
:10D9700003460133089000F0FD822596089B002B9A
:10D9800036D0632B00F3E48000230A933FAE0822D5
:10D9900000214046FEF7F8F8089DCDF800802B46A0
:10D9A00025AA3146584602F0E3F9854240F0A583A6
:10D9B00008990B970023735421EAE1719DF88720A1
:10D9C0000593029112930F930D93FEF7F4BF2D224E
:10D9D0008DF88720FEF7DCBF09992CAA584600F085
:10D9E000A9FB00287FF4ACAA23992E9D2FACD9E681
:10D9F000089B9DF887200B970293059312930F9332
:10DA00000D930A93FEF7D7BF40230108CDCCCCCCB1
:10DA10002AAB019325AB0093022123AB9DED1E0B96
:10DA2000059A584600F054FE049BD907064600F1BB
:10DA3000FC812A9B1B1A0E93239B0D930D9BDA1CD2
:10DA400003DB059A9A4280F28B810C9B023B0C937C
:10DA50000D9B013B9DF8302023930021002BB8BF84
:10DA60000D9B8DF89820BABFC3F101032D222B2204
:10DA7000092B8DF8992040F365820DF1AF05B34F66
:10DA80002A461046A7FB0312D20802EB8201A3EB41
:10DA90004101303100F8011C19466329134600F199
:10DAA000FF32EEDC303302F8013C831EAB4280F0E3
:10DAB00021830DF1990213F8011B02F8011FAB42FB
:10DAC000F9D158AB181AA0F1AD0318930E9B189A10
:10DAD000012B1A44089240F35882089B149A13446D
:10DAE0000893049B089A23F4806343F4807304939F
:10DAF00022EAE2720023129302920F930D93139B7A
:10DB0000002B40F01B819DF887200593FEF753BF43
:10DB1000DBB22A460B9193E40B9B069A1B681A8092
:10DB2000FFF788B8DBB22A460B91FFF761B8099C72
:10DB30002CAA2146584600F0FDFAA38903F04003C1
:10DB4000FEF766BE3046F2F7FBFE0146FEF7C0BFA9
:10DB5000591C5846FEF792FA0646002800F0DB8270
:10DB60000A9014E709992CAA584600F0E3FA002815
:10DB70007FF4E6A92E9D2FACFFF7D2BA09992CAA03
:10DB8000584600F0D7FA00287FF4DAA9DDE92D35F0
:10DB900023992FAAAAE606230A90059300E4059B81
:10DBA000022103F101082AAB019325AB00939DEDFF
:10DBB0001E0B23AB4246584600F08AFD0C9B23F017
:10DBC0002007462F064600EB080518BF452705D15C
:10DBD0003378302B00F03C81239B1D44DDE91E018E
:10DBE00000220023F3F780F9002840F059812A9B96
:10DBF000AB4206D230215A1C2A9219702A9B9D42B0
:10DC0000F9D8239A0D929B1B472F0E933FF416AF22
:10DC1000462F00F02B810D9B013B1BE723A89DEDB8
:10DC20001E0B00F04BFC00224FF07F5351EC100B09
:10DC3000F2F7F2FE02460B46CDE902230022002352
:10DC4000F3F752F908B101232393059B404A0C983E
:10DC5000CDF820A0591E3F4B0D96612808BF1A46EB
:10DC60003746A0460592DDE902458A46164609E098
:10DC7000002200230AF1FF39F3F736F9002840F0BB
:10DC8000BB81CA46344B002220462946F2F7C4FE27
:10DC90000D460446F3F770F98146F2F783FC02461D
:10DCA0000B4620462946F2F72FFB16F80930BAF149
:10DCB000FF3F3A46044607F8013B0D46D8D1CDE96F
:10DCC0000245264BDDF820A00D9E444690460022DA
:10DCD0004D46F3F731F9002800F0FF81059BCDF8A0
:10DCE000A880D97B17F8012C91423B4609D13020FE
:10DCF00003F8010C2A9B5A1E2A9213F8012C914218
:10DD0000F6D0392A0BBF059A0132927AD2B203F8C3
:10DD1000012C3B469B1B0C9A0E93239B0D93612A6F
:10DD200003F1FF33239300F0B381412150220C9182
:10DD3000012193E6DDF81480032134E72D2200232E
:10DD40008DF887200593FEF739BE00BFCDCCCCCC33
:10DD50002423010810230108000030400000E03FA8
:10DD6000DDE90D23934200F3C480049B13F0010FFF
:10DD70000D9B00F00F81149A13440893049B5F05D8
:10DD800003D50D9B002B00F34781089B23EAE37327
:10DD9000029367230C930023CDF8109012930F93F6
:10DDA000ADE601F100431F932D231E901393FFF75F
:10DDB00005BB2CAA2946584600F0BCF900287FF480
:10DDC000BFA89AF800002E992FAA044408E40999E4
:10DDD0002CAA584600F0AEF900287FF4B1A82E9D79
:10DDE0002FACFFF794B978238DF88930049B43F06A
:10DDF0000203049330238DF88830059B632B00F3D6
:10DE00008E8000230A933FAEFFF7CABA09992CAA65
:10DE1000584600F08FF900287FF492A8239B2E9D8E
:10DE20002FACFFF78DB95823DEE7059B4727C518B0
:10DE3000D4E609992CAA584600F07CF900287FF412
:10DE40007FA8239E0E9B2E9D9E1B2FACFFF78DB9A6
:10DE5000DDE91E0100220023F3F746F8002800F058
:10DE60001981239B0D931D44AB1B0E93049B0D99AD
:10DE7000059A03F00103002943EA020340F31A81E3
:10DE8000002B40F0F2800D9B089366230C93049BBB
:10DE90005B0500F1C380089B23EAE37302937AE7F2
:10DEA000239A0D922B46AEE6002282460592FEF79B
:10DEB000FDBB4F421031DFF87892B8BF102404DB6D
:10DEC00021E00832103F102F1DDD01331035072BE4
:10DED000C2E90094CDE92D35F3DD09992CAA584605
:10DEE00000F028F900287FF42BA8DDE92D352FAAB2
:10DEF000E8E70E9B149A9A180D9B0892002B71DD8F
:10DF000067230C93C3E701333D44072BCDE92D353F
:10DF1000C2F80090576000F3AF800832E9E4591C62
:10DF20005846FEF7ABF8064610B10A90FFF738BA2C
:10DF3000099A938943F0400393814FF0FF3306938E
:10DF4000FEF769BC002934D130228DF89A200DF1FA
:10DF50009B02303302F8013B26ABD31A1893B5E588
:10DF6000059B002B7FF41BAA059B0A9301230593B5
:10DF7000FFF716BA099BB3F90C3000220A9243F05E
:10DF80004003099A9381FEF7DBBF049BDB077FF513
:10DF9000A8ADA2E50893F1E6059B029308937323CD
:10DFA0009DF887200B97059012900F900C93FEF729
:10DFB00002BD0DF19A02CCE7119B5A4E002B049B37
:10DFC000A8BF9DF8872023F08003B8BF2D220493BB
:10DFD000B8BF8DF88720544BFEF7E0BC059B029F2D
:10DFE0000893CBE4C3F101031A4422EAE2730293DB
:10DFF000672308920C93CEE651460029DDF820A055
:10E000000D9E4446FFF685AE4B1C3B44302207F87C
:10E01000012B9F42FBD17DE667230C9317990B7868
:10E02000FF2B74D000250D9A284603E00130013102
:10E03000FF2B08D0934206DAD21A4B78002BF5D189
:10E040000B780135F4E717910D920F901295129A03
:10E050000F9B1C99CDF810901344089A01FB0323E1
:10E06000089323EAE373029349E5149B1A44531877
:10E07000089366230C930AE709992CAA584600F0E6
:10E0800059F800287EF45CAFDDE92D352FAA30E485
:10E0900070224DE6C8F1010323939EE50B9A9AF88E
:10E0A000013052F8041B0B9241EAE171824605915E
:10E0B000FEF7FABA2BB90123662202930C92089359
:10E0C00069E6149B03F10108059B4344089323EA86
:10E0D000E373029366230C935DE6DDE90201134BC3
:10E0E0000022F2F701FF00283FF413AEE8077FF5A6
:10E0F00010AEF3E502231893E8E4099BB3F90C3062
:10E1000043F040033DE70C23CBF8003015E7002334
:10E1100012930F939BE7099B0A90B3F90C3043F0DD
:10E1200040032EE70C230108082301080000E03F0C
:10E13000202501082DE9F843154692682C68FAB1AC
:10E1400080468946083401E00834CFB16B68591E17
:10E15000002B1746696013DD54F8046C002EF3D0D1
:10E16000334654F8082C4946404601F00DFE431C46
:10E1700007D0AA68921B1746AA600834002FE5D181
:10E1800000200023C5E90133BDE8F88370B50029FC
:10E190003FD006460C4610B1436B002B3CD0636E5B
:10E1A000B4F90C20DD0732D4900538D5214630462D
:10E1B00000F04CF8E36A054633B1E1693046984710
:10E1C0000028B8BF4FF0FF35A3891A0639D4216B58
:10E1D00041B104F14003994202D03046FDF752FEAE
:10E1E00000232363616C21B13046FDF74BFE002311
:10E1F0006364FDF737FC636E0022DB07A2811CD548
:10E20000A06DFDF7CDFDFDF733FC284670BD002A5B
:10E21000CCD10025284670BDFDF706FCBFE7A06DF8
:10E22000FDF7C0FDB4F90C30002BBFD1636ED907E8
:10E23000EFD4A06DFDF7B8FDEBE7A06DFDF7B4FDE1
:10E24000DEE721693046FDF71DFEC0E7B1F90C207D
:10E250002DE9F04116070C4680464ED4496842F439
:10E2600000630029A38163DDA56A002D42D000214F
:10E2700012F48052D8F80060C8F80010E16964D147
:10E2800001234046A847451C02466ED0B4F90C3025
:10E29000A56AE169580705D56368D21A236B0BB1EB
:10E2A000E36BD21A00234046A847431C4FD1D8F84D
:10E2B0000010B4F90C301D2940D8314ACA40D707A4
:10E2C0003CD52269226023F40062A281DD044FF074
:10E2D0000002626001D5002945D0216BC8F80060BA
:10E2E00041B104F14003994202D04046FDF7CAFD16
:10E2F000002323630020BDE8F0810E69002EF9D0D1
:10E300000D680E6092070CBF4B690023AD1B8B603C
:10E310000BE02B463246E169676A4046B847B0F1E8
:10E32000000CA5EB0C05664406DD002DF1DCE1E7F1
:10E33000E16B002998DCDDE7B4F90C3043F04003D1
:10E34000A3814FF0FF30BDE8F081226DA2E7B4F960
:10E350000C302269226023F40062A281DB044FF0BA
:10E3600000026260B9D52065B7E7D8F80030002B0D
:10E370008CD01D2B01D0162BDED1C8F80060B9E778
:10E380000100402038B50C46054608B1436B03B385
:10E39000B4F90C0088B1636EDB0701D481050FD599
:10E3A00028462146FFF752FF636EDA07054602D47E
:10E3B000A3899B0508D5284638BD0546284638BDA3
:10E3C000A06DFDF7EFFCEBE7A06DFDF7EDFC284637
:10E3D00038BDFDF729FBDBE740EA01039B0710B5D9
:10E3E00001D1032A17D8844601F1FF3E07E01EF849
:10E3F000011F03F8011B541E29B19C4622466346A7
:10E40000002AF4D110BD9444002CFBD003F8011B6A
:10E410006345FBD110BD8E468446DEF80040A4F172
:10E42000013323EA040313F0803F71460EF1040E1A
:10E43000DAD1043A032A4CF8044BEED87146D3E7FC
:10E44000014B93F828017047E0050024004870470D
:10E45000D006002438B5074D0022044608462A603D
:10E46000F3F746FC431C00D038BD2B68002BFBD0D3
:10E47000236038BD088F002438B5074D074C2C1B8E
:10E48000A41005D0013C55F8043D9847002CF9D163
:10E49000BDE8384003F026BEC4270108C0270108A4
:10E4A000082802D14FF48050704708B5FDF748FCAA
:10E4B000162303604FF0FF3008BD00BF70B555EC68
:10E4C000104B0646134825F000430021834231607B
:10E4D0001DD8204618431AD00F4828402A4658B95C
:10E4E0000E4B002220462946F2F796FA0A4621F002
:10E4F000004304466FF035011B156FF31E52A3F263
:10E50000FE3342F07F550B4445F40015336045EC73
:10E51000104B70BDFFFFEF7F0000F07F0000504305
:10E520002DE9F8431B4D0646286898460F4691464C
:10E53000FDF738FC184B1C681CB3286865681F2D54
:10E5400022DC4EB96B1C0235636044F82570FDF780
:10E550002BFC0020BDE8F88304EB85010123C1F802
:10E560008890D4F88821AB401A43022EC4F8882141
:10E57000C1F80881E6D1D4F88C211A43C4F88C2163
:10E58000E0E7064C1C60D8E7FDF70EFC4FF0FF30CB
:10E59000E0E700BFC8010024188F0024508F00243A
:10E5A0002DE9F04F03690C69A34283B0C0F28A8061
:10E5B000013C01F1140500F1140855F8243058F815
:10E5C000242001339A428E4681464FEA840105EBAE
:10E5D000840708EB840AB2FBF3F63AD3CDE90015C1
:10E5E0000022AC46404613465CF8041B05681FFA3F
:10E5F00081FB06FB0B22090C4FEA124B06FB01BB09
:10E6000092B2A9B2891A19441FFA8BF3C3EB2143C2
:10E6100003EB154389B241EA0341674540F8041B07
:10E620004FEA1B424FEA2343DED2DDE9001558F8DA
:10E63000013073B9AAF1040AD04504D307E0D045EC
:10E6400004F1FF3403D25AF80439002BF7D0C9F88B
:10E6500010407146484601F019FA00282EDB414669
:10E66000002255F8040BD1F800C01FFA80FE1FFAF3
:10E670008CF3A3EB0E031344020CC2EB234202EB18
:10E680001C429BB243EA0243AF4241F8043B4FEACB
:10E690002242E6D258F8242008EB84036AB9043BEE
:10E6A000434504D807E0984504F1FF3403D253F8FA
:10E6B0000429002AF7D0C9F810400136304603B0CB
:10E6C000BDE8F08F002003B0BDE8F08F000000002F
:10E6D0002DE9F04F9DB0CDE90A320291816B269D64
:10E6E00004908DED060B57EC106B49B1C26B4A607C
:10E6F0000123934004468B6000F066FF0023A36370
:10E70000B7F10009B4BF012300232B60764BBCBFD7
:10E7100029F00049CDF81C9033EA090300F0AA80E3
:10E720009DED067B002251EC170B00238DED007B45
:10E73000F2F7DAFB804668B10A9A01231360279B3F
:10E7400013B1279A694B1360694B059305981DB067
:10E75000BDE8F08F9DED000B04981AAA1BA901F0EB
:10E7600073FA5FEA1955824640F09A80DDE91A850E
:10E77000454405F23243202B40F38A83C3F1400322
:10E7800009FA03F905F2124326FA03F349EA0300F2
:10E79000F1F7F8FE0123013DA1F1F8711293554BF9
:10E7A0000022F1F7B1FD4AA3D3E90023F2F734F9CF
:10E7B00049A3D3E90023F1F7A9FD064628460F46F1
:10E7C000F1F7F0FE46A3D3E90023F2F725F902465C
:10E7D0000B4630463946F1F799FD06460F46F2F7EB
:10E7E000CBFB002204460990002330463946F2F75D
:10E7F00085FB002840F02283099CA8EB050808F15E
:10E80000FF33162C089300F28A813B4B03EBC403C1
:10E81000D3E90023DDE90001F2F770FB002871D095
:10E82000631E099300231193089B002BC0F27D8186
:10E8300000230C93099B002B6ADA099B0C9A0D9319
:10E84000D21A0C925A4200230993029B1092092B70
:10E8500068D8052B40F32183043B02930025029BDB
:10E86000023B032B00F23686DFE813F06E046B04E4
:10E87000630447040A9AC9F3130942F20F7359EA71
:10E88000060913601CD1279B002B00F043861B4B0D
:10E8900005930833279A059813601DB0BDE8F08FE3
:10E8A000DDE90012C2F31303084643F07F51CDF8AF
:10E8B0004880A5F2FF35DDF8688041F440116EE72D
:10E8C000279B002B40F0F4830D4B05933EE700BFE0
:10E8D00061436F63A787D23FB3C8608B288AC63F66
:10E8E000FB799F501344D33F0000F07F4123010880
:10E8F000402301080000F83F782501088C23010817
:10E9000098230108B8F1000F40F3A38411900C90F4
:10E91000DDE908321344089300231093029B0D9203
:10E92000092B96D90023012502930E954FF0FF3B4A
:10E930000B93049BCDF84CB00021D963049800F0F0
:10E940001DFE0590002800F0CE85DDE90432BBF104
:10E950000E0F9A6300F21881002D00F015810D99B9
:10E96000002940F34684B34B01F00F0203EBC203CE
:10E97000C805D3E900894FEA211540F10884AE4B60
:10E98000DDE90001D3E90823F2F770F9CDE91401BC
:10E9900005F00F0503277DB1A74EE90708D54046CE
:10E9A0004946D6E90023F2F737F801378046894611
:10E9B0006D1006F10806F0D142464B46DDE9140120
:10E9C000F2F754F980468946119B43B19B4B0022D4
:10E9D00040464946F2F792FA002840F00B85384647
:10E9E000F1F7E0FD42464B46F2F716F8944B002251
:10E9F000F1F78CFCA1F15073CDE914011593BBF133
:10EA0000000F00F0A8800D9BCDE918B349464046A1
:10EA1000F2F7B2FA189A874B03EBC20313ED027BAD
:10EA200005468DED167BF1F7BDFD0B4602464946C6
:10EA30004046F1F769FC059F0E9B30357E1CECB219
:10EA4000804689463546002B00F06C84DDE91623AC
:10EA50007C490020F2F70AF9DDE91423F1F754FCB0
:10EA60003C7042464B4604460D46F2F765FA0028D4
:10EA700040F0B884CDF850A0CDF858B00027AB4690
:10EA8000A246189D2AE00137AF4280F2FD846E4B0A
:10EA9000504659460022F1F7BFFF6B4B00228246D9
:10EAA0008B4640464946F1F7B7FF89468046F2F764
:10EAB00063FA0446F1F776FD02460B4640464946A6
:10EAC000F1F722FC303406F8014B52465B46804693
:10EAD0008946F2F713FA002840F0D38442464B46A9
:10EAE00056490020F1F710FC52465B46F2F706FA51
:10EAF0000028C8D0199BDDF850A0059A374603F1CD
:10EB0000010802E0974200F09B843E4617F8013D61
:10EB1000392BF7D00133DBB23B7045467DE1012351
:10EB20001193089B002BBFF683AEC8F101030C9331
:10EB3000002308937EE63846F1F734FD42464B4603
:10EB4000F1F76AFF3E4B0022F1F7E0FBA1F15073B1
:10EB5000CDE9140115933D4B002240464946F1F79B
:10EB6000D3FBDDE9144522462B4606460F46F2F755
:10EB7000E3F9002840F0738430463946224605F117
:10EB80000043F2F7BBF928BB1B9B002BC0F290801F
:10EB90000D9A0E2A00F38C80264B0D9A03EBC203CC
:10EBA00093ED007B0B9B002B8DED027B19DABBF103
:10EBB000000F16DC0ED1254B0022DDE90201F1F732
:10EBC0002BFF02460B46DDE90001F2F7A1F9002810
:10EBD00000F045840023059E00931F460B9BDD43F8
:10EBE0002DE2059B5D1CDDE90278DDE900013A4676
:10EBF0004346F2F73BF8F2F7BFF90646F1F7D2FCCD
:10EC00003A464346F1F708FF02460B46DDE90001AC
:10EC1000F1F77AFB059A06F13003BBF1010F2F469D
:10EC2000137000F021830125CDF800A0A846DDE98E
:10EC3000029A2BE078250108502501080000F03FDA
:10EC400000001C400000E03F000024400000144091
:10EC50004A46534620462946F2F708F8F2F78CF95F
:10EC60000646F1F79FFC4A465346F1F7D5FE08F1F8
:10EC700001080B46024629462046F1F745FB06F1FE
:10EC80003003D84507F8013B00F0EC82844B0022AA
:10EC9000F1F7C2FE0022002304460D46F2F724F9E4
:10ECA0000028D5D00D9DDDF800A001353E46B4E02A
:10ECB0000E9A002A40F0D8800023109E0C9D0E93DF
:10ECC0001F4665B1089A002A09DD0C99AA4213462D
:10ECD000A8BF2B46C91AED1AD31A0C910893109BA2
:10ECE00053B10E9B13B1002E40F0F7825146109A9B
:10ECF000049800F0F9FD82460498012100F010FD0F
:10ED0000099B0090002B40F0BE81029B012B40F339
:10ED1000D4810120089A104410F01F0000F09B805D
:10ED2000C0F12003042B40F3E3810C9BC0F11C00D5
:10ED3000034402440C93054408920C9B002B05DD10
:10ED4000514604981A4600F029FE8246089B002B83
:10ED500005DD009904981A4600F020FE0090119BF2
:10ED6000002B40F07581BBF1000F40F34C810E9BEE
:10ED7000002B40F0A4800D9D0135DDF81480009C2F
:10ED8000DDF81090012607E0514600230A2248468C
:10ED900000F024FC0136824621465046FFF700FC75
:10EDA000B34500F1300008F8010BEDDCBBF1000FBA
:10EDB000059BCCBF5E460126814603EB060B002473
:10EDC00051460122049800F0E9FD0099824600F0C6
:10EDD0005DFE002840F3EE81059A02E0934500F0C5
:10EDE00003825E460BF1FF3B16F8013C392BF5D050
:10EDF00001338BF80030DDF810800099404600F0B8
:10EE0000E3FB57B12CB1BC4203D02146404600F091
:10EE1000DBFB0498394600F0D7FB0498514600F01C
:10EE2000D3FB002333700A9B1D60279B002B3FF40C
:10EE30008DAC05981E601DB0BDE8F08F2046F1F73F
:10EE4000B1FB32463B46F2F74FF800287FF4D4ACD2
:10EE5000631E0993D0E41C230C9A1A440C92089A5E
:10EE60001A441D44089268E7029A012A40F3AD81D2
:10EE7000109B0BF1FF36B342C0F26981BBF1000F6A
:10EE8000A3EB060680F2EF820C9BA3EB0B056CE173
:10EE9000C3F1200306FA03F07AE40125DFE400BFA2
:10EEA000000024403946002304980A2200F096FB13
:10EEB000139B002B074640F3FF820D969B46002DC7
:10EEC00005DD394604982A4600F068FD0746099B8F
:10EED000002B40F0E681B846059E731E03EB0B0441
:10EEE000069B03F00103CDE90B43049C00995046B7
:10EEF000FFF756FB39468346504600F0C7FD0099A0
:10EF000005464246204600F0E3FDC3680BF1300998
:10EF10000146ABBB0990504600F0B8FD0999089036
:10EF2000204600F051FB089A002A54D1029B1BB9DD
:10EF30000C9B002B00F0AE82002D3FDB0B9BB346F9
:10EF40009E420BF8019B00F0C381514600230A2228
:10EF5000204600F043FB4745824639464FF0000308
:10EF60004FF00A02204630D000F038FB41460746F9
:10EF700000230A22204600F031FB5E468046B5E7BA
:10EF8000049800F021FB002D06DB069B03F0010234
:10EF9000029B1D432A4329D151460122049800F0C7
:10EFA000FDFC0099824600F071FD002840F3F680D8
:10EFB000B9F1390F00F049820BF131090D9D06F8C6
:10EFC000019B3C460135474615E700F007FB5E46CE
:10EFD000074680468AE7002DC0F29382029B1D43BC
:10EFE0000C9B1D4300F08D82002AA7DDB9F1390F7B
:10EFF00000F02B820D9D09F101033C4606F8013B10
:10F0000001354746F7E6029B022B7FF7B0AEBBF116
:10F01000000F40F02581009904985B46052200F01E
:10F02000DDFA01460090504600F030FD002840F324
:10F030001781059E0D9D312306F8013B013500998E
:10F04000049800F0C1FA0135002F7FF4E2AEE4E647
:10F050000099504600F01AFD0028BFF684AE5146D4
:10F06000002304980D9C0A2200F0B8FA0E9B661E3D
:10F070008246002B7FF416AF139B002B40F31182C6
:10F080000D9D9B4679E601461A46049800F02CFC3B
:10F09000029B0090012B6EDD00230993009A1369F7
:10F0A00002EB8303186900F0E9FAC0F1200031E6B1
:10F0B000984B05930333FFF7EDBB069B002B7FF4C2
:10F0C00028AEDDE90612C2F31303002B7FF421AE54
:10F0D000914B134033B10C9B01330C93089B0133CC
:10F0E00008930123099A0993002A3FF412AED5E749
:10F0F0003FF423AEC0F13C03AEE601230E930B9B1D
:10F100000D9A134403F1010B5E46012E1393B8BF11
:10F110000126172E40F3F981012204235B0003F13D
:10F120001400B042114602F10102F7D9049BD963E1
:10F1300004E401230E930B9E002E36DD1396B34696
:10F14000E7E700230E93DAE700230E93F3E7109B23
:10F15000099A1096F31A1A44089B09925B44089383
:10F160000C9B1D465B440C9300260498012100F083
:10F17000D7FA0746A5E5069B002B8DD1DDE90601F0
:10F18000C1F313030A46002BA2D0099086E79DED38
:10F19000007B02278DED147BFFF7FDBB7FF40EAFE4
:10F1A00019F0010F7FF404AF08E701230B939B468E
:10F1B000FFF7BFBB03D119F0010F7FF40DAE5E4620
:10F1C0001BF8013D302BFAD015E6129A002A00F008
:10F1D0009C8003F23343089A109E1A4408920C9ABA
:10F1E00015461A440C92C0E7059A31230135137075
:10F1F00001E600F0FA800D9A484B554205F00F02E7
:10F2000003EBC203D3E90023DDE90001F1F704FCBD
:10F210002D11CDE9140100F05881414E0023022741
:10F2200080468946EA0709D5D6E900234046494683
:10F23000F1F7F2FB01378046894601236D1006F194
:10F240000806EFD1002B7FF4BFABDDE91489FFF78F
:10F25000BBBBC8F1010308900C931190FFF758BB9A
:10F26000059EBBE4DDF800A002460B46F1F74EF820
:10F270000D9DCDE90001013502460B46DDE9020195
:10F28000A846F1F73BFE40B9DDE90023DDE90201C4
:10F29000F1F72AFE18B1F30701D5059A35E43E4689
:10F2A000BBE57968049800F069F90546002800F08C
:10F2B00021813B6902339A0007F10C010C30F1F710
:10F2C00045FA04982946012200F068FB804603E6CF
:10F2D0000D9D3C460135474672E5049C3946324651
:10F2E000204600F001FB524601460746204600F04A
:10F2F00045FA51468046204600F066F9109B9B1B5C
:10F30000C24610933FF4F8ACF0E41A9BC3F1360305
:10F3100061E700BF982301080000F07F782501080D
:10F3200050250108DDE91623DDE91401F1F774FB2E
:10F33000059B1C70189B012BCDE90E0100F0C380CA
:10F34000189F059B12961F447A4B0022404649465F
:10F35000F1F762FB0D460446F1F70EFE8146F1F728
:10F3600021F909F1300902460B4620462946F0F7FB
:10F37000CBFF06F8019BBE4280468946E4D1129D30
:10F380006D4B0022DDE90E01F0F7C0FF02460B468F
:10F3900040464946F1F7D0FD00286CD1DDE90E2347
:10F3A00065490020F0F7B0FF02460B46404649464B
:10F3B000F1F7A4FD80B91B9B002BFFF67DAC0D9BE4
:10F3C0000E2B3FF779AC5D4B0D9A03EBC20393ED27
:10F3D000007B8DED027B06E43E46013F16F8013CC2
:10F3E000302BF9D0199D013517E5DDE90089022799
:10F3F000FFF7EABABBF1000F3FF49DAB139C002C62
:10F400007FF7C2AB0D9B013B002240464946199352
:10F41000484BF1F701FB80468946781CF1F7C2F8AA
:10F4200042464B46F1F7F8FA454B0022F0F76EFFE3
:10F43000A1F15073CDE9140118941593FFF7E6BAC2
:10F4400008F101083123FFF767BB0D9D059AB3460C
:10F4500039233C460BF8013B01354746C1E4002304
:10F4600000931F46E5E5089B5B4408930C9B1D46F3
:10F470005B440C9379E6199B059A03F10108FFF7A9
:10F4800044BBDDF850A0ADE7DDF850A0DDF858B082
:10F49000FFF77ABBB9F1390FD7D0002D3FF78CAD0C
:10F4A0008CE5029B022B03DC0D9DDDF84CB064E47F
:10F4B000DDF84CB00D96AAE5029B022BF8DCDDF8D6
:10F4C0004CB00D96FBE437465AE7DDE91489022774
:10F4D000FFF77ABA049B0025DD632946184600F041
:10F4E0004DF80590D0B9174B1748002240F2AF11E4
:10F4F00000F02AFD134B14482A4640F2EF2100F099
:10F5000023FD002A3FF748AD58E5049B0021D9634D
:10F51000FFF714BA0D4B0593FFF718B9DDE9043274
:10F520009A634FF0FF3301220B9513930E929B4683
:10F53000FFF72ABB000024400000E03F78250108C7
:10F5400000001C409C230108B02301088C23010803
:10F5500082B049B15AB16BB113780B601278101EAA
:10F5600018BF012002B0704701A9002AF3D110464C
:10F5700002B070476FF00100F4E700BF436C70B554
:10F5800005460C464BB153F8240080B1026843F89D
:10F5900024200023C0E9033370BD2122042100F0A0
:10F5A000F3FC034668640028EDD1002070BD012102
:10F5B00001FA04F6721D9200284600F0E5FC0028CE
:10F5C000F3D0C0E90146E4E731B1436C4A6853F82F
:10F5D0002200086043F82210704700BF2DE9F04177
:10F5E0000D6907460E461C4601F1140E0020DEF898
:10F5F00000108BB202FB03434FEA134C090C02FBD1
:10F6000001CC01309BB203EB0C4385424EF8043B26
:10F610004FEA1C44EBDC3CB1B368AB4207DD06EBC0
:10F62000850301355C6135613046BDE8F081716864
:10F6300038460131FFF7A2FF8046A8B13269023295
:10F6400006F10C0192000C30F1F780F87B6C7268C7
:10F6500053F82210316043F82260464606EB8503DA
:10F6600001355C613561DFE7024B03484246BA2150
:10F6700000F06AFC9C2301080C240108B0F5803FCF
:10F68000034636BF030400201020B3F1807F3CBF47
:10F690001B020830B3F1805F3CBF1B010430B3F1A3
:10F6A000804F03D3002B06DB013070479B0003D44F
:10F6B0005B0003D42020704702307047033070474E
:10F6C000036813F00702014607D0DA071FD4980732
:10F6D00021D55B080B600120704798B2A0B110469D
:10F6E000DAB20AB908301B0A1A0704BF1B09043032
:10F6F0009A0704BF9B080230DA0703D45B0800F1C5
:10F70000010006D00B6070471B0C1020E8E70020BA
:10F710007047202070479B080B600220704700BF95
:10F7200038B5436C04460D464BB15868B0B1026819
:10F730005A6000220123C0E90323456138BD21221C
:10F74000042100F021FC034660640028EDD1094B40
:10F750000948002240F2451100F0F6FB1C2201216D
:10F76000204600F011FC0028F1D001220223C0E95C
:10F770000123DEE79C2301080C2401082DE9F04F4A
:10F78000D1F810801569A84585B00E46924605DB74
:10F790002A46534645468A4690461E46DAF80830C1
:10F7A000DAF8041005EB0804A342B8BF0131FFF7F3
:10F7B000E5FE8446002800F08B8000F1140707EB7B
:10F7C000840E774505D23B46002243F8042B9E4524
:10F7D000FBD8143606EB88080AF11409464509EBF4
:10F7E000850566D2A5EB0A03153B23F003030AF156
:10F7F000150A043355452CBF9B464FF0040BCDF83A
:10F8000008E00394AE46E24605E0090C2AD1B04573
:10F8100007F104074AD956F8041B8DB2002DF4D025
:10F82000CC463C46002301965CF8040B216886B266
:10F830008AB2000C05FB0622090C1A4405FB0011D4
:10F8400001EB124192B242EA0142E64544F8042B30
:10F850004FEA1143E8D8019E47F80B3056F8041CD4
:10F86000090CD4D03B68002248461D463C469446CD
:10F87000028801FB02C202EB15429BB243EA02433B
:10F8800044F8043B50F8043B25684FEA134CABB2F4
:10F8900001FB0C3303EB124370454FEA134CE7D3E3
:10F8A000B04547F80B3007F10407B4D8DDE902E4AE
:10F8B000D446002C02DC05E0013C03D05EF8043D98
:10F8C000002BF9D06046CCF8104005B0BDE8F08FB1
:10F8D000034B044862464FF4B17100F035FB00BFA2
:10F8E0009C2301080C24010812F003032DE9F041C8
:10F8F000144607462CD10D46A4101CD03E6C86B38E
:10F90000E3074FF0000806D4641014D03068A8B1A3
:10F910000646E307F8D5324629463846FFF72EFF5C
:10F9200035B17B6C696853F821202A6043F8215077
:10F9300064100546EAD12846BDE8F08132463146DA
:10F940003846FFF71BFF3060C0F800800646E0E74E
:10F95000013B0F4A52F823200023FFF73FFE0546E4
:10F96000CAE701213846FFF709FE064640B10123E8
:10F9700040F27122C0E90432002338640360BFE71B
:10F98000044B0548324640F2451100F0DDFA00BF55
:10F99000402501089C2301080C2401082DE9F047AB
:10F9A0000C4690462769A368496807EB62177D1CDF
:10F9B0009D4206464FEA621904DD5B009D4201F15B
:10F9C0000101FADC3046FFF7D9FD8446002851D00A
:10F9D000B9F1000F00F114000EDD09F105024FEA44
:10F9E000820E03460CEB8202002143F8041B934273
:10F9F000FBD1AEF114031844216904F1140318F08B
:10FA00001F0803EB81012DD0C8F1200986464FF075
:10FA1000000A1A6802FA08F242EA0A024EF8042BB7
:10FA200053F8042B994222FA09FAF2D80B1B153B22
:10FA300023F00303043304F11502914238BF042379
:10FA400040F803A0BAF1000F00D13D46736C626824
:10FA5000CCF8105053F822102160604643F8224041
:10FA6000BDE8F087043853F8042B40F8042F99427E
:10FA7000F9D8EAE7034B044862464FF4EF7100F00F
:10FA800063FA00BF9C2301080C2401080B6984461B
:10FA90000069C01A16D10CF1140C14310CEB83025E
:10FAA00010B401EB830301E0944508D252F8044DF1
:10FAB00053F8041D8C42F7D005D24FF0FF305DF8AB
:10FAC000044B7047704701205DF8044B704700BF3E
:10FAD0002DE9F04F15460A692B69D21A002A83B026
:10FAE000884640F0878001F1140605F1140101EB0E
:10FAF000830106EB830301E09E427ED253F8044D5E
:10FB000051F8042D9442F7D075D32B460024454676
:10FB100098466968FFF732FD8146002800F0898029
:10FB20002E69C460D8F8100005F1140B08F1140E0A
:10FB300009F1140A05F110020EEB80000BEB8601AF
:10FB400057464FF0000CCDF804B05EF8044B52F865
:10FB5000045F1FFA84FBABB2A3EB0B03240C6344DA
:10FB6000C4EB154404EB23449BB243EA04437045C1
:10FB700047F8043B4FEA244CE7D8A0EB080208F111
:10FB800015084045A2F1150234BF0020012092085B
:10FB90000028DDF804B002F101044FEA840408BF34
:10FBA00004240BEB0405A942544433D927462846C4
:10FBB00050F8043B1CFA83FE1A0C634402EB2E42FD
:10FBC0009BB243EA0243814247F8043B4FEA224C8E
:10FBD000EED80139491B21F003010C4423B954F834
:10FBE000043D013E002BFAD04846C9F8106003B02E
:10FBF000BDE8F08F89DA01248BE70021FFF7BEFC16
:10FC0000814678B101220023C0E90423484603B0AD
:10FC1000BDE8F08F00284FEA820208BF00220AEBFD
:10FC20000204DBE7064B07484A4640F2372100F062
:10FC30008BF9034B03484A4640F2452100F084F912
:10FC40009C2301080C2401082DE9F0430E4683B0E3
:10FC5000012159EC108B1546FFF790FC0446002853
:10FC600046D0C9F30A57C9F313030FB143F4801305
:10FC70000193B8F1000313D101A8FFF721FD019B07
:10FC800063610122203022610FB3A7F2334707449A
:10FC9000C0F1350037602860204603B0BDE8F0832E
:10FCA00068460093FFF70CFD019BF8B10099C0F185
:10FCB000200203FA02F2C3400A430193002B62615F
:10FCC0000CBF01220222A3612261002FDDD104EBCF
:10FCD0008203A0F2324030601869FFF7CFFCC0EB1E
:10FCE00042102860204603B0BDE8F083009AE5E7A3
:10FCF000034B0448224640F20F3100F025F900BFC3
:10FD00009C2301080C24010849B1FF2A02D80A707B
:10FD1000012070478A2303604FF0FF307047084688
:10FD2000704700BF70B5054684B05BB11C460F4BF1
:10FD3000D3F8E060234669B12846B047431C0FD092
:10FD400004B070BD094B00F58274D3F8E06023461F
:10FD50000029F1D10A46284601A9B047431CEFD13A
:10FD600000228A2322602B6004B070BDE0050024CD
:10FD700010B582B0049CCDE900344FF0FF3300F0A1
:10FD800059FB02B010BD00BF2DE9F0478F681D463A
:10FD9000AF420B680C46164636D8B1F90CC01CF4BD
:10FDA000906F0ED13D46184631462A4600F04CF879
:10FDB000A368DF1B2368A7602B4400202360BDE8F5
:10FDC000F0874A69096902EB42025F1A02EBD272BC
:10FDD0006B1C52103B44934292BF914699461A467F
:10FDE0001CF4806F804611D01146FCF747F982461B
:10FDF00000B321693A46F0F7A9FCA38923F4906384
:10FE000043F08003A38105E02F46CCE700F0F2F831
:10FE1000824658B10AEB0703A9EB0707A760C4F8AD
:10FE200010A0C4F8149023602F46BCE72169404617
:10FE3000FCF728F8A3890C2243F04003C8F80020FF
:10FE40004FF0FF30A381BAE788420ED98B18834266
:10FE50000BD900EB020C002A6ED0624613F801CDDC
:10FE600002F801CD9942F9D170470F2A0FD8034605
:10FE700002F1FF3C002A5FD00CF1010C013B8C44E5
:10FE800011F8012B03F8012F6145F9D1704740EAC1
:10FE900001039B0751D1A2F1100370B501F1200CB1
:10FEA00023F00F0501F1100E00F11004AC441B0902
:10FEB0005EF8105C44F8105C5EF80C5C44F80C5C76
:10FEC0005EF8085C44F8085C5EF8045C44F8045C86
:10FED0000EF1100EE64504F11004E9D1013312F0E1
:10FEE0000C0F01EB031102F00F0400EB031328D0F9
:10FEF000043C24F003064FEA940C1E441C1F8E465B
:10FF00005EF8045B44F8045FB442F9D10CF10104DB
:10FF100002F0030203EB840301EB840102F1FF3CD6
:10FF20004AB10CF1010C013B8C4411F8012B03F890
:10FF3000012F6145F9D170BD704702F1FF3C0346C6
:10FF40009AE72246EAE700BF00B50B4C2568144645
:10FF5000EE681A4685B003460D464CB10749009538
:10FF6000CDE901143046064900F076FA01F0EEFBC7
:10FF700004490C46F3E700BF84000024682401080C
:10FF800078240108FC22010838B5A1FB021454BBF7
:10FF9000FCF774F8054650B350F8042C22F0030225
:10FFA000043A242A10D8132A13D91B2AC0E9004482
:10FFB00016D9242AC0E902440ABFC0E9044400F16A
:10FFC000100200F1180205E02146FBF7DDFD28468E
:10FFD00038BD02460023C2E900339360284638BD8D
:10FFE00000F10802F6E7FBF7ABFE0C2303600025E7
:10FFF000284638BD2DE9F84F1646002900F09680B6
:020000040801F1
:100000000C46804606F10B05FCF7EAFA54F8041C8E
:10001000162DA4F1080921F0030758D81025AE4287
:1000200058D8AF4260DABE4B9A6809EB070C6245BC
:10003000DCF8040000F0908020F0010363445B686A
:10004000DB0768D420F003003B189D4247DDCB0757
:1000500012D454F8083CA9EB030BDBF8043023F06E
:100060000302104400EB070A554540F3F68007EB06
:10007000020A554540F3CC8031464046FBF7FEFF6F
:100080000646002800F0208154F8043C23F00103C8
:100090004B44A0F10802934200F0B4803A1F242A96
:1000A00000F2D780132A00F2A2800346224611688C
:1000B00019605168596092689A6021464046FBF782
:1000C000E1FE4046FCF792FA3046BDE8F88F35F085
:1000D0000705A4D50C23C8F80030002618E01F46F9
:1000E000DCE90223D3609A60D9F804307A1B0F2A26
:1000F00003F0010309EB07001DD83B43C9F80430A6
:10010000436843F0010343604046FCF76FFA26461C
:100110003046BDE8F88FC907AED454F8083CA9EBC7
:10012000030BDBF8043023F00302A0E7BDE8F84F2F
:100130001146FBF7A3BF09EB05012B4342F0010277
:10014000C9F804304A60436843F001034360083152
:100150004046FBF797FED7E720F00300C21905F1F0
:10016000100C624580F29180CA0785D454F8082C9F
:10017000A9EB020BDBF8042022F00302104400EB91
:10018000070AD4453FF773AF5E46DBF80C1056F80C
:10019000080F3A1F242AC160886000F2AE80132A3B
:1001A00040F2A9802168CBF808106168CBF80C10E8
:1001B0001B2A00F2A88008340BF11002216811609C
:1001C00061685160A16891600BEB0501AAEB050223
:1001D00042F0010299604A60DBF8043003F0010349
:1001E0002B434046CBF80430FCF700FA90E7236835
:1001F0000360636843601B2A3CD804F1080200F1E5
:10020000080354E750F8043C23F003031F446BE752
:100210003A1F5E46DBF80C3056F8081F242ACB60E4
:10022000996022D8132A1ED92368CBF80830636856
:10023000CBF80C301B2A3BD808340BF11003226892
:100240001A6062685A60A2689A6034465746D94676
:100250004AE72146FFF7F8FD2FE7DCE902133A1FD2
:10026000CB609960D5E73346E9E721463046FFF792
:10027000EBFDEAE7A3688360E368C360242A27D024
:1002800004F1100200F1100311E709EB0501996078
:10029000531B43F001034B6054F8043C03F001038B
:1002A0002B43404644F8043CFCF7A0F926462FE7D0
:1002B000A368CBF81030E368CBF81430242A10D0B0
:1002C00010340BF11803BAE74046FCF78FF904E746
:1002D000236903616169416104F1180200F11803A7
:1002E000E5E62369CBF818306369CBF81C30183485
:1002F0000BF12003A3E7324660E721463046FFF7C3
:10030000A3FD074B60E7A168CBF81010E168CBF8BC
:100310001410242A06D010340BF118024EE700BF47
:10032000D80100242269CBF818206269CBF81C2080
:1003300018340BF1200241E72DE9F04F8BB0DDE9D5
:10034000157A86461E46002F5AD0156800295CD0C3
:10035000149B002B69D0741E4EB3043DCDE9015EA1
:10036000DDF850B004910026039105920BE0039B49
:100370000BBB019B1868002836D0DC4557D2013CE6
:10038000631C664613D0019B029853F8042F019317
:10039000DAF8E0503B4607A9D7E90098A847421C85
:1003A00037D000EB060CDC45E1D9C7E900983046B0
:1003B0000BB0BDE8F08F00280EDD049B019D1844B2
:1003C0005A1E07A900F1FF3E11F8013B02F8013F58
:1003D0007245F9D101950490059B1A6804321A60A0
:1003E000019B18680028C8D10399059A01B11060D3
:1003F0000CF1FF36002230463A600BB0BDE8F08FBA
:10040000156800F586770029A2D14FF0FF331493C9
:10041000A1E7DDF808E006468A2100223046CEF842
:1004200000103A600BB0BDE8F08F149EBFE766463F
:10043000BDE700BF10B584B0054C06980090079842
:100440000190044800680294FFF776FF04B010BDE5
:10045000E0050024840000240EB410B583B005AB81
:10046000064C53F8042B01930146206800F008F86D
:1004700003B0BDE8104003B0704700BF8400002403
:100480002DE9F04FC7B016AFCDE90621834608220B
:10049000002138461C460C93FBF776FBBBF1000F9E
:1004A00004D0DBF83430002B00F02786079B5A6E0F
:1004B000B3F90C30D00702D4990540F10A859E04A7
:1004C00006D4079943F4005322F400528B814A6604
:1004D000950400F1C386079AB2F90C30190740F170
:1004E000CB801269002A00F0C78003F01A020A2AA2
:1004F00000F0D18000239E46CDE90FEECDE91B33FD
:10050000DFF8F8A8CDF838E01DAB1A939946CDF87E
:1005100020E0CDF834E0069DDAF8E440FDF790FFE6
:10052000009703462A4614A95846A047002800F021
:10053000D180C0F2C780149A252A034601D01D44F9
:10054000EAE7069BEE1A044640F0C88000234FF00D
:10055000FF316A788DF84B3009936C1C0591039339
:100560000134A2F120035A2B00F2F980DFE813F0E6
:100570006002F700F7005A02F700F700F7006A0080
:10058000F700F700E801F901F700F3010402F700B2
:10059000FE015B005B005B005B005B005B005B00DF
:1005A0005B005B00F700F700F700F700F700F700CB
:1005B000F700F700F7009D016A02F700F700F70067
:1005C000F700F700F700F700F700F700F700200248
:1005D000F700F700F7007601F7008D02F700F7004B
:1005E000E704F700F700F700F700F700F700F7005F
:1005F000F700F700F7009D01C201F700F700F700D0
:100600008402C2017E00F7000A03F700FB02E40443
:10061000DA027E00F70076017C00E104F700F700C3
:100620000A05F7007C00A2F13003002114F8012B29
:1006300001EB810103EB4101A2F13003092BF5D954
:1006400009918EE75846FDF701FF43680F9318465E
:10065000F0F776F9109005465846FDF7F7FE8368E7
:100660000E93002D40F05684227879E7039B227880
:1006700043F02003039373E7079D5846294601F092
:1006800003F8002840F01E86B5F90C3003F01A027A
:100690000A2A7FF42FAF0799B1F90E20002AFFF63E
:1006A00029AF4A6ED60702D49D0540F1CB85DDE91E
:1006B00006212346584600F017FE0890089847B0D8
:1006C000BDE8F08F082200213846FBF75DFA0123D0
:1006D0001D4421E7069BEE1A044612D0069BC9E989
:1006E00000361C9B33441C931B9B0133072B1B932D
:1006F00011DC09F10809089B33440893002C7FF4AE
:1007000025AF1C9B002B40F0B885079B0022B3F956
:100710000C301B9218E007991AAA584600F024FEE4
:1007200078B90DF17409E6E707991AAA584600F05E
:100730001BFE00287ED00B9B1BB10B995846FBF784
:10074000A1FB079BB3F90C30079A526ED1077CD5F9
:100750005B0600F18D85089847B0BDE8F08F0694E0
:10076000002ACED000238DF84B3001238DF8B42021
:1007700004930A932DAC00230B930593039810F078
:100780008408DDE91B2105D10998049D451B002D36
:1007900000F3D6829DF84B0078B10132012001317F
:1007A000C9F80400072A0DF14B00CDE91B21C9F857
:1007B000000000F3FA8209F108097BB1013213A8A5
:1007C0000231C9F80000072A4FF00200CDE91B21D1
:1007D000C9F8040000F3F88209F10809B8F1800FA4
:1007E00000F00C82059B0A981D1A002D00F34A8226
:1007F0000A9BC9F8004001321944072ACDE91B21A0
:10080000C9F8043000F3798209F10809039B5807FD
:1008100005D5099B049A9C1A002C00F3E282DDE9BD
:10082000083204988242ACBF9B181B180893002919
:100830007FF47AAF00231B930B9B1BB10B99584697
:10084000FBF720FB0DF1740965E69A0580D4079C3F
:10085000A06DFBF7A9FAB4F90C3079E70C9E069469
:1008600056F8044B00238DF84B30002C00F05D84CB
:10087000532A00F0A283039B13F0100540F09D83E0
:10088000059B002BC0F2CD841A4629462046EFF77F
:10089000F7FF0B90002800F00685031BCDE90A3511
:1008A00023EAE373049300F09DBC0C9B0694432A57
:1008B00003F1040503D0039BD80640F167830822A7
:1008C000002118A8FBF760F90C9B2DAC1A68214693
:1008D00018AB5846FFF726FA034601330A9000F09A
:1008E000D6840A9B23EAE373049300230C958DF8C6
:1008F0004B3040E7039B0694990640F1AC800C9B7B
:10090000073323F0070319465A6851F8083B0C9146
:100910001146002AC0F23F81059A002AC0F24881A0
:10092000039A22F08002039253EA010240F04081D0
:10093000059B002B40F08B8404930A9346AC49E15D
:100940000C9B53F8042B0992002A80F2BA82099A70
:100950000C9352420992039B227843F004030393C1
:10096000FEE52B2322788DF84B30F9E5039B2278A6
:1009700043F080030393F3E5204610F8012B2A2A65
:1009800000F09584A2F13003092B98BF002100F2FA
:10099000608410F8012B01EB810103EB4101A2F10E
:1009A0003003092BF5D941EAE17305930446D8E5F4
:1009B000039B069443F0100212F0200100F05182D4
:1009C0000C9B073323F007031846596850F8083B7F
:1009D0000C9022F480640394059C002084428DF8DE
:1009E0004B007CDB53EA010422F4906240F08183E7
:1009F000039C0392059B002B69D1002840F05C8288
:100A000014F001020A9200F0608230238DF8173151
:100A10009DF84B3004920DF21714002B40F0DF804C
:100A20000B93E1E0039B227843F00103039397E5E6
:100A30009DF84B302278002B7FF492AD20238DF867
:100A40004B308DE5039B069443F010030393039B07
:100A500099063FF554AF0C9A52F8043B0C92039A56
:100A6000D20600F14382039A560640F13B8243F3DB
:100A7000C0310A461BB24CE72278039B682A00F07B
:100A8000958243F0400303936AE5039B069443F089
:100A9000100414F0200100F0F3810C9B073323F0C5
:100AA00007031A46596852F8083B0C9200228DF849
:100AB0004B20059A002AC0F21E8324F08002039284
:100AC00053EA010274D1059B0120002B95D0012827
:100AD00000F0BD8300230228194600F01A8146ACBD
:100AE00003F00702DB0843EA4173C908303253EAD6
:100AF0000105204604F8012DF2D1039BDD0740F1EA
:100B00001681302A00F013813023059A04F8013C45
:100B1000023846AB1B1A9A42B8BF1A460A930446DB
:100B2000049257E0039B0C9A069443F0020303934C
:100B300052F8043B0C9247F63002ADF84C20AD4A17
:100B40000D92002100228DF84B20059A002AC0F258
:100B5000E080039C53EA010024F08002039240F0FD
:100B6000D880022046E7039B06949C0640F1C18191
:100B70000C9B089A1B681A60D2175A600C9B0433AE
:100B80000C93C8E42278039B6C2A00F0088243F09F
:100B900010030393E4E42D228DF84B20059A5B4269
:100BA00061EB4101002A03DB039A22F080020392E9
:100BB0000A2B71F1000280F039823033DBB28DF8FC
:100BC0001731059B012BB8BF0123049301230A931E
:100BD0000DF217149DF84B30002B3FF421AF00238A
:100BE0000B93049B01330493039B13F002033FF424
:100BF000C5AD049B023304930223BFE5099B04980F
:100C00001D1A002D7FF7EEAD102DDFF8EC8126DDEB
:100C100040464B46A046DDF81C901026044604E0F2
:100C2000103D102D03F1080315DD01321031072AA4
:100C3000C3E90046CDE91B21F2DD1AAA4946584610
:100C400000F092FB00287FF476AD103D102DDDE919
:100C50001B211DABE9DC99462346444698460132E8
:100C60002944072ACDE91B21C9F80080C9F804509E
:100C700000F34882059B0A981D1A002D09F1080906
:100C80007FF7B6AD102DDFF8708128DD4B461026BA
:100C9000A9462546079C06E0A9F11009B9F1100FF5
:100CA00003F1080318DD013253481031072AC3E964
:100CB0000006CDE91B21EFDD1AAA2146584600F0B7
:100CC00053FB00287FF437ADA9F11009B9F1100FDB
:100CD000DDE91B211DABE6DC2C464D469946013271
:100CE0002944072ACDE91B21C9F80080C9F804501E
:100CF00000F3D58009F108097AE507991AAA584640
:100D000000F032FB00287FF416AD1C990DF1740938
:100D10007CE50D9846AC03F00F021B09825C04F8D9
:100D2000012D43EA0173090953EA0102F3D1059A3F
:100D300046AB1B1B9A42B8BF1A460A93049249E776
:100D4000102D2F4E23DD48461193A146079C04E049
:100D5000103D102D00F1080016DD01321031102376
:100D6000072ACDE91B2106604360F1DD1AAA21465E
:100D7000584600F0F9FA00287FF4DDAC103D102D44
:100D8000DDE91B211DA8E8DC119B4C4681460132A0
:100D90002944072ACDE91B21C9F80060C9F804508D
:100DA00000F3978109F10809F4E4079911931AAA4D
:100DB000584600F0D9FA00287FF4BDACDDE91B21CC
:100DC000119B0DF17409F8E407991AAA584600F02E
:100DD000CBFA00287FF4AFACDDE91B210DF17409DB
:100DE000FCE4102C1B9B064E28DDDDF81C80102532
:100DF0000DE000BF1023010844270108E00500248E
:100E000054270108103C102C09F1080916DD0133A4
:100E10001031072BC9E90065CDE91B31F2DD1AAAB3
:100E20004146584600F0A0FA00287FF484AC103CFC
:100E3000102CDDE91B310DF17409E8DC013321448C
:100E4000072BC9E90064CDE91B317FF7E8AC0799AE
:100E50001AAA584600F088FA00287FF46CAC1C9956
:100E6000DDE40C9850F8043B0C9012F010007FF475
:100E7000B0AD12F0400400F062819BB20146A8E5DB
:100E80000C9A52F8043B0C9214F010027FF40EAE50
:100E900014F0400000F059819BB2114606E6079914
:100EA0001AAA584600F060FA00287FF444ACDDE945
:100EB0001B210DF174099BE4059B04930A9346AC36
:100EC00088E622780C93FFF74BBB059B049346AC56
:100ED00080E6079DA86DFAF765FFB5F90C306A6EDC
:100EE000FFF7EDBA039A950500F18781D9170A46F5
:100EF0000FE5039BD80600F11381039B590600F10F
:100F00008B81039B9A0540F10B810C9B089A1B680F
:100F10001A7033E60E9B2278002B3FF421AB1B782E
:100F2000002B3FF41DAB039B43F480630393FFF757
:100F300017BB0694039CACE5039A06943CE5B24BC0
:100F400006940D93039B13F020015FD00C9B073395
:100F500023F007031846596850F8083B0C90039C8F
:100F6000E6070AD553EA010007D08DF84D2044F07A
:100F70000202039230228DF84C20039A22F4806200
:100F80000392DFE5A14B06940D93DBE70C9B1B68F6
:100F90008DF8B430012304930A932DACA5E443F0FB
:100FA0002003627803930134FFF7DABA43F4007345
:100FB000627803930134FFF7D3BA0822002118A8FE
:100FC0001594FAF7E1FD059B002BC0F2DC800025AB
:100FD000CDF81090A84699460EE02DA95846FEF788
:100FE000A1FE431C404400F05281484509DC05F154
:100FF000040500F054818046159A525918AB002A16
:10100000EBD1DDF81090CDF82880C9E00C9850F8AD
:10101000043B0C90039810F01000A0D1039911F03C
:10102000400400F099809BB2014698E7039ACDF8FE
:10103000109046AC02F48062A146CDF828B0744E00
:10104000DDF838B04FF0000C144605E00A2B71F1C2
:10105000000136D3434629465A1842F10002A6FB46
:10106000020525F0030000EB9500121A981A4FF0C4
:10107000CC3561F1000E05FB00F506FB0E55A0FB1B
:101080000680054408F0010E0520AEFB000E801816
:101090004FEA5808303009F8010C48EAC5780CF1DD
:1010A000010C09F1FF396D08002CCFD09BF800200E
:1010B0006245CBD1BCF1FF0FC8D00A2B71F1000102
:1010C00051D2CDF838B04C46DDF828B0DDF810909C
:1010D0002DE6079911931AAA584600F045F9002801
:1010E0007FF429ABDDE91B21119B0DF17409FFF79A
:1010F00051BB0392F3E403945AE55846FAF794FC83
:10110000FFF7D4B907991AAA584600F02DF900281C
:101110007FF411ABDDE91B210DF17409FFF762BB10
:101120000C9B089A1B681A6028E5059B394C0C96A5
:10113000062B28BF06230A930493FFF71CBB12F467
:1011400000711CBFDBB2214643E414F400713FF48C
:10115000ADACDBB20146A9E4039911F400711CBFE8
:10116000DBB22146FBE6109B0F99A9EB03091A4657
:101170004846FDF731F99BF801300BB10BF1010B3B
:101180004FF0000C66E718AB00930023194615AA30
:101190005846FEF7EDFD034601330A9077D01594CB
:1011A0000A9BE3B1632B45DC00230B932DAC082293
:1011B000002118A8FAF7E8FC0A9D18AB009315AABD
:1011C0002B4621465846FEF7D3FD854240F08580E8
:1011D0000A9A0023A35422EAE273049302E00A9BD2
:1011E00004930B939DF84B301BB100230C96059391
:1011F000F7E405930C96FFF7C1BA43F3C0110A4612
:101200005BB2FFF786BB00BF24230108102301084F
:10121000CDCCCCCC382301080C9B089A1B681A80D3
:10122000ACE42046EFF78CFB20EAE073CDE90A0539
:101230000493D7E7591C5846FAF720FF044630B309
:101240000B90B4E7886DFAF7AFFDFFF730BA3023A3
:10125000B5E4002304460593FFF783B9D40707D408
:10126000079B9B89980503D4079B986DFAF79CFD13
:101270004FF0FF330893FFF76EBA07991AAA584642
:1012800000F072F800283FF440AAFFF75ABA079A14
:10129000B2F90C3043F040039381FFF755BADDE912
:1012A00004930A937CE7059B04930A939AE70C9BAB
:1012B000627853F8041B0C9341EAE17104460591EE
:1012C000FFF74EB9079A536EDB07D1D493899F0578
:1012D000CED4906DFAF768FDCAE7079A938943F078
:1012E00040039381FFF727BAF0B51F468B89ADF213
:1012F0006C4D23F00203ADF80C301AAB009304934D
:101300004FF48063029305934B6E1993CB89ADF82C
:101310000E30CB6907934B6A0993154600230646A6
:1013200016A80C460693FAF739FD2A463B4669464D
:101330003046FFF7A5F8051E07DB69463046FDF786
:1013400021F8002818BF4FF0FF35BDF80C305B06C0
:1013500003D5A38943F04003A3811698FAF720FD33
:1013600028460DF26C4DF0BD936810B514461BB9BC
:1013700018460023636010BD00F006F80023A36048
:101380000023636010BD00BF9368002B00F0F8805D
:101390002DE9F04FB1F90CC01CF0080F83B0904656
:1013A00081460C4631D00B697BB31CF00207D8F89C
:1013B000006038D00027D4F824B0E169DFF8C4A277
:1013C0003D4655452B463A4628BF53464846C5B18B
:1013D000D847002840F3CA80D8F808301B1A0744C1
:1013E0002D1AC8F80830002B00F0B68055452B4662
:1013F000D4F824B0E16928BF53463A464846002D48
:10140000E6D1D6E900750836DBE72146484600F00C
:101410003BF9002840F0AF80B4F90CC0D8F8006068
:101420001CF00207C6D11CF0010A63D12368A16831
:10143000574618468B46002F58D01CF4007F00F00A
:10144000B580B9420A4600F2E1801CF4906F2FD0BB
:10145000216962695D1A02EB420202EBD2726B1CD7
:1014600052103B44934292BF93469B461A461CF44B
:10147000806F00F0EA8011464846FAF7FFFD002829
:1014800000F0F9802A4621690090EFF75FF9A28900
:10149000009B22F4906242F08002A2815819ABEBCB
:1014A0000505C4F814B02361A5602060BB463A4628
:1014B00051460092FEF7C8FCA1682368009AA1EB90
:1014C0000B011A443D46A16022600027D8F808307D
:1014D0005B1BAA44C8F80830002B3DD02368A168E4
:1014E000B4F90CC018468B46002FA6D1D6E900A748
:1014F00008369EE73846BB463D460097002D41D052
:10150000002846D0009A2068A168D4E90473AA4252
:1015100028BF2A46B84204D901EB030A524500F31A
:101520008580934275DCE169676A5A464846B84748
:10153000B0F1000A1ADD009BB3EB0A0300930FD051
:101540000120D8F80830A3EB0A03D344A5EB0A0521
:10155000C8F80830002BD1D1002003B0BDE8F08FCF
:1015600021464846FCF70EFF0028EAD0B4F90C30BB
:1015700043F04003A3814FF0FF3003B0BDE8F08F8C
:1015800000207047756833460836002DFAD0D3F82E
:1015900000B02A460A215846EFF772F9002867D0B2
:1015A0000130A0EB0B0300931A46ACE722699A4284
:1015B00014D36269BA4211D86FF00043BB4228BF0E
:1015C0003B46656A93FBF2F3E16902FB03F348468D
:1015D0005246A847051EC9DD7F1B77E7B94228BFE1
:1015E00039460D4618460A465146FEF72DFCA168BD
:1015F0002368491B2B44A16023600029ECD12146BC
:101600004846FCF7BFFE0028E6D0AFE7BB463A46A7
:101610004EE759460192FEF717FC019AA3689B1A00
:10162000A360236813442360924684E759465246D8
:10163000FEF70AFC23685344236021464846FCF722
:10164000A1FE00283FF477AF90E74846FEF7D2FCB2
:10165000034600287FF422AF21694846FAF712FCBE
:10166000B4F90C300C22C9F8002023F080037FE786
:101670006A1C009247E70C22B4F90C30C9F800202C
:1016800076E700BF00FCFF7F38B52F4B1B6805468F
:101690000C4613B15A6B002A4BD0B4F90C30180722
:1016A0001CD5226922B313F0010107D06169002023
:1016B0004942A060A1613AB1002038BD980758BFE7
:1016C0006169A160002AF7D1190658BF1046F4D508
:1016D00043F04003A3814FF0FF3038BDD9062CD52D
:1016E0005A0712D4226943F00803A381002ADAD1F1
:1016F00003F42071B1F5007FD5D02146284600F0D3
:101700002DF8B4F90C302269CDE7216B51B104F109
:101710004002914204D02846FAF7B4FBB4F90C30E9
:101720000022226322690021C4E9002123F024035E
:10173000D9E71846FAF778F9AFE7092243F04003F2
:101740002A60A381C7E700BF8400002408B50620F3
:1017500000F072F80120F0F79BFA00BF2DE9F0418C
:10176000B1F90C300C46990796B008D504F1430343
:101770000122C4E90432236016B0BDE8F081B4F957
:101780000E100029064626DB6A4600F081F8002884
:101790001FDB019D05F47045A5F50055B5FA85F5EB
:1017A0004FF480686D094FF4006741463046FAF700
:1017B00065FCE8B1B4F90C30C4F8148043F0800340
:1017C00020602061A3813DBB3B43A38116B0BDE8EF
:1017D000F081B4F90C3013F0800519D04FF04008B7
:1017E0000025414630462F46FAF748FC0028E1D153
:1017F000B4F90C309A05BFD423F0030304F143027B
:1018000043F002030121C4E90421A3812260B3E76C
:101810004FF480682F46C8E7B4F90E10304600F048
:101820004DF810B9B4F90C30CEE7A38923F00303C7
:1018300043F001031BB2C7E738B5144B1F281D68DE
:101840001ED8D5F83821044662B152F820304BB189
:10185000012B05D0591C0FD0002142F820109847C9
:10186000002038BD284600F051F82246014628469F
:10187000BDE8384000F034B816232B60012038BD95
:1018800016232B604FF0FF3038BD00BF84000024CA
:1018900070B50C46084D03460026204611461C46EE
:1018A0002E60F0F71CFA431C00D070BD2B68002B93
:1018B000FBD0236070BD00BF088F002438B5074DF2
:1018C0000022044608462A60F0F70EFA431C00D0B6
:1018D00038BD2B68002BFBD0236038BD088F002457
:1018E00070B50C46084D03460026204611461C469E
:1018F0002E60F0F7C5F9431C00D070BD2B68002B9B
:10190000FBD0236070BD00BF088F0024F0F7B6B98C
:1019100038B52DED028B55EC104B00F069F82246DE
:101920002B4620462946B0EE408AF0EE608AEFF75B
:101930000DFB30B90022002320462946EFF7DEFADE
:1019400030B9B0EE480AF0EE680ABDEC028B38BD43
:10195000FAF7F6F90022002321210160104619460A
:10196000EFF784F941EC180BB0EE480AF0EE680A84
:10197000BDEC028B38BD00BF08B52DED028BB0EE7B
:10198000408A00F02BF9B4EE488AF1EE10FAF0EE3E
:10199000408A0AD6B0EE480A00F01CF8F7EE007A4A
:1019A000B4EEE70AF1EE10FA04DCB0EE680ABDEC22
:1019B000028B08BDFAF7C4F9BDEC028B0346212265
:1019C0001A600248BDE8084000F00CB8FC2201088B
:1019D00000F000BA10EE103A23F0004300EE103A87
:1019E000704700BF9FED010A704700BF0000C07F35
:1019F0002DE9F84F764955EC104BA94300F0AB8028
:101A0000002D2A46234655DD2C1562D0C2F3130261
:101A1000E107A4F2FF3742F4801203D4D90F01EB9F
:101A200042025B005200002602EBD3727F105B0083
:101A30001624B4464FF400110CEB010090424FEA1B
:101A4000D3754FEA430303DC00EB010C121A0E447A
:101A5000013C05EB42024FEA5101EDD1A0462025A1
:101A60004FF000400AE043D0510001EBD371013D3B
:101A70000A464FEA43034FEA500045D0944508EB2D
:101A8000000EF0DABEF1000F0EEB00080CDBE146B1
:101A9000A2EB0C019E4588BF01F1FF314900CC4605
:101AA000A3EB0E030444E0E7B8F1000FEFDB0CF109
:101AB0000109EDE725F00041214346D0002D71D109
:101AC000D90A153A5B050029FAD0CE02144676D41D
:101AD0000A4600215200D502084601F10101F9D55C
:101AE000C1F1200523FA05F52A438B40241A8DE71E
:101AF0009E4502D94FEA4C01B7E7BEF1000F0EEB4D
:101B0000000824DB0021CBE7194312D0DFF8C4A082
:101B1000DFF8C4B0DAE90001DBE90023EEF7F4FBFB
:101B2000DAE9008902460B4640464946EFF7F0F9EC
:101B3000F8B96508711001F17F5101F5001101EB51
:101B4000075345EAC67243EC102BBDE8F88FB8F195
:101B5000000FACDAD6E722462B4620462946EEF7A0
:101B60005BFF22462B46EEF7D1FB41EC100BBDE8A4
:101B7000F88FB4F1FF3FDAE90001DBE9002322D05E
:101B8000EEF7C4FBDAE9008902460B4640464946B7
:101B9000EFF7B4F9C8B1A31C04F1020508BF013680
:101BA0006D08C7E722462B4620462946EEF7ACFBD8
:101BB00002460B46EFF75AF841EC100BC5E74FF021
:101BC000FF300A4692E70136B4E70134B1E700BFBF
:101BD0000000F07F702701086827010838B510EE73
:101BE000105A25F00044B4F17E5F2DED048BF0EE29
:101BF000407A7FD077D8B4F17C5F0ED2B4F1485FE1
:101C000080F092809FED637A30EE077AF7EE006AFB
:101C1000B4EEE67AF1EE10FA62DCB0EE670AFFF796
:101C2000D9FEF7EE007A37EEC08AB6EE007A28EEDB
:101C3000078ADFED596A9FED597A9FED596A9FED4A
:101C4000595ADFED595ADFED598AE8EE076A9FEDE0
:101C5000587AA8EE067A9FED576AA6EE885AA7EE44
:101C6000086A9FED557ADFED556AE5EE085AA6EE53
:101C7000087AE5EE886AE7EE087AE6EE888AB0EE42
:101C8000480AB0EE679A00F023FA4D4B9C4268EE8A
:101C9000888A3AD810EE103A6FF30B0306EE903AAA
:101CA000A6EEE68A70EE267A88EE895AC8EE274AB2
:101CB0009FED447ADFED447AB0EE006AA4EEC67A76
:101CC00030EE000AF0EE675A90EE057AE6EEC65A5C
:101CD00037EE657A37EEC70A002D01DCB1EE400A17
:101CE000BDEC048B38BDBDEC048B70EE407A87EE02
:101CF000A70A38BDBDEC048B9FED320A9FED337A05
:101D000027EE800AA7EE870A38BD88EE896A9FED24
:101D1000307ADFED2E7AA0EE060AF0EE006AA0EE31
:101D2000267A37EEC70AD7E720EE007ADFED1B6A86
:101D30009FED196ADFED1B5A9FED195ADFED1A4A24
:101D4000A7EE266ABDEC048BE6EE075ADFED186AB3
:101D50009FED186AE7EE056AE5EE874AA6EE876A08
:101D60009FED165ADFED145ADFED106AA4EE875A84
:101D7000E6EE075AE5EE076AB7EE006AA5EE876A57
:101D800026EE877AC7EE066AE0EE267AB0EE670A9C
:101D900038BD00BFCAF24971047F4F3A08EF1138CD
:101DA0002EC69D3D461124BDA80A4E3EABAA2A3E32
:101DB000613330BF2D57014039D119C090B0A6BE54
:101DC0009999793F2EBD3BB3DB0F493FDB0FC93FEC
:101DD0002EBD3B3310B582B0CDED010A019B23F03F
:101DE0000042B2F1FF4FF0EE407A30D810EE100A08
:101DF00020F00041B1F1FF4F29D8B3F17E5F42D00E
:101E00009C1704F0020444EAD07431B37AB3B2F1FF
:101E1000FF4F40D0B1F1FF4F29D0891AB1F1F45FE3
:101E20004FEAE15234DA002B42DA3C3240DA9FEDDD
:101E3000340A012C4ED0022C43D064B19FED317A8C
:101E4000DFED317A30EE070A30EE670A03E09DEDF0
:101E5000017A37EE270A02B010BD022C10D09FED98
:101E60002B7A032C08BFB0EE470A02B010BD9FEDDD
:101E7000280ADFED287A0028A8BFB0EE670AEAE753
:101E80009FED210AE7E702B0BDE8104000F04AB834
:101E90009FED200ACDE7B1F1FF4F04F1FF3420D0D0
:101EA000022C26D81C4B03EB840393ED000AD2E7E7
:101EB0009DED017A87EE870AFFF78CFD00F032F87E
:101EC000B7E79FED107ADFED107A30EE070A37EEB4
:101ED000C00AC0E710EE103A03F1004300EE103ADA
:101EE000B9E7022C08D80D4B03EB840393ED000AED
:101EF000B1E79FED030AAEE79FED090AABE700BF2C
:101F0000000000002EBDBB33DB0F4940DB0F49C092
:101F1000DB0FC9BFDB0FC93F782701088427010801
:101F2000DB0F493F38B510EE105A25F00044B4F1EC
:101F3000A14FF0EE407A0DD3B4F1FF4F5BD8DFED47
:101F4000517A9FED517A002DCCBFB0EE470AB0EE2A
:101F5000670A38BD4D4B9C425CD8B4F1445F4DD309
:101F60004FF0FF3327EEA76A9FED495A9FED497A5C
:101F7000DFED495ADFED494A66EE066A5A1CA6EEC5
:101F8000857AE6EEA54A9FED465ADFED465AA7EE62
:101F9000265AE4EEA65A9FED447ADFED444AA5EEB8
:101FA000267AE5EEA64A9FED425ADFED425AA7EEA9
:101FB000265A9FED417AA4EEA67AE5EE265A27EE40
:101FC000267AA5EE867A27EE877A38D03B493C4AB6
:101FD00001EB8301D1ED006A37EE667A02EB8303F1
:101FE000D3ED006A37EE677A002D36EEC70AB0DA15
:101FF000B1EE400A38BD30EE000A38BD9FED317AAF
:1020000030EE077AF7EE006AB4EEE67AF1EE10FAF7
:10201000A6DD38BDFFF7DEFC2B4B9C4212D8A3F5A2
:10202000D0039C4223D8F0EE007ABFEE007AA0EEF7
:10203000277A002330EE270AC7EE007A92E737EEC0
:10204000C70A38BD214B9C420BD8F7EE087AB7EE91
:10205000007AA0EE277A022330EE670AC0EE077AF4
:1020600080E7BFEE007AC7EE007A03237AE7F7EE47
:10207000007A30EE677A30EE270A0123C7EE007A45
:1020800070E700BFDB0FC9BFDB0FC93FFFFFDF3EBB
:10209000D769853C59DA4B3D21A215BD6BF16EBD68
:1020A000356B883D95879DBD6E2EBA3D388EE3BD5C
:1020B0002549123EABAAAA3ECDCC4CBE90270108C2
:1020C000A0270108CAF24971FFFF973FFFFF1B409D
:1020D000B1EEC00A704700BFF8B500BFF8BC08BC3D
:1020E0009E467047F8B500BFF8BC08BC9E467047D6
:1020F000E0220108E91300080000000000000000D1
:10210000800000000000000000000000D422010850
:1021100025A00008FDFF00000000000000040000F2
:102120000000000000000000D0220108F5A6000811
:10213000FDFF000000000000800000000000000023
:1021400000000000C822010819A10008FDFF0000DE
:10215000000000000001000000000000000000007E
:10216000BC22010819A60008FDFF000000000000C5
:10217000000400000000000000000000B022010880
:10218000319F0008FDFF000000000000000100007A
:102190000000000000000000A422010889AE000831
:1021A000FDFF0000000000008000000000000000B3
:1021B0000000000098220108E9A50008FDFF0000CA
:1021C000000000000001000000000000000000000E
:1021D0008822010809A10008FDFF0000000000009E
:1021E0000001000000000000000000007C22010847
:1021F00075990008FDFF00000000000000010000CC
:10220000000000000000000070220108E19E0008AC
:10221000FDFF0000000000000004000000000000BE
:1022200000000000000000000000000000000000AE
:10223000000000000000000001000000020000009B
:102240000300000004000000000000000500000082
:102250000000000000000000000000000600000078
:102260000000000000000000000000000700000067
:10227000424F4152445F434F4D0000006175746FFF
:102280005F61696D000000006572725F6465635F85
:102290007461736B0000000067696D62616C54616A
:1022A000736B000073686F6F745F7461736B000011
:1022B00063616E5F73656E7400000000696D755F29
:1022C00064617461000000006765745F7263000000
:1022D0006C65640064656275675F756172740000A7
:1022E00064656661756C745461736B0049444C4558
:1022F0000000000025642C2564200D0A0000000069
:10230000494E4600696E66004E414E006E616E0099
:10231000303132333435363738396162636465665B
:10232000000000003031323334353637383941421D
:102330004344454600000000286E756C6C2900007F
:10234000300000002E0000004C435F434F4C4C41D6
:10235000544500004C435F43545950450000000071
:102360004C435F4D4F4E4554415259004C435F4ED4
:10237000554D4552494300004C435F54494D45007B
:102380004C435F4D4553534147455300496E666981
:102390006E697479000000004E614E0042616C6C01
:1023A0006F63207375636365656465640000000096
:1023B0002F646174612F6A656E6B696E732F776F1E
:1023C000726B73706163652F474E552D746F6F6C20
:1023D000636861696E2F61726D2D31332F73726383
:1023E0002F6E65776C69622D63796777696E2F6EE2
:1023F00065776C69622F6C6962632F7374646C69B2
:10240000622F64746F612E63000000002F6461749A
:10241000612F6A656E6B696E732F776F726B737065
:102420006163652F474E552D746F6F6C63686169EA
:102430006E2F61726D2D31332F7372632F6E65773E
:102440006C69622D63796777696E2F6E65776C6949
:10245000622F6C6962632F7374646C69622F6D7094
:102460007265632E630000002C2066756E637469CC
:102470006F6E3A2000000000617373657274696FBB
:102480006E2022257322206661696C65643A20669D
:10249000696C6520222573222C206C696E652025CD
:1024A00064257325730A0000000000000102030484
:1024B000010203040607080900061016000610169C
:1024C0000001020304050607080C10141820304010
:1024D000010002000400060008000A000C001000C1
:1024E00020004000800000010804020408010101EE
:1024F00001010103070100000F000810820911000B
:102500000A15800B16000C18010D00007D04017CDB
:10251000000240AB034100055308065804070000C1
:1025200030303030303030303030303030303030AB
:10253000202020202020202020202020202020209B
:1025400005000000190000007D00000000000000F0
:102550000080E03779C34143176E05B5B5B893469F
:10256000F5F93FE9034F384D321D30F94877825A6B
:102570003CBF737FDD4F1575000000000000F03F89
:10258000000000000000244000000000000059404E
:102590000000000000408F40000000000088C340A1
:1025A00000000000006AF8400000000080842E4116
:1025B00000000000D01263410000000084D7974162
:1025C0000000000065CDCD41000000205FA0024268
:1025D000000000E876483742000000A2941A6D42DD
:1025E000000040E59C30A2420000901EC4BCD642D0
:1025F00000003426F56B0C430080E03779C341437B
:1026000000A0D8855734764300C84E676DC1AB43F0
:10261000003D9160E458E143408CB5781DAF15440E
:1026200050EFE2D6E41A4B4492D54D06CFF08044E9
:10263000F64AE1C7022DB544B49DD9794378EA44FE
:102640000020202020202020202028282828282082
:10265000202020202020202020202020202020207A
:1026600020881010101010101010101010101010E2
:1026700010040404040404040404041010101010D2
:10268000101041414141414101010101010101019C
:1026900001010101010101010101010110101010EE
:1026A000101042424242424202020202020202026E
:1026B00002020202020202020202020210101010C2
:1026C00020000000000000000000000000000000EA
:1026D00000000000000000000000000000000000FA
:1026E00000000000000000000000000000000000EA
:1026F00000000000000000000000000000000000DA
:1027000000000000000000000000000000000000C9
:1027100000000000000000000000000000000000B9
:1027200000000000000000000000000000000000A9
:102730000000000000000000000000000000000099
:102740000000000030303030303030303030303049
:102750003030303020202020202020202020202039
:10276000202020200000000059F3F8C21F6EA501B0
:10277000000000000000F03F00000080DB0F494037
:10278000DB0F49C0DB0F49BFE4CB1640E4CB16C0DA
:102790006937AC3168212233B40F14336821A23376
:1027A0003863ED3EDA0F493F5E987B3FDA0FC93F51
:0827B0009CDFFE7F0100000028
:0827B800ADBD0008311000085E
:0427C00009100008F4
:1027C4000000803F00000000000000000000000046
:1027D4000090D0030090D00301000000100000001E
:1027E400AAAAAAAA58A08B3AE7416B3A0000204152
:1027F400CDCCCC3D0000000000002041CDCCCC3D30
:10280400000000000000003F000000000000803FC6
:1028140000401C460000A042000000009A99993E26
:1028240000000000CDCC4C3F00606A46000020420E
:10283400000000000000803F0000000003000000D2
:10284400CC8D00248800002400000000CC8D0024DE
:10285400348E00249C8E0024000000000000000040
:102864000000000000000000000000000000000064
:102874000000000000000000000000000000000054
:102884000000000000000000000000000000000044
:102894000000000000000000000000000000000034
:1028A4000000000000000000000000000000000024
:1028B4000000000000000000000000000000000014
:1028C4000000000000000000000000000000000004
:1028D40000000000000000000000000000000000F4
:1028E40001000000000000000E33CDAB34126DE691
:1028F400ECDE05000B0000000000000000000000FA
:1029040000000000000000000000000000000000C3
:1029140000000000000000000000000000000000B3
:1029240000000000000000000000000000000000A3
:102934000000000000000000000000000000000093
:102944000000000000000000000000000000000083
:102954000000000000000000000000000000000073
:102964000000000000000000000000000000000063
:102974000000000000000000000000000000000053
:102984000000000000000000108F0024FFFFFFFF84
:102994000000020000000000000000000000000031
:1029A400D8010024D8010024E0010024E00100241F
:1029B400E8010024E8010024F0010024F0010024CF
:1029C400F8010024F801002400020024000200247D
:1029D400080200240802002410020024100200242B
:1029E40018020024180200242002002420020024DB
:1029F400280200242802002430020024300200248B
:102A0400380200243802002440020024400200243A
:102A140048020024480200245002002450020024EA
:102A2400580200245802002460020024600200249A
:102A3400680200246802002470020024700200244A
:102A440078020024780200248002002480020024FA
:102A540088020024880200249002002490020024AA
:102A64009802002498020024A0020024A00200245A
:102A7400A8020024A8020024B0020024B00200240A
:102A8400B8020024B8020024C0020024C0020024BA
:102A9400C8020024C8020024D0020024D00200246A
:102AA400D8020024D8020024E0020024E00200241A
:102AB400E8020024E8020024F0020024F0020024CA
:102AC400F8020024F8020024000300240003002478
:102AD4000803002408030024100300241003002426
:102AE40018030024180300242003002420030024D6
:102AF4002803002428030024300300243003002486
:102B04003803002438030024400300244003002435
:102B140048030024480300245003002450030024E5
:102B24005803002458030024600300246003002495
:102B34006803002468030024700300247003002445
:102B440078030024780300248003002480030024F5
:102B540088030024880300249003002490030024A5
:102B64009803002498030024A0030024A003002455
:102B7400A8030024A8030024B0030024B003002405
:102B8400B8030024B8030024C0030024C0030024B5
:102B9400C8030024C8030024D0030024D003002465
:102BA400D8030024D8030024E0030024E003002415
:102BB400E8030024E8030024F0030024F0030024C5
:102BC400F8030024F8030024000400240004002473
:102BD4000804002408040024100400241004002421
:102BE40018040024180400242004002420040024D1
:102BF4002804002428040024300400243004002481
:102C04003804002438040024400400244004002430
:102C140048040024480400245004002450040024E0
:102C24005804002458040024600400246004002490
:102C34006804002468040024700400247004002440
:102C440078040024780400248004002480040024F0
:102C540088040024880400249004002490040024A0
:102C64009804002498040024A0040024A004002450
:102C7400A8040024A8040024B0040024B004002400
:102C8400B8040024B8040024C0040024C0040024B0
:102C9400C8040024C8040024D0040024D004002460
:102CA400D8040024D8040024E0040024E004002410
:102CB400E8040024E8040024F0040024F0040024C0
:102CC400F8040024F804002400050024000500246E
:102CD400080500240805002410050024100500241C
:102CE40018050024180500242005002420050024CC
:102CF400280500242805002430050024300500247C
:102D0400380500243805002440050024400500242B
:102D140048050024480500245005002450050024DB
:102D2400580500245805002460050024600500248B
:102D3400680500246805002470050024700500243B
:102D440078050024780500248005002480050024EB
:102D5400880500248805002490050024900500249B
:102D64009805002498050024A0050024A00500244B
:102D7400A8050024A8050024B0050024B0050024FB
:102D8400B8050024B8050024C0050024C0050024AB
:102D9400C8050024C8050024D0050024D00500245B
:102DA40043000000000000000000000000000000DC
:102DB400000000000000000000000000000000000F
:102DC40043000000000000000000000000000000BC
:102DD40000000000000000000000000000000000EF
:102DE400430000000000000000000000000000009C
:102DF40000000000000000000000000000000000CF
:102E0400430000000000000000000000000000007B
:102E140000000000000000000000000000000000AE
:102E2400430000000000000000000000000000005B
:102E3400000000000000000000000000000000008E
:102E4400430000000000000000000000000000003B
:102E5400000000000000000000000000000000006E
:102E6400430000000000000000000000000000001B
:102E7400000000000000000000000000000000004E
:102E840009FD000851F50008000000004026010873
:102E940044230108FC220108FC220108FC22010849
:102EA400FC220108FC220108FC220108FC22010882
:102EB400FC220108FC220108FFFFFFFFFFFFFFFFC8
:102EC400FFFFFFFFFFFF000001004153434949009A
:102ED40000000000000000000000000000000000EE
:102EE4000000000000000000000041534349490075
:102EF40000000000000000000000000000000000CE
:0C2F0400000000000000000000000000C1
:04000005080022814C
:00000001FF
