:020000040800F2
:1000000000000220A92000089D1700089F17000883
:10001000A1170008A3170008A5170008000000009A
:1000200000000000000000000000000091480008EF
:10003000A717000800000000314900089549000892
:10004000F9200008F9200008F9200008F92000082C
:10005000F9200008F9200008F9200008F92000081C
:10006000F9200008F9200008F9200008F92000080C
:10007000A9170008F9200008F9200008F920000855
:10008000F9200008F9200008F9200008F9200008EC
:10009000B9170008C9170008F9200008F92000085E
:1000A000F9200008F9200008F9200008F9200008CC
:1000B000F9200008F9200008F9200008F9200008BC
:1000C000F9200008F9200008F9200008F9200008AC
:1000D000F9200008D9170008F9200008996F0008D6
:1000E000F9200008F9200008F9200008E9170008A5
:1000F000F9200008F9200008F9200008F92000087C
:10010000F9200008F9200008F9200008F92000086B
:10011000F9200008F9200008F9200008011800085B
:10012000F92000081118000821180008F92000081B
:10013000F9200008F9200008F9200008F92000083B
:100140003118000841180008F9200008F9200008BB
:10015000F9200008511800086118000871180008FB
:10016000F9200008F9200008F9200008F92000080B
:10017000F9200008F9200008F9200008000000001C
:08018000F9200008F920000835
:1001C00081F0004102E000BF83F0004330B54FEA08
:1001D00041044FEA430594EA050F08BF90EA020F75
:1001E0001FBF54EA000C55EA020C7FEA645C7FEA08
:1001F000655C00F0E2804FEA5454D4EB5555B8BF2B
:100200006D420CDD2C4480EA020281EA030382EA9B
:10021000000083EA010180EA020281EA0303362D2D
:1002200088BF30BD11F0004F4FEA01314FF4801C00
:100230004CEA113102D0404261EB410113F0004F12
:100240004FEA03334CEA133302D0524263EB4303C9
:1002500094EA050F00F0A780A4F10104D5F1200E67
:100260000DDB02FA0EFC22FA05F2801841F10001C2
:1002700003FA0EF2801843FA05F359410EE0A5F196
:1002800020050EF1200E012A03FA0EFC28BF4CF0C7
:10029000020C43FA05F3C01851EBE37101F000457D
:1002A00007D54FF0000EDCF1000C7EEB00006EEB8A
:1002B0000101B1F5801F1BD3B1F5001F0CD3490814
:1002C0005FEA30004FEA3C0C04F101044FEA44526B
:1002D00012F5800F80F09A80BCF1004F08BF5FEAF2
:1002E000500C50F1000041EB045141EA050130BDD2
:1002F0005FEA4C0C404141EB0101013C28BFB1F5E4
:10030000801FE9D291F0000F04BF01460020B1FA2E
:1003100081F308BF2033A3F10B03B3F120020CDA01
:100320000C3208DD02F1140CC2F10C0201FA0CF0DF
:1003300021FA02F10CE002F11402D8BFC2F1200C44
:1003400001FA02F120FA0CFCDCBF41EA0C019040FA
:10035000E41AA2BF01EB0451294330BD6FEA040443
:100360001F3C1CDA0C340EDC04F11404C4F120022E
:1003700020FA04F001FA02F340EA030021FA04F340
:1003800045EA030130BDC4F10C04C4F1200220FA97
:1003900002F001FA04F340EA0300294630BD21FAD5
:1003A00004F0294630BD94F0000F83F4801306BF9B
:1003B00081F480110134013D4EE77FEA645C18BF8F
:1003C0007FEA655C29D094EA050F08BF90EA020F26
:1003D00005D054EA000C04BF1946104630BD91EA1E
:1003E000030F1EBF0021002030BD5FEA545C05D121
:1003F0004000494128BF41F0004130BD14F5800460
:100400003CBF01F5801130BD01F0004545F0FE41D3
:1004100041F470014FF0000030BD7FEA645C1ABF08
:10042000194610467FEA655C1CBF0B46024650EA3F
:10043000013406BF52EA033591EA030F41F400216B
:1004400030BD00BF90F0000F04BF0021704730B5F1
:100450004FF4806404F132044FF000054FF00001C6
:1004600050E700BF90F0000F04BF0021704730B587
:100470004FF4806404F1320410F0004548BF40425C
:100480004FF000013EE700BF42004FEAE2014FEAB1
:1004900031014FEA02701FBF12F07F4393F07F4F8C
:1004A00081F06051704732F07F4208BF704793F08F
:1004B0007F4F04BF41F40021704730B54FF46074A2
:1004C00001F0004521F000411CE700BF50EA0102A5
:1004D00008BF704730B54FF000050AE050EA01024E
:1004E00008BF704730B511F0004502D5404261EBBE
:1004F00041014FF4806404F132045FEA915C3FF4FF
:10050000D8AE4FF003025FEADC0C18BF03325FEA9B
:10051000DC0C18BF033202EBDC02C2F1200300FA4C
:1005200003FC20FA02F001FA03FE40EA0E0021FA71
:1005300002F11444BDE600BF4FEA4102B2F1E043CC
:1005400024BFB3F5001CDCF1FE5C0DD901F0004CBA
:100550004FEAC0024CEA5070B2F1004F40EB83000A
:1005600008BF20F00100704711F0804F21D113F136
:100570003872BCBF01F00040704741F480114FEA6F
:100580005252C2F11802C2F1200C10FA0CF320FAF8
:1005900002F018BF40F001004FEAC1234FEAD32315
:1005A00003FA0CFC40EA0C0023FA02F34FEA43037F
:1005B000CCE77FEA625307D150EA01331EBF4FF008
:1005C000FE4040F44000704701F0004040F0FE4023
:1005D00040F40000704700BF53B94AB9002908BF72
:1005E00000281CBF4FF0FF314FF0FF3000F00CB877
:1005F000ADF1080C6DE904CE06F0FEFDDDF804E077
:10060000DDE9022304B07047704700BF844641EA29
:10061000000313F003036DD1403A41D351F8043B7A
:1006200040F8043B51F8043B40F8043B51F8043BCC
:1006300040F8043B51F8043B40F8043B51F8043BBC
:1006400040F8043B51F8043B40F8043B51F8043BAC
:1006500040F8043B51F8043B40F8043B51F8043B9C
:1006600040F8043B51F8043B40F8043B51F8043B8C
:1006700040F8043B51F8043B40F8043B51F8043B7C
:1006800040F8043B51F8043B40F8043B51F8043B6C
:1006900040F8043B51F8043B40F8043B403ABDD2DB
:1006A000303211D351F8043B40F8043B51F8043B7D
:1006B00040F8043B51F8043B40F8043B51F8043B3C
:1006C00040F8043B103AEDD20C3205D351F8043B0C
:1006D00040F8043B043AF9D2043208D0D2071CBFD8
:1006E00011F8013B00F8013B01D30B880380604601
:1006F000704700BF082A13D38B078DD010F0030377
:100700008AD0C3F10403D21ADB071CBF11F8013BE6
:1007100000F8013B80D331F8023B20F8023B7BE735
:10072000043AD9D3013A11F8013B00F8013BF9D260
:100730000B7803704B7843708B78837060467047FA
:1007400001F0FF01102A2BDB10F0070F08D010F882
:10075000013B013A8B422DD010F0070F42B3F6D186
:10076000F0B441EA012141EA014122F007047FF09F
:1007700000070023F0E80256083C85EA010586EAF6
:10078000010685FA47F5A3FA87F586FA47F6A5FA32
:1007900087F68EB9EED1F0BC01F0FF0102F007023E
:1007A00032B110F8013B013A83EA010313B1F8D1E9
:1007B0000020704701387047002D06BF35460338CA
:1007C000073815F0010F07D1013015F4807F02BF03
:1007D000013015F4C03F0130F0BC0138704700BF54
:1007E0000000000000000000000000000000000009
:1007F00000000000000000000000000000000000F9
:1008000030B490F800F020F007016FF0000C10F009
:10081000070491F820F040F048804FF000046FF09A
:100820000700D1E9002391F840F000F1080082FAB6
:100830004CF2A4FA8CF283FA4CF3A2FA8CF34BBB81
:10084000D1E9022382FA4CF200F10800A4FA8CF2FA
:1008500083FA4CF3A2FA8CF3E3B9D1E9042382FAC8
:100860004CF200F10800A4FA8CF283FA4CF3A2FADD
:100870008CF37BB9D1E9062301F1200182FA4CF215
:1008800000F10800A4FA8CF283FA4CF3A2FA8CF37C
:10089000002BC6D0002A04BF04301A4612BAB2FA9E
:1008A00082F200EBD20030BC7047D1E9002304F0A3
:1008B0000305C4F100004FEAC50514F0040F91F8D8
:1008C00040F00CFA05F562EA05021CBF63EA050375
:1008D00062464FF00004AAE770B54FF0FF0C4CF4ED
:1008E000E06C1CEA11541DBF1CEA135594EA0C0F6E
:1008F00095EA0C0F00F0DEF82C4481EA030621EAA9
:100900004C5123EA4C5350EA013518BF52EA0335E3
:1009100041F4801143F4801338D0A0FB02CE4FF095
:100920000005E1FB02E506F00042E0FB03E54FF0C5
:100930000006E1FB03569CF0000F18BF4EF0010EBD
:10094000A4F1FF04B6F5007F64F5407404D25FEAB9
:100950004E0E6D4146EB060642EAC62141EA55516C
:100960004FEAC52040EA5E504FEACE2EB4F1FD0CAE
:1009700088BFBCF5E06F1ED8BEF1004F08BF5FEA2C
:10098000500E50F1000041EB045170BD06F00046DE
:1009900046EA010140EA020081EA0301B4EB5C048B
:1009A000C2BFD4EB0C0541EA045170BD41F4801183
:1009B0004FF0000E013C00F3AB8014F1360FDEBFA8
:1009C000002001F0004170BDC4F10004203C35DA84
:1009D0000C341BDC04F11404C4F1200500FA05F307
:1009E00020FA04F001FA05F240EA020001F00042A8
:1009F00021F0004110EBD37021FA04F642EB06011E
:100A00005EEA430E08BF20EAD37070BDC4F10C0447
:100A1000C4F1200500FA04F320FA05F001FA04F20B
:100A200040EA020001F0004110EBD37041F10001F7
:100A30005EEA430E08BF20EAD37070BDC4F1200502
:100A400000FA05F24EEA020E20FA04F301FA05F26A
:100A500043EA020321FA04F001F0004121FA04F212
:100A600020EA020000EBD3705EEA430E08BF20EAE2
:100A7000D37070BD94F0000F0FD101F0004640001C
:100A800041EB010111F4801F08BF013CF7D041EA9E
:100A9000060195F0000F18BF704703F000465200A2
:100AA00043EB030313F4801F08BF013DF7D043EA73
:100AB0000603704794EA0C0F0CEA135518BF95EA29
:100AC0000C0F0CD050EA410618BF52EA4306D1D1B0
:100AD00081EA030101F000414FF0000070BD50EACF
:100AE000410606BF1046194652EA430619D094EA59
:100AF0000C0F02D150EA013613D195EA0C0F05D143
:100B000052EA03361CBF104619460AD181EA030196
:100B100001F0004141F0FE4141F470014FF000004E
:100B200070BD41F0FE4141F4780170BD70B54FF0E9
:100B3000FF0C4CF4E06C1CEA11541DBF1CEA135569
:100B400094EA0C0F95EA0C0F00F0A7F8A4EB05044B
:100B500081EA030E52EA03354FEA013100F0888042
:100B60004FEA03334FF0805545EA131343EA12630B
:100B70004FEA022245EA111545EA10654FEA0026C0
:100B80000EF000419D4208BF964244F1FD0404F579
:100B9000407402D25B084FEA3202B61A65EB0305D5
:100BA0005B084FEA32024FF480104FF4002CB6EB92
:100BB000020E75EB030E22BFB61A754640EA0C0012
:100BC0005B084FEA3202B6EB020E75EB030E22BF52
:100BD000B61A754640EA5C005B084FEA3202B6EB93
:100BE000020E75EB030E22BFB61A754640EA9C0052
:100BF0005B084FEA3202B6EB020E75EB030E22BF22
:100C0000B61A754640EADC0055EA060E18D04FEADF
:100C1000051545EA16754FEA06164FEAC30343EA7F
:100C200052734FEAC2025FEA1C1CC0D111F4801F4C
:100C30000BD141EA00014FF000004FF0004CB6E745
:100C400011F4801F04BF01430020B4F1FD0C88BFE4
:100C5000BCF5E06F3FF6AFAEB5EB030C04BFB6EBEF
:100C6000020C5FEA500C50F1000041EB045170BDE2
:100C70000EF0004E4EEA113114EB5C04C2BFD4EB0F
:100C80000C0541EA045170BD41F480114FF0000E93
:100C9000013C90E645EA060E8DE60CEA135594EA0F
:100CA0000C0F08BF95EA0C0F3FF43BAF94EA0C0F12
:100CB0000AD150EA01347FF434AF95EA0C0F7FF487
:100CC00025AF104619462CE795EA0C0F06D152EADB
:100CD00003353FF4FDAE1046194622E750EA4106BF
:100CE00018BF52EA43067FF4C5AE50EA41047FF4D0
:100CF0000DAF52EA43057FF4EBAE12E74FF0FF3C35
:100D000006E000BF4FF0010C02E000BF4FF0010C05
:100D10004DF804CD4FEA410C7FEA6C5C4FEA430C7E
:100D200018BF7FEA6C5C1BD001B050EA410C0CBFCD
:100D300052EA430C91EA030F02BF90EA020F00202F
:100D4000704710F1000F91EA030F58BF994208BF96
:100D500090422CBFD8176FEAE37040F00100704753
:100D60004FEA410C7FEA6C5C02D150EA013C07D1AA
:100D70004FEA430C7FEA6C5CD6D152EA033CD3D0F5
:100D80005DF8040B704700BF8446104662468C46EF
:100D90001946634600E000BF01B5FFF7B7FF002822
:100DA00048BF10F1000F01BD4DF808EDFFF7F4FF4B
:100DB0000CBF012000205DF808FB00BF4DF808EDD6
:100DC000FFF7EAFF34BF012000205DF808FB00BFF9
:100DD0004DF808EDFFF7E0FF94BF012000205DF81B
:100DE00008FB00BF4DF808EDFFF7CEFF94BF0120D0
:100DF00000205DF808FB00BF4DF808EDFFF7C4FFC9
:100E000034BF012000205DF808FB00BF4FEA410C11
:100E10007FEA6C5C02D150EA013C0AD14FEA430CF4
:100E20007FEA6C5C02D152EA033C02D14FF0000031
:100E300070474FF0010070474FEA410212F500126F
:100E400015D211D56FF47873B3EB625212D94FEA11
:100E5000C12343F0004343EA505311F0004F23FAFB
:100E600002F018BF404270474FF00000704750EA50
:100E7000013005D111F0004008BF6FF0004070470D
:100E80004FF00000704700BF0348044B834202D07C
:100E9000034B03B118477047740700207407002004
:100EA000000000000548064B1B1AD90F01EBA301F7
:100EB000491002D0034B03B1184770477407002054
:100EC000740700200000000010B5064C237843B9D9
:100ED000FFF7DAFF044B13B10448AFF3008001239E
:100EE000237010BD7807002000000000A8D700087C
:100EF00008B5054B1BB105490548AFF30080BDE8B7
:100F00000840FFF7CFBF00BF000000007C070020B3
:100F1000A8D7000808B50D480D4B036003234360B4
:100F200000238360C3604FF4102202614FF400126B
:100F30004261037643768376C3760377437701F085
:100F400009F900B908BD00F0ABFAFBE7C0070020C3
:100F50000064004008B50D480D4B03600323436057
:100F600000238360C3604FF4102202614FF400122B
:100F70004261037643768376C3760377437701F045
:100F8000E9F800B908BD00F08BFAFBE798070020EC
:100F90000068004010B58AB00023059306930793BC
:100FA000089309930368454A934204D0444A934204
:100FB0003CD00AB010BD434A136801331360012BC3
:100FC00027D000240194404B1A6B42F008021A63A8
:100FD0001B6B03F008030193019B0323059302227B
:100FE000069208930923099305A9384801F010FFD8
:100FF00022460521142001F0DFFC142001F0ECFC56
:1010000022460521152001F0D7FC152001F0E4FC53
:10101000CFE7002300932C4B1A6C42F000721A6445
:101020001B6C03F000730093009BCAE7002302933C
:10103000254B1A6C42F080621A641B6C03F08063CB
:101040000293029B1F4A136801331360012B28D0BF
:10105000002404941C4B1A6B42F002021A631B6BAF
:1010600003F002030493049B602305930223069379
:10107000032308930923099305A9154801F0C8FE25
:1010800022460521402001F097FC402001F0A4FCFD
:1010900022460521412001F08FFC412001F09CFCFB
:1010A00087E700230393084B1A6C42F000721A641E
:1010B0001B6C03F000730393039BC9E700640040BB
:1010C000006800409407002000380240000C0240F5
:1010D0000004024010B582B0002400941E4B1A6B2D
:1010E00042F480021A631A6B02F480020092009AA2
:1010F00001941A6B42F400121A631B6B03F4001381
:101100000193019B224605210C2001F055FC0C2087
:1011100001F062FC22460521392001F04DFC392006
:1011200001F05AFC224605213A2001F045FC3A2004
:1011300001F052FC22460521452001F03DFC4520EE
:1011400001F04AFC22460521462001F035FC4620EC
:1011500001F042FC02B010BD0038024008B5012089
:1011600003F0F4FAFBE70000034B0360034B0B6052
:1011700080231360704700BFE8090020E8070020C3
:1011800010B5CEB0634C0DF58E7CA646BEE80F00C0
:10119000ACE80F009EE807008CE80700002147A894
:1011A00003F0A1FA5C4B18600DF5807C04F11C0E75
:1011B000BEE80F00ACE80F009EE807008CE80700CF
:1011C000002140A803F08FFA544B18600DF1E40C95
:1011D00004F1380EBEE80F00ACE80F009EE80700EF
:1011E0008CE80700002139A803F07DFA4C4B186009
:1011F0000DF1C80C04F1540EBEE80F00ACE80F006E
:101200009EE807008CE80700002132A803F06BFA83
:10121000444B18600DF1AC0C04F1700EBEE80F00E9
:10122000ACE80F009EE807008CE8070000212BA81F
:1012300003F059FA3C4B18600DF1900C04F18C0E40
:10124000BEE80F00ACE80F009EE807008CE807003E
:10125000002124A803F047FA344B18600DF1740CF8
:1012600004F1A80EBEE80F00ACE80F009EE80700EE
:101270008CE8070000211DA803F035FA2C4B1860FC
:101280000DF1580C04F1C40EBEE80F00ACE80F00DD
:101290009EE807008CE80700002116A803F023FA57
:1012A000244B18600DF13C0C04F1E00EBEE80F0079
:1012B000ACE80F009EE807008CE8070000210FA8AB
:1012C00003F011FA1C4B18600DF1200C04F1FC0E18
:1012D000BEE80F00ACE80F009EE807008CE80700AE
:1012E000002108A803F0FFF9144B18600DF1040C5D
:1012F00004F58C740FCCACE80F0094E807008CE880
:101300000700002101A803F0EEF90D4B18604EB064
:1013100010BD00BFC0D70008A80B0020A40B002000
:10132000A00B00209C0B0020980B0020940B0020A9
:10133000900B00208C0B0020880B0020840B0020D9
:10134000800B00202DE9F0418EB0002409940A940E
:101350000B940C940D940194464B1A6B42F00202CC
:101360001A631A6B02F002020192019A02941A6B3C
:1013700042F040021A631A6B02F040020292029A93
:1013800003941A6B42F001021A631A6B02F0010215
:101390000392039A04941A6B42F008021A631A6BC0
:1013A00002F008020492049A05941A6B42F00402B7
:1013B0001A631A6B02F004020592059A06941A6BDE
:1013C00042F480721A631A6B02F480720692069AD3
:1013D00007941A6B42F080021A631A6B02F08002C3
:1013E0000792079A08941A6B42F010021A631B6B5B
:1013F00003F010030893089BDFF8888022464FF41F
:10140000E051404601F0FAFD1B4F01221021384601
:1014100001F0F4FD194E01221146304601F0EEFDB7
:101420004FF4E053099301250A950B940C9409A9F4
:10143000404601F0EDFC102309930A950B95022418
:101440000C9409A9384601F0E3FC302309934FF4CA
:1014500088130A930B9509A9094801F0D9FC09954D
:101460000A950B950C9409A9304601F0D1FC0EB0F9
:10147000BDE8F08100380240000002400004024054
:1014800000080240001C024008B50268034B9A4263
:1014900000D008BD00F04CFEFBE700BF0014004088
:1014A00072B6FEE700B595B03022002108A806F01C
:1014B00055F900230393049305930693079301932F
:1014C000204A116C41F080511164126C02F080527C
:1014D0000192019A02931C4B1A6842F480421A60EE
:1014E0001B6803F480430293029B012308934FF48B
:1014F0008033099302230E934FF480020F92062249
:101500001092A822119212930423139308A801F0B9
:1015100085FD98B90F2303930223049300230593B9
:101520004FF4A05306934FF480530793052103A86B
:1015300001F0C4FF20B915B05DF804FBFFF7B0FF60
:10154000FFF7AEFF003802400070004008B500F021
:10155000D5FDFFF7A7FFFFF7F5FEFFF7BBFD00F096
:101560001FFC00F0FFFBFFF7D5FCFFF7F3FC00F0DA
:10157000DFFB00F0C3FA00F053FB00F02BF800F0A3
:10158000E7F905F0FBFC05F003FD114B186005F0D1
:10159000C1F804F08BFF04F00BFB04F051FB04F0E6
:1015A00097FB04F0DDFB04F027FB04F06DFB04F077
:1015B000B3FB04F0F9FB04F055FA04F02FFA04F041
:1015C000C9FD05F097FDFFF7DBFD03F087F8FEE7A7
:1015D0001C0C002008B50F480F4B03604FF48273BA
:1015E000436000238360C3600222026101224261E2
:1015F0004FF4007282613822C261036243628362E7
:101600000A23C36202F04EF800B908BDFFF748FF95
:10161000FBE700BF200C002000300140F0B589B08E
:1016200000230393049305930693079302681E4BCC
:101630009A4201D009B0F0BD0024009403F5843330
:101640005A6C42F480525A645A6C02F480520092EE
:10165000009A01941A6B42F002021A631A6B02F0AC
:1016600002020192019A02941A6B42F001021A637B
:101670001B6B03F001030293029B182303930227C1
:101680000497032606960525079503A9074801F048
:10169000BFFB80230393049705940696079503A93F
:1016A000034801F0B5FBC5E70030014000040240EB
:1016B0000000024000B583B0002200920D4B596C2F
:1016C00041F480415964596C01F4804100910099C2
:1016D0000192196C41F0805119641B6C03F0805326
:1016E0000193019B0F216FF0010001F065F903B038
:1016F0005DF804FB0038024030B589B00446002391
:101700000193214B1A6C42F020021A641B6C03F007
:1017100020030193019B02A903A801F0A5FF069BEA
:10172000CBB901F081FF0346184AA2FB03239B0CAF
:10173000013B1748174A026040F2E732C26043603B
:10174000002303618360836102F038FA054630B1FB
:10175000284609B030BD01F067FF4300E4E70C48BC
:1017600002F0C8F805460028F2D1372001F034F91C
:101770000F2C01D90125EBE700222146372001F08B
:101780001BF9054B1C60E3E70038024083DE1B4376
:10179000780C00200014004008000020FEE7FEE75F
:1017A000FEE7FEE7FEE7704708B5024801F042FA9F
:1017B00008BD00BF5C0E002008B5024800F07FFFA6
:1017C00008BD00BFC007002008B5024800F077FF41
:1017D00008BD00BFC007002008B5024802F036FE71
:1017E00008BD00BF0C10002008B5034802F0CBF87C
:1017F000024802F0C8F808BD0C0D0020C40C0020FF
:1018000008B5024802F0BFF808BD00BF780C002000
:1018100008B5024801F00EFA08BD00BF9C0D00207B
:1018200008B5024801F006FA08BD00BF1C0F0020F1
:1018300008B5024800F043FF08BD00BF980700202C
:1018400008B5024800F03BFF08BD00BF9807002024
:1018500008B5024801F0EEF908BD00BFFC0D0020FC
:1018600008B5024801F0E6F908BD00BFBC0E002033
:1018700008B5024802F0EAFD08BD00BF7C0F002059
:101880000120704708B506F045F8162303604FF0B5
:10189000FF3008BD08B54FF0FF31FFF7F3FFFEE75B
:1018A00070B50C461646002506E0AFF300802146D1
:1018B00001F8010B01350C46B542F6DB304670BD30
:1018C00070B50C461646002504E014F8010BAFF382
:1018D00000800135B542F8DB304670BD4FF0FF3077
:1018E00070474FF400534B60002070470120704751
:1018F0000020704710B503460C4A0D490D4800689A
:1019000040B10C4800680344521A934206D8094A71
:10191000136010BD0748084C0460F2E705F0FAFFB9
:101920000C2303604FF0FF30F3E700BF00000220FC
:1019300000040000C00C0020A07B0020034AD2F865
:10194000883043F47003C2F88830704700ED00E03F
:1019500000B585B0002300930193029303930F48D1
:101960000F4A026053224260836040F2E732C26055
:101970000361836102F022F950B94FF48053009360
:101980006946064802F025FA28B905B05DF804FB5F
:10199000FFF786FDF1E7FFF783FDF6E7C40C0020B3
:1019A0000018004000B585B00368204A934208D073
:1019B0001F4A934212D01F4A934223D005B05DF8CC
:1019C00004FB002301931C4B5A6C42F001025A6441
:1019D0005B6C03F001030193019BEFE7002202928D
:1019E000154B596C41F0020159645B6C03F0020322
:1019F0000293029B05212B2000F0DEFF2B2000F03C
:101A0000EBFFDBE7002203920B4B196C41F0400126
:101A100019641B6C03F040030393039B05212B20E7
:101A200000F0CAFF2B2000F0D7FFC7E700000140FD
:101A300000040140001800400038024070B588B032
:101A40000023039304930593069307930368254AA1
:101A5000934204D0244A934219D008B070BD0023A9
:101A60000093224B1A6B42F010021A631B6B03F0B7
:101A700010030093009B4FF4D44303930223049379
:101A80000123079303A91A4801F0C2F9E5E70024EE
:101A90000194164B1A6B42F480721A631A6B02F4AB
:101AA00080720192019A02941A6B42F004021A6346
:101AB0001B6B03F004030293029BC02303930226D3
:101AC00004960325079503A90A4801F0A1F94023CC
:101AD0000393049605940694079503A9064801F01C
:101AE00097F9BAE7000001400004014000380240C5
:101AF00000100240002002400008024010B596B0DD
:101B0000002412941394149415941094119409942D
:101B10000A940B940C940D940E940F942022214659
:101B200001A805F01BFE3C483C4B0360A723436023
:101B3000846044F61F63C36004614461846102F001
:101B40003DF800284DD14FF48053129312A932482A
:101B500002F03FF9002847D12F4802F05BF8002837
:101B600045D100231093119310A92B4802F0B0F92E
:101B700000283FD1602309934FF4FA630A930022AF
:101B80000B920C920D920E920F9209A9224802F02C
:101B9000A5F8002831D1042209A91F4802F09EF8B7
:101BA00070BB082209A91C4802F098F858BB0C2207
:101BB00009A9194802F092F840BB0023019302934F
:101BC0000393049305934FF400520692089301A9DE
:101BD000114802F0C3F9E0B90F48FFF72FFF16B024
:101BE00010BDFFF75DFCAEE7FFF75AFCB4E7FFF767
:101BF00057FCB6E7FFF754FCBCE7FFF751FCCAE718
:101C0000FFF74EFCCDE7FFF74BFCD0E7FFF748FCB2
:101C1000D3E7FFF745FCDFE7540D0020000001404B
:101C200010B596B000241294139414941594109443
:101C3000119409940A940B940C940D940E940F949F
:101C40002022214601A805F089FD3748374B036063
:101C5000A7234360846044F61F63C360046144614A
:101C6000846101F0ABFF002846D14FF480531293FA
:101C700012A92D4802F0ADF8002840D12A4801F001
:101C8000C9FF00283ED100231093119310A92648C4
:101C900002F01EF9002838D1602309934FF4FA634B
:101CA0000A9300220B920C920D920E920F9209A9A8
:101CB0001D4802F013F858BB042209A91A4802F083
:101CC0000DF840BB082209A9174802F007F828BB05
:101CD0000023019302930393049305934FF400525E
:101CE0000692089301A9104802F038F9C8B90E48C5
:101CF000FFF7A4FE16B010BDFFF7D2FBB5E7FFF764
:101D0000CFFBBBE7FFF7CCFBBDE7FFF7C9FBC3E7A2
:101D1000FFF7C6FBD0E7FFF7C3FBD3E7FFF7C0FB36
:101D2000D6E7FFF7BDFBE2E70C0D00200004014001
:101D300008B50A480A4B03604FF4E13343600023BF
:101D40008360C36003610C2242618361C36102F05E
:101D50005AFA00B908BDFFF7A3FBFBE70C100020FF
:101D60000010014008B50B480B4B03600B4B436060
:101D700000238360C3604FF48062026104224261E9
:101D80008361C36102F03FFA00B908BDFFF788FB29
:101D9000FBE700BFC40F002000480040A086010000
:101DA00008B50A480A4B03604FF4E133436000234F
:101DB0008360C36003610C2242618361C36102F0EE
:101DC00022FA00B908BDFFF76BFBFBE77C0F002090
:101DD000001401402DE9F0418CB004460023079324
:101DE000089309930A930B9303689D4A93420AD080
:101DF0009C4A934200F082809B4A934200F0C78045
:101E00000CB0BDE8F08100250095984B5A6C42F06B
:101E100010025A645A6C02F010020092009A019566
:101E20001A6B42F002021A631A6B02F0020201926C
:101E3000019A02951A6B42F001021A631B6B03F0C0
:101E400001030293029B802307934FF00208CDF811
:101E5000208003270A9707260B9607A9844800F0DD
:101E6000D7FF4FF400730793CDF8208009950A97A8
:101E70000B9607A97F4800F0CBFF7F487F4B03609C
:101E80004FF0006343608560C5604FF48063036179
:101E900045618561C5614FF400330362456200F01E
:101EA00005FE28BB744BE3639C637548754B036068
:101EB0004FF000634360402383600023C3604FF40E
:101EC0008062026143618361C3614FF40032026248
:101ED000436200F0EBFD70B9694BA3639C63002281
:101EE0000521252000F068FD252000F075FD87E71D
:101EF000FFF7D6FAD6E7FFF7D3FAEDE7002503950B
:101F00005A4B1A6C42F480221A641A6C02F4802232
:101F10000392039A04951A6B42F004021A631B6B36
:101F200003F004030493049B4FF4406307930223DC
:101F3000089303230A9307230B9307A9524800F041
:101F400067FF5248524B03604FF000634360856067
:101F5000C5604FF480630361456185614FF4807310
:101F6000C3614FF400330362456200F09FFD58B92E
:101F7000464BE3639C6300220521272000F01CFDF3
:101F8000272000F029FD3BE7FFF78AFAF0E700255C
:101F90000595364B5A6C42F020025A645A6C02F096
:101FA00020020592059A06951A6B42F040021A63C8
:101FB0001B6B03F040030693069B4FF48443079387
:101FC0000223089303230A9308230B9307A931489C
:101FD00000F01EFF3048314B03604FF02063436038
:101FE00040238360C5604FF4806303614561856170
:101FF0004FF48073C3614FF480330362456200F095
:1020000055FD30BB244BA3639C632548254B0360DF
:102010004FF02063436000238360C3604FF480620D
:102020000261436183614FF48072C2614FF4803278
:102030000262436200F03AFD70B9194BE3639C639E
:1020400000220521472000F0B7FC472000F0C4FC27
:10205000D6E6FFF725FAD5E7FFF722FAEDE700BF4E
:1020600000100140004800400014014000380240C8
:1020700000040240000002401C0F002040640240A7
:10208000BC0E0020B8640240000802405C0E002034
:102090002860024000180240FC0D0020A0640240AD
:1020A0009C0D002028640240DFF834D0FFF746FC86
:1020B0000C480D490D4A002302E0D458C4500433A3
:1020C000C4188C42F9D30A4A0A4C002301E0136079
:1020D0000432A242FBD305F023FCFFF737FA704726
:1020E000000002200000002074070020B8DD000876
:1020F000780700209C7B0020FEE7000008B50B4B12
:102100001A6842F400721A601A6842F480621A6017
:102110001A6842F480721A60032000F03BFC0F2022
:10212000FFF7EAFAFFF7C6FA002008BD003C0240BC
:10213000034A1168034B1B780B441360704700BFC0
:102140005410002004000020014B1868704700BFA5
:1021500054100020002800F0A18038B5044690F803
:102160002030D3B12268136843F001031360FFF7F6
:10217000EBFF054623685A6812F0010F10D1FFF7F4
:10218000E3FF401B0A28F5D9636A43F40033636216
:10219000052384F82030012038BDFEF7FBFEE1E77F
:1021A0001A6822F002021A60FFF7CEFF0546236884
:1021B0005A6812F0020F0DD0FFF7C6FF401B0A2825
:1021C000F5D9636A43F400336362052384F8203051
:1021D0000120E1E7227E012A3DD01A6822F0800228
:1021E0001A60637E012B3BD02268136823F0400302
:1021F0001360A37E012B39D02268136823F02003DB
:102200001360E37E012B37D02268136843F010037C
:102210001360237F012B35D02268136823F0080355
:102220001360637F012B33D02268136823F004030B
:102230001360A368E268134322691343626913437E
:102240006268013A21681343CB6100206062012378
:1022500084F82030A0E71A6842F080021A60C0E7D4
:102260002268136843F040031360C2E722681368D2
:1022700043F020031360C4E72268136823F01003BF
:102280001360C6E72268136843F008031360C8E7C9
:102290002268136843F004031360CAE70120704703
:1022A00090F82030013BDBB2012B05D9436A43F49F
:1022B000802343620120704730B5464BD3F800229B
:1022C00042F00102C3F80022D3F8002222F47C522B
:1022D000C3F80022D3F80022486A42EA0022C3F879
:1022E00000224A6902F01F02012000FA02F2D3F82C
:1022F0001C026FEA020C20EA0200C3F81C02CB6940
:10230000C3B9344BD3F80C020CEA0000C3F80C023A
:102310008C884869CD6844EA0544483043F8304029
:102320008C68088840EA04404C6904F1480E03EBCD
:10233000CE035860CB69012B1ED08B69002B33D1A3
:102340002448D0F804320CEA0303C0F804320B69C5
:102350008BBB2048D0F814320CEA0303C0F81432C7
:102360000B6A012B2ED01B4AD2F8003223F0010356
:10237000C2F80032002030BD164BD3F80C021043D7
:10238000C3F80C028C8848690D6844EA054448305B
:1023900043F8304088894C698D6840EA05404834EC
:1023A00003EBC4035860C8E70A48D0F8043213436B
:1023B000C0F80432CBE70748D0F814321343C0F812
:1023C0001432CDE70349D1F81C321343C1F81C3253
:1023D000C9E700BF0064004070B5044690F8205083
:1023E000EDB2012D06D0436A43F400234362012578
:1023F000284670BD022380F820300268136823F05D
:1024000001031360FFF7A0FE064623685B6813F024
:10241000010F0CD0FFF798FE831B0A2BF5D9636AD6
:1024200043F400336362052384F82030E0E700259D
:102430006562DDE730B590F820C00468A4680CF14F
:10244000FF3C5FFA8CFCBCF1010F62D814F0E05F36
:1024500059D0C4F3016C012404FA0CF41C608B689D
:10246000002B3DD10D68CB68046843EA45550CF15B
:1024700018031B01E55003680C690CF1180E03EBFF
:102480000E135C600B7D012B35D0D17993791B0441
:1024900043EA0163517943EA012314790168234334
:1024A00001EB0C11C1F88C31D17893781B0443EA0D
:1024B0000163517843EA0123117802680B4302EB70
:1024C0000C12C2F8883102680CF1180C4FEA0C1C8F
:1024D00052F80C3043F0010342F80C3000201DE0AC
:1024E0004C6843EAC403CC6823430CF1180424016C
:1024F00005682B51BFE7036803EB0E13596841F4DD
:1025000080715960C1E7436A43F4001343620120BC
:1025100004E0436A43F480234362012030BD90F815
:1025200020C00CF1FF3C5FFA8CFCBCF1010F00F203
:10253000A58030B451B90468E46814F0030F10D1D9
:10254000436A43F40013436201207EE00468246977
:1025500014F0030F05D1436A43F4001343620120D2
:1025600073E0056801F11B0424012C5904F00404F4
:102570009460002C6BD1056801F11B0424012C59D7
:10258000640D1460046801F11B0C4FEA0C1C54F834
:102590000C4004F00204D4600468A444DCF8045045
:1025A00015F0080F5BD008241461046801F11B0CBE
:1025B00004EB0C146468C4F307249461046804EB0E
:1025C0000C146468240C5461026802EB0112D2F806
:1025D000B8211A70026802EB0112D2F8B821C2F3D6
:1025E00007225A70026802EB0112D2F8B821C2F336
:1025F00007429A70026802EB0112D2F8B821120E5B
:10260000DA70026802EB0112D2F8BC211A7102687A
:1026100002EB0112D2F8BC21C2F307225A71026800
:1026200002EB0112D2F8BC21C2F307429A71026890
:1026300002EB0112D2F8BC21120EDA71C1B90268A4
:10264000D36843F02003D360002030BC7047056896
:1026500001F11B0424012C59E408546092E701F1B4
:102660001B0504EB0514646804F00F0414619CE777
:102670000268136943F020031361E5E7436A43F4FA
:10268000802343620120704790F82030013BDBB289
:10269000012B05D9436A43F480234362012070472C
:1026A000026853690B4353610020704770477047BD
:1026B00070477047704770477047704770472DE903
:1026C000F84F054603685C69D3F804809F68D3F827
:1026D0000CA0D3F81090D3F818B014F001063BD03A
:1026E00017F0010616D001229A6017F0020F08D1E8
:1026F00017F0040F0CD117F0080606D04FF48056DF
:1027000008E003F005F9002604E0FFF7CFFF01E041
:102710004FF4006617F4807F0DD02B684FF4807261
:102720009A6017F4007F40F0968017F4806F00F0F5
:10273000968046F4005617F4803F0DD02B684FF476
:1027400080329A6017F4003F40F0938017F4802F96
:1027500000F0938046F4004614F0080F07D01AF0FA
:10276000100F04D046F400762B681022DA6014F0C3
:10277000040F03D01AF0080F40F0898014F0020F04
:1027800005D02B68DB6813F0030F40F0878014F04E
:10279000400F07D019F0100F04D046F480662B6864
:1027A00010221A6114F0200F02D019F0080F79D10D
:1027B00014F0100F04D02B681B6913F0030F78D1AD
:1027C00014F4003F02D018F0100F76D114F4803FBB
:1027D00002D018F0080F77D114F4004F37D018F05A
:1027E000040F31D014F4807F04D01BF0010F01D00E
:1027F00046F0010614F4007F04D01BF0020F01D054
:1028000046F0020614F4806F04D01BF0040F01D0D0
:1028100046F0040614F4006F16D01BF0700B13D0B2
:10282000BBF1400F66D056D8BBF1200F5CD0BBF196
:10283000300F5CD0BBF1100F01D146F008062A68BA
:10284000936923F0700393612B6804225A60002E71
:1028500056D1BDE8F88F284603F05BF86BE717F414
:10286000006F02D046F4804665E72846FFF71FFF59
:1028700061E7284603F04EF86EE717F4002F02D008
:1028800046F4803668E72846FFF712FF64E72B68B6
:102890000822DA602846FFF70CFF6FE7284602F0AF
:1028A0004FFE74E72B6808221A612846FFF703FFE2
:1028B0007EE72846FFF7FEFE82E72B6810225A606B
:1028C0002846FFF7F9FE81E72B6808225A60284660
:1028D000FFF7F3FE80E7BBF1500F0ED0BBF1600FA6
:1028E000ADD146F48076AAE746F01006A7E746F099
:1028F0002006A4E746F04006A1E746F080069EE7E2
:102900006B6A33436B622846FFF7D8FEA1E70000ED
:10291000002807DB00F01F02400901239340024A10
:1029200042F82030704700BF00E100E0002808DBDB
:102930000901C9B200F1604000F5614080F8001360
:10294000704700F00F000901C9B2014B19547047DC
:1029500014ED00E000B500F00700C0F1070CBCF179
:10296000040F28BF4FF0040C031D062B0FD9C31E04
:102970004FF0FF3E0EFA0CF021EA000199400EFAEA
:1029800003FE22EA0E0241EA02005DF804FB002386
:10299000EEE70000074AD36823F4E0631B041B0C36
:1029A000000200F4E060034343F0BF6343F40033EC
:1029B000D360704700ED00E010B50446054BD868C1
:1029C000C0F30220FFF7C6FF01462046FFF7AEFF27
:1029D00010BD00BF00ED00E008B5FFF799FF08BD8E
:1029E00010B40368D9B210390A4AA2FB0142120995
:1029F000094CA25CC2655F2907D96FF30903043350
:102A00008365806D5DF8044B70476FF30903836540
:102A1000F7E700BFABAAAAAA5CDB0008836A826959
:102A200092B9012B0AD0022B02D00BB100207047C3
:102A3000C36A13F0807F28D100207047C36AB3F1C6
:102A4000C07F24D000207047B2F5005F09D0022B70
:102A500025D9032B25D1C36A13F0807F23D1002011
:102A60007047032B03D8DFE803F01404140A002096
:102A70007047C36A13F0807F0DD100207047C36A8E
:102A8000B3F1C07F09D000207047012070470120BA
:102A900070470120704701207047012070470120D6
:102AA00070470020704701207047000070B5044651
:102AB000FFF74AFB002C5BD00546022384F8353033
:102AC000002384F834302268136823F00103136074
:102AD00023681A6812F0010F0AD0FFF735FB431B79
:102AE000052BF5D920236365032084F8350070BDDC
:102AF0001A68204911406268A0680243E0680243F6
:102B00002069024360690243A0690243E06902430D
:102B1000206A02430A43616A04291ED01A602668AB
:102B2000756925F00705636A1D43042B07D1A36A65
:102B30001D43E36A1BB12046FFF770FF90B9756132
:102B40002046FFF74DFFE26D3F2393408360002056
:102B50006065012384F83530C9E7E16A206B0143E1
:102B60000A43DBE740236365012084F83500BEE7B4
:102B70000120BCE73F8010F070B50446866DFFF77A
:102B8000E3FA94F83530DBB2022B06D0802363657C
:102B9000002384F83430012070BD05462268136894
:102BA00023F0160313602268536923F080035361F6
:102BB000236CE3B12268136823F0080313602268D2
:102BC000136823F00103136023681B6813F0010FDF
:102BD00011D0FFF7B9FA431B052BF5D92023636504
:102BE000032084F83500002384F83430D4E7A36C44
:102BF000002BDFD1E3E7E26D3F239340B360012375
:102C000084F83530002084F83400C5E790F835307A
:102C1000DBB2022B03D080234365012070470523DC
:102C200080F835300268136823F001031360002038
:102C300070470000F0B583B0044600230193724B47
:102C40001D68724BA3FB0535AD0A876D3E68C26DEA
:102C500008239340334210D003681A6812F0040F1F
:102C60000BD01A6822F004021A60C26D0823934048
:102C7000BB60436D43F001034365E26D0123934064
:102C8000334209D02268526912F0800F04D0BB6031
:102C9000636D43F002036365E26D042393403342A6
:102CA00009D02268126812F0020F04D0BB60636D75
:102CB00043F004036365E26D10239340334224D054
:102CC0002268126812F0080F1FD0BB6023681A68D0
:102CD00012F4802F0DD01B6813F4002F04D1236C45
:102CE0009BB12046984710E0A36C73B120469847EB
:102CF0000BE01A6812F4807F03D11A6822F00802F0
:102D00001A60236C0BB120469847E26D2023934054
:102D1000334255D02268126812F0100F50D0BB60B9
:102D200094F83530DBB2052B0ED023681A6812F404
:102D3000802F33D01B6813F4002F2AD1636C002B33
:102D40003ED0204698473BE02268136823F01603E4
:102D500013602268536923F080035361236CA3B18D
:102D60002268136823F008031360E26D3F23934049
:102D7000BB60012384F83530002384F83430236DA0
:102D8000002B3FD0204698473CE0A36C002BE7D1B6
:102D9000EBE7E36BA3B12046984711E01A6812F401
:102DA000807F09D11A6822F010021A60012384F88A
:102DB0003530002384F83430E36B0BB1204698475C
:102DC000636DFBB1636D13F0010F17D0052384F819
:102DD00035302268136823F001031360019B01332F
:102DE0000193AB4204D823681B6813F0010FF5D19F
:102DF000012384F83530002384F83430E36C0BB1C0
:102E00002046984703B0F0BD00000020B5814E1B5E
:102E100000230F2B00F2E98070B582B065E0856871
:102E20004FEA430E032404FA0EF425EA0405CC68A5
:102E300004FA0EF42C438460446824EA02044A68CD
:102E4000C2F300129A40224342605CE0DC0808347E
:102E500050F8242003F00705AD004FF00F0E0EFAD6
:102E600005FE22EA0E0E0A69AA4042EA0E0240F866
:102E700024205CE0072200E0002202FA0EF22A433E
:102E800002345A4D45F82420594A94686FEA0C02DE
:102E900024EA0C054E6816F4801F01D04CEA0405A4
:102EA000534CA560E46802EA04054E6816F4001F5E
:102EB00001D04CEA04054E4CE560646802EA040562
:102EC0004E6816F4003F01D04CEA0405484C65609A
:102ED000246822404D6815F4803F01D04CEA04027A
:102EE000434C226001330F2B7DD801229A400C689D
:102EF00004EA020C32EA0404F4D14C6804F003043E
:102F0000013C012C8BD94A6802F00302032A09D044
:102F1000C4685D000322AA4024EA02048A68AA4029
:102F20002243C2604A6802F00302022A8ED004687B
:102F30004FEA430E032202FA0EF224EA02044A6820
:102F400002F0030202FA0EF2224302604A6812F40F
:102F5000403FC7D000220192264A546C44F480447A
:102F60005464526C02F480420192019A9C08A51CA0
:102F70001E4A52F8255003F0030E4FEA8E0E0F2220
:102F800002FA0EF225EA02051B4A90423FF474AFA2
:102F900002F5806290421AD002F58062904218D009
:102FA00002F58062904216D002F58062904214D001
:102FB00002F58062904212D002F58062904210D0F9
:102FC00002F5806290423FF455AF082255E7012296
:102FD00053E7022251E703224FE704224DE705227F
:102FE0004BE7062249E702B070BD70470038014048
:102FF000003C014000380240000002400AB18161FB
:103000007047090481617047436901EA030221EABC
:10301000030141EA0241816170470000002800F08D
:10302000E08170B582B00446036813F0010F3BD015
:103030009F4B9B6803F00C03042B2CD09C4B9B688C
:1030400003F00C03082B21D06368B3F5803F4FD009
:10305000B3F5A02F52D0964B1A6822F480321A6032
:103060001A6822F480221A606368002B50D0FFF7A0
:103070006BF805468E4B1B6813F4003F14D1FFF725
:1030800063F8401B6428F5D90320B1E1884B5B68E5
:1030900013F4800FD8D0864B1B6813F4003F03D085
:1030A0006368002B00F09F81236813F0020F54D057
:1030B0007F4B9B6813F00C0F3ED07D4B9B6803F059
:1030C0000C03082B33D0E368002B68D0794B012226
:1030D0001A60FFF739F80546754B1B6813F0020FAD
:1030E00054D1FFF731F8401B0228F5D903207FE1C6
:1030F0006F4A136843F480331360B5E76C4B1A686A
:1031000042F480221A601A6842F480321A60ABE7F7
:10311000FFF71AF80546664B1B6813F4003FC3D04F
:10312000FFF712F8401B6428F5D9032060E1604BDB
:103130005B6813F4800FC6D15D4B1B6813F0020F60
:1031400003D0E368012B40F05081594A136823F003
:10315000F803216943EAC1031360236813F0080FE1
:1031600042D063696BB3534B0122C3F8802EFEF744
:10317000EBFF05464E4B5B6F13F0020F34D1FEF7A9
:10318000E3FF401B0228F5D9032031E1484A1368C8
:1031900023F0F803216943EAC1031360DDE7454BDF
:1031A00000221A60FEF7D0FF0546414B1B6813F062
:1031B000020FD2D0FEF7C8FF401B0228F5D903202A
:1031C00016E13C4B0022C3F8802EFEF7BDFF0546FA
:1031D000374B5B6F13F0020F06D0FEF7B5FF401BB5
:1031E0000228F5D9032003E1236813F0040F77D0F8
:1031F0002F4B1B6C13F0805F33D1002301932C4BBA
:103200001A6C42F080521A641B6C03F080530193D5
:10321000019B0125284B1B6813F4807F23D0A368F2
:10322000012B34D0052B38D0214B1A6F22F001022C
:103230001A671A6F22F004021A67A368002B3DD0A8
:10324000FEF782FF06461A4B1B6F13F0020F46D1A2
:10325000FEF77AFF801B41F288339842F3D90320AE
:10326000C6E00025D6E7144A136843F48073136060
:10327000FEF76AFF0646104B1B6813F4807FCED121
:10328000FEF762FF801B0228F5D90320B0E0084A50
:10329000136F43F001031367CFE7054B1A6F42F03A
:1032A00004021A671A6F42F001021A67C5E700BFED
:1032B000003802400000474200700040FEF744FF23
:1032C0000646524B1B6F13F0020F08D0FEF73CFF6F
:1032D000801B41F288339842F3D9032088E0EDB98E
:1032E000A369002B00F08380484A926802F00C0228
:1032F000082A51D0022B17D0454B00221A66FEF740
:1033000023FF0446414B1B6813F0007F42D0FEF7B9
:103310001BFF001B0228F5D9032069E03B4A136C10
:1033200023F080531364DBE7394B00221A66FEF763
:103330000BFF0546354B1B6813F0007F06D0FEF7E8
:1033400003FF401B0228F5D9032051E0E369226AFC
:103350001343626A43EA8213A26A5208013A43EABB
:103360000243E26A43EA0263284A5360284B01227F
:103370001A66FEF7E9FE0446244B1B6813F0007F33
:1033800006D1FEF7E1FE001B0228F5D903202FE04D
:1033900000202DE000202BE0012B2BD01B4B5B6885
:1033A00003F48001E269914226D103F03F02216AD1
:1033B0008A4223D1616A47F6C0721A40B2EB811F7C
:1033C0001ED103F44031A26A5208013AB1EB024F18
:1033D00018D103F07063E26AB3EB026F14D10020DE
:1033E00006E001207047012002E0012000E00020FB
:1033F00002B070BD0120FBE70120F9E70120F7E7EB
:103400000120F5E70120F3E70120F1E70038024051
:103410000000474208B5264B9B6803F00C03042BC1
:1034200041D0082B41D1224B5A6802F03F025B6821
:1034300013F4800F12D01E4B5968C1F388111D4838
:103440000023A1FB0001FDF7C7F8194B5B68C3F32C
:10345000014301335B00B0FBF3F008BD144B586827
:10346000C0F388104FEA401CBCEB000C6EEB0E0E54
:103470004FEA8E1343EA9C634FEA8C11B1EB0C01C7
:1034800063EB0E03DB0043EA5173C90011EB000C40
:1034900043F10003990200234FEA8C2041EA9C513A
:1034A000FDF79AF8D1E70348D7E70348D5E700BF0F
:1034B00000380240001BB7000024F400002800F090
:1034C0009B8070B50D4604464F4B1B6803F0070305
:1034D0008B4208D2CBB24C4A1370136803F0070337
:1034E0008B4240F08B80236813F0020F17D013F04B
:1034F000040F04D0454A936843F4E0539360236873
:1035000013F0080F04D0414A936843F4604393607A
:103510003E4A936823F0F003A1680B43936023684D
:1035200013F0010F32D06368012B21D09A1E012ABB
:1035300025D9364A126812F0020F61D033498A68E1
:1035400022F0030213438B60FEF7FEFD06462F4B6D
:103550009B6803F00C036268B3EB820F16D0FEF792
:10356000F3FD801B41F288339842F0D9032042E0FA
:10357000264A126812F4003FE0D101203BE0234AC2
:10358000126812F0007FD9D1012034E01E4B1B6875
:1035900003F00703AB4207D9EAB21B4B1A701B6852
:1035A00003F00703AB422DD1236813F0040F06D0BC
:1035B000164A936823F4E053E1680B439360236851
:1035C00013F0080F07D0114A936823F46043216970
:1035D00043EAC1039360FFF71DFF0C4B9B68C3F3E5
:1035E00003130B4AD35CD8400A4B18600A4B186887
:1035F000FEF782F8002070BD012070470120FAE735
:103600000120F8E70120F6E7003C024000380240C4
:103610004CDB00080000002008000020014B186867
:10362000704700BF0000002008B5FFF7F7FF044B0C
:103630009B68C3F38223034AD35CD84008BD00BF14
:103640000038024044DB000808B5FFF7E7FF044BF1
:103650009B68C3F34233034AD35CD84008BD00BF24
:103660000038024044DB00080F2303600B4B9A68CC
:1036700002F0030242609A6802F0F00282609A68E7
:1036800002F4E052C2609B68DB0803F4E05303617C
:10369000034B1B6803F007030B60704700380240C0
:1036A000003C024000285AD010B50446436A33B9A2
:1036B0004368B3F5827F05D00023C36102E0002395
:1036C000036143610023A36294F85130002B40D082
:1036D000022384F851302268136823F040031360FA
:1036E000636803F48273A26802F404421343E2683D
:1036F00002F400621343226902F00202134362697A
:1037000002F001021343A26902F400721343E2695A
:1037100002F038021343226A02F080021343A26AC5
:1037200002F40052216813430B60638B03F004031F
:10373000626A02F01002216813434B602268D36969
:1037400023F40063D36100206065012384F85130C5
:1037500010BD84F850302046FDF760FFB8E7012027
:103760007047000030B4036A026A22F0010202626C
:103770004268846924F0730C0C6844EA0C0423F05A
:10378000020C8B6843EA0C03114DA84203D005F5E7
:103790008065A84205D123F00803CD682B4323F0B0
:1037A00004030B4DA84203D005F58065A84207D15C
:1037B00022F440724D6945EA020C8A6942EA0C0221
:1037C000426084614A684263036230BC704700BF54
:1037D0000000014030B4036A026A22F4807202627F
:1037E0004268C46924F0730C0C6844EA0C0523F4A5
:1037F00000738C6843EA0423114CA04203D004F503
:103800008064A04206D123F40063CC6843EA042319
:1038100023F480630A4CA04203D004F58064A042E4
:1038200007D122F440524C6942EA04128C6942EA00
:1038300004124260C5614A68C263036230BC7047CB
:103840000000014030B4036A026A22F4805202622E
:103850004468C26922F4E6420D6842EA052223F474
:1038600000538D6843EA0533094DA84203D005F59E
:103870008065A84204D124F480444D6944EA85144B
:103880004460C2614A680264036230BC704700BF92
:103890000000014010B4036A046A24F001040462C9
:1038A000846924F0F00C4CEA021223F00A030B4363
:1038B000826103625DF8044B704710B4036A046AC6
:1038C00024F010040462846924F4704C4CEA02323F
:1038D00023F0A00343EA0113826103625DF8044B05
:1038E0007047836823F070030B4343F00703836042
:1038F0007047000090F83D30DBB2012B37D1022336
:1039000080F83D300268D36843F00103D360036858
:10391000194A934220D0B3F1804F1DD0A2F57C42CA
:10392000934219D002F58062934215D002F580626D
:10393000934211D002F5784293420DD002F57052B5
:10394000934209D0A2F59432934205D01A6842F00E
:1039500001021A60002070479A6802F00702062AE6
:1039600007D01A6842F001021A6000207047012057
:1039700070470020704700BF00000140704770474B
:1039800070477047704770B504460368DE681D696C
:1039900015F0020F10D016F0020F0DD06FF00202DA
:1039A0001A610123037703689B6913F0030F5ED04C
:1039B000FFF7E6FF0023237715F0040F12D016F06F
:1039C000040F0FD023686FF004021A6102232377DB
:1039D00023689B6913F4407F4FD02046FFF7D0FF48
:1039E0000023237715F0080F12D016F0080F0FD020
:1039F00023686FF008021A61042323772368DB69C8
:103A000013F0030F40D02046FFF7BAFF00232377BF
:103A100015F0100F12D016F0100F0FD023686FF0B2
:103A200010021A61082323772368DB6913F4407FAF
:103A300031D02046FFF7A4FF0023237715F0010FB4
:103A400002D016F0010F2DD115F0800F02D016F024
:103A5000800F2FD115F0400F02D016F0400F31D15A
:103A600015F0200F02D016F0200F33D170BDFFF7F4
:103A700086FF2046FFF785FF9CE72046FFF77FFF84
:103A80002046FFF77EFFABE72046FFF778FF204692
:103A9000FFF777FFBAE72046FFF771FF2046FFF7F1
:103AA00070FFC9E723686FF001021A612046FDF735
:103AB000EBFCC9E723686FF080021A61204600F032
:103AC00077FAC7E723686FF040021A612046FFF7D4
:103AD00059FFC5E723686FF020021A61204600F005
:103AE00066FAC3E70368344A904212D0B0F1804FBF
:103AF0000FD0A2F57C4290420BD002F5806290423A
:103B000007D002F58062904203D002F578429042DD
:103B100003D123F070034A681343274A90422AD006
:103B2000B0F1804F27D0A2F57C42904223D002F51D
:103B3000806290421FD002F5806290421BD002F555
:103B40007842904217D002F57052904213D002F59D
:103B5000806290420FD002F5806290420BD0A2F5B5
:103B60009832904207D002F58062904203D002F56D
:103B70008062904203D123F44073CA68134323F058
:103B800080034A69134303608B68C3620B688362D6
:103B9000094B984203D003F58063984201D10B6929
:103BA000036301234361036913F0010F03D0036929
:103BB00023F00103036170470000014040B310B5DA
:103BC000044690F83D30F3B1022384F83D3021469D
:103BD00051F8040BFFF786FF012384F8463084F880
:103BE0003E3084F83F3084F8403084F8413084F827
:103BF000423084F8433084F8443084F8453084F807
:103C00003D30002010BD80F83C30FDF7CBFEDBE7F7
:103C10000120704740B310B5044690F83D30F3B131
:103C2000022384F83D30214651F8040BFFF75AFF78
:103C3000012384F8463084F83E3084F83F3084F81D
:103C4000403084F8413084F8423084F8433084F8BE
:103C5000443084F8453084F83D30002010BD80F8B1
:103C60003C30FFF78BFEDBE70120704730B4036A7E
:103C7000026A22F0100202624468826922F4E6427B
:103C80000D6842EA052223F020038D6843EA0513FC
:103C9000114DA84203D005F58065A84206D123F056
:103CA0008003CD6843EA051323F040030A4DA84280
:103CB00003D005F58065A84207D124F440644D691E
:103CC00044EA85048D6944EA8504446082614A6857
:103CD0008263036230BC70470000014038B590F841
:103CE0003C30012B66D004460D46012380F83C3061
:103CF0000C2A5AD8DFE802F0075959591B5959596B
:103D00003059595944000068FFF72CFD2268936927
:103D100043F0080393612268936923F004039361DD
:103D20002268936929690B43936100203EE0006893
:103D3000FFF79CFF2268936943F400639361226854
:103D4000936923F48063936122689369296943EA44
:103D500001239361002029E00068FFF73BFD226802
:103D6000D36943F00803D3612268D36923F00403C5
:103D7000D3612268D36929690B43D361002015E020
:103D80000068FFF75FFD2268D36943F40063D361E5
:103D90002268D36923F48063D3612268D3692969D7
:103DA00043EA0123D361002000E00120002384F8CE
:103DB0003C3038BD0220FCE710B4846824F47F4C0A
:103DC00042EA03220A4342EA0C0282605DF8044B95
:103DD000704790F83C30012B78D010B50446012391
:103DE00080F83C30022380F83D300268936823F469
:103DF0007F4323F0770393600B68602B4CD023D86C
:103E0000402B54D011D8202B03D00AD80BB1102B43
:103E100005D119462068FFF764FD002028E0012045
:103E200026E0302BF5D0012022E0502B0AD1CA68C1
:103E300049680068FFF72EFD50212068FFF751FD0B
:103E4000002015E0012013E0B3F5805F3AD0B3F510
:103E5000005F14D0702B37D1CB684A68896800683E
:103E6000FFF7AAFF2268936843F07703936000206E
:103E7000012384F83D30002384F83C3010BDCB682A
:103E80004A6889680068FFF797FF2268936843F4DF
:103E9000804393600020EBE7CA6849680068FFF739
:103EA0000CFD60212068FFF71CFD0020E0E7CA68D8
:103EB00049680068FFF7EEFC40212068FFF711FD1C
:103EC0000020D5E70020D3E70120D1E7022070478A
:103ED00090F83C20012A3DD010B40346012280F81E
:103EE0003C20022280F83D2002685068946820F04F
:103EF000700C086840EA0C0050601A68164882424C
:103F00001AD0B2F1804F17D0A0F57C40824213D076
:103F100000F5806082420FD000F5806082420BD0B5
:103F200000F57840824207D000F57050824203D0FD
:103F3000A0F59430824204D124F0800449682143E2
:103F40009160012283F83D20002083F83C005DF859
:103F5000044B70470220704700000140024690F871
:103F60003C30012B21D0012380F83C30CB6823F476
:103F700040738868034323F480634868034323F451
:103F800000630868034323F480530869034323F460
:103F900000534869034323F48043C9690B43116804
:103FA0004B64002082F83C00704702207047704745
:103FB0007047026802F10C0353E8003F23F490734A
:103FC0000C3242E800310029F3D1026802F11403F7
:103FD00053E8003F23F00103143242E80031002986
:103FE000F3D1036B012B05D0202380F8423000234E
:103FF00003637047026802F10C0353E8003F23F0AB
:1040000010030C3242E800310029F3D1ECE790F8BC
:104010004130DBB2212B01D0022070478368B3F519
:10402000805F17D0036A5A1C02621A7803685A60CC
:10403000C38C9BB2013B9BB2C3844BB90268D3686B
:1040400023F08003D3600268D36843F04003D36059
:10405000002070470369002BE4D1036A1B880268C3
:10406000C3F308035360036A02330362E0E700000E
:1040700010B504460268136923F44053C1680B432A
:104080001361836802691A4343691A43C3691A4377
:104090000168CB6823F4164323F00C031343CB6071
:1040A0000268536923F4407381690B4353610368C9
:1040B000314A934206D002F58062934202D0FFF764
:1040C000B3FA01E0FFF7C0FAE369B3F5004F29D076
:1040D0000021031849411B1841F10001C90041EAC0
:1040E0005371DB00181863684FEA83024FEA937339
:1040F00041F10001FCF770FA204AA2FB00314909A6
:10410000642303FB11031B013233A2FB03235B096E
:1041100003F0F00202EB011203F00F0321681344D5
:104120008B6010BD0023021843EB0301121841F10C
:104130000001C90041EA5271D200101841F100019A
:10414000626892185B41FCF747FA0C4AA2FB003107
:104150004909642303FB1103DB003233A2FB032371
:104160005B095A0002F4F87202EB011203F0070334
:10417000216813448B60D4E7001001401F85EB5188
:104180002DE9F04383B005460E4617469946DDF803
:1041900028802B681C6836EA04040CBF0124002424
:1041A000BC4228D1B8F1FF3FF3D0FDF7CDFFA0EB23
:1041B0000900404523D8B8F1000F22D02B68DA68F7
:1041C00012F0040FE5D0802EE3D0402EE1D01A6823
:1041D00012F0080FDDD0002401941A6801925B6888
:1041E0000193019B2846FFF7E4FE08236B6485F8E2
:1041F0004040012000E0002003B0BDE8F083032030
:10420000FAE70320F8E760B310B5044690F84130B0
:1042100013B3242384F841302268D36823F4005375
:10422000D3602046FFF724FF2268136923F49043EC
:1042300013612268536923F02A0353612268D3680B
:1042400043F40053D36000206064202384F841309D
:1042500084F84230606310BD80F84030FDF7BAFD4D
:10426000D7E7012070472DE9F04182B01E4690F853
:104270004130DBB2202B56D104460D469046002932
:1042800055D00AB901204FE000234364212380F870
:104290004130FDF759FF0746A4F82480A4F8268092
:1042A000A368B3F5805F02D04FF0000814E02369E3
:1042B0002BB34FF000080FE0202384F84130032097
:1042C00032E038F8023B2268C3F308035360E28C03
:1042D00092B2013A92B2E284E38C9BB293B100961F
:1042E0003B46002280212046FFF74AFF0028E3D109
:1042F000002DE6D015F8012B23685A60E7E7A846A1
:104300000025E9E700963B46002240212046FFF7C2
:1043100037FF18B9202384F8413005E0202384F8C2
:104320004130032000E0022002B0BDE8F08101200E
:10433000FAE7704708B50168CA6822F04002CA600F
:10434000202280F84120FFF7F4FF002008BD7047CD
:10435000704708B5806B0023C385C384FFF7F8FF5F
:1043600008BD704790F84230DBB2222B69D18368D8
:10437000B3F5805F4FD0826AB3F5805F04D0002B25
:1043800056D10369002B53D103685B681370836AAD
:1043900001338362C38D9BB2013B9BB2C385002B6B
:1043A00051D100B583B00268D36823F02003D360F5
:1043B0000268D36823F48073D3600268536923F0E2
:1043C00001035361202380F8423000234363036BD1
:1043D000012B33D100230363026802F10C0353E87D
:1043E000003F23F010030C3242E800310029F3D1E2
:1043F00003681A6812F0100F06D0002201921A68A2
:1044000001925B680193019B818DFFF7AAFF002059
:1044100003B05DF804FB0269002AACD1826A03682C
:104420005B68C3F308031380836A02338362B1E7D6
:1044300003685B6803F07F031370A8E7FFF787FF4B
:10444000E5E70220704700207047000010B582B0F9
:10445000044602681368D068516913F00F0F09D140
:1044600013F0200F0CD010F0200F09D02046FFF7DA
:1044700079FF16E011F0010115D110F4907F12D1EF
:10448000216B012979D013F0800F03D010F0800F39
:1044900040F0148113F0400F03D010F0400F40F0B3
:1044A000118102B010BD13F0010F06D010F4807F0F
:1044B00003D0626C42F00102626413F0040F04D076
:1044C00019B1626C42F00202626413F0020F04D070
:1044D00019B1626C42F00402626413F0080F07D055
:1044E00010F0200F00D119B1626C42F00802626432
:1044F000626C002AD5D013F0200F02D010F0200FEC
:1045000029D123685B6903F04003626C12F0080F45
:1045100000D163B32046FFF74CFD23685B6913F0BD
:10452000400F20D0226802F1140353E8003F23F02B
:104530004003143242E800310029F3D1E36B73B138
:10454000624A1A65E06BFEF761FB0028A9D0E06BB8
:10455000036D9847A5E72046FFF704FFD1E7204603
:10456000FFF7F6FE9DE72046FFF7F2FE99E72046AB
:10457000FFF7EEFE0023636493E713F0100F82D081
:1045800010F0100F3FF47FAF0023019313680193E5
:1045900053680193019B536913F0400F52D0E26BB3
:1045A00013685B689BB2002B3FF47BAFA18D9942EF
:1045B0007FF677AFE385D369B3F5807F37D0226884
:1045C00002F10C0353E8003F23F480730C3242E8FD
:1045D00000310029F3D1226802F1140353E8003FAF
:1045E00023F00103143242E800310029F3D122689C
:1045F00002F1140353E8003F23F04003143242E871
:1046000000310029F3D1202384F8423000232363B2
:10461000226802F10C0353E8003F23F010030C3230
:1046200042E800310029F3D1E06BFEF7A5FA02233E
:104630006363A18DE38D9BB2C91A89B22046FFF74F
:1046400090FE2EE7A18DE38D9BB2C91A89B2E38D4E
:104650009BB2002B3FF425AF00293FF422AF226824
:1046600002F10C0353E8003F23F490730C3242E84C
:1046700000300028F3D1226802F1140353E8003F10
:1046800023F00103143242E800300028F3D1202344
:1046900084F8423000232363226802F10C0353E8BC
:1046A000003F23F010030C3242E800300028F3D121
:1046B000022363632046FFF754FEF2E62046FFF72D
:1046C000A6FCEEE62046FFF735FEEAE65343000877
:1046D000842801D0033070470020704708B500F0EF
:1046E00065FD002008BD2DE9F04387B00E46446902
:1046F000C4B18569B5B14768D0F80080D0F8109092
:10470000B0F90800FFF7E4FF0295019400903346EA
:104710004A464146384600F0D9FC0590059807B056
:10472000BDE8F083446805680769B0F90800FFF741
:10473000CFFF05AB019300903346BAB2294620461D
:1047400000F001FD0128E9D00020E8E708B500B934
:10475000012000F07DFE002008BD00F10803436049
:104760004FF0FF328260C360036100230360704733
:1047700000230361704743684B609A688A60516008
:1047800099600861036801330360704730B40D68B5
:10479000B5F1FF3F11D000F108031C465B681A68B1
:1047A000AA42FAD963684B6099608C6061600861C5
:1047B00003680133036030BC70470469F2E70369A2
:1047C000416882688A60416851605A68824206D0B6
:1047D000002202611A68013A1A60186870478268FC
:1047E0005A60F5E782B0002301930D4B1B68B3F1CB
:1047F000FF3F08D04FF0500383F31188BFF36F8F52
:10480000BFF34F8FFEE74FF0500383F31188BFF3E0
:104810006F8FBFF34F8F019B002BFCD002B070470E
:104820000C00002008480068006880F308884FF0FA
:10483000000080F3148862B661B6BFF34F8FBFF3F8
:104840006F8F00DF00BF000008ED00E0DFF80C0014
:10485000016841F4700101607047000088ED00E0DC
:104860004FF0807340F8043C21F0010140F8081C2F
:10487000054B40F80C3C40F8202C6FF0020340F848
:10488000243C4438704700BFE547000800000000A2
:10489000074B19680868B0E8F04F80F30988BFF348
:1048A0006F8F4FF0000080F311887047AFF30080E6
:1048B000A87100204FF0500383F31188BFF36F8F6E
:1048C000BFF34F8F0B4A136801331360012B00D0E5
:1048D00070474FF0E023D3F8043D13F0FF0FF7D0FB
:1048E0004FF0500383F31188BFF36F8FBFF34F8FE7
:1048F000FEE700BF0C000020094B1B6843B94FF0D6
:10490000500383F31188BFF36F8FBFF34F8FFEE720
:10491000013B034A13600BB983F31188704700BF52
:104920000C0000200000000000000000000000005B
:10493000EFF30980BFF36F8F154B1A681EF0100F4D
:1049400008BF20ED108A20E9F04F10602DE9090022
:104950004FF0500080F31188BFF34F8FBFF36F8F7C
:1049600000F09CFD4FF0000080F3118809BC19682D
:104970000868B0E8F04F1EF0100F08BFB0EC108AC6
:1049800080F30988BFF36F8F704700BFAFF30080DB
:10499000A871002008B54FF0500383F31188BFF3CE
:1049A0006F8FBFF34F8F00F04BFC28B14FF0E02327
:1049B0004FF08052C3F8042D002383F3118808BD03
:1049C0004FF0E022002313619361054B1B680549FA
:1049D000A1FB03139B09013B53610723136170473C
:1049E00000000020D34D62104FF0E023D3F8002DDB
:1049F0003D4B9A421CD04FF0E023D3F8002D3B4BA7
:104A00009A421ED030B583B0394B1A78D2B2019297
:104A1000FF221A701B78DBB28DF803309DF803304B
:104A200003F05003334A1370334B07221A601BE024
:104A30004FF0500383F31188BFF36F8FBFF34F8F95
:104A4000FEE74FF0500383F31188BFF36F8FBFF37E
:104A50004F8FFEE7284A1368013B13609DF803302F
:104A60005B00DBB28DF803309DF8033013F0800F4C
:104A7000F0D1214B1B68032B08D04FF0500383F378
:104A80001188BFF36F8FBFF34F8FFEE71B021A4AE7
:104A9000136003F4E0631360019BDBB2144A1370EC
:104AA0004FF0E024D4F8203D43F47003C4F8203DD7
:104AB000D4F8203D43F07043C4F8203DFFF780FF59
:104AC00000250E4B1D60FFF7C1FED4F8343F43F0C4
:104AD0004043C4F8343FFFF7A5FE00F0DFFCFFF7CA
:104AE00081FE284603B030BD71C20F4170C20F4134
:104AF00000E400E05C100020581000200C000020B2
:104B0000124A12F0070F1ED0D11D21F00701C1F586
:104B1000C04313440A460E4802600021416013441A
:104B2000083B23F007030B48036059601960991A8A
:104B300051601360084B1960084B1960084B4FF027
:104B400000421A6070474FF4C043E4E78010002031
:104B500078100020741000206C10002070100020CD
:104B600060100020164B1A461B688342FBD3516825
:104B700002EB010C844509D0416800EB010C634550
:104B800009D00360904219D010607047406801441A
:104B900051601046F0E710B40A4C2468A3420BD0D1
:104BA0005B681944416013681B680360904200D041
:104BB00010605DF8044B70470460F7E7704700BF72
:104BC000781000207410002038B5044600F030FB47
:104BD000384B1B68B3B1384B1B681C4250D1002CBA
:104BE00050D004F1080214F0070F02D022F007029F
:104BF0000832002A55D0314B1B68934253D33049B9
:104C00000C6804E0FFF77CFFE5E721461C4663687B
:104C1000934202D22368002BF7D1264B1B68A34294
:104C200043D00D68083523680B6063689B1A102B0E
:104C300010D9A01810F0070F08D04FF0500383F3DD
:104C40001188BFF36F8FBFF34F8FFEE74360626041
:104C5000FFF788FF626819490B689B1A0B601949B6
:104C600009688B4201D217490B60134B1B68134331
:104C7000636000232360144A13680133136002E069
:104C8000002500E0002500F067FB15F0070F0ED0AF
:104C90004FF0500383F31188BFF36F8FBFF34F8F33
:104CA000FEE70025EFE70025EDE70025EBE72846C6
:104CB00038BD00BF7410002060100020701000206C
:104CC000781000206C10002068100020002834D0DC
:104CD00038B50446A0F1080550F8043C174A12689C
:104CE000134208D14FF0500383F31188BFF36F8F45
:104CF000BFF34F8FFEE750F8081C41B14FF050034F
:104D000083F31188BFF36F8FBFF34F8FFEE723EA62
:104D1000020340F8043C00F08BFA54F8041C084AE3
:104D200013680B4413602846FFF71CFF054A1368FD
:104D30000133136000F010FB38BD70476010002095
:104D40007010002064100020084B1B681B6823B9FA
:104D5000074B4FF0FF321A607047044B1B68DB684B
:104D6000DB685A68024B1A60704700BFF070002081
:104D7000887000202DE9F04707469846089DDDF829
:104D800024900A9C266B02F18042013A06EB8206CF
:104D900026F00706002964D008464FF0000CBCF14D
:104DA0000F0F09D810F80C2004EB0C0383F8342003
:104DB00012B10CF1010CF2E7002384F84330062D08
:104DC00000D90625E56265644FF0000AC4F848A0E2
:104DD000201DFFF7CDFC04F11800FFF7C9FC24618A
:104DE000C5F10705A5616462C4F890A184F894A197
:104DF0004FF4A072514604F1500002F0AFFC1B4B7F
:104E0000636503F16802A265D033E36501220023E4
:104E1000C4E93A2343F20E33A4F8F0304AF6CD3316
:104E2000A4F8F23041F23423A4F8F4304EF26D636A
:104E3000A4F8F6304DF6EC63A4F8F8300523A4F896
:104E4000FA300B23A4F8FC30424639463046FFF7CF
:104E500007FD2060B9F1000F01D0C9F80040BDE89E
:104E6000F087002384F83430A9E700BF8878002059
:104E700038B5002407E004EB840293000E48184480
:104E8000FFF76BFC0134062CF5D90C4D2846FFF7D3
:104E900064FC0B4C2046FFF760FC0A48FFF75DFC02
:104EA0000948FFF75AFC0948FFF757FC084B1D60FB
:104EB000084B1C6038BD00BF1C7100200871002029
:104EC000F4700020D8700020C4700020AC70002066
:104ED000F0700020EC70002010B50446FFF7EAFCEB
:104EE000214A136801331360204B1B685BB1204BD0
:104EF0001B686BB91D4B1B68DA6AE36A9A4207D8D4
:104F00001A4B1C6004E0194B1C601368012B28D05D
:104F1000184A136801331360E06A01238340164A7C
:104F200011680B43136000EB8000211D134B03EB52
:104F30008000FFF720FCFFF7DFFC0D4B1B687BB107
:104F40000A4B1B68DA6AE36A9A4209D24FF0E023FF
:104F50004FF08052C3F8042DBFF34F8FBFF36F8F14
:104F600010BDFFF785FFD3E7A8700020A8710020CF
:104F70009C7000208C700020A07000201C7100200C
:104F800010B50446503002F04DFC94F8953163B1F1
:104F9000012B11D0022B0ED04FF0500383F3118858
:104FA000BFF36F8FBFF34F8FFEE7206BFFF78EFECF
:104FB0002046FFF78BFE10BD2046FFF787FEFAE77D
:104FC0000F4B1B68D3B110B5FFF774FC0D4BDB68BA
:104FD000DC68201DFFF7F3FB0B4A1368013B1360ED
:104FE000074A1368013B1360FFF786FC2046FFF772
:104FF000C7FF034B1B68002BE6D110BD704700BFF5
:10500000C0700020C4700020A870002008B5FFF711
:10501000D7FF074B1B68012BF9D94FF0E0234FF066
:105020008052C3F8042DBFF34F8FBFF36F8FEEE7AD
:105030001C71002070B504460D461D4B1E681D4BAB
:1050400018680430FFF7BBFB48B91A4B1B68DB6AD2
:1050500001229A4018490B6823EA02030B60B4F15D
:10506000FF3F0DD03444134B1B685C60A64210D93F
:10507000124B18680F4B19680431FFF787FB70BD9E
:10508000002DEFD00B4B196804310D48FFF773FB6F
:10509000F5E70C4B1868074B19680431FFF776FBEE
:1050A000094B1B68A342EAD9074B1C60E7E700BF26
:1050B000A4700020A8710020A0700020EC700020D7
:1050C000AC700020F07000208870002030B587B0F0
:1050D0000B9C8CB10C9DC5B14FF4CC750495049D0F
:1050E000B5F5CC7F1AD04FF0500383F31188BFF38E
:1050F0006F8FBFF34F8FFEE74FF0500383F311889C
:10510000BFF36F8FBFF34F8FFEE74FF0500383F372
:105110001188BFF36F8FBFF34F8FFEE7049D0C9D87
:105120002C63022485F8954100240394029505AC74
:1051300001940A9C0094FFF71DFE0C98FFF7CCFE2B
:10514000059807B030BD2DE9F04385B00746884685
:1051500014461E469000FFF737FD10B381464FF40A
:10516000CC70FFF731FD0546A8B1C0F830900023A0
:1051700080F89531039302900D9B01930C9B009353
:105180003346224641463846FFF7F4FD2846FFF7EE
:10519000A3FE012007E04846FFF798FD4FF0FF30DF
:1051A00001E04FF0FF3005B0BDE8F08310B588B0E6
:1051B00000240594069407AA06A905A8FBF7D4FFC6
:1051C000059B0293069B019300942346079A10497E
:1051D0001048FFF77BFF104B1860B8B14FF0500339
:1051E00083F31188BFF36F8FBFF34F8F0B4B1B6897
:1051F00050330B4A13600B4B4FF0FF321A600A4BCF
:1052000001221A60094B1C60FFF7EEFB08B010BDCD
:105210007CD900080D50000884700020A87100207F
:10522000AC000020887000209C700020A47000203A
:10523000024A136801331360704700BF807000207A
:10524000F8B53A4B1B68002B69D1394B1D68013505
:105250001D60C5B9374B1B681B6843B14FF0500345
:1052600083F31188BFF36F8FBFF34F8FFEE7314A8F
:105270001168314B186810601960304A13680133A7
:105280001360FFF761FD2E4B1B68AB423DD9002731
:105290002C4B1B68DB6A03EB83039A002A4B9B5859
:1052A000012B00D90127294B1B68002B3CD001277B
:1052B0003AE001271F4B1B681B6843B31D4B1B685B
:1052C000DB68DC6863689D4226D3261D3046FFF705
:1052D00076FAA36A1BB104F11800FFF770FAE36ACB
:1052E00001229A401A49086802430A6003EB8303CB
:1052F0009A00314614481044FFF73DFAE26A114B18
:105300001B68DB6A9A42D4D2D4E70027D2E70C4B61
:105310004FF0FF321A60BBE7094A1360B8E70D4A45
:1053200013680133136000273846F8BD80700020F1
:10533000A4700020F0700020EC700020907000201D
:1053400088700020A87100201C710020947000203B
:10535000A07000209870002038B5354B1B6843B909
:105360004FF0500383F31188BFF36F8FBFF34F8F5C
:10537000FEE7FFF79FFA2E4B1A68013A1A601B6886
:10538000002B4FD12B4B1B680BB900244BE00024A2
:10539000294B1B681BB3284BDB68DC6804F1180041
:1053A000FFF70DFA251D2846FFF709FAE06A0123E9
:1053B0008340224A11680B43136000EB80002946AA
:1053C0001F4B03EB8000FFF7D6F9E26A1D4B1B6809
:1053D000DB6A9A42DCD31C4B01221A60D8E70CB17D
:1053E000FFF7B2FC194B1C6884B9174B1C68D4B189
:1053F0004FF0E0234FF08052C3F8042DBFF34F8FDE
:10540000BFF36F8F01240EE0013C07D0FFF718FFB8
:105410000028F9D00C4B01221A60F5E70B4B002253
:105420001A60E2E70024FFF767FA204638BD00BFA4
:1054300080700020A8700020D8700020A07000208C
:105440001C710020A871002094700020987000202A
:1054500010B5A8B10446104B1B6843B14FF0500380
:1054600083F31188BFF36F8FBFF34F8FFEE7FFF712
:10547000DFFE00212046FFF7DDFDFFF76DFF48B995
:105480004FF0E0234FF08052C3F8042DBFF34F8F4D
:10549000BFF36F8F10BD00BF80700020224B1B68D0
:1054A0001BB1224B01221A607047204B00221A6068
:1054B0001F4B1B68B3FA83F3DBB2C3F11F0303EB8B
:1054C00083018A001B498A5842B94FF0500383F385
:1054D0001188BFF36F8FBFF34F8FFEE7154803EBC3
:1054E00083018A00024451684968516003EB830CD0
:1054F0004FEA8C020832024491420DD003EB830341
:105500009A000C4B13445B68DA680B4B1A601B68FB
:1055100050330A4A13607047486862469100054A52
:105520000A445060EAE700BF8070002094700020B9
:10553000A07000201C710020A8710020AC00002089
:1055400070B58AB0D34B984205D0D34B984200F047
:1055500059810AB070BD01AB03AA0021FCF7DFFF3F
:10556000039B142B0AD8112BF3D3113B032BF0D838
:10557000DFE813F030007600BC000201A3F2012244
:10558000062AE6D8013BDBB2C44A1370C44903EBD8
:10559000830201EB420031F9124004819DF804506E
:1055A0009DF8054044EA052421F812409DF80620A4
:1055B000120212B29DF80740224342809DF8082053
:1055C000120212B29DF80940224382809DF80A20FF
:1055D0008271BEE79DF80430B24D1B096B719DF8D6
:1055E00005009DF806209DF807109DF808301E095B
:1055F00046EA01161C0204F470649DF809301C434D
:105600001021F2EE090ABAEE090A42EA002001F07E
:1056100051FA85ED030A0C21DFEDA30A9FEDA30AE1
:10562000304601F047FA85ED040A0C21DFEDA00AAF
:105630009FEDA00A204601F03DFA85ED050A9DF890
:105640000A3007EE903AF8EE677AC5ED067A9DF8D3
:105650000B3007EE903AF8EE677AC5ED077A78E7F7
:105660009DF80430944D1B096B719DF805009DF861
:1056700006209DF807109DF808301E0946EA01161D
:105680001C0204F470649DF809301C431021F2EEF2
:10569000090ABAEE090A42EA002001F00BFA85ED88
:1056A000030A0C21DFED800A9FED800A304601F0ED
:1056B00001FA85ED040A0C21DFED7D0A9FED7D0ADC
:1056C000204601F0F7F985ED050A9DF80A3007EE4E
:1056D000903AF8EE677AC5ED067A9DF80B3007EE42
:1056E000903AF8EE677AC5ED077A32E79DF8043014
:1056F000724D1B096B719DF805009DF806209DF801
:1057000007109DF808301E0946EA01161C0204F431
:1057100070649DF809301C431021F2EE090ABAEEBC
:10572000090A42EA002001F0C5F985ED030A0C21BF
:10573000DFED5D0A9FED5D0A304601F0BBF985EDB6
:10574000040A0C21DFED5A0A9FED5A0A204601F0A7
:10575000B1F985ED050A9DF80A3007EE903AF8EEAA
:10576000677AC5ED067A9DF80B3007EE903AF8EEB1
:10577000677AC5ED077AECE69DF80430504D1B09B9
:105780006B719DF805009DF806209DF807109DF8A7
:1057900008301E0946EA01161C0204F470649DF8E4
:1057A00009301C431021F2EE090ABAEE090A42EA56
:1057B000002001F07FF985ED030A0C21DFED3A0AA4
:1057C0009FED3A0A304601F075F985ED040A0C2187
:1057D000DFED370A9FED370A204601F06BF985EDC2
:1057E000050A9DF80A3007EE903AF8EE677AC5EDA3
:1057F000067A9DF80B3007EE903AF8EE677AC5ED21
:10580000077AA6E601AB03AA0021FCF788FE039BFA
:10581000BC2B3BD00DD8AC2B5AD0AD2B7FF499AE1E
:105820009DF804209DF8053043EA0223254A1381A0
:105830008FE6A3F20122062A3FF68BAE013BDBB2D4
:10584000214A1370214903EB830201EB420031F935
:10585000124004819DF804509DF8054044EA052457
:1058600021F812409DF80620120212B29DF807405E
:10587000224342809DF80820120212B29DF809408E
:10588000224382809DF80A20827162E601A800F01E
:10589000B1FD5EE6C007002098070020AD71002032
:1058A00044720020A476002000003442000034C27C
:1058B00000005842000058C2747600204476002050
:1058C00014760020F0710020AC710020FC710020E3
:1058D0009DF804309DF8052042EA03220B4B1A8004
:1058E0009DF806109DF8072042EA01225A809DF893
:1058F00008109DF8092042EA01229A809DF80A10BA
:105900009DF80B2042EA0122DA8022E6F0710020A5
:10591000704770477047000010B582B08E469446BD
:105920000F494FF400720A6000228A60CA600822A0
:105930000A610C4A0412147050704FEA2E209070C5
:1059400082F803E04FEA2C20107182F805C018128B
:105950009071D37101AB0448FCF76CFD02B010BD2F
:10596000D8710020D0710020C007002010B582B08F
:105970008E4694460F4940F2FF120A6000228A6068
:10598000CA6008220A610C4A0412147050704FEA6F
:105990002E20907082F803E04FEA2C20107182F8DC
:1059A00005C018129071D37101AB0448FCF742FD99
:1059B00002B010BDB8710020B0710020C0070020F7
:1059C0000B4BB3F9022007EE902AF8EEE77AB3F911
:1059D0000C3007EE103AB8EEC77A77EEC77AB6EE1B
:1059E000007A67EE877A034BC3ED007A704700BFF9
:1059F00044720020B00B0020044B05491961054A90
:105A00005A60054B19615A60704700BF78750020D5
:105A1000A4B01F43DB0FC93F5C75002008B5DFED64
:105A2000050AB0EE000A044A0021044801F070F9AA
:105A300008BD00BF000000007C0000208C72002028
:105A400010B5F0EE400A054C054B93ED000A2046D8
:105A500001F078F994ED080A10BD00BF8C720020A7
:105A6000C80B002008B5DFED050A9FED050A054AC1
:105A70000021054801F04CF908BD00BF00000000FE
:105A80000000804670000020D472002010B5F0EEB7
:105A9000400A054C054B93ED000A204601F052F9EF
:105AA00094ED080A10BD00BFD4720020D40B002072
:105AB00038B5354BB3F90030032B3ED0334B93ED63
:105AC000000AFFF7BDFF324B83ED000A304D95ED24
:105AD000000AFFF7DBFFBDEEC00A10EE103A9BB2E2
:105AE0002C4C228802EB820292B29B1A2A4A138023
:105AF00095ED000AFFF7CAFFB1EE400ABDEEC00AFD
:105B000010EE103A9BB2228802EB820292B29B1AEC
:105B10001BB2224A1380B3F5804F1FDD204B4FF498
:105B200080421A801C4BB3F90030B3F5804F20DD62
:105B30001C4B4FF480421A8038BD1B4BB3F9003028
:105B400000EE103AB8EEC00ADFED187A20EE270A10
:105B5000FFF776FF0E4B83ED000AB7E713F5804F92
:105B600004DA0F4B4FF440421A80DBE70C4A1380F3
:105B7000D8E713F5804F04DA0A4B4FF440421A80FD
:105B8000DAE7084A1380D7E70C0C0020B80B002096
:105B9000BC0B0020140C0020D80B0020DA0B0020D6
:105BA000DE0B0020DC0B0020120C00200AD7A33CE7
:105BB00008B5F3EE040A9FED040A044A00210448E4
:105BC00001F0A6F808BD00BF0000584264000020A4
:105BD0001475002010B5F0EE400A054C054B93ED0E
:105BE000040A204601F0AEF894ED080A10BD00BF8B
:105BF00014750020A476002008B5DFED050AB0EE8C
:105C0000080A044A0021044801F082F808BD00BFD8
:105C10000000000058000020F473002010B5F0EEE2
:105C2000400A054C054B93ED030A204601F08AF823
:105C300094ED080A10BD00BFF4730020A476002084
:105C400008B5F3EE040A9FED040A044A0021044853
:105C500001F05EF808BD00BF000058424C00002073
:105C6000CC74002010B5F0EE400A054C054B93EDC6
:105C7000040A204601F066F894ED080A10BD00BF42
:105C8000CC7400207476002008B5DFED050AB0EE74
:105C9000080A044A0021044801F03AF808BD00BF90
:105CA0000000000040000020AC73002010B5F0EEB2
:105CB000400A054C054B93ED030A204601F042F8DB
:105CC00094ED080A10BD00BFAC730020747600206C
:105CD00008B5F3EE040A9FED040A044A00210448C3
:105CE00001F016F808BD00BF000058423400002043
:105CF0008474002010B5F0EE400A054C054B93ED7E
:105D0000040A204601F01EF894ED080A10BD00BFF9
:105D1000847400204476002008B5DFED050AB0EE5B
:105D2000080A044A0021044800F0F2FF08BD00BF41
:105D300000000000280000206473002010B5F0EE81
:105D4000400A054C054B93ED030A204600F0FAFF8C
:105D500094ED080A10BD00BF647300204476002053
:105D600008B5F3EE040A9FED040A044A0021044832
:105D700000F0CEFF08BD00BF000058421C0000200C
:105D80003C74002010B5F0EE400A054C054B93ED35
:105D9000040A204600F0D6FF94ED080A10BD00BFAB
:105DA0003C7400201476002008B5DFED050AB0EE43
:105DB000080A044A0021044800F0AAFF08BD00BFF9
:105DC00000000000100000201C73002010B5F0EE51
:105DD000400A054C054B93ED030A204600F0B2FF44
:105DE00094ED080A10BD00BF1C730020147600203B
:105DF00010B5164C94ED090AFFF710FF84ED0A0A5E
:105E0000FFF7E8FE84ED0B0A114C94ED090AFFF749
:105E10004DFF84ED0A0AFFF725FF84ED0B0A0D4CB8
:105E200094ED090AFFF78AFF84ED0A0AFFF762FF83
:105E300084ED0B0A084C94ED090AFFF7C7FF84EDC7
:105E40000A0AFFF79FFF84ED0B0A10BDA47600201D
:105E5000747600204476002014760020B5EEC00A47
:105E6000F1EE10FA45D9F5EEC00AF1EE10FA43D979
:105E7000B5EEC01AF1EE10FA41D970EE207AF4EEC8
:105E8000C17AF1EE10FA3DD970EE017AF4EEE07AC3
:105E9000F1EE10FA39D970EE817AF4EEC07AF1EEB3
:105EA00010FA35D908B560EEA07A21EE017A77EEC6
:105EB000877A20EE000A77EEC07A70EEA00A60EED4
:105EC000810A87EEA00AF7EE007AB4EEE70AF1EE57
:105ED00010FA04DDB7EE000A07F006FB08BDFFEE7E
:105EE000007AB4EEE70AF1EE10FAF5D5BFEE000A3B
:105EF000F2E7BFEE000A7047BFEE000A7047BFEE40
:105F0000000A7047BFEE000A7047BFEE000A7047F4
:105F1000BFEE000A7047000038B52DED048B404CF1
:105F2000DFED408A9FED408A94ED041AF0EE680A96
:105F3000B0EE480AFFF792FF84ED020A3B4D95ED63
:105F4000041AF0EE680AB0EE480AFFF787FF85ED05
:105F5000020AD4ED027AF5EEC07AF1EE10FA4CBFE7
:105F600001230023B5EEC00AF1EE10FA48BF43F05A
:105F7000010363B12E4A2F4B5A622F4B2F494B62BC
:105F80002F494A622F4A5362BDEC048B38BD244A24
:105F9000D2ED016A36EEE79A82ED009A234B93ED3B
:105FA000017A77EE408AC3ED008A77EEA67AC2EDD9
:105FB000037A30EE078A83ED038A17EE900AFAF728
:105FC00063FA02460B4614A1D1E90001FAF7FCF886
:105FD000FAF7B2FA07EE900AF1EE677A174BC3EDC3
:105FE000097A174B83ED099A18EE100AFAF74CFA62
:105FF00002460B4608A1D1E90001FAF7E5F8FAF7E5
:106000009BFA0C4B5862F1EE688A0E4BC3ED098A7D
:10601000BAE700BFAFF30080182D4454FB210940BC
:10602000787500200000524300007A435C75002020
:106030009A99193EA47600209A9919BE7476002088
:10604000447600201476002080B58AB04FF4FA60C0
:10605000FEF77CFB394CEC4604F10C0EBEE80F0059
:10606000ACE80F00BEE80F00ACE80F00DEF800302F
:10607000CCF8003094E80E00012000F0ADFB0120C8
:10608000FEF764FB2E4DEC4605F10C0EBEE80F004A
:10609000ACE80F00BEE80F00ACE80F00DEF80030FF
:1060A000CCF8003095E80E00012000F095FB0120AF
:1060B000FEF74CFB234FEC4607F10C0EBEE80F0039
:1060C000ACE80F00BEE80F00ACE80F00DEF80030CF
:1060D000CCF8003097E80E00012000F07DFB012095
:1060E000FEF734FB184EEC4606F10C0EBEE80F002E
:1060F000ACE80F00BEE80F00ACE80F00DEF800309F
:10610000CCF8003096E80E00012000F065FB01207D
:10611000FEF71CFB0D4A62620D4B6B627A62736282
:10612000FFF74EFCFFF7C4FCFFF766FCFFF7F4FE39
:10613000FFF75EFE0120FEF709FBF1E7A4760020E1
:106140007476002044760020147600209A99193E37
:106150009A9919BE08B5F2EE000AB2EE0C0A034A8B
:106160000021034800F0D4FD08BD00BF88000020D6
:106170009475002010B5F0EE400A054C054B93EDE8
:10618000000A204600F0DEFD94ED080A10BD00BFB5
:1061900094750020B00B002008B59FED070A074B4F
:1061A00083ED000AFFF7E6FF054B83ED000A14209C
:1061B000FEF7CCFAF1E700BF00000000B40B0020AE
:1061C000B80B002070B52DED028B82B00346C2786B
:1061D000807840EA0220ADF800005A791D7945EA3E
:1061E0000225ADF80250DA799C7944EA0224ADF830
:1061F0000440DFED138A9FED138A1021F0EE680A48
:10620000B0EE480A00F056FC0F4E86ED060A10214B
:10621000F0EE680AB0EE480A284600F04BFC86ED26
:10622000070A1021F0EE680AB0EE480A204600F096
:1062300041FC86ED080A02B0BDEC028B70BD00BFC8
:1062400033336B4333336BC3DC75002070B52DEDF6
:10625000028B82B00346C278807840EA0220ADF813
:1062600000005A791D7945EA0225ADF80250DA7925
:106270009C7944EA0224ADF80440DFED138A9FEDD7
:10628000138A1021F0EE680AB0EE480A00F012FC02
:106290000F4E86ED030A1021F0EE680AB0EE480AB0
:1062A000284600F007FC86ED040A1021F0EE680A8B
:1062B000B0EE480A204600F0FDFB86ED050A02B06C
:1062C000BDEC028B70BD00BF1F850B421F850BC24A
:1062D000DC75002070B52DED028B84B00346C278CA
:1062E000807840EA022001905A791D7945EA02251A
:1062F0000295DA799C7944EA022403941021DFEDB7
:10630000120A9FED120A00F0D5FB114E86ED000A2D
:10631000DFED108A9FED108A1021F0EE680AB0EED2
:10632000480A284600F0C6FB86ED020A1021F0EE6E
:10633000680AB0EE480A204600F0BCFB86ED010A70
:1063400004B0BDEC028B70BD0000B4420000B4C2CA
:10635000DC75002000003443000034C3F8B5034668
:1063600090F801C08678B01000F03E00360306F4C5
:106370004056DA7846EA02161A7946EA121695026B
:1063800005F470555A7945EA82059A7945EA9215DD
:10639000140204F47C54DB791C430E21F7EE000A4E
:1063A000BFEE000A40EA8C1000F084FB104F87ED2E
:1063B000090A0E21F7EE000ABFEE000A304600F08F
:1063C00079FB87ED0A0A0E21F7EE000ABFEE000AFC
:1063D000284600F06FFB87ED0B0A0E21F7EE000A4E
:1063E000BFEE000A204600F065FB87ED0C0AF8BD01
:1063F000DC75002008B50378013B032B05D8DFE8E6
:1064000003F00205080BFFF7DDFE08BDFFF71EFFD6
:10641000FBE7FFF75FFFF8E7FFF7A0FFF5E70000F6
:1064200008B50B4BD9680B4A116019690A4A11600B
:1064300059690A4A11609968094A11601968094A3C
:1064400011605A68084B1A600120FEF77FF9E8E7EF
:10645000DC750020CC0B0020D40B0020D00B0020DA
:10646000C40B0020C80B0020C00B002008B50E4C48
:106470004FF480612046FCF7C7FD6420FEF766F903
:106480004FF480512046FCF7BFFD6420FEF75EF913
:106490004FF400612046FCF7B7FD6420FEF756F983
:1064A0000120FEF753F9E2E7001C024030B58BB043
:1064B0000125089500230693079500930193029305
:1064C000039305930493124C69462046FBF7E8FEBC
:1064D0002046FBF781FF02212046FCF7D5F829462C
:1064E0002046FCF7D1F80E2309930593094C694621
:1064F0002046FBF7D5FE2046FBF76EFF0221204623
:10650000FCF7C2F829462046FCF7BEF80BB030BDB8
:10651000C00700209807002010B4164B1B685C6968
:1065200044F040045C61DC6844F01004DC60124B11
:106530001C68236823F00103236003E01C6824F037
:1065400001041C600C4B1B681C6814F0010FF5D192
:106550000A4C9C60D86019615A601A6842F4802223
:106560001A60054B1A68136843F0010313605DF865
:10657000044B7047C40F00205C0E0020044800400C
:1065800070B594B00120FEF7E1F801268DF8226085
:106590000023139300258DF820508DF824606C465D
:1065A0000DF1300CBCE80F000FC49CE80F0084E82C
:1065B0000F0008AC94E80F0000F054F93046FEF7E5
:1065C000C5F802238DF82230EC460DF1300EBEE8FE
:1065D0000F00ACE80F009EE80F008CE80F0094E875
:1065E0000F0000F03FF93046FEF7B0F83046FEF7F6
:1065F000ADF803238DF82230EC460DF1300EBEE8E5
:106600000F00ACE80F009EE80F008CE80F0094E844
:106610000F0000F027F93046FEF798F83046FEF7F5
:1066200095F804238DF82230EC460DF1300EBEE8CB
:106630000F00ACE80F009EE80F008CE80F0094E814
:106640000F0000F00FF93046FEF780F82B462A467F
:1066500029462846FFF760F92B462A462946284650
:10666000FFF784F914B070BD08B540F6C410FEF70A
:106670006DF81DE00120FEF769F8204B1888C00076
:106680001F4BB3F900104942C90000231D4AB2F95B
:10669000002009B200B2FFF73FF900231A4619465D
:1066A0001948B0F90000FFF761F90120FEF74EF834
:1066B000154BB3F90630032BDCD0012B02D0FFF7CA
:1066C0005FFFF5E70120FEF741F800230D4AB2F91C
:1066D00000200E49B1F900100D48B0F90000FFF795
:1066E0001BF900231A4619460748B0F90000FFF7C6
:1066F0003DF90120FEF72AF8DAE700BF160C00206A
:10670000120C0020AC0B0020F0710020DC0B0020EC
:10671000DE0B00202DE9F041174F4FF030084246C4
:106720000021384601F01AF8144E42460021304646
:1067300001F014F8124D42460021284601F00EF8EF
:10674000104C42460021204601F008F80123BB709E
:106750001122FA703B710222B2701222F270337170
:106760000322AA701322EA702B710422A270142251
:10677000E2702371BDE8F081A476002074760020D9
:106780004476002014760020C8B18446C9B1082997
:1067900019D8012A11D0022A17D10D4800B589B0A5
:1067A0000293002304930593069101AB624602A96C
:1067B000FBF740FE09B05DF804FB0648EEE7012058
:1067C000704701207047012070470120704700BFCB
:1067D00098070020C007002084B000B583B084462D
:1067E00005A880E80E00134B93E8030002AB03E911
:1067F0000300BCF1020F15D0BCF1030F16D0BCF1A1
:10680000010F0AD1FC238DF807309DF816309DF852
:10681000182008216846FFF7B7FF03B05DF804EBC6
:1068200004B07047FD238DF80730EEE7FE238DF8A6
:106830000730EAE784D9000831EE601A30EE600ACA
:1068400001238340013B07EE903AF8EEE77A20EE11
:10685000270AC0EE017AFCEEE77A17EE903A98B27A
:106860007047000084B0F0B52DED028B83B00AAC08
:1068700084E80F009DED158A0023009301939DF895
:106880002830012B74D0022B00F0BA80002B40F08E
:10689000FF80DFED827AB4EEE78AF1EE10FA09D9D3
:1068A000DFED7F7AB4EEE78AF1EE10FA04DBB0EEAA
:1068B000678A01E09FED798ADFED7A8A1020B2EED7
:1068C000091AFAEE090AB0EE680AFFF7B5FF0746A3
:1068D0000C209FED751ADFED750AB0EE680AFFF720
:1068E000ABFF06460C209FED721AF0EE680AB0EE80
:1068F000680AFFF7A1FF05460C20B1EE041AF0EE7E
:10690000680AB0EE680AFFF797FF04460C209FED77
:10691000641ADFED620AB0EE480AFFF78DFF034606
:106920003A0A8DF800208DF8017032098DF80220A6
:106930002A0A42EA06128DF803208DF80450220933
:106940008DF805201A0A42EA04128DF806208DF807
:1069500007309DF82A309DF82C2008216846FFF763
:1069600013FF03B0BDEC028BBDE8F04004B07047EC
:10697000FAEE047AB4EEE78AF1EE10FA09D9F2EEF3
:10698000047AB4EEE78AF1EE10FA04DBB0EE678A1F
:1069900001E0BAEE048ADFED438A1020B2EE091A54
:1069A000FAEE090AB0EE680AFFF746FF07460C2028
:1069B000B3EE0E1AFBEE0E0AB0EE680AFFF73CFFCC
:1069C00006460C209FED3A1AF0EE680AB0EE680A0F
:1069D000FFF732FF05460C20B1EE041AF0EE680A0C
:1069E000B0EE680AFFF728FF04460C20B2EE041A46
:1069F000FAEE040AB0EE480AFFF71EFF03468FE7DF
:106A0000FAEE047AB4EEE78AF1EE10FA09D9F2EE62
:106A1000047AB4EEE78AF1EE10FA04DBB0EE678A8E
:106A200001E0BAEE048ADFED1F8A1020B2EE091AE7
:106A3000FAEE090AB0EE680AFFF7FEFE07460C20E0
:106A4000B3EE0E1AFBEE0E0AB0EE680AFFF7F4FE84
:106A500006460C209FED161AF0EE680AB0EE680AA2
:106A6000FFF7EAFE05460C20B1EE041AF0EE680AC4
:106A7000B0EE680AFFF7E0FE04460C20B2EE041AFE
:106A8000FAEE040AB0EE480AFFF7D6FE034647E7DF
:106A900000231C461D461E461F4641E7000058C203
:106AA000000058420000000000003442000034C2E0
:106AB0000000FA4307EE900A70EEC00AF8EEE77A9B
:106AC00027EEA07A01238B40013B07EE903AF8EEC7
:106AD000E77AC7EE276A36EE800A704708B50120CC
:106AE000FDF734FEFBE7000008B544E06C490020E8
:106AF000088072E06B490020088074E06A49002039
:106B0000088076E069490020088078E06849002024
:106B100008807AE06749002008807CE06649002010
:106B200008807FE065490020088082E064490020F9
:106B3000088085E063490020088088E062490020E1
:106B400008808BE06149002008808EE060490020C9
:106B5000088091E05F490020088094E05E4B0121AD
:106B6000198012F4004F40F096805C4B00221A808E
:106B70000120FDF7EBFD5A4B1B68B3F90010594A91
:106B80001180B3F90210584A1180B3F90410574A22
:106B90001180B3F90610564A1180B3F90810554A0E
:106BA0001180997A544A1180D97A544A1180B3F9E4
:106BB0000C10534A1180B3F90E10524A1180997C7F
:106BC000514A1180D97C514A11809A8A93B212F0AD
:106BD000010F8BD032490120088013F0020F89D0B9
:106BE00030490120088013F0040F87D02E4901207E
:106BF000088013F0080F85D02C490120088013F07D
:106C0000100F83D02A490120088013F0200F81D073
:106C100028490120088013F0400F3FF47FAF264938
:106C20000120088013F0800F3FF47CAF234901203E
:106C3000088013F4807F3FF479AF21490120088058
:106C400013F4007F3FF476AF1E490120088013F44F
:106C5000806F3FF473AF1C490120088013F4006F6C
:106C60003FF470AF19490120088013F4805F3FF4AE
:106C70006DAF17490120088013F4005F3FF46AAF3D
:106C800014490120088013F4804F7FF467AF124B42
:106C90000021198065E7114B01221A8068E700BFC7
:106CA0000A0C0020080C0020060C0020040C002018
:106CB000020C0020000C0020FE0B0020FC0B00202A
:106CC000FA0B0020F80B0020F60B0020F40B00203C
:106CD000F20B0020F00B0020EE0B0020EC0B00204C
:106CE0001C0C0020180C0020160C0020140C002096
:106CF000120C0020100C00200E0C00200C0C0020A8
:106D0000EA0B0020E80B0020E60B0020E40B00203B
:106D1000B0B1AAB101701168416051688160926898
:106D2000C26080ED040AC0ED050A0022826342635E
:106D300002630262C2628262426242640264C263AD
:106D4000704700000346002800F0A380D0ED107AC1
:106D5000C0ED117A90ED0F7A80ED107AC0ED060A41
:106D600080ED070A70EEC00AC0ED0F0A0278002A13
:106D70004CD1D0ED017A60EEA77AC0ED097AD0ED62
:106D80000A6A90ED026A20EE866A76EE866AC0EDA7
:106D90000A6A426B8263026B426370EEC70AC0EDFF
:106DA0000C0A90ED037A60EE870AC0ED0B0A90EDB5
:106DB000057AF4EEC76AF1EE10FA13DD80ED0A7A77
:106DC00093ED0A7A77EE877A70EEA70AC3ED080A88
:106DD000D3ED047AF4EEE70AF1EE10FA0CDDC3ED20
:106DE000087A15E0B1EE477AF4EEC76AF1EE10FAD0
:106DF000E6D580ED0A7AE3E7F1EE677AF4EEE70A8A
:106E0000F1EE10FA04D5C3ED087A01E0012A02D0B0
:106E100093ED080A7047D0ED016A30EEC76A66EE5E
:106E2000866AC0ED096A90ED026A20EE866A80EDFE
:106E30000A6A426B8263026B426337EE077A70EE36
:106E4000C70A77EEA07AC0ED0C7A90ED037A67EE70
:106E5000877AC0ED0B7A90ED087A76EE866A77EE47
:106E6000A67A77EE277AC0ED087A90ED047AF4EEF0
:106E7000C77AF1EE10FA02DD80ED087AC8E7B1EECC
:106E8000477AF4EEC77AF1EE10FAC1D580ED087AB0
:106E9000BEE79FED010A70470000000000286BD09C
:106EA0000346002968D030B50478427844EA0224C9
:106EB000C4F30A040C80427890F802E04FEA4E1EB8
:106EC0004EEAD20ECEF30A0EA1F802E08078DA780C
:106ED000920042EA9012187942EA8022C2F30A0232
:106EE0008A801D795879C00140EA5500C0F30A0034
:106EF000C88093F805C0CCF3011C81F80AC093F850
:106F000005C04FEA9C1C81F80BC093F806C0DD79E0
:106F10004CEA052CA1F80CC093F808C05D7A4CEA45
:106F2000052CA1F80EC093F80AC0DD7A4CEA052CB6
:106F3000A1F810C01D7B8D745D7BCD7493F80EC0DD
:106F4000DD7B4CEA052CA1F814C093F810C05B7CE3
:106F50004CEA03230B81A4F580640C80AEF5806EAF
:106F6000A1F802E0A2F580628A80A0F58060C88066
:106F7000A3F580630B8130BD7047000008B503495D
:106F80002422A1F12400FFF7C7FA08BDFC760020F7
:106F9000004870472077002000B583B0314B1B6854
:106FA0001A6812F0200F09D0002200921A6800928D
:106FB0005B680093009B03B05DF804FB2A4A1268EB
:106FC00012F0100FF7D0002201921A6801925B684C
:106FD0000193019B254B1B681A6812F4002F1DD1E9
:106FE0001A6822F001021A60204802685368C3F14F
:106FF00024039BB21E490B8024215160116841F487
:107000000021116001680A6842F001020A60122B37
:10701000D1D118491848FFF741FFCCE71A6822F090
:1070200001021A6011490A685368C3F124039BB234
:107030000F480380242050601048826A22F4002206
:10704000826209680A6842F001020A60122BB2D11A
:1070500008490B48FFF722FFFBF776F8094B186049
:10706000A9E700BFC40F0020004800405C0E0020CC
:10707000D476002020770020D876002000600240DF
:10708000FC760020E00B0020104BB3F9002040F606
:10709000AC539A4200D070470D4BB3F91630002B19
:1070A000F9D110B56420FDF751FB094BB3F9163047
:1070B00003B110BD054C4EF6784323806420FDF7E4
:1070C00045FB40F6AC532380F3E700BFAE0B002036
:1070D0004472002008B5054BB3F90820044B1A8010
:1070E000FFF7D2FF0120FDF731FBF4E7F07100203C
:1070F000AE0B002008B5DFED050A9FED050A054A35
:1071000000210548FFF704FE08BD00BF0000FA4457
:1071100000007A45940000203877002010B5F0EE8A
:10712000400A094BB3F9163000EE103A074CB8EE9E
:10713000C00A2046FFF706FED4ED087AFDEEE77A96
:1071400017EE903A18B210BD447200203877002034
:1071500008B5074BB3F9003000EE103AB8EEC00A9C
:10716000FFF7DCFF034B18800120FDF7EFFAF0E793
:10717000AE0B0020AC0B00200FB410B502AA52F8E1
:10718000041B094B1A60094C204600F0CBFA82B26E
:10719000074B1A80142321460648FDF764F8BDE822
:1071A000104004B0704700BF84780020847700202E
:1071B000807700207C0F002000B583B0094BB3F925
:1071C00000300093084BB3F91630084AB2F900209A
:1071D0000749B1F908100748FFF7CEFF0520FDF772
:1071E000B5FAEBE7AC0B002044720020AE0B002098
:1071F000F07100208CD900082DE9F047089D0E465B
:1072000004460F46002B4AD194468C45B2FA82F2CE
:1072100060D942B1C2F12003974020FA03F30CFA7F
:1072200002FC1F4394404FEA1C4E1FFA8CF6B7FB3A
:10723000FEF1230C0EFB117743EA074301FB06F036
:1072400098420AD91CEB030301F1FF3780F0158146
:10725000984240F21281023963441B1AA4B2B3FB74
:10726000FEF00EFB103344EA034400FB06F6A64290
:107270000AD91CEB040400F1FF3380F00081A64220
:1072800040F2FD806444023840EA0140A41B002122
:107290001DB1D4400023C5E90043BDE8F0878B420F
:1072A00005D90DB1C5E9000100210846F5E7B3FA9B
:1072B00083F1002946D1B34202D3824200F2F58025
:1072C000841A66EB030201201746002DE5D0C5E9BC
:1072D0000047E2E7002A40F09380A1EB0C034FEA5D
:1072E0001C471FFA8CFE0121B3FBF7F607FB163093
:1072F000230C43EA00430EFB06F0984208D91CEB2E
:10730000030306F1FF3802D2984200F2D0804646CD
:107310001B1AA4B2B3FBF7F007FB103344EA034493
:107320000EFB00FEA64508D91CEB040400F1FF3358
:1073300002D2A64500F2B6801846A4EB0E0440EA3D
:107340000640A5E7C1F120078B4022FA07FC4CEA72
:10735000030C06FA01FE20FA07F426FA07F344EAC2
:107360000E0400FA01F84FEA1C404FEA1449B3FB3F
:10737000F0FE1FFA8CF600FB1E3349EA03430EFBB6
:1073800006F9994502FA01F20BD91CEB03030EF141
:10739000FF3A80F08580994540F28280AEF1020E7E
:1073A0006344A3EB0909A4B2B9FBF0F300FB139902
:1073B00044EA094403FB06F6A64208D91CEB040480
:1073C00003F1FF3068D2A64266D9023B644443EA27
:1073D0000E40A41BA0FB02E6B4427346B14652D352
:1073E0004FD05DB1B8EB030264EB090404FA07F770
:1073F00022FA01F31F43CC40C5E9007400214CE799
:10740000C2F1200120FA01F30CFA02FC26FA01F184
:10741000964033434FEA1C471FFA8CFEB1FBF7F04E
:1074200007FB1016190C41EA064100FB0EF68E42CE
:1074300004FA02F408D91CEB010100F1FF382DD247
:107440008E422BD902386144891B9BB2B1FBF7F6FF
:1074500007FB161143EA014306FB0EF1994208D9D6
:107460001CEB030306F1FF3814D2994212D9023EF5
:1074700063445B1A46EA004136E73946EDE61846B2
:1074800002E7F045ADD2BEEB020366EB0C06013815
:10749000B146A6E74646ECE7034698E74046D3E701
:1074A000D6467EE76444023847E708460DE7023EC9
:1074B00063442DE7024A0349034800F0C9B800BFFE
:1074C000A0000020659D0008B00000200C4B416822
:1074D000994210B5044601D002F044FCA168094B62
:1074E000994202D0204602F03DFCE168064B9942E9
:1074F00004D02046BDE8104002F034BC10BD00BFEF
:1075000088780020F0780020587900202DE9F84391
:10751000314A324C3249DFF8DC90DFF8DC80314F01
:107520001160002504232946082204F15C00C4E907
:1075300003352D4EA560C4E90055C4E905556566BF
:1075400000F00CF904F15800C4E90749C4E90987BF
:10755000E66200F00DFA2946244B6367082204F125
:10756000C400C4E91A55C4E91E552567C4F8CC50B7
:10757000C4F8805000F0F2F804F1680304F1C00090
:10758000C4F88430C4E92298C4E9247600F0F0F904
:10759000174BC4F8DC30294604F596700822C4E97C
:1075A0003455C4E93855C4F8D850C4F83451C4F837
:1075B000E85000F0D3F804F1D003C4E93D87C4F8E3
:1075C000F09004F59470C4F8FC60C4F8EC30BDE8A9
:1075D000F84300F0CDB900BFC079002088780020C2
:1075E000B5740008F97600081D770008090001004D
:1075F0001200020095760008B976000810B504461E
:107600000A4800F0B9F9636B23B9094B094A1B68B2
:10761000626323B1BDE81040044800F0AFB9FFF742
:1076200075FFBDE81040014800F0A8B9D0790020EE
:10763000C0790020CD740008014800F09DB900BF5A
:10764000D0790020014800F099B900BFD07900201E
:107650002DE9F8430746884616464FF00009D6E95B
:107660000154013D10D4A389012B08D9B4F90E307F
:1076700001332146384602D0C04749EA0009013D9E
:107680006B1C04F16804EED13668002EE7D1484641
:10769000BDE8F88310B50C46B1F90E1000F00EF9F4
:1076A000002803DB236D0344236510BDA38923F465
:1076B0008053A38110BD00BF2DE9F0410C46B1F904
:1076C0000C101F46CB05054616460BD421F48051FD
:1076D000A1813B46B4F90E1032462846BDE8F04180
:1076E00000F002B9B4F90E100223002200F0D0F825
:1076F000B4F90C10EAE700BF10B50C46B1F90E1052
:1077000000F0C6F8B4F90C30421C0EBF23F48053CD
:1077100043F480532065A38110BD00BFB1F90E1062
:1077200000F06EB870B59AB013460A4E0A466FF074
:1077300000410291059108490391044600253068F3
:10774000199569460094049400F042FD009B1D7059
:107750001AB070BDAC0000200802FFFF830730B5EF
:1077600047D0541E002A3ED0CAB2034601E0013C75
:1077700039D303F8012B9D07F9D1032C2CD9CDB2B5
:1077800005EB05250F2C05EB054535D9A4F11002B5
:1077900022F00F0C03F1100EE6444FEA121C1A46B9
:1077A000C2E90055C2E9025510327245F8D10CF118
:1077B000010214F00C0F03EB021204F00F0C13D0B3
:1077C000ACF1040323F003030433134442F8045BD5
:1077D0009342FBD10CF003042CB1C9B21C4403F852
:1077E000011BA342FBD130BD64461346002CF4D1EB
:1077F000F9E703461446C0E71A46A446E0E700BF8F
:1078000038B5074D0022044608462A60FAF766F8A4
:10781000431C00D038BD2B68002BFBD0236038BD43
:10782000C4790020194B1B6883422ED0416C70B57F
:10783000054681B100268C593CB121462468284672
:1078400000F00AF9002CF8D1696C0436802EF2D1D0
:10785000284600F001F9A96B11B1284600F0FCF8A8
:107860002C6C34B121462468284600F0F5F8002C31
:10787000F8D1E96C11B1284600F0EEF86B6B1BB142
:107880002846BDE87040184770BD7047AC00002026
:1078900038B50C46084D8446114620461A4600234A
:1078A0002B606446FAF724F8431C00D038BD2B68DF
:1078B000002BFBD0236038BDC479002038B50C46BE
:1078C000084D8446114620461A4600232B60644624
:1078D000F9F7E6FF431C00D038BD2B68002BFBD026
:1078E000236038BDC479002038B50C46084D844665
:1078F000114620461A4600232B606446F9F7E0FF44
:10790000431C00D038BD2B68002BFBD0236038BD52
:10791000C4790020014B1868704700BFAC000020FC
:1079200070B50F4B0F4DAB42A3EB050607D0B61059
:10793000002455F8043B01349847A642F9D805F0D5
:1079400033FF094D094B5E1BAB424FEAA60606D03A
:10795000002455F8043B01349847A642F9D870BD7D
:10796000ACDD0008ACDD0008ACDD0008B4DD0008CB
:10797000704700BF704700BF704700BF704700BF2F
:10798000024B13B1024800F005B870470000000038
:1079900051A00008002301461A46184602F0ACBB6D
:1079A0002DE9F84306460820894602F065FBDFF81A
:1079B000A4800546304600F0FDFBD8F808305F682B
:1079C00027F00307A7F11104A4EB09042C44B4FB2E
:1079D000F5F4013C05FB04F4A54208DC0021304627
:1079E00002F024FBD8F808303B44984205D03046DA
:1079F00000F0E6FB0020BDE8F8836142304602F06B
:107A000015FB01300FD0114AD8F808303F1B47F062
:107A100001075F60136830461B1B136000F0D0FB4A
:107A20000120BDE8F8830021304602F0FFFAD8F8C3
:107A30000820831A0F2BDADD43F001035360044B57
:107A400002491B68C01A0860D1E700BFD87900203E
:107A5000F40100200002002000297CD02DE9F04133
:107A60000C46804600F0A6FB54F8043C754FA4F188
:107A7000080523F001016818BE684268864222F0BA
:107A8000030200F08380DE07426000EB020C33D477
:107A900054F8084CDCF804302D1B2144AC6807F185
:107AA000080C644503F0010364D0D5F80CE0C4F879
:107AB0000CE0CEF80840002B00F0818041F001037B
:107AC0006B600160B1F5007F22D27868CB0801229B
:107AD000490901338A40024357F833107A6007EBB3
:107AE000C302083AC5E9021247F83350CD60404658
:107AF000BDE8F04100F064BBDCF80430DB072BD5B7
:107B000041F00103B1F5007F44F8043C0160DCD38F
:107B1000B1F5206F4FEA512353D28B0903F139009D
:107B200003F13802C300F818FB580838984203D113
:107B300061E09B68984204D05A6822F003028A42AE
:107B4000F7D8D868C5E902308560DD604046BDE8F9
:107B5000F04100F035BB7047114407F1080C836811
:107B600063453FD0C268DA60936041F001036B6007
:107B70006950A7E7002B5FD10A44D0E90213CB601C
:107B8000996042F001036B60AA50B0E7DB070A443A
:107B900007D454F8083CED1A1A44D5E90213CB6017
:107BA000996042F001036B60274BBD601B689342F4
:107BB0009DD8264B40461968FFF7F2FE97E711441F
:107BC000CDE7142B08D9542B1DD80B0B03F16F00F4
:107BD00003F16E02C300A6E703F15C0003F15B0250
:107BE000C300A0E741F00103C7E90455C5E902CC91
:107BF0006B6069507BE779689210012404FA02F205
:107C00000A437A609EE7B3F5AA7F06D8CB0B03F14F
:107C1000780003F17702C30085E740F254529342A3
:107C200006D88B0C03F17D0003F17C02C3007AE7D8
:107C30004FF47E737E2276E741F001036B600160B2
:107C400055E700BF00020020F8010020087A00205C
:107C50002DE9F04F01F10B05162D83B0064623D810
:107C6000102900F2AF8000F0A5FA10251823022099
:107C7000B74F3B44A3F108025C68944200F01E81B8
:107C80006368E268A16823F00303CA6023443046B6
:107C900091605A6842F001025A6000F091FA08348B
:107CA000204603B0BDE8F08F35F0070500F18A806B
:107CB000A94200F2878000F07DFAB5F5FC7FC0F0A4
:107CC0006E816B0A00F08280042B00F21D81AB09EB
:107CD00003F1390003F1380EC3009D4F3B44A3F17B
:107CE000080C5C68A44507D10DE0002AE16880F229
:107CF000DF808C4507D00C46636823F003035A1BD2
:107D00000F2AF2DD7046DFF860823C69444500F0DE
:107D1000BC80636823F0030CACEB05030F2B00F36E
:107D20004281002BC7E9048880F22D81BCF5007FD9
:107D3000D7F804E080F0C8804FEADC0101314FEA57
:107D40005C1C012303FA0CF357F83120A2604EEAC1
:107D5000030E07EBC103083BE360C7F804E047F8F4
:107D60003140D46083104FF0010C0CFA03FCF44551
:107D700032D81CEA0E0F08D120F003004FEA4C0C59
:107D80001CEA0E0F00F10400F8D007EBC00AD6463B
:107D90008146DEF80C300BE0596821F003014A1BE4
:107DA0000F2A1C46DB6800F3BB80002A80F2DE80CD
:107DB0009E45F1D109F1010919F0030F0EF1080EEA
:107DC000E7D119E10C233360002469E74FF4007315
:107DD00040204FF03F0E80E7BC68636823F0030942
:107DE000A94503D3A9EB05030F2B51DC594B1B68A5
:107DF000082003F1100804EB0903009302F03CF99A
:107E0000554A13680133A844834605D008F1FF386A
:107E10008044434203EA08084146304602F006F92E
:107E2000B0F1FF3F4C4A824600F0D880009B83426D
:107E300000F2D280494B186840440BF1FF311860C2
:107E4000844640F0FC801AEA010F40F0F880D7F831
:107E500008A0C84448F00102CAF80420404B196841
:107E6000814238BF18603F4B1968814238BF1860A3
:107E7000544622F00308A845A8EB050301D30F2BB5
:107E800006DC304600F09CF99EE7D7F804E069E78D
:107E9000621943F0010345F0010565603046BA60A0
:107EA000536000F08DF90834204603B0BDE8F08F30
:107EB000A2682344D16030468A60EAE6DC68A342C7
:107EC0007FF4DEAE02301EE7BCF5206F4FEA5C2285
:107ED0007BD3142A00F2128102F15C03DB005B32D7
:107EE000F918FB580839994203D1ECE09B68994294
:107EF00004D05A6822F003026245F7D8D968C4E971
:107F000002318C60DC602DE7142B6AD9542B00F20F
:107F1000FE802B0B03F16F0003F16E0EC300DCE655
:107F2000D4F808C03046661945F001056560CCF804
:107F30000C30C3F808C042F00103C7E90466C6E983
:107F400002887360625000F03BF90834A8E600BF75
:107F500000020020087A0020F4010020D8790020D7
:107F6000047A0020007A00200802002021443046D4
:107F70004A6842F001024A6054F8082FD3609A60C0
:107F800000F01EF98CE6A4443046DCF8043043F0DF
:107F90000103CCF8043000F013F9083480E6E80857
:107FA00005F1080364E6621943F0010145F001059B
:107FB00065603046C7E90422C2E90288516044F88E
:107FC0000C3000F0FDF808346AE64FEA9C1202F12A
:107FD0003903DB00383283E7BC4228D0BC686268D2
:107FE00047E703F15C0003F15B0EC30075E65AF846
:107FF0000839534540F0D98010F0030F00F1FF30ED
:10800000F5D17B6823EA0C037B604FEA4C0C9C455E
:108010003FF6E2AEBCF1000F04D1DDE64FEA4C0CB6
:1080200009F104091CEA030FF8D04846ADE6604B9D
:10803000186808EB000C0BF1FF31C3F800C01068A2
:1080400001306ED0009AAAEB020262441A601AF064
:108050000702CDE9002340D0C2F108029244D04487
:1080600008EA01005A44121A02EA010B5946304646
:1080700001F0DCFF421C019B6FD0A0EB0A0000EB7B
:108080000B081868C7F808A048F001025844BC4221
:10809000CAF8042018603FF4E1AEB9F10F0F43D9DC
:1080A0006168A9F10C0222F0070201F001011143FD
:1080B00061604FF0050CA1180F2AC1E901CC54D81A
:1080C000DAF80420CAE692104FF0010C0CFA02F222
:1080D0004EEA020EC7F804E011E70AEB08020A4074
:1080E000ABEB020202EA010B5946304601F09EFF5B
:1080F000431C019BC1D1DDF800B0C2E7542A17D858
:108100004FEA1C3202F16F03DB006E32E8E6B3F592
:10811000AA7F17D8EB0B03F1780003F1770EC300A9
:10812000DBE5C2F800A092E70123CAF80430A8E614
:10813000B2F5AA7F24D84FEADC3202F17803DB00E3
:108140007732CDE640F25452934224D8AB0C03F17F
:108150007D0003F17C0EC300BFE5009A083A90440D
:10816000A8EB0A084FF0000B8BE7304604F108013A
:108170000093FFF771FC009BD7F808A018689FE7F1
:1081800040F254539A420CD84FEA9C4202F17D03CC
:10819000DB007C32A4E64FF47E737F204FF07E0E2E
:1081A0009BE54FF47E737E229AE67B682DE700BF45
:1081B000D87900200148FFF7DFBB00BFC879002055
:1081C0000148FFF7DBBB00BFC879002000000000BA
:1081D0002DE9F04FD9B00C46099115460B93834613
:1081E00001F020FF036816931846F8F709FB0021F9
:1081F0001490082228A8FFF7B1FAA389190603D51D
:108200002369002B00F05E879FED7F7B0023CDE983
:108210002D33CDE917338DED107B2FAA0E932C92C1
:10822000144615931C93199306932E46B246784B29
:10823000D3F8E45001F0F0FE28AA0346009224A9E6
:1082400052465846A847002800F0B180C0F2A780E7
:10825000249A252A034601D09A44E8E7BAEB060798
:10826000054640F0A880002319464FF0FF328DF8F4
:10827000873007930AF1010A9AF8003005920491B9
:108280000AF1010AA3F120025A2A00F2C380DFE8B2
:1082900012F0F402C100C100ED02C100C100C10032
:1082A0006A00C100C1003F025102C1004A02060338
:1082B000C100FF025B005B005B005B005B005B00DA
:1082C0005B005B005B00C100C100C100C100C100D8
:1082D000C100C1003B01C100BE01D3023B013B0113
:1082E0003B01C100C100C100C100CC02C100C100FE
:1082F0008802C100C100C100E801C1005702C100ED
:10830000C100B206C100C100C100C100C100C1006E
:10831000C100C1003B01C100BE011A023B013B018B
:108320003B01A0021A027F00C100C202C100B302D9
:10833000D80622037F00C100E8017C00AE06C10020
:10834000C100DB06C1007C00A3F1300200211AF855
:10835000013B01EB810102EB4101A3F13002092A4B
:10836000F5D907918EE7584601F05CFE43681993F2
:108370001846F8F745FA1C900546584601F052FE9B
:1083800083681793002D40F0B7859AF8003077E79F
:10839000049B43F0200304939AF8003070E708220E
:1083A000002128A8FFF7DAF901239A443FE7BAEB46
:1083B0000607054610D02E9B3B442E932D9B013380
:1083C000072BC4E900672D9315DC0834069B3B445A
:1083D0000693002D7FF447AF2E9B002B41F0938135
:1083E000099B9B8903F04003002B41F09283069880
:1083F00059B0BDE8F08F09992CAA584601F086FCC7
:108400000028EDD12FACE1E70000000000000000E3
:10841000080600200C93002BDED000228DF8FC30E3
:1084200001238DF8872002930A92089305921292F5
:108430000F920D923FAE049B13F0020302D00299FB
:108440000231029104992E9D11F0840805D10799FB
:1084500002980F1A002F00F3A1806AB10122626016
:108460002D9A013201350DF18701072A2E952D92A3
:10847000216000F3DB8308346BB12D9B22AA01330A
:1084800002352260072B4FF002022E952D93626079
:1084900000F3C1830834B8F1800F00F0C482059B5B
:1084A000089A9F1A002F00F3FE82049BDA0500F160
:1084B0002482089B63601D442D9B26600133072B9B
:1084C0002E952D9300F33F830834049B5A0705D55E
:1084D000079B029A9E1A002E00F3B583DDE906324F
:1084E00002998A42ACBF9B185B180693002D40F09E
:1084F0000B8300232D930A9B1BB10A995846FFF763
:10850000ABFA2FAC564691E60C930B9B073323F046
:108510000703B3EC027B58EC177B0B9328F0004366
:108520001B938DED1A7ADDE91A01AF4B4FF0FF3244
:108530008DED107BF8F76AFC002840F00285DDE93C
:108540001A01A94B4FF0FF32F8F742FC002840F027
:10855000F8840022002338464146F8F72FFC002813
:1085600041F021809DF88720049BA04E23F08003DA
:1085700004939F4B0C994729D8BF1E460023032123
:108580000A9302910891059312930F930D93002A79
:108590003FF451AF029B013302934CE795492D9A6A
:1085A0001391102F25DD21462846099C914D1D93DE
:1085B0004FF0100904E0103F102F01F1080115DD04
:1085C00001321030072AC1E90059CDE92D20F2DD32
:1085D0002CAA2146584601F099FB002840F09C82C5
:1085E000103F102FDDE92D202FA9E9DC1D9B0C4643
:1085F00005460132139921603D44072ACDE92D2516
:10860000676000F3D4869DF88720083425E70B9A2D
:108610000C93432B02F1040503D0049BDA0640F1CE
:108620001785082200212AA8FFF798F80B9B3FAE78
:108630001A6831462AAB584603F060F90346013305
:10864000089001F06182089B23EAE3730293002201
:108650000B958DF887200A92059212920F920D9237
:10866000E9E60B9F0C9357F8046B00238DF88730D5
:10867000002E00F016850C9B532B00F0BF86049B48
:1086800013F010030D9340F0B986059B002BC1F247
:1086900045800D991A463046F8F752F80A9000289E
:1086A00001F066820A9B991B0D9B0891059321EAB4
:1086B000E17112930F930A9373239DF887200B9710
:1086C00002910C9363E70C93049B9B0640F1BD80E1
:1086D0000B9B073323F007031A46596852F8083BEF
:1086E0000B920A460029C0F2CA8305990029C0F2FC
:1086F0008382049921F0800553EA020140F07D82D3
:10870000059A002A40F07E820495089258AE60E1F6
:108710000B9B53F8042B0792002A80F2DA83079A06
:108720000B9352420792049B43F0040304939AF87C
:108730000030A5E52B238DF887309AF800309FE5AF
:108740000C93049B43F0100515F0200200F0728397
:108750000B9B073323F0070319465A6851F8083B6F
:108760000B9101210020059E8DF88700002EC0F29C
:10877000198125F08000049053EA020040F0118135
:10878000002E40F02486002940F0808315F001037C
:10879000089300F0A38330238DF85F310DF25F164C
:1087A00017E10C93049B43F010030493049B13F014
:1087B000200200F055830B9B073323F00703194673
:1087C0005A6851F8083B0B91049921F48065002107
:1087D000C8E79AF80030682B00F04E84049A42F003
:1087E000400204924CE500BFFFFFEF7FA0D90008D4
:1087F0009CD9000874DB0008049B9D0640F190831F
:108800000B9B069A1B681A60D2175A600B9B0433A5
:108810000B9356460AE59AF800306C2B00F0228440
:10882000049A42F0100204922AE5049B43F00803E4
:1088300004939AF8003023E50C93049B43F0100353
:108840000493049B9B063FF543AF04990B9ACF0614
:1088500052F8043B00F14B8304994E0640F14386E5
:108860000B9243F3C03211461BB23BE7049B43F02B
:10887000010304939AF8003002E59DF887209AF8E6
:108880000030002A7FF4FCAC20228DF88720F7E42A
:10889000049B43F0800304939AF80030F0E45046C0
:1088A00010F8013B2A2B01F0E581A3F13002092ADF
:1088B00098BF002101F2E48010F8013B01EB810137
:1088C00002EB4101A3F13002092AF5D941EAE17234
:1088D00005928246D6E40B9A049B43F0020552F8B7
:1088E000043B0B9247F63002ADF8882078209B4A73
:1088F0001592022100220C9034E70C9B652B40F36B
:108900003381DDE9100100220023F8F74DFA002839
:1089100000F0D2812D9B924A226001330135012261
:10892000072B2E952D93626000F35C850834239B02
:108930000E9A934280F2C882149B169A1D44C4E991
:1089400000232D9B2E950133072B2D9300F39E833F
:1089500008340E9B5E1E002E7FF7B7AD102E2D9BA8
:10896000DFF8009240F3E580DDF82480102704E072
:108970000834103E102E40F3DC8001331035072BF5
:10898000C4E90097CDE92D35F2DD2CAA41465846C1
:1089900001F0BCF9002840F0BF80DDE92D352FAC97
:1089A000E7E7049D012900F02881022958AE1FD174
:1089B000159803F00F011B09415C06F8011D43EAFD
:1089C0000273120953EA0201F3D158AB9B1B0495C1
:1089D0000893059908989DF8872081424FF000037D
:1089E000B8BF01460A93029112930F930D93CEE5FF
:1089F00003F00701DB0843EA4273D208303153EA3F
:108A00000207304606F8011DF2D1EF07DDD5302907
:108A1000DBD03023023806F8013C58AB1B1A049512
:108A200008930646D5E7079B029A9F1A002F7FF707
:108A300036AD102F2D9BDFF82C9122DD2A464FF00A
:108A400010084D46DDF8249004E0103F102F04F18B
:108A5000080414DD01331032072BC4E90058CDE9B6
:108A60002D32F2DD2CAA4946584601F04FF9002874
:108A700052D1103F102FDDE92D322FACEADCA94690
:108A8000154601333D44072BCDE92D35C4F8009040
:108A9000676000F3DB84059B089A9F1A002F04F19E
:108AA00008047FF702AD102F2D9BDFF8B8901FDD73
:108AB0002A464FF01008099D04E0103F102F04F1E2
:108AC000080414DD013327491032072BC4E90018CC
:108AD000CDE92D32F1DD2CAA2946584601F016F9D0
:108AE000D0B9103F102FDDE92D322FACEADC15464E
:108AF00001333D44072BCDE92D35C4F80090676064
:108B000000F38C810834D0E409992CAA584601F06E
:108B1000FDF800283FF4EDAC0A9B002B3FF460AC5D
:108B20000A995846FEF798FF099B9B8903F040037A
:108B30005AE401333544072BC4F800906660CDE950
:108B40002D357FF7C1AC09992CAA584601F0DEF803
:108B50000028E1D12E9D2FACB7E400BFACD90008AE
:108B6000DCD9000864DB00080E9B2D9F012B05F16A
:108B7000010507F1010704F1080840F30B81012307
:108B8000072FCDE92D752660636000F38381149B68
:108B9000169A01371D44072FC8E90023CDE92D752A
:108BA00000F3858108F108080E9BDDE910015C1EC9
:108BB00000220023F8F7F8F8002840F0048101377C
:108BC00001362544072FCDE92D75C8F80060C8F897
:108BD000044000F3EB8008F10808189BC8F8043043
:108BE00001371D44072F26ABCDE92D75C8F800309D
:108BF000A9DC08F1080468E4049D0A2B72F1000165
:108C000080F05E8330338DF85F3101230495089343
:108C10000DF25F16DDE609992CAA584601F076F8A8
:108C200000287FF479AF2E9D2FAC34E4099913937B
:108C30002CAA584601F06AF800287FF46DAF2E9DEB
:108C4000139B2FAC18E4B44A2D9B1392102E1FDDFA
:108C5000DDF824801027914604E0103E102E04F128
:108C6000080415DD01331035072BC4E90097CDE961
:108C70002D35F2DD2CAA4146584601F047F8002870
:108C80007FF44AAF103E102EDDE92D352FACE9DC24
:108C90000133139A3544072BC4E90026CDE92D355D
:108CA0007FF71CAC09992CAA584601F02FF8002830
:108CB0007FF432AF2E9D11E42399002940F35183B4
:108CC000DDE90D329342A8BF1346002B98460ADD1A
:108CD0001D44C4E900632D9B2E950133072B2D9372
:108CE00000F3618608340D9FB8F1000FA8BFA7EB11
:108CF0000807002F00F3F5810D9B33440593049B77
:108D00005F0500F11582239B0E9A9342C0F2A08268
:108D1000049AD00700F19C820E9AB718D61A059BC8
:108D2000FF1AB742A8BF3746002F0ADD23602D9BEC
:108D3000676001333D44072B2E952D9300F3658624
:108D40000834002FA8BFF61B002E7FF7BEAB102EF5
:108D50002D9BDFF8C8917FF7ECAEDDF8248010275B
:108D600004E00834103E102E7FF7E3AE01331035D7
:108D7000072BC4E90097CDE92D35F2DD2CAA414639
:108D8000584600F0C3FF00287FF4C6AEDDE92D355C
:108D90002FACE7E7049BD9073FF5F1AE0123072F7E
:108DA000CDE92D75266063607FF717AF09992CAA6E
:108DB000584600F0ABFF00287FF4AEAEDDE92D751C
:108DC0000DF1BC0809E70E9B012B7FF706AF112BB5
:108DD000DFF8489140F35C83CDF814A01026CA4612
:108DE000DDF8249005E008F10808103C102C40F351
:108DF0004C8301371035072FC8E900A6CDE92D7542
:108E0000F1DD2CAA4946584600F080FF00287FF487
:108E100083AEDDE92D750DF1BC08E6E709992CAAB2
:108E2000584600F073FF00287FF476AE2E9D2FACDD
:108E3000FFF73BBB0B9915F0100051F8043B0CD128
:108E400015F0400604D00B919BB20246012189E443
:108E500015F400721CBFDBB232460B91012181E494
:108E600004980B9910F0100051F8043B3DD1049A7E
:108E700012F0400534D09BB202460B91A4E45B4251
:108E8000049D62EB42022D2001216CE4059B0893B6
:108E900058AE9EE509992CAA584600F037FF0028E5
:108EA0007FF43AAEDDE92D750DF1BC086FE6099946
:108EB0002CAA584600F02AFF00287FF42DAEDDE9E9
:108EC0002D750DF1BC086FE6049BDB077FF5FDAA4D
:108ED00032E50B939AF80030FFF7D2B958AE78E537
:108EE000049A12F4007240F009840B916CE40B9226
:108EF000DA171146FFF7F6BB179A9AF80030002AE6
:108F00003FF4BEA91278002A3FF4BAA9049A42F4A9
:108F100080620492FFF7B4B974DB000864DB0008D8
:108F2000049BD80600F1AB82049B590600F1E08354
:108F3000049B9A0540F1A3820B9B069A1B681A704A
:108F400064E4DDE9100102460B46F7F75FFF0028F5
:108F500040F01E860C9B612B00F03185412B00F008
:108F60004E85059B013300F002840C9B23F0200307
:108F7000472B00F0E1850A90DDE91001049A0029F1
:108F800042F48079C0F2F9849DED107B8DED1E7B5B
:108F9000002313930C9B413B252B00F22583DFE834
:108FA00013F02904230323032303EA03B504230353
:108FB0002303230323032303230323032303230381
:108FC0002303230323032303230323032303230371
:108FD0002303230323032303230323032303230361
:108FE00023032904230323032303EA03B504049D75
:108FF0000C93FFF7A9BB0C93AD4B1593049B13F097
:10900000200200F033810B9B073323F0070319463E
:109010005A6851F8083B0B910498C1070BD553EAE5
:10902000020108D00C998DF8891040F002010491DA
:1090300030218DF88810049921F480650221FFF712
:1090400091BB0C93FFF7B2BB0C939A4B1593D5E7EA
:109050000B9B1B688DF8FC300123029308933FAEF5
:10906000FFF7F5BA049B43F0200304930AF1010AC9
:109070009AF80030FFF704B9049B43F4007304939B
:109080000AF1010A9AF80030FFF7FAB809992CAAF8
:10909000584600F03BFE00287FF43EAD2E9D2FACDD
:1090A00057E4059B0A96062B314628BF06230596F2
:1090B00032460293804E0B97089312910F910D91B7
:1090C000FFF765BA40215846FEF7C2FD099B1860BC
:1090D0001861002800F00386099A40235361FFF7C6
:1090E00093B8102F2D9BDFF8D49140F30B824946A3
:1090F0002A46B146099D4FF010080E4604E0083498
:10910000103F102F40F3FA8101331032072BC4E9CE
:109110000068CDE92D32F2DD2CAA2946584600F030
:10912000F5FD00287FF4F8ACDDE92D322FACE7E740
:109130000E9BCDF830A006EB03090F9BDDF85CA079
:10914000DDF848800D96002B22462946059C099D96
:10915000CDF81490DDF8709031DDB8F1000F40F3D8
:109160003B8108F1FF382D98199B013049440728AD
:10917000C2E900392E912D9000F387800832059BBB
:109180009AF800001F1B8742A8BF0746002F0CDD7E
:109190002D98013039440728C2E900472E912D90BF
:1091A00000F360819AF800000832002FACBFC61BA4
:1091B0000646002E16DC04440F9B002BCDDCB8F1D4
:1091C000000FCEDCDDE90D632046F318984214460B
:1091D000024628BF1A46CDF85CA00D46DDF830A047
:1091E000059290E5102E2D98344B23DD089410271E
:1091F00034461E4604E0103C102C02F1080216DD35
:1092000001302E4B10310728C2E90037CDE92D017E
:10921000F1DD2CAA2946584600F078FD00287FF49D
:109220007BAC103C102CDDE92D012FAAE8DC334685
:109230002646089C1360013031440728CDE92D01F2
:10924000566000F3A2839AF8000008320444B3E7A2
:10925000149A16991544C4E900122D9A2E950132DC
:10926000072A2D9200F3BE83083455E504980B9924
:1092700010F0100051F8043B17D1049A12F0400589
:109280000ED09BB202460B91C6E62CAA2946584640
:1092900000F03CFD00287FF43FAC2E992FAA6EE72A
:1092A000049A12F4007240F01F820B91B4E600BFE2
:1092B000C0D90008ACD90008D4D9000864DB000884
:1092C00000210894DFF81C93179CCDF810A005F43A
:1092D000806758AE4FF0050802958C4605E00A2BD2
:1092E00072F1000234D353462A46991841F1000125
:1092F000A9FB010525F0030000EB9500091A581A97
:109300004FF0CC3562F1000E05FB00F5A0FB09A083
:1093100009FB0E550AF0010E0544AEFB080E40187D
:109320004FEA5A0A303006F8010C4AEAC57A0CF1C5
:10933000010C013E6D08002FD1D021788C45CED193
:10934000BCF1FF0FCBD00A2B72F1000280F0E78056
:109350001794DDF810A0029D089CCDF838C0FFF7E7
:1093600034BB2D9B9E4A2260013301350122072B1D
:109370002E952D93626000F31B810834002940F084
:109380009380049B0E9A03F0010313433FF49DA8BE
:10939000149B169A1D44C4E900232D9B2E9501337E
:1093A000072B2D9300F3D68104F108028DE0099973
:1093B00013932CAA584600F0A9FC00287FF4ACAB0C
:1093C0009DF887202E9D139B2FACFFF746B80129EF
:1093D000049D7FF4EAAA15E40F9B013B0AF1FF3AD2
:1093E0000F93C0E609992CAA584600F08FFC00287C
:1093F0007FF492AB2E9D2FACFFF799BA0DF1A80820
:109400000822002140462596FEF7A8F9059B002B6F
:10941000C0F292800025029799462F460EE03FA9A0
:10942000584602F06BFA431C384400F08F834845DD
:1094300009DC05F1040500F0BD830746259A525961
:109440004346002AEBD10897029F83E009992CAA92
:10945000584600F05BFC00287FF45EAB2E9D2FACDD
:10946000FFF71DB82CAA2946584600F04FFC0028EB
:109470007FF452AB9AF800002E992FAA95E60B9B29
:10948000069A1B681A60FFF7C1B9D146DDF814A02F
:10949000C8F8009001372544072FCDE92D75C8F88D
:1094A00004407FF798AB81E4149B169A1D44C4E9ED
:1094B00000232D9B2E950133072B2D9300F34A811A
:1094C00004F108020029C0F2E0820E99166001330F
:1094D0000D44072BCDE92D3551603FF734AB02F138
:1094E0000804FEF7F2BF04990B928D054ABF43F3BF
:1094F000C012DA175BB21146FFF7F4B815463246D0
:109500004E46914601333D44072BCDE92D35C4F835
:109510000090676000F312810834FFF7EDBB1C9BDD
:109520001999F61A1A46304600F042FD637803B1E5
:1095300001344FF0000CD6E600231946CDF8008028
:1095400025AA584602F000FA03460133089000F0BD
:10955000FD822596089B002B36D0632B00F3E48018
:1095600000230A933FAE082200214046FEF7F6F89A
:10957000089DCDF800802B4625AA3146584602F0BA
:10958000E3F9854240F0A58308990B9700237354B3
:1095900021EAE1719DF887200593029112930F93C0
:1095A0000D93FEF7F4BF2D228DF88720FEF7DCBF68
:1095B00009992CAA584600F0A9FB00287FF4ACAA10
:1095C00023992E9D2FACD9E6089B9DF887200B97F9
:1095D0000293059312930F930D930A93FEF7D7BF4F
:1095E000DCD90008CDCCCCCC2AAB019325AB0093C1
:1095F000022123AB9DED1E0B059A584600F054FE48
:10960000049BD907064600F1FC812A9B1B1A0E9386
:10961000239B0D930D9BDA1C03DB059A9A4280F283
:109620008B810C9B023B0C930D9B013B9DF83020E2
:1096300023930021002BB8BF0D9B8DF89820BABF53
:10964000C3F101032D222B22092B8DF8992040F321
:1096500065820DF1AF05B34F2A461046A7FB0312F2
:10966000D20802EB8201A3EB4101303100F8011C6A
:1096700019466329134600F1FF32EEDC303302F85D
:10968000013C831EAB4280F021830DF1990213F857
:10969000011B02F8011FAB42F9D158AB181AA0F117
:1096A000AD0318930E9B189A012B1A44089240F3AD
:1096B0005882089B149A13440893049B089A23F435
:1096C000806343F48073049322EAE27200231293CE
:1096D00002920F930D93139B002B40F01B819DF87A
:1096E00087200593FEF753BFDBB22A460B9193E424
:1096F0000B9B069A1B681A80FFF788B8DBB22A46D4
:109700000B91FFF761B8099C2CAA2146584600F03E
:10971000FDFAA38903F04003FEF766BE3046F7F773
:109720006FF80146FEF7C0BF591C5846FEF790FA85
:109730000646002800F0DB820A9014E709992CAA5B
:10974000584600F0E3FA00287FF4E6A92E9D2FACDE
:10975000FFF7D2BA09992CAA584600F0D7FA002888
:109760007FF4DAA9DDE92D3523992FAAAAE606238D
:109770000A90059300E4059B022103F101082AAB3E
:10978000019325AB00939DED1E0B23AB424658463B
:1097900000F08AFD0C9B23F02007462F064600EBC5
:1097A000080518BF452705D13378302B00F03C81E0
:1097B000239B1D44DDE91E0100220023F7F7F4FA84
:1097C000002840F059812A9BAB4206D230215A1C16
:1097D0002A9219702A9B9D42F9D8239A0D929B1BBD
:1097E000472F0E933FF416AF462F00F02B810D9BB1
:1097F000013B1BE723A89DED1E0B00F04BFC002254
:109800004FF07F5351EC100BF7F766F802460B460A
:10981000CDE9022300220023F7F7C6FA08B101239D
:109820002393059B404A0C98CDF820A0591E3F4B2E
:109830000D96612808BF1A463746A0460592DDE915
:1098400002458A46164609E0002200230AF1FF3944
:10985000F7F7AAFA002840F0BB81CA46344B002231
:1098600020462946F7F738F80D460446F7F7E4FA9C
:109870008146F6F7F7FD02460B4620462946F6F7E5
:10988000A3FC16F80930BAF1FF3F3A46044607F840
:10989000013B0D46D8D1CDE90245264BDDF820A08D
:1098A0000D9E4446904600224D46F7F7A5FA002843
:1098B00000F0FF81059BCDF8A880D97B17F8012C1B
:1098C00091423B4609D1302003F8010C2A9B5A1ED5
:1098D0002A9213F8012C9142F6D0392A0BBF059A2F
:1098E0000132927AD2B203F8012C3B469B1B0C9AB0
:1098F0000E93239B0D93612A03F1FF33239300F012
:10990000B381412150220C91012193E6DDF81480AE
:10991000032134E72D2200238DF887200593FEF7DD
:1099200039BE00BFCDCCCCCCC0D90008ACD9000822
:10993000000030400000E03FDDE90D23934200F3DA
:10994000C480049B13F0010F0D9B00F00F81149A4B
:1099500013440893049B5F0503D50D9B002B00F374
:109960004781089B23EAE373029367230C93002348
:10997000CDF8109012930F93ADE601F100431F93C1
:109980002D231E901393FFF705BB2CAA294658469A
:1099900000F0BCF900287FF4BFA89AF800002E99C7
:1099A0002FAA044408E409992CAA584600F0AEF9FD
:1099B00000287FF4B1A82E9D2FACFFF794B978232F
:1099C0008DF88930049B43F00203049330238DF813
:1099D0008830059B632B00F38E8000230A933FAEF3
:1099E000FFF7CABA09992CAA584600F08FF9002847
:1099F0007FF492A8239B2E9D2FACFFF78DB958239F
:109A0000DEE7059B4727C518D4E609992CAA5846D6
:109A100000F07CF900287FF47FA8239E0E9B2E9DEA
:109A20009E1B2FACFFF78DB9DDE91E01002200233C
:109A3000F7F7BAF9002800F01981239B0D931D4414
:109A4000AB1B0E93049B0D99059A03F001030029AB
:109A500043EA020340F31A81002B40F0F2800D9B91
:109A6000089366230C93049B5B0500F1C380089B5D
:109A700023EAE37302937AE7239A0D922B46AEE62C
:109A8000002282460592FEF7FDBB4F421031DFF8FF
:109A90007892B8BF102404DB21E00832103F102F69
:109AA0001DDD01331035072BC2E90094CDE92D35BA
:109AB000F3DD09992CAA584600F028F900287FF414
:109AC0002BA8DDE92D352FAAE8E70E9B149A9A18EA
:109AD0000D9B0892002B71DD67230C93C3E70133C4
:109AE0003D44072BCDE92D35C2F80090576000F3B7
:109AF000AF800832E9E4591C5846FEF7A9F806463B
:109B000010B10A90FFF738BA099A938943F04003DD
:109B100093814FF0FF330693FEF769BC002934D1DF
:109B200030228DF89A200DF19B02303302F8013B70
:109B300026ABD31A1893B5E5059B002B7FF41BAA1F
:109B4000059B0A9301230593FFF716BA099BB3F906
:109B50000C3000220A9243F04003099A9381FEF7E9
:109B6000DBBF049BDB077FF5A8ADA2E50893F1E618
:109B7000059B0293089373239DF887200B9705900C
:109B800012900F900C93FEF702BD0DF19A02CCE7F4
:109B9000119B5A4E002B049BA8BF9DF8872023F0F1
:109BA0008003B8BF2D220493B8BF8DF88720544B93
:109BB000FEF7E0BC059B029F0893CBE4C3F10103D1
:109BC0001A4422EAE2730293672308920C93CEE6CA
:109BD00051460029DDF820A00D9E4446FFF685AED3
:109BE0004B1C3B44302207F8012B9F42FBD17DE602
:109BF00067230C9317990B78FF2B74D000250D9ACF
:109C0000284603E001300131FF2B08D0934206DAE9
:109C1000D21A4B78002BF5D10B780135F4E7179168
:109C20000D920F901295129A0F9B1C99CDF81090DF
:109C30001344089A01FB0323089323EAE373029376
:109C400049E5149B1A445318089366230C930AE7BA
:109C500009992CAA584600F059F800287EF45CAF08
:109C6000DDE92D352FAA30E470224DE6C8F101035D
:109C700023939EE50B9A9AF8013052F8041B0B923D
:109C800041EAE17182460591FEF7FABA2BB9012348
:109C9000662202930C92089369E6149B03F1010873
:109CA000059B4344089323EAE373029366230C93D2
:109CB0005DE6DDE90201134B0022F7F775F8002895
:109CC0003FF413AEE8077FF510AEF3E502231893D7
:109CD000E8E4099BB3F90C3043F040033DE70C2363
:109CE000CBF8003015E7002312930F939BE7099BF5
:109CF0000A90B3F90C3043F040032EE7A8D90008CE
:109D0000A4D900080000E03F64DB00082DE9F84317
:109D1000154692682C68FAB180468946083401E0FD
:109D20000834CFB16B68591E002B1746696013DDEC
:109D300054F8046C002EF3D0334654F8082C4946EE
:109D4000404601F00DFE431C07D0AA68921B17463F
:109D5000AA600834002FE5D100200023C5E90133B3
:109D6000BDE8F88370B500293FD006460C4610B117
:109D7000436B002B3CD0636EB4F90C20DD0732D46A
:109D8000900538D52146304600F04CF8E36A054688
:109D900033B1E169304698470028B8BF4FF0FF352E
:109DA000A3891A0639D4216B41B104F140039942C9
:109DB00002D03046FDF750FE00232363616C21B1D1
:109DC0003046FDF749FE00236364FDF735FC636E02
:109DD0000022DB07A2811CD5A06DFDF7CBFDFDF7AE
:109DE00031FC284670BD002ACCD10025284670BD24
:109DF000FDF704FCBFE7A06DFDF7BEFDB4F90C3024
:109E0000002BBFD1636ED907EFD4A06DFDF7B6FD6F
:109E1000EBE7A06DFDF7B2FDDEE721693046FDF707
:109E20001BFEC0E7B1F90C202DE9F04116070C46E6
:109E300080464ED4496842F400630029A38163DD63
:109E4000A56A002D42D0002112F48052D8F800609B
:109E5000C8F80010E16964D101234046A847451CB9
:109E600002466ED0B4F90C30A56AE169580705D5F1
:109E70006368D21A236B0BB1E36BD21A00234046FE
:109E8000A847431C4FD1D8F80010B4F90C301D2955
:109E900040D8314ACA40D7073CD52269226023F412
:109EA0000062A281DD044FF00002626001D500294A
:109EB00045D0216BC8F8006041B104F140039942DC
:109EC00002D04046FDF7C8FD002323630020BDE813
:109ED000F0810E69002EF9D00D680E6092070CBF5C
:109EE0004B690023AD1B8B600BE02B463246E169CA
:109EF000676A4046B847B0F1000CA5EB0C05664414
:109F000006DD002DF1DCE1E7E16B002998DCDDE7FF
:109F1000B4F90C3043F04003A3814FF0FF30BDE8AB
:109F2000F081226DA2E7B4F90C302269226023F49B
:109F30000062A281DB044FF000026260B9D52065A7
:109F4000B7E7D8F80030002B8CD01D2B01D0162B92
:109F5000DED1C8F80060B9E70100402038B50C46F2
:109F6000054608B1436B03B3B4F90C0088B1636EC6
:109F7000DB0701D481050FD528462146FFF752FFA4
:109F8000636EDA07054602D4A3899B0508D52846E7
:109F900038BD0546284638BDA06DFDF7EDFCEBE762
:109FA000A06DFDF7EBFC284638BDFDF727FBDBE78E
:109FB00040EA01039B0710B501D1032A17D8844654
:109FC00001F1FF3E07E01EF8011F03F8011B541EBC
:109FD00029B19C4622466346002AF4D110BD944420
:109FE000002CFBD003F8011B6345FBD110BD8E464E
:109FF0008446DEF80040A4F1013323EA040313F0A1
:10A00000803F71460EF1040EDAD1043A032A4CF86F
:10A01000044BEED87146D3E7014B93F82801704703
:10A020000806002000487047F806002038B5074DA4
:10A030000022044608462A60F7F75CFC431C00D067
:10A0400038BD2B68002BFBD0236038BDC4790020BD
:10A0500038B5074D074C2C1BA41005D0013C55F812
:10A06000043D9847002CF9D1BDE8384003F0A2BB6D
:10A07000B8DD0008B4DD0008082802D14FF4805094
:10A08000704708B5FDF746FC162303604FF0FF301C
:10A0900008BD00BF70B555EC104B0646134825F0BF
:10A0A00000430021834231601DD8204618431AD056
:10A0B0000F4828402A4658B90E4B00222046294610
:10A0C000F6F70AFC0A4621F0004304466FF035011A
:10A0D0001B156FF31E52A3F2FE3342F07F550B4463
:10A0E00045F40015336045EC104B70BDFFFFEF7F6A
:10A0F0000000F07F000050432DE9F8431B4D064659
:10A10000286898460F469146FDF736FC184B1C68A8
:10A110001CB3286865681F2D22DC4EB96B1C023504
:10A12000636044F82570FDF729FC0020BDE8F88342
:10A1300004EB85010123C1F88890D4F88821AB4055
:10A140001A43022EC4F88821C1F80881E6D1D4F858
:10A150008C211A43C4F88C21E0E7064C1C60D8E738
:10A16000FDF70CFC4FF0FF30E0E700BFF0010020EE
:10A17000D47900200C7A00202DE9F04F03690C6996
:10A18000A34283B0C0F28A80013C01F1140500F1C2
:10A19000140855F8243058F8242001339A428E468A
:10A1A00081464FEA840105EB840708EB840AB2FB81
:10A1B000F3F63AD3CDE900150022AC4640461346EB
:10A1C0005CF8041B05681FFA81FB06FB0B22090CD7
:10A1D0004FEA124B06FB01BB92B2A9B2891A19448D
:10A1E0001FFA8BF3C3EB214303EB154389B241EA1A
:10A1F0000341674540F8041B4FEA1B424FEA2343E3
:10A20000DED2DDE9001558F8013073B9AAF1040A6D
:10A21000D04504D307E0D04504F1FF3403D25AF807
:10A220000439002BF7D0C9F810407146484601F0B8
:10A2300019FA00282EDB4146002255F8040BD1F80C
:10A2400000C01FFA80FE1FFA8CF3A3EB0E03134429
:10A25000020CC2EB234202EB1C429BB243EA0243D4
:10A26000AF4241F8043B4FEA2242E6D258F824209C
:10A2700008EB84036AB9043B434504D807E09845DA
:10A2800004F1FF3403D253F80429002AF7D0C9F8A7
:10A2900010400136304603B0BDE8F08F002003B017
:10A2A000BDE8F08F000000002DE9F04F9DB0CDE932
:10A2B0000A320291816B269D04908DED060B57ECBE
:10A2C000106B49B1C26B4A600123934004468B6016
:10A2D00000F066FF0023A363B7F10009B4BF0123B8
:10A2E00000232B60764BBCBF29F00049CDF81C90B1
:10A2F00033EA090300F0AA809DED067B002251ECB1
:10A30000170B00238DED007BF6F74EFD804668B1FC
:10A310000A9A01231360279B13B1279A694B136094
:10A32000694B059305981DB0BDE8F08F9DED000BBE
:10A3300004981AAA1BA901F073FA5FEA195582461C
:10A3400040F09A80DDE91A85454405F23243202B1E
:10A3500040F38A83C3F1400309FA03F905F212437B
:10A3600026FA03F349EA0300F6F76CF80123013DEE
:10A37000A1F1F8711293554B0022F5F725FF4AA37E
:10A38000D3E90023F6F7A8FA49A3D3E90023F5F7A8
:10A390001DFF064628460F46F6F764F846A3D3E9A4
:10A3A0000023F6F799FA02460B4630463946F5F790
:10A3B0000DFF06460F46F6F73FFD002204460990C2
:10A3C000002330463946F6F7F9FC002840F0228396
:10A3D000099CA8EB050808F1FF33162C089300F23E
:10A3E0008A813B4B03EBC403D3E90023DDE9000181
:10A3F000F6F7E4FC002871D0631E09930023119343
:10A40000089B002BC0F27D8100230C93099B002B3D
:10A410006ADA099B0C9A0D93D21A0C925A420023C5
:10A420000993029B1092092B68D8052B40F32183D6
:10A43000043B02930025029B023B032B00F236866D
:10A44000DFE813F06E046B04630447040A9AC9F34F
:10A45000130942F20F7359EA060913601CD1279BB6
:10A46000002B00F043861B4B05930833279A059871
:10A4700013601DB0BDE8F08FDDE90012C2F31303D5
:10A48000084643F07F51CDF84880A5F2FF35DDF84E
:10A49000688041F440116EE7279B002B40F0F48365
:10A4A0000D4B05933EE700BF61436F63A787D23F23
:10A4B000B3C8608B288AC63FFB799F501344D33FB3
:10A4C0000000F07FDDD90008DCD900080000F83F6B
:10A4D000B8DB000828DA000834DA0008B8F1000F09
:10A4E00040F3A38411900C90DDE9083213440893E3
:10A4F00000231093029B0D92092B96D9002301256E
:10A5000002930E954FF0FF3B0B93049BCDF84CB09C
:10A510000021D963049800F01DFE0590002800F08A
:10A52000CE85DDE90432BBF10E0F9A6300F218818B
:10A53000002D00F015810D99002940F34684B34B9E
:10A5400001F00F0203EBC203C805D3E900894FEA0B
:10A55000211540F10884AE4BDDE90001D3E9082361
:10A56000F6F7E4FACDE9140105F00F0503277DB1F4
:10A57000A74EE90708D540464946D6E90023F6F735
:10A58000ABF90137804689466D1006F10806F0D117
:10A5900042464B46DDE91401F6F7C8FA8046894683
:10A5A000119B43B19B4B002240464946F6F706FCFF
:10A5B000002840F00B853846F5F754FF42464B46DD
:10A5C000F6F78AF9944B0022F5F700FEA1F15073DB
:10A5D000CDE914011593BBF1000F00F0A8800D9B8D
:10A5E000CDE918B349464046F6F726FC189A874B42
:10A5F00003EBC20313ED027B05468DED167BF5F7E9
:10A6000031FF0B46024649464046F5F7DDFD059F02
:10A610000E9B30357E1CECB2804689463546002BB9
:10A6200000F06C84DDE916237C490020F6F77EFA01
:10A63000DDE91423F5F7C8FD3C7042464B4604465D
:10A640000D46F6F7D9FB002840F0B884CDF850A0AD
:10A65000CDF858B00027AB46A246189D2AE0013736
:10A66000AF4280F2FD846E4B504659460022F6F709
:10A6700033F96B4B002282468B4640464946F6F73B
:10A680002BF989468046F6F7D7FB0446F5F7EAFE34
:10A6900002460B4640464946F5F796FD303406F82B
:10A6A000014B52465B4680468946F6F787FB0028F9
:10A6B00040F0D38442464B4656490020F5F784FDCE
:10A6C00052465B46F6F77AFB0028C8D0199BDDF8A6
:10A6D00050A0059A374603F1010802E0974200F0C6
:10A6E0009B843E4617F8013D392BF7D00133DBB28E
:10A6F0003B7045467DE101231193089B002BBFF67B
:10A7000083AEC8F101030C93002308937EE638461C
:10A71000F5F7A8FE42464B46F6F7DEF83E4B002220
:10A72000F5F754FDA1F15073CDE9140115933D4B9C
:10A73000002240464946F5F747FDDDE9144522462B
:10A740002B4606460F46F6F757FB002840F0738469
:10A7500030463946224605F10043F6F72FFB28BB69
:10A760001B9B002BC0F290800D9A0E2A00F38C8068
:10A77000264B0D9A03EBC20393ED007B0B9B002B42
:10A780008DED027B19DABBF1000F16DC0ED1254BE3
:10A790000022DDE90201F6F79FF802460B46DDE9EB
:10A7A0000001F6F715FB002800F045840023059E04
:10A7B00000931F460B9BDD432DE2059B5D1CDDE9ED
:10A7C0000278DDE900013A464346F6F7AFF9F6F7BD
:10A7D00033FB0646F5F746FE3A464346F6F77CF865
:10A7E00002460B46DDE90001F5F7EEFC059A06F19D
:10A7F0003003BBF1010F2F46137000F021830125B8
:10A80000CDF800A0A846DDE9029A2BE0B8DB0008ED
:10A8100090DB00080000F03F00001C400000E03F1B
:10A8200000002440000014404A4653462046294672
:10A83000F6F77CF9F6F700FB0646F5F713FE4A46F5
:10A840005346F6F749F808F101080B460246294637
:10A850002046F5F7B9FC06F13003D84507F8013B6F
:10A8600000F0EC82844B0022F6F736F80022002339
:10A8700004460D46F6F798FA0028D5D00D9DDDF870
:10A8800000A001353E46B4E00E9A002A40F0D88080
:10A890000023109E0C9D0E931F4665B1089A002A56
:10A8A00009DD0C99AA421346A8BF2B46C91AED1A16
:10A8B000D31A0C910893109B53B10E9B13B1002E29
:10A8C00040F0F7825146109A049800F0F9FD824654
:10A8D0000498012100F010FD099B0090002B40F02E
:10A8E000BE81029B012B40F3D4810120089A1044C1
:10A8F00010F01F0000F09B80C0F12003042B40F3F8
:10A90000E3810C9BC0F11C00034402440C930544FA
:10A9100008920C9B002B05DD514604981A4600F066
:10A9200029FE8246089B002B05DD009904981A46F3
:10A9300000F020FE0090119B002B40F07581BBF1D0
:10A94000000F40F34C810E9B002B40F0A4800D9D26
:10A950000135DDF81480009CDDF81090012607E039
:10A96000514600230A22484600F024FC0136824664
:10A9700021465046FFF700FCB34500F1300008F8CF
:10A98000010BEDDCBBF1000F059BCCBF5E46012641
:10A99000814603EB060B002451460122049800F087
:10A9A000E9FD0099824600F05DFE002840F3EE814B
:10A9B000059A02E0934500F003825E460BF1FF3BEF
:10A9C00016F8013C392BF5D001338BF80030DDF857
:10A9D00010800099404600F0E3FB57B12CB1BC4217
:10A9E00003D02146404600F0DBFB0498394600F0D6
:10A9F000D7FB0498514600F0D3FB002333700A9B29
:10AA00001D60279B002B3FF48DAC05981E601DB088
:10AA1000BDE8F08F2046F5F725FD32463B46F6F7B8
:10AA2000C3F900287FF4D4AC631E0993D0E41C233F
:10AA30000C9A1A440C92089A1A441D44089268E72A
:10AA4000029A012A40F3AD81109B0BF1FF36B3420D
:10AA5000C0F26981BBF1000FA3EB060680F2EF8222
:10AA60000C9BA3EB0B056CE1C3F1200306FA03F08A
:10AA70007AE40125DFE400BF0000244039460023CA
:10AA800004980A2200F096FB139B002B074640F324
:10AA9000FF820D969B46002D05DD394604982A4617
:10AAA00000F068FD0746099B002B40F0E681B846A0
:10AAB000059E731E03EB0B04069B03F00103CDE917
:10AAC0000B43049C00995046FFF756FB39468346DA
:10AAD000504600F0C7FD009905464246204600F06A
:10AAE000E3FDC3680BF130090146ABBB099050464A
:10AAF00000F0B8FD09990890204600F051FB089A33
:10AB0000002A54D1029B1BB90C9B002B00F0AE8293
:10AB1000002D3FDB0B9BB3469E420BF8019B00F0E0
:10AB2000C381514600230A22204600F043FB4745DB
:10AB3000824639464FF000034FF00A02204630D0DB
:10AB400000F038FB4146074600230A22204600F069
:10AB500031FB5E468046B5E7049800F021FB002DEE
:10AB600006DB069B03F00102029B1D432A4329D109
:10AB700051460122049800F0FDFC0099824600F045
:10AB800071FD002840F3F680B9F1390F00F04982D9
:10AB90000BF131090D9D06F8019B3C4601354746F6
:10ABA00015E700F007FB5E46074680468AE7002D62
:10ABB000C0F29382029B1D430C9B1D4300F08D82CB
:10ABC000002AA7DDB9F1390F00F02B820D9D09F1A4
:10ABD00001033C4606F8013B01354746F7E6029B78
:10ABE000022B7FF7B0AEBBF1000F40F0258100993A
:10ABF00004985B46052200F0DDFA014600905046BD
:10AC000000F030FD002840F31781059E0D9D312393
:10AC100006F8013B01350099049800F0C1FA0135AE
:10AC2000002F7FF4E2AEE4E60099504600F01AFDF2
:10AC30000028BFF684AE5146002304980D9C0A22DA
:10AC400000F0B8FA0E9B661E8246002B7FF416AF0A
:10AC5000139B002B40F311820D9D9B4679E6014624
:10AC60001A46049800F02CFC029B0090012B6EDD2C
:10AC700000230993009A136902EB8303186900F01B
:10AC8000E9FAC0F1200031E6984B05930333FFF752
:10AC9000EDBB069B002B7FF428AEDDE90612C2F364
:10ACA0001303002B7FF421AE914B134033B10C9B67
:10ACB00001330C93089B013308930123099A0993EC
:10ACC000002A3FF412AED5E73FF423AEC0F13C03B7
:10ACD000AEE601230E930B9B0D9A134403F1010B77
:10ACE0005E46012E1393B8BF0126172E40F3F9815B
:10ACF000012204235B0003F11400B042114602F16B
:10AD00000102F7D9049BD96304E401230E930B9E3F
:10AD1000002E36DD1396B346E7E700230E93DAE7FD
:10AD200000230E93F3E7109B099A1096F31A1A4426
:10AD3000089B09925B4408930C9B1D465B440C9353
:10AD400000260498012100F0D7FA0746A5E5069BE6
:10AD5000002B8DD1DDE90601C1F313030A46002B58
:10AD6000A2D0099086E79DED007B02278DED147B34
:10AD7000FFF7FDBB7FF40EAF19F0010F7FF404AFB6
:10AD800008E701230B939B46FFF7BFBB03D119F0E4
:10AD9000010F7FF40DAE5E461BF8013D302BFAD05B
:10ADA00015E6129A002A00F09C8003F23343089AB9
:10ADB000109E1A4408920C9A15461A440C92C0E749
:10ADC000059A31230135137001E600F0FA800D9ADF
:10ADD000484B554205F00F0203EBC203D3E90023B1
:10ADE000DDE90001F5F778FD2D11CDE9140100F042
:10ADF0005881414E0023022780468946EA0709D53B
:10AE0000D6E9002340464946F5F766FD01378046FE
:10AE1000894601236D1006F10806EFD1002B7FF45F
:10AE2000BFABDDE91489FFF7BBBBC8F10103089094
:10AE30000C931190FFF758BB059EBBE4DDF800A012
:10AE400002460B46F5F7C2F90D9DCDE9000101352B
:10AE500002460B46DDE90201A846F5F7AFFF40B90F
:10AE6000DDE90023DDE90201F5F79EFF18B1F307E4
:10AE700001D5059A35E43E46BBE57968049800F0B3
:10AE800069F90546002800F021813B6902339A00E8
:10AE900007F10C010C30F5F7B9FB049829460122A3
:10AEA00000F068FB804603E60D9D3C4601354746B1
:10AEB00072E5049C39463246204600F001FB5246BA
:10AEC00001460746204600F045FA51468046204696
:10AED00000F066F9109B9B1BC24610933FF4F8AC40
:10AEE000F0E41A9BC3F1360361E700BF34DA0008CF
:10AEF0000000F07FB8DB000890DB0008DDE91623D6
:10AF0000DDE91401F5F7E8FC059B1C70189B012B8B
:10AF1000CDE90E0100F0C380189F059B12961F44D7
:10AF20007A4B002240464946F5F7D6FC0D460446CA
:10AF3000F5F782FF8146F5F795FA09F130090246E7
:10AF40000B4620462946F5F73FF906F8019BBE421D
:10AF500080468946E4D1129D6D4B0022DDE90E0149
:10AF6000F5F734F902460B4640464946F5F744FFEB
:10AF700000286CD1DDE90E2365490020F5F724F99E
:10AF800002460B4640464946F5F718FF80B91B9B21
:10AF9000002BFFF67DAC0D9B0E2B3FF779AC5D4B84
:10AFA0000D9A03EBC20393ED007B8DED027B06E46B
:10AFB0003E46013F16F8013C302BF9D0199D013572
:10AFC00017E5DDE900890227FFF7EABABBF1000FB8
:10AFD0003FF49DAB139C002C7FF7C2AB0D9B013B54
:10AFE0000022404649461993484BF5F775FC8046C8
:10AFF0008946781CF5F736FA42464B46F5F76CFC65
:10B00000454B0022F5F7E2F8A1F15073CDE91401A8
:10B0100018941593FFF7E6BA08F101083123FFF7FA
:10B0200067BB0D9D059AB34639233C460BF8013B9F
:10B0300001354746C1E4002300931F46E5E5089B20
:10B040005B4408930C9B1D465B440C9379E6199B6B
:10B05000059A03F10108FFF744BBDDF850A0ADE706
:10B06000DDF850A0DDF858B0FFF77ABBB9F1390F21
:10B07000D7D0002D3FF78CAD8CE5029B022B03DC73
:10B080000D9DDDF84CB064E4DDF84CB00D96AAE5FA
:10B09000029B022BF8DCDDF84CB00D96FBE4374642
:10B0A0005AE7DDE914890227FFF77ABA049B0025E5
:10B0B000DD632946184600F04DF80590D0B9174BCE
:10B0C0001748002240F2AF1100F02AFD134B14483C
:10B0D0002A4640F2EF2100F023FD002A3FF748AD59
:10B0E00058E5049B0021D963FFF714BA0D4B059373
:10B0F000FFF718B9DDE904329A634FF0FF330122FC
:10B100000B9513930E929B46FFF72ABB0000244039
:10B110000000E03FB8DB000800001C4038DA0008FF
:10B120004CDA000828DA000882B049B15AB16BB194
:10B1300013780B601278101E18BF012002B0704700
:10B1400001A9002AF3D1104602B070476FF0010048
:10B15000F4E700BF436C70B505460C464BB153F89D
:10B16000240080B1026843F824200023C0E903339F
:10B1700070BD2122042100F0F3FC0346686400281E
:10B18000EDD1002070BD012101FA04F6721D92007C
:10B19000284600F0E5FC0028F3D0C0E90146E4E7CA
:10B1A00031B1436C4A6853F82200086043F822101A
:10B1B000704700BF2DE9F0410D6907460E461C4659
:10B1C00001F1140E0020DEF800108BB202FB0343E5
:10B1D0004FEA134C090C02FB01CC01309BB203EB8C
:10B1E0000C4385424EF8043B4FEA1C44EBDC3CB177
:10B1F000B368AB4207DD06EB850301355C61356161
:10B200003046BDE8F081716838460131FFF7A2FF92
:10B210008046A8B13269023206F10C0192000C306E
:10B22000F5F7F4F97B6C726853F82210316043F83B
:10B230002260464606EB850301355C613561DFE738
:10B24000024B03484246BA2100F06AFC38DA000893
:10B25000A8DA0008B0F5803F034636BF030400209B
:10B260001020B3F1807F3CBF1B020830B3F1805F38
:10B270003CBF1B010430B3F1804F03D3002B06DB2E
:10B28000013070479B0003D45B0003D4202070473B
:10B290000230704703307047036813F0070201461D
:10B2A00007D0DA071FD4980721D55B080B6001206F
:10B2B000704798B2A0B11046DAB20AB908301B0A3A
:10B2C0001A0704BF1B0904309A0704BF9B08023009
:10B2D000DA0703D45B0800F1010006D00B60704769
:10B2E0001B0C1020E8E700207047202070479B08C7
:10B2F0000B600220704700BF38B5436C04460D4612
:10B300004BB15868B0B102685A6000220123C0E90D
:10B310000323456138BD2122042100F021FC0346AE
:10B3200060640028EDD1094B0948002240F2451124
:10B3300000F0F6FB1C220121204600F011FC002841
:10B34000F1D001220223C0E90123DEE738DA000848
:10B35000A8DA00082DE9F04FD1F810801569A8454A
:10B3600085B00E46924605DB2A46534645468A4638
:10B3700090461E46DAF80830DAF8041005EB0804A7
:10B38000A342B8BF0131FFF7E5FE8446002800F074
:10B390008B8000F1140707EB840E774505D23B46FE
:10B3A000002243F8042B9E45FBD8143606EB880890
:10B3B0000AF11409464509EB850566D2A5EB0A0397
:10B3C000153B23F003030AF1150A043355452CBF3E
:10B3D0009B464FF0040BCDF808E00394AE46E246DE
:10B3E00005E0090C2AD1B04507F104074AD956F8FF
:10B3F000041B8DB2002DF4D0CC463C4600230196B0
:10B400005CF8040B216886B28AB2000C05FB0622A8
:10B41000090C1A4405FB001101EB124192B242EAF9
:10B420000142E64544F8042B4FEA1143E8D8019E57
:10B4300047F80B3056F8041C090CD4D03B680022A6
:10B4400048461D463C469446028801FB02C202EB78
:10B4500015429BB243EA024344F8043B50F8043BD4
:10B4600025684FEA134CABB201FB0C3303EB1243DC
:10B4700070454FEA134CE7D3B04547F80B3007F15E
:10B480000407B4D8DDE902E4D446002C02DC05E070
:10B49000013C03D05EF8043D002BF9D06046CCF8A7
:10B4A000104005B0BDE8F08F034B044862464FF4EE
:10B4B000B17100F035FB00BF38DA0008A8DA0008E7
:10B4C00012F003032DE9F041144607462CD10D4636
:10B4D000A4101CD03E6C86B3E3074FF0000806D4DE
:10B4E000641014D03068A8B10646E307F8D5324698
:10B4F00029463846FFF72EFF35B17B6C696853F853
:10B5000021202A6043F8215064100546EAD12846DC
:10B51000BDE8F081324631463846FFF71BFF306008
:10B52000C0F800800646E0E7013B0F4A52F82320AE
:10B530000023FFF73FFE0546CAE701213846FFF723
:10B5400009FE064640B1012340F27122C0E90432EF
:10B55000002338640360BFE7044B0548324640F2DD
:10B56000451100F0DDFA00BF84DB000838DA00087E
:10B57000A8DA00082DE9F0470C4690462769A36831
:10B58000496807EB62177D1C9D4206464FEA621927
:10B5900004DD5B009D4201F10101FADC3046FFF75A
:10B5A000D9FD8446002851D0B9F1000F00F11400F4
:10B5B0000EDD09F105024FEA820E03460CEB820212
:10B5C000002143F8041B9342FBD1AEF1140318444D
:10B5D000216904F1140318F01F0803EB81012DD039
:10B5E000C8F1200986464FF0000A1A6802FA08F2EC
:10B5F00042EA0A024EF8042B53F8042B994222FA2D
:10B6000009FAF2D80B1B153B23F00303043304F1B2
:10B610001502914238BF042340F803A0BAF1000F8D
:10B6200000D13D46736C6268CCF8105053F822107C
:10B630002160604643F82240BDE8F087043853F8A3
:10B64000042B40F8042F9942F9D8EAE7034B044849
:10B6500062464FF4EF7100F063FA00BF38DA000879
:10B66000A8DA00080B6984460069C01A16D10CF1EB
:10B67000140C14310CEB830210B401EB830301E0D2
:10B68000944508D252F8044D53F8041D8C42F7D06B
:10B6900005D24FF0FF305DF8044B70477047012032
:10B6A0005DF8044B704700BF2DE9F04F15460A695D
:10B6B0002B69D21A002A83B0884640F0878001F1B6
:10B6C000140605F1140101EB830106EB830301E08D
:10B6D0009E427ED253F8044D51F8042D9442F7D087
:10B6E00075D32B460024454698466968FFF732FD1E
:10B6F0008146002800F089802E69C460D8F81000C7
:10B7000005F1140B08F1140E09F1140A05F11002E9
:10B710000EEB80000BEB860157464FF0000CCDF886
:10B7200004B05EF8044B52F8045F1FFA84FBABB21E
:10B73000A3EB0B03240C6344C4EB154404EB234438
:10B740009BB243EA0443704547F8043B4FEA244C5C
:10B75000E7D8A0EB080208F115084045A2F1150250
:10B7600034BF0020012092080028DDF804B002F167
:10B7700001044FEA840408BF04240BEB0405A9422A
:10B78000544433D92746284650F8043B1CFA83FE1C
:10B790001A0C634402EB2E429BB243EA02438142FD
:10B7A00047F8043B4FEA224CEED80139491B21F0FF
:10B7B00003010C4423B954F8043D013E002BFAD098
:10B7C0004846C9F8106003B0BDE8F08F89DA01245B
:10B7D0008BE70021FFF7BEFC814678B101220023F0
:10B7E000C0E90423484603B0BDE8F08F00284FEAC3
:10B7F000820208BF00220AEB0204DBE7064B07487F
:10B800004A4640F2372100F08BF9034B03484A4681
:10B8100040F2452100F084F938DA0008A8DA00087F
:10B820002DE9F0430E4683B0012159EC108B1546EB
:10B83000FFF790FC0446002846D0C9F30A57C9F325
:10B8400013030FB143F480130193B8F1000313D134
:10B8500001A8FFF721FD019B6361012220302261D5
:10B860000FB3A7F233470744C0F1350037602860B3
:10B87000204603B0BDE8F08368460093FFF70CFD57
:10B88000019BF8B10099C0F1200203FA02F2C34013
:10B890000A430193002B62610CBF01220222A361C3
:10B8A0002261002FDDD104EB8203A0F23240306030
:10B8B0001869FFF7CFFCC0EB42102860204603B0A8
:10B8C000BDE8F083009AE5E7034B0448224640F2C6
:10B8D0000F3100F025F900BF38DA0008A8DA0008B7
:10B8E00049B1FF2A02D80A70012070478A230360F9
:10B8F0004FF0FF3070470846704700BF70B50546EF
:10B9000084B05BB11C460F4BD3F8E060234669B1AD
:10B910002846B047431C0FD004B070BD094B00F55A
:10B920008274D3F8E06023460029F1D10A46284604
:10B9300001A9B047431CEFD100228A2322602B606B
:10B9400004B070BD0806002010B582B0049CCDE99B
:10B9500000344FF0FF3300F059FB02B010BD00BFC0
:10B960002DE9F0478F681D46AF420B680C4616461E
:10B9700036D8B1F90CC01CF4906F0ED13D46184674
:10B9800031462A4600F04CF8A368DF1B2368A76005
:10B990002B4400202360BDE8F0874A69096902EB67
:10B9A00042025F1A02EBD2726B1C52103B4493426C
:10B9B00092BF914699461A461CF4806F804611D07A
:10B9C0001146FCF745F9824600B321693A46F4F77F
:10B9D0001DFEA38923F4906343F08003A38105E057
:10B9E0002F46CCE700F0F2F8824658B10AEB070385
:10B9F000A9EB0707A760C4F810A0C4F8149023604F
:10BA00002F46BCE721694046FCF726F8A3890C22A3
:10BA100043F04003C8F800204FF0FF30A381BAE79D
:10BA200088420ED98B1883420BD900EB020C002AF6
:10BA30006ED0624613F801CD02F801CD9942F9D1DA
:10BA400070470F2A0FD8034602F1FF3C002A5FD04F
:10BA50000CF1010C013B8C4411F8012B03F8012F70
:10BA60006145F9D1704740EA01039B0751D1A2F12A
:10BA7000100370B501F1200C23F00F0501F1100E39
:10BA800000F11004AC441B095EF8105C44F8105C33
:10BA90005EF80C5C44F80C5C5EF8085C44F8085CEA
:10BAA0005EF8045C44F8045C0EF1100EE64504F107
:10BAB0001004E9D1013312F00C0F01EB031102F075
:10BAC0000F0400EB031328D0043C24F003064FEAD4
:10BAD000940C1E441C1F8E465EF8045B44F8045F01
:10BAE000B442F9D10CF1010402F0030203EB840328
:10BAF00001EB840102F1FF3C4AB10CF1010C013B66
:10BB00008C4411F8012B03F8012F6145F9D170BD68
:10BB1000704702F1FF3C03469AE72246EAE700BF7E
:10BB200000B50B4C25681446EE681A4685B00346EE
:10BB30000D464CB107490095CDE901143046064940
:10BB400000F076FA01F0EEFB04490C46F3E700BF83
:10BB5000AC00002004DB000814DB000810DB000848
:10BB600038B5A1FB021454BBFCF772F8054650B37C
:10BB700050F8042C22F00302043A242A10D8132A85
:10BB800013D91B2AC0E9004416D9242AC0E902446B
:10BB90000ABFC0E9044400F1100200F1180205E0F8
:10BBA0002146FBF7DBFD284638BD02460023C2E9EB
:10BBB00000339360284638BD00F10802F6E7FBF732
:10BBC000A9FE0C2303600025284638BD2DE9F84F57
:10BBD0001646002900F096800C46804606F10B05BB
:10BBE000FCF7E8FA54F8041C162DA4F1080921F01A
:10BBF000030758D81025AE4258D8AF4260DABE4B82
:10BC00009A6809EB070C6245DCF8040000F09080AC
:10BC100020F0010363445B68DB0768D420F0030075
:10BC20003B189D4247DDCB0712D454F8083CA9EBE2
:10BC3000030BDBF8043023F00302104400EB070A87
:10BC4000554540F3F68007EB020A554540F3CC809A
:10BC500031464046FBF7FCFF0646002800F02081F5
:10BC600054F8043C23F001034B44A0F10802934232
:10BC700000F0B4803A1F242A00F2D780132A00F281
:10BC8000A280034622461168196051685960926883
:10BC90009A6021464046FBF7DFFE4046FCF790FAEB
:10BCA0003046BDE8F88F35F00705A4D50C23C8F859
:10BCB0000030002618E01F46DCE90223D3609A60BA
:10BCC000D9F804307A1B0F2A03F0010309EB0700AF
:10BCD0001DD83B43C9F80430436843F00103436077
:10BCE0004046FCF76DFA26463046BDE8F88FC90796
:10BCF000AED454F8083CA9EB030BDBF8043023F076
:10BD00000302A0E7BDE8F84F1146FBF7A1BF09EB1E
:10BD100005012B4342F00102C9F804304A60436830
:10BD200043F00103436008314046FBF795FED7E737
:10BD300020F00300C21905F1100C624580F29180D9
:10BD4000CA0785D454F8082CA9EB020BDBF80420B1
:10BD500022F00302104400EB070AD4453FF773AF0B
:10BD60005E46DBF80C1056F8080F3A1F242AC16013
:10BD7000886000F2AE80132A40F2A9802168CBF8D7
:10BD800008106168CBF80C101B2A00F2A880083458
:10BD90000BF110022168116061685160A168916027
:10BDA0000BEB0501AAEB050242F0010299604A6023
:10BDB000DBF8043003F001032B434046CBF804309A
:10BDC000FCF7FEF990E723680360636843601B2A71
:10BDD0003CD804F1080200F1080354E750F8043C91
:10BDE00023F003031F446BE73A1F5E46DBF80C3079
:10BDF00056F8081F242ACB60996022D8132A1ED92E
:10BE00002368CBF808306368CBF80C301B2A3BD88A
:10BE100008340BF1100322681A6062685A60A26845
:10BE20009A6034465746D9464AE72146FFF7F8FD5F
:10BE30002FE7DCE902133A1FCB609960D5E7334660
:10BE4000E9E721463046FFF7EBFDEAE7A3688360A8
:10BE5000E368C360242A27D004F1100200F1100324
:10BE600011E709EB05019960531B43F001034B6097
:10BE700054F8043C03F001032B43404644F8043CCF
:10BE8000FCF79EF926462FE7A368CBF81030E3684D
:10BE9000CBF81430242A10D010340BF11803BAE771
:10BEA0004046FCF78DF904E723690361616941614C
:10BEB00004F1180200F11803E5E62369CBF8183005
:10BEC0006369CBF81C3018340BF12003A3E732462A
:10BED00060E721463046FFF7A3FD074B60E7A16806
:10BEE000CBF81010E168CBF81410242A06D01034D7
:10BEF0000BF118024EE700BF000200202269CBF8C8
:10BF000018206269CBF81C2018340BF1200241E79D
:10BF10002DE9F04F8BB0DDE9157A86461E46002FDD
:10BF20005AD0156800295CD0149B002B69D0741E70
:10BF30004EB3043DCDE9015EDDF850B0049100261A
:10BF4000039105920BE0039B0BBB019B1868002833
:10BF500036D0DC4557D2013C631C664613D0019BAA
:10BF6000029853F8042F0193DAF8E0503B4607A9F2
:10BF7000D7E90098A847421C37D000EB060CDC45F7
:10BF8000E1D9C7E9009830460BB0BDE8F08F002832
:10BF90000EDD049B019D18445A1E07A900F1FF3EC7
:10BFA00011F8013B02F8013F7245F9D10195049067
:10BFB000059B1A6804321A60019B18680028C8D1D2
:10BFC0000399059A01B110600CF1FF36002230464A
:10BFD0003A600BB0BDE8F08F156800F58677002950
:10BFE000A2D14FF0FF331493A1E7DDF808E0064635
:10BFF0008A2100223046CEF800103A600BB0BDE82E
:10C00000F08F149EBFE76646BDE700BF10B584B051
:10C01000054C069800900798019004480068029427
:10C02000FFF776FF04B010BD08060020AC0000202A
:10C030000EB410B583B005AB064C53F8042B019336
:10C040000146206800F008F803B0BDE8104003B0D6
:10C05000704700BFAC0000202DE9F04FC7B016AF0D
:10C06000CDE9062183460822002138461C460C9360
:10C07000FBF774FBBBF1000F04D0DBF83430002B6E
:10C0800000F02786079B5A6EB3F90C30D00702D414
:10C09000990540F10A859E0406D4079943F400539C
:10C0A00022F400528B814A66950400F1C386079AF8
:10C0B000B2F90C30190740F1CB801269002A00F068
:10C0C000C78003F01A020A2A00F0D18000239E469E
:10C0D000CDE90FEECDE91B33DFF8F8A8CDF838E055
:10C0E0001DAB1A939946CDF820E0CDF834E0069DBB
:10C0F000DAF8E440FDF790FF009703462A4614A9BA
:10C100005846A047002800F0D180C0F2C780149A9A
:10C11000252A034601D01D44EAE7069BEE1A044691
:10C1200040F0C88000234FF0FF316A788DF84B3023
:10C1300009936C1C059103930134A2F120035A2B3F
:10C1400000F2F980DFE813F06002F700F7005A020E
:10C15000F700F700F7006A00F700F700E801F901BF
:10C16000F700F3010402F700FE015B005B005B00D7
:10C170005B005B005B005B005B005B00F700F700AF
:10C18000F700F700F700F700F700F700F7009D0150
:10C190006A02F700F700F700F700F700F700F70072
:10C1A000F700F700F7002002F700F700F70076012C
:10C1B000F7008D02F700F700E704F700F700F7003B
:10C1C000F700F700F700F700F700F700F7009D0110
:10C1D000C201F700F700F7008402C2017E00F700F9
:10C1E0000A03F700FB02E404DA027E00F70076019E
:10C1F0007C00E104F700F7000A05F7007C00A2F1DB
:10C200003003002114F8012B01EB810103EB410104
:10C21000A2F13003092BF5D909918EE75846FDF7B5
:10C2200001FF43680F931846F4F7EAFA10900546A9
:10C230005846FDF7F7FE83680E93002D40F05684B4
:10C24000227879E7039B227843F02003039373E776
:10C25000079D5846294601F003F8002840F01E8645
:10C26000B5F90C3003F01A020A2A7FF42FAF0799B0
:10C27000B1F90E20002AFFF629AF4A6ED60702D484
:10C280009D0540F1CB85DDE906212346584600F0A7
:10C2900017FE0890089847B0BDE8F08F08220021EB
:10C2A0003846FBF75BFA01231D4421E7069BEE1A93
:10C2B000044612D0069BC9E900361C9B33441C93EC
:10C2C0001B9B0133072B1B9311DC09F10809089B09
:10C2D00033440893002C7FF425AF1C9B002B40F0C7
:10C2E000B885079B0022B3F90C301B9218E0079920
:10C2F0001AAA584600F024FE78B90DF17409E6E751
:10C3000007991AAA584600F01BFE00287ED00B9B06
:10C310001BB10B995846FBF79FFB079BB3F90C30F9
:10C32000079A526ED1077CD55B0600F18D8508987F
:10C3300047B0BDE8F08F0694002ACED000238DF8D8
:10C340004B3001238DF8B42004930A932DAC0023C5
:10C350000B930593039810F08408DDE91B2105D1A8
:10C360000998049D451B002D00F3D6829DF84B00D3
:10C3700078B1013201200131C9F80400072A0DF11A
:10C380004B00CDE91B21C9F8000000F3FA8209F146
:10C3900008097BB1013213A80231C9F80000072A4D
:10C3A0004FF00200CDE91B21C9F8040000F3F88228
:10C3B00009F10809B8F1800F00F00C82059B0A987A
:10C3C0001D1A002D00F34A820A9BC9F80040013271
:10C3D0001944072ACDE91B21C9F8043000F37982FA
:10C3E00009F10809039B580705D5099B049A9C1A73
:10C3F000002C00F3E282DDE9083204988242ACBFEF
:10C400009B181B18089300297FF47AAF00231B9315
:10C410000B9B1BB10B995846FBF71EFB0DF17409E2
:10C4200065E69A0580D4079CA06DFBF7A7FAB4F9DE
:10C430000C3079E70C9E069456F8044B00238DF8D7
:10C440004B30002C00F05D84532A00F0A283039B44
:10C4500013F0100540F09D83059B002BC0F2CD84A6
:10C460001A4629462046F4F76BF90B90002800F095
:10C470000685031BCDE90A3523EAE373049300F034
:10C480009DBC0C9B0694432A03F1040503D0039B37
:10C49000D80640F167830822002118A8FBF75EF94F
:10C4A0000C9B2DAC1A68214618AB5846FFF726FAAC
:10C4B000034601330A9000F0D6840A9B23EAE37313
:10C4C000049300230C958DF84B3040E7039B0694B2
:10C4D000990640F1AC800C9B073323F00703194603
:10C4E0005A6851F8083B0C911146002AC0F23F816E
:10C4F000059A002AC0F24881039A22F08002039232
:10C5000053EA010240F04081059B002B40F08B84F0
:10C5100004930A9346AC49E10C9B53F8042B09920F
:10C52000002A80F2BA82099A0C9352420992039B24
:10C53000227843F004030393FEE52B2322788DF841
:10C540004B30F9E5039B227843F080030393F3E536
:10C55000204610F8012B2A2A00F09584A2F130031E
:10C56000092B98BF002100F2608410F8012B01EB29
:10C57000810103EB4101A2F13003092BF5D941EA16
:10C58000E17305930446D8E5039B069443F010023B
:10C5900012F0200100F051820C9B073323F00703B7
:10C5A0001846596850F8083B0C9022F480640394B4
:10C5B000059C002084428DF84B007CDB53EA01048B
:10C5C00022F4906240F08183039C0392059B002B30
:10C5D00069D1002840F05C8214F001020A9200F058
:10C5E000608230238DF817319DF84B3004920DF2A4
:10C5F0001714002B40F0DF800B93E1E0039B2278BF
:10C6000043F00103039397E59DF84B302278002B0C
:10C610007FF492AD20238DF84B308DE5039B06947B
:10C6200043F010030393039B99063FF554AF0C9A14
:10C6300052F8043B0C92039AD20600F14382039A0B
:10C64000560640F13B8243F3C0310A461BB24CE729
:10C650002278039B682A00F0958243F040030393FD
:10C660006AE5039B069443F0100414F0200100F0E7
:10C67000F3810C9B073323F007031A46596852F8DD
:10C68000083B0C9200228DF84B20059A002AC0F23C
:10C690001E8324F08002039253EA010274D1059BA9
:10C6A0000120002B95D0012800F0BD830023022833
:10C6B000194600F01A8146AC03F00702DB0843EA92
:10C6C0004173C908303253EA0105204604F8012DB0
:10C6D000F2D1039BDD0740F11681302A00F013816F
:10C6E0003023059A04F8013C023846AB1B1A9A42E3
:10C6F000B8BF1A460A930446049257E0039B0C9A6B
:10C70000069443F00203039352F8043B0C9247F65D
:10C710003002ADF84C20AD4A0D92002100228DF878
:10C720004B20059A002AC0F2E080039C53EA0100E6
:10C7300024F08002039240F0D880022046E7039B59
:10C7400006949C0640F1C1810C9B089A1B681A60F4
:10C75000D2175A600C9B04330C93C8E42278039BD5
:10C760006C2A00F0088243F010030393E4E42D22C6
:10C770008DF84B20059A5B4261EB4101002A03DBF7
:10C78000039A22F0800203920A2B71F1000280F0DA
:10C7900039823033DBB28DF81731059B012BB8BFDE
:10C7A0000123049301230A930DF217149DF84B30D3
:10C7B000002B3FF421AF00230B93049B0133049320
:10C7C000039B13F002033FF4C5AD049B02330493B3
:10C7D0000223BFE5099B04981D1A002D7FF7EEADDB
:10C7E000102DDFF8EC8126DD40464B46A046DDF8F3
:10C7F0001C901026044604E0103D102D03F10803A0
:10C8000015DD01321031072AC3E90046CDE91B21AD
:10C81000F2DD1AAA4946584600F092FB00287FF440
:10C8200076AD103D102DDDE91B211DABE9DC9946ED
:10C8300023464446984601322944072ACDE91B2164
:10C84000C9F80080C9F8045000F34882059B0A9893
:10C850001D1A002D09F108097FF7B6AD102DDFF87C
:10C86000708128DD4B461026A9462546079C06E028
:10C87000A9F11009B9F1100F03F1080318DD013215
:10C8800053481031072AC3E90006CDE91B21EFDD2B
:10C890001AAA2146584600F053FB00287FF437AD12
:10C8A000A9F11009B9F1100FDDE91B211DABE6DC80
:10C8B0002C464D46994601322944072ACDE91B21D1
:10C8C000C9F80080C9F8045000F3D58009F10809BF
:10C8D0007AE507991AAA584600F032FB00287FF43F
:10C8E00016AD1C990DF174097CE50D9846AC03F06A
:10C8F0000F021B09825C04F8012D43EA0173090948
:10C9000053EA0102F3D1059A46AB1B1B9A42B8BF0A
:10C910001A460A93049249E7102D2F4E23DD48460C
:10C920001193A146079C04E0103D102D00F1080072
:10C9300016DD013210311023072ACDE91B210660D4
:10C940004360F1DD1AAA2146584600F0F9FA0028A2
:10C950007FF4DDAC103D102DDDE91B211DA8E8DCC6
:10C96000119B4C46814601322944072ACDE91B21FF
:10C97000C9F80060C9F8045000F3978109F108096B
:10C98000F4E4079911931AAA584600F0D9FA00283E
:10C990007FF4BDACDDE91B21119B0DF17409F8E4B6
:10C9A00007991AAA584600F0CBFA00287FF4AFACDA
:10C9B000DDE91B210DF17409FCE4102C1B9B064ED4
:10C9C00028DDDDF81C8010250DE000BFACD9000883
:10C9D00084DD00080806002094DD0008103C102CBF
:10C9E00009F1080916DD01331031072BC9E900658B
:10C9F000CDE91B31F2DD1AAA4146584600F0A0FAF3
:10CA000000287FF484AC103C102CDDE91B310DF1C3
:10CA10007409E8DC01332144072BC9E90064CDE93E
:10CA20001B317FF7E8AC07991AAA584600F088FA3C
:10CA300000287FF46CAC1C99DDE40C9850F8043BA2
:10CA40000C9012F010007FF4B0AD12F0400400F032
:10CA500062819BB20146A8E50C9A52F8043B0C9205
:10CA600014F010027FF40EAE14F0400000F0598173
:10CA70009BB2114606E607991AAA584600F060FADA
:10CA800000287FF444ACDDE91B210DF174099BE41F
:10CA9000059B04930A9346AC88E622780C93FFF733
:10CAA0004BBB059B049346AC80E6079DA86DFAF747
:10CAB00063FFB5F90C306A6EFFF7EDBA039A95057E
:10CAC00000F18781D9170A460FE5039BD80600F1CC
:10CAD0001381039B590600F18B81039B9A0540F15A
:10CAE0000B810C9B089A1B681A7033E60E9B227808
:10CAF000002B3FF421AB1B78002B3FF41DAB039BB5
:10CB000043F480630393FFF717BB0694039CACE5E3
:10CB1000039A06943CE5B24B06940D93039B13F0E5
:10CB200020015FD00C9B073323F007031846596898
:10CB300050F8083B0C90039CE6070AD553EA010025
:10CB400007D08DF84D2044F00202039230228DF878
:10CB50004C20039A22F480620392DFE5A14B0694F5
:10CB60000D93DBE70C9B1B688DF8B4300123049315
:10CB70000A932DACA5E443F02003627803930134BB
:10CB8000FFF7DABA43F40073627803930134FFF7D6
:10CB9000D3BA0822002118A81594FAF7DFFD059BE7
:10CBA000002BC0F2DC800025CDF81090A8469946F5
:10CBB0000EE02DA95846FEF7A1FE431C404400F0AC
:10CBC0005281484509DC05F1040500F05481804696
:10CBD000159A525918AB002AEBD1DDF81090CDF818
:10CBE0002880C9E00C9850F8043B0C90039810F092
:10CBF0001000A0D1039911F0400400F099809BB27D
:10CC0000014698E7039ACDF8109046AC02F4806292
:10CC1000A146CDF828B0744EDDF838B04FF0000CC6
:10CC2000144605E00A2B71F1000136D3434629462C
:10CC30005A1842F10002A6FB020525F0030000EBA2
:10CC40009500121A981A4FF0CC3561F1000E05FBD1
:10CC500000F506FB0E55A0FB0680054408F0010E0A
:10CC60000520AEFB000E80184FEA5808303009F856
:10CC7000010C48EAC5780CF1010C09F1FF396D0887
:10CC8000002CCFD09BF800206245CBD1BCF1FF0F28
:10CC9000C8D00A2B71F1000151D2CDF838B04C4602
:10CCA000DDF828B0DDF810902DE6079911931AAA47
:10CCB000584600F045F900287FF429ABDDE91B2137
:10CCC000119B0DF17409FFF751BB0392F3E4039438
:10CCD0005AE55846FAF792FCFFF7D4B907991AAA11
:10CCE000584600F02DF900287FF411ABDDE91B2137
:10CCF0000DF17409FFF762BB0C9B089A1B681A6060
:10CD000028E5059B394C0C96062B28BF06230A9371
:10CD10000493FFF71CBB12F400711CBFDBB2214669
:10CD200043E414F400713FF4ADACDBB20146A9E476
:10CD3000039911F400711CBFDBB22146FBE6109B86
:10CD40000F99A9EB03091A464846FDF731F99BF8FC
:10CD500001300BB10BF1010B4FF0000C66E718AB83
:10CD600000930023194615AA5846FEF7EDFD034629
:10CD700001330A9077D015940A9BE3B1632B45DC0D
:10CD800000230B932DAC0822002118A8FAF7E6FC2B
:10CD90000A9D18AB009315AA2B4621465846FEF76C
:10CDA000D3FD854240F085800A9A0023A35422EAED
:10CDB000E273049302E00A9B04930B939DF84B30BB
:10CDC0001BB100230C960593F7E405930C96FFF72F
:10CDD000C1BA43F3C0110A465BB2FFF786BB00BF7E
:10CDE000C0D90008ACD90008CDCCCCCCD4D900082F
:10CDF0000C9B089A1B681A80ACE42046F3F700FDF0
:10CE000020EAE073CDE90A050493D7E7591C584698
:10CE1000FAF71EFF044630B30B90B4E7886DFAF7BB
:10CE2000ADFDFFF730BA3023B5E400230446059387
:10CE3000FFF783B9D40707D4079B9B89980503D4D0
:10CE4000079B986DFAF79AFD4FF0FF330893FFF7B1
:10CE50006EBA07991AAA584600F072F800283FF4F3
:10CE600040AAFFF75ABA079AB2F90C3043F04003D0
:10CE70009381FFF755BADDE904930A937CE7059B9C
:10CE800004930A939AE70C9B627853F8041B0C9363
:10CE900041EAE17104460591FFF74EB9079A536ED6
:10CEA000DB07D1D493899F05CED4906DFAF766FD48
:10CEB000CAE7079A938943F040039381FFF727BAA3
:10CEC000F0B51F468B89ADF26C4D23F00203ADF82F
:10CED0000C301AAB009304934FF4806302930593D4
:10CEE0004B6E1993CB89ADF80E30CB6907934B6A23
:10CEF000099315460023064616A80C460693FAF732
:10CF000037FD2A463B4669463046FFF7A5F8051E21
:10CF100007DB69463046FDF721F8002818BF4FF0BF
:10CF2000FF35BDF80C305B0603D5A38943F0400301
:10CF3000A3811698FAF71EFD28460DF26C4DF0BD40
:10CF4000936810B514461BB918460023636010BDE2
:10CF500000F006F80023A3600023636010BD00BF4B
:10CF60009368002B00F0F8802DE9F04FB1F90CC068
:10CF70001CF0080F83B0904681460C4631D00B69F7
:10CF80007BB31CF00207D8F8006038D00027D4F833
:10CF900024B0E169DFF8C4A23D4655452B463A4628
:10CFA00028BF53464846C5B1D847002840F3CA8039
:10CFB000D8F808301B1A07442D1AC8F80830002B7F
:10CFC00000F0B68055452B46D4F824B0E16928BF5F
:10CFD00053463A464846002DE6D1D6E90075083654
:10CFE000DBE72146484600F03BF9002840F0AF80DF
:10CFF000B4F90CC0D8F800601CF00207C6D11CF0D0
:10D00000010A63D12368A168574618468B46002F52
:10D0100058D01CF4007F00F0B580B9420A4600F2F7
:10D02000E1801CF4906F2FD0216962695D1A02EBD8
:10D03000420202EBD2726B1C52103B44934292BFED
:10D0400093469B461A461CF4806F00F0EA80114616
:10D050004846FAF7FDFD002800F0F9802A462169CC
:10D060000090F3F7D3FAA289009B22F4906242F079
:10D070008002A2815819ABEB0505C4F814B02361F6
:10D08000A5602060BB463A4651460092FEF7C8FCB8
:10D09000A1682368009AA1EB0B011A443D46A160E8
:10D0A00022600027D8F808305B1BAA44C8F8083073
:10D0B000002B3DD02368A168B4F90CC018468B46FC
:10D0C000002FA6D1D6E900A708369EE73846BB4612
:10D0D0003D460097002D41D0002846D0009A206898
:10D0E000A168D4E90473AA4228BF2A46B84204D9E9
:10D0F00001EB030A524500F38580934275DCE16938
:10D10000676A5A464846B847B0F1000A1ADD009BE4
:10D11000B3EB0A0300930FD00120D8F80830A3EB3B
:10D120000A03D344A5EB0A05C8F80830002BD1D177
:10D13000002003B0BDE8F08F21464846FCF70EFF03
:10D140000028EAD0B4F90C3043F04003A3814FF03B
:10D15000FF3003B0BDE8F08F00207047756833469C
:10D160000836002DFAD0D3F800B02A460A215846D6
:10D17000F3F7E6FA002867D00130A0EB0B03009329
:10D180001A46ACE722699A4214D36269BA4211D8AE
:10D190006FF00043BB4228BF3B46656A93FBF2F346
:10D1A000E16902FB03F348465246A847051EC9DD64
:10D1B0007F1B77E7B94228BF39460D4618460A4615
:10D1C0005146FEF72DFCA1682368491B2B44A16042
:10D1D00023600029ECD121464846FCF7BFFE002819
:10D1E000E6D0AFE7BB463A464EE759460192FEF716
:10D1F00017FC019AA3689B1AA36023681344236059
:10D20000924684E759465246FEF70AFC2368534487
:10D21000236021464846FCF7A1FE00283FF477AF83
:10D2200090E74846FEF7D2FC034600287FF422AF81
:10D2300021694846FAF710FCB4F90C300C22C9F801
:10D24000002023F080037FE76A1C009247E70C224E
:10D25000B4F90C30C9F8002076E700BF00FCFF7F6E
:10D2600038B52F4B1B6805460C4613B15A6B002A84
:10D270004BD0B4F90C3018071CD5226922B313F037
:10D28000010107D0616900204942A060A1613AB163
:10D29000002038BD980758BF6169A160002AF7D106
:10D2A000190658BF1046F4D543F04003A3814FF050
:10D2B000FF3038BDD9062CD55A0712D4226943F065
:10D2C0000803A381002ADAD103F42071B1F5007FAD
:10D2D000D5D02146284600F02DF8B4F90C3022694B
:10D2E000CDE7216B51B104F14002914204D02846B0
:10D2F000FAF7B2FBB4F90C30002222632269002154
:10D30000C4E9002123F02403D9E71846FAF776F997
:10D31000AFE7092243F040032A60A381C7E700BFBB
:10D32000AC00002008B5062000F072F80120F4F7E8
:10D33000B1FA00BF2DE9F041B1F90C300C46990764
:10D3400096B008D504F143030122C4E904322360F6
:10D3500016B0BDE8F081B4F90E100029064626DBB0
:10D360006A4600F081F800281FDB019D05F4704536
:10D37000A5F50055B5FA85F54FF480686D094FF4B1
:10D38000006741463046FAF763FCE8B1B4F90C3067
:10D39000C4F8148043F0800320602061A3813DBB6A
:10D3A0003B43A38116B0BDE8F081B4F90C3013F013
:10D3B000800519D04FF040080025414630462F46E1
:10D3C000FAF746FC0028E1D1B4F90C309A05BFD435
:10D3D00023F0030304F1430243F002030121C4E9F3
:10D3E0000421A3812260B3E74FF480682F46C8E789
:10D3F000B4F90E10304600F04DF810B9B4F90C3005
:10D40000CEE7A38923F0030343F001031BB2C7E770
:10D4100038B5144B1F281D681ED8D5F8382104468E
:10D4200062B152F820304BB1012B05D0591C0FD0FE
:10D43000002142F820109847002038BD284600F00F
:10D4400051F8224601462846BDE8384000F034B87D
:10D4500016232B60012038BD16232B604FF0FF30C0
:10D4600038BD00BFAC00002070B50C46084D034627
:10D470000026204611461C462E60F4F732FA431C63
:10D4800000D070BD2B68002BFBD0236070BD00BFA7
:10D49000C479002038B5074D0022044608462A60AA
:10D4A000F4F724FA431C00D038BD2B68002BFBD0C6
:10D4B000236038BDC479002070B50C46084D034682
:10D4C0000026204611461C462E60F4F7DBF9431C6B
:10D4D00000D070BD2B68002BFBD0236070BD00BF57
:10D4E000C4790020F4F7CCB908B52DED028BB0EE6D
:10D4F000408A00F033F8B4EE488AF1EE10FAF0EE0C
:10D50000408A0AD6B0EE480A00F01AF8F7EE007A20
:10D51000B4EEE70AF1EE10FA04DCB0EE680ABDECF6
:10D52000028B08BDFAF7F6F9BDEC028B0346212207
:10D530001A600248BDE8084000F00AB810DB000895
:10D5400010EE103A23F0004300EE103A704700BF8F
:10D550009FED010A704700BF0000C07F08B510EEC4
:10D56000102A22F00043B3F17E5F2DED028B12D022
:10D570000AD8B3F17C5F19D2B3F10C5F6AD8BDEC65
:10D58000028B9FED760A08BD70EE407A87EEA70AFF
:10D59000BDEC028B08BDBDEC028B9FED710ADFED87
:10D5A000717A002AC8BFB0EE670A08BD002AC0F22F
:10D5B0008E80F7EE008A38EEC00AF6EE007A20EE92
:10D5C000278AB0EE480A00F0EBF8DFED677A9FEDAE
:10D5D000677ADFED676ADFED675A9FED676AA8EE4D
:10D5E000277ADFED667AE7EE086AE8EE067AE6EE7D
:10D5F000885A9FED636A9FED637ADFED636AA5EE5B
:10D60000886AA7EE887ADFED617AE6EE087A10EE96
:10D61000103AE7EE086A6FF30B03B0EE677A07EE95
:10D62000903AF0EE485AE7EEE75AE6EE888A30EE96
:10D63000276A27EE087AC5EE866A87EE286ABDEC6F
:10D64000028BB0EE667AA0EE067A37EE870A30EEED
:10D65000000A08BD20EE007ADFED437A9FED436AB1
:10D66000DFED436A9FED445ADFED425AA7EE276A89
:10D67000BDEC028BE6EE076ADFED407A9FED416A72
:10D68000E7EE057AE6EE875AA7EE876A9FED3C5AE9
:10D69000DFED3D7ADFED3D6AA5EE875AE6EE077ACB
:10D6A000E5EE076AF7EE005AE7EE875A26EE877A2C
:10D6B0009FED376ADFED377AC7EE256AB0EE467A1E
:10D6C000A0EE667A30EE470A37EEC00A08BDB7EE24
:10D6D000007A30EE070AF6EE007A60EE277ADFED88
:10D6E000226A9FED226ADFED224ADFED235A9FED89
:10D6F000215A9FED268AA7EEA66ADFED206AE6EEA4
:10D70000274AE7EEA56ADFED1F5A9FED1D6AA4EEDA
:10D71000A75AE6EEA75ADFED1C6AA5EE276AE5EEEA
:10D72000A76AA6EE278AA6EEA77A28EE278AF0EE49
:10D73000478AB0EE670A00F033F888EE286A9FED5A
:10D74000167ADFED167AA0EE067AF0EE006A37EE72
:10D75000007AE7EE667AB0EE670A19E7DB0FC93F99
:10D76000DB0F49400000000008EF1138047F4F3AFA
:10D77000461124BDA80A4E3E2EC69D3D613330BFE2
:10D7800090B0A6BE2D57014039D119C0ABAA2A3E90
:10D790006821A233DA0FC93F6821A2B3DA0F4940EA
:10D7A000B1EEC00A704700BFF8B500BFF8BC08BCB6
:10D7B0009E467047F8B500BFF8BC08BC9E4670474F
:10D7C00070D900085D110008000000000000000092
:10D7D00080000000000000000000000060D9000888
:10D7E0006D640008FDFF00000000000080000000E4
:10D7F000000000000000000050D90008B9710008C6
:10D80000FDFF00000000000000010000000000001B
:10D810000000000044D90008E96A0008FDFF00008C
:10D820000000000080000000000000000000000078
:10D8300034D9000869660008FDFF00000000000000
:10D840008000000000000000000000002CD900084B
:10D8500049600008FDFF000000000000000100001A
:10D86000000000000000000028D90008DD6A000860
:10D87000FDFF00000000000080000000000000002C
:10D88000000000001CD9000821640008FDFF000012
:10D890000000000000010000000000000000000087
:10D8A0000CD9000899610008FDFF0000000000008D
:10D8B00080000000000000000000000000D9000807
:10D8C00051710008FDFF0000000000008000000012
:10D8D0000000000000000000F4D80008D570000827
:10D8E000FDFF0000000000008000000000000000BC
:10D8F0000000000053544F505F434845434B000025
:10D9000053484F4F545F50494400000063686173AF
:10D910007369735F76785F7461736B00696D755FAF
:10D920006461746100000000657272006368617375
:10D9300073697300646D5F73656E745F7461736B9C
:10D94000000000006765745F72635F7461736B0051
:10D95000756172745F73656E745F746573740000D3
:10D96000626F6172645F4C45445F7461736B000069
:10D9700064656661756C745461736B0049444C4511
:10D9800000000000FFFFFFFFFFFFFF0025642C25C4
:10D99000642C25642C2564200D0A0000494E4600A5
:10D9A000696E66004E414E006E616E00303132335A
:10D9B00034353637383961626364656600000000CB
:10D9C00030313233343536373839414243444546B5
:10D9D00000000000286E756C6C290000300000000B
:10D9E0002E0000004C435F434F4C4C415445000017
:10D9F0004C435F4354595045000000004C435F4D79
:10DA00004F4E4554415259004C435F4E554D45527F
:10DA1000494300004C435F54494D45004C435F4D22
:10DA20004553534147455300496E66696E697479A1
:10DA3000000000004E614E0042616C6C6F63207309
:10DA40007563636565646564000000002F6461743C
:10DA5000612F6A656E6B696E732F776F726B73706F
:10DA60006163652F474E552D746F6F6C63686169F4
:10DA70006E2F61726D2D31332F7372632F6E657748
:10DA80006C69622D63796777696E2F6E65776C6953
:10DA9000622F6C6962632F7374646C69622F6474A3
:10DAA0006F612E63000000002F646174612F6A654E
:10DAB0006E6B696E732F776F726B73706163652F16
:10DAC000474E552D746F6F6C636861696E2F61727C
:10DAD0006D2D31332F7372632F6E65776C69622DF4
:10DAE00063796777696E2F6E65776C69622F6C69F1
:10DAF00062632F7374646C69622F6D707265632E3C
:10DB0000630000002C2066756E6374696F6E3A20A6
:10DB100000000000617373657274696F6E202225C6
:10DB20007322206661696C65643A2066696C6520C1
:10DB3000222573222C206C696E65202564257325AF
:10DB4000730A00000000000001020304000000004E
:10DB50000000000001020304060708090006101671
:10DB60000006101630303030303030303030303049
:10DB70003030303020202020202020202020202065
:10DB80002020202005000000190000007D0000007A
:10DB90000080E03779C34143176E05B5B5B89346A9
:10DBA000F5F93FE9034F384D321D30F94877825A75
:10DBB0003CBF737FDD4F1575000000000000F03F93
:10DBC0000000000000002440000000000000594058
:10DBD0000000000000408F40000000000088C340AB
:10DBE00000000000006AF8400000000080842E4120
:10DBF00000000000D01263410000000084D797416C
:10DC00000000000065CDCD41000000205FA0024271
:10DC1000000000E876483742000000A2941A6D42E6
:10DC2000000040E59C30A2420000901EC4BCD642D9
:10DC300000003426F56B0C430080E03779C3414384
:10DC400000A0D8855734764300C84E676DC1AB43FA
:10DC5000003D9160E458E143408CB5781DAF154418
:10DC600050EFE2D6E41A4B4492D54D06CFF08044F3
:10DC7000F64AE1C7022DB544B49DD9794378EA4408
:10DC8000002020202020202020202828282828208C
:10DC90002020202020202020202020202020202084
:10DCA00020881010101010101010101010101010EC
:10DCB00010040404040404040404041010101010DC
:10DCC00010104141414141410101010101010101A6
:10DCD00001010101010101010101010110101010F8
:10DCE0001010424242424242020202020202020278
:10DCF00002020202020202020202020210101010CC
:10DD000020000000000000000000000000000000F3
:10DD10000000000000000000000000000000000003
:10DD200000000000000000000000000000000000F3
:10DD300000000000000000000000000000000000E3
:10DD400000000000000000000000000000000000D3
:10DD500000000000000000000000000000000000C3
:10DD600000000000000000000000000000000000B3
:10DD700000000000000000000000000000000000A3
:10DD80000000000030303030303030303030303053
:10DD90003030303020202020202020202020202043
:04DDA00020202020FF
:08DDA4006828FF7F0100000068
:08DDAC0081790008F10E000866
:04DDB400C90E00088C
:10DDB8000024F4000100000010000000AAAAAAAA8A
:10DDC8000000F0410000000000000000000080405A
:10DDD8008FC2F53C000000000000F0410000000088
:10DDE80000000000000080408FC2F53C00000000E9
:10DDF8000000F04100000000000000000000A0400A
:10DE08008FC2F53C000000000000F0410000000057
:10DE1800000000000000A0408FC2F53C0000000098
:10DE28000080BB4500000000000000009A99193EE0
:10DE380000000000000000006F12033B6F12033B5C
:10DE480000000000000020410000003F00000040EA
:10DE5800000000000300000088780020B0000020C7
:10DE68000000000088780020F07800205879002011
:10DE7800000000000000000000000000000000009A
:10DE8800000000000000000000000000000000008A
:10DE9800000000000000000000000000000000007A
:10DEA800000000000000000000000000000000006A
:10DEB800000000000000000000000000000000005A
:10DEC800000000000000000000000000000000004A
:10DED800000000000000000000000000000000003A
:10DEE800000000000000000000000000000000002A
:10DEF8000000000000000000010000000000000019
:10DF08000E33CDAB34126DE6ECDE05000B000000DD
:10DF180000000000000000000000000000000000F9
:10DF280000000000000000000000000000000000E9
:10DF380000000000000000000000000000000000D9
:10DF480000000000000000000000000000000000C9
:10DF580000000000000000000000000000000000B9
:10DF680000000000000000000000000000000000A9
:10DF78000000000000000000000000000000000099
:10DF88000000000000000000000000000000000089
:10DF98000000000000000000000000000000000079
:10DFA800CC790020FFFFFFFF000002000000000006
:10DFB8000000000000000000000200200002002015
:10DFC8000802002008020020100200201002002091
:10DFD8001802002018020020200200202002002041
:10DFE80028020020280200203002002030020020F1
:10DFF80038020020380200204002002040020020A1
:10E008004802002048020020500200205002002050
:10E018005802002058020020600200206002002000
:10E0280068020020680200207002002070020020B0
:10E038007802002078020020800200208002002060
:10E048008802002088020020900200209002002010
:10E058009802002098020020A0020020A0020020C0
:10E06800A8020020A8020020B0020020B002002070
:10E07800B8020020B8020020C0020020C002002020
:10E08800C8020020C8020020D0020020D0020020D0
:10E09800D8020020D8020020E0020020E002002080
:10E0A800E8020020E8020020F0020020F002002030
:10E0B800F8020020F80200200003002000030020DE
:10E0C800080300200803002010030020100300208C
:10E0D800180300201803002020030020200300203C
:10E0E80028030020280300203003002030030020EC
:10E0F800380300203803002040030020400300209C
:10E10800480300204803002050030020500300204B
:10E1180058030020580300206003002060030020FB
:10E1280068030020680300207003002070030020AB
:10E13800780300207803002080030020800300205B
:10E14800880300208803002090030020900300200B
:10E158009803002098030020A0030020A0030020BB
:10E16800A8030020A8030020B0030020B00300206B
:10E17800B8030020B8030020C0030020C00300201B
:10E18800C8030020C8030020D0030020D0030020CB
:10E19800D8030020D8030020E0030020E00300207B
:10E1A800E8030020E8030020F0030020F00300202B
:10E1B800F8030020F80300200004002000040020D9
:10E1C8000804002008040020100400201004002087
:10E1D8001804002018040020200400202004002037
:10E1E80028040020280400203004002030040020E7
:10E1F8003804002038040020400400204004002097
:10E208004804002048040020500400205004002046
:10E2180058040020580400206004002060040020F6
:10E2280068040020680400207004002070040020A6
:10E238007804002078040020800400208004002056
:10E248008804002088040020900400209004002006
:10E258009804002098040020A0040020A0040020B6
:10E26800A8040020A8040020B0040020B004002066
:10E27800B8040020B8040020C0040020C004002016
:10E28800C8040020C8040020D0040020D0040020C6
:10E29800D8040020D8040020E0040020E004002076
:10E2A800E8040020E8040020F0040020F004002026
:10E2B800F8040020F80400200005002000050020D4
:10E2C8000805002008050020100500201005002082
:10E2D8001805002018050020200500202005002032
:10E2E80028050020280500203005002030050020E2
:10E2F8003805002038050020400500204005002092
:10E308004805002048050020500500205005002041
:10E3180058050020580500206005002060050020F1
:10E3280068050020680500207005002070050020A1
:10E338007805002078050020800500208005002051
:10E348008805002088050020900500209005002001
:10E358009805002098050020A0050020A0050020B1
:10E36800A8050020A8050020B0050020B005002061
:10E37800B8050020B8050020C0050020C005002011
:10E38800C8050020C8050020D0050020D0050020C1
:10E39800D8050020D8050020E0050020E005002071
:10E3A800E8050020E8050020F0050020F005002021
:10E3B800F8050020F80500204300000000000000D8
:10E3C8000000000000000000000000000000000045
:10E3D80000000000000000004300000000000000F2
:10E3E8000000000000000000000000000000000025
:10E3F80000000000000000004300000000000000D2
:10E408000000000000000000000000000000000004
:10E4180000000000000000004300000000000000B1
:10E4280000000000000000000000000000000000E4
:10E438000000000000000000430000000000000091
:10E4480000000000000000000000000000000000C4
:10E458000000000000000000430000000000000071
:10E4680000000000000000000000000000000000A4
:10E478000000000000000000430000000000000051
:10E488000000000000000000000000000000000084
:10E498000000000000000000E1B8000829B10008F1
:10E4A8000000000080DC0008E0D9000810DB00084C
:10E4B80010DB000810DB000810DB000810DB000888
:10E4C80010DB000810DB000810DB000810DB000878
:10E4D800FFFFFFFFFFFFFFFFFFFFFFFFFFFF000042
:10E4E80001004153434949000000000000000000BA
:10E4F8000000000000000000000000000000000014
:10E50800000041534349490000000000000000009A
:10E5180000000000000000000000000000000000F3
:04E5280000000000EF
:04000005080020A926
:00000001FF
