:020000040800F2
:10000000000002205120000845170008471700088B
:10001000491700084B1700084D17000800000000A2
:10002000000000000000000000000000414800083F
:100030004F17000800000000E1480008454900088B
:10004000A1200008A1200008A1200008A12000088C
:10005000A1200008A1200008A1200008A12000087C
:10006000A1200008A1200008A1200008A12000086C
:1000700051170008A1200008A1200008A1200008B5
:10008000A1200008A1200008A1200008A12000084C
:100090006117000871170008A1200008A1200008BE
:1000A000A1200008A1200008A1200008A12000082C
:1000B000A1200008A1200008A1200008A12000081C
:1000C000A1200008A1200008A1200008A12000080C
:1000D000A120000881170008A1200008B96F0008BE
:1000E000A1200008A1200008A12000089117000805
:1000F000A1200008A1200008A1200008A1200008DC
:10010000A1200008A1200008A1200008A1200008CB
:10011000A1200008A1200008A1200008A9170008BC
:10012000A1200008B9170008C9170008A12000087D
:10013000A1200008A1200008A1200008A12000089B
:10014000D9170008E9170008A1200008A12000081D
:10015000A1200008F917000809180008191800085C
:10016000A1200008A1200008A1200008A12000086B
:10017000A1200008A1200008A12000080000000024
:08018000A1200008A1200008E5
:1001C00081F0004102E000BF83F0004330B54FEA08
:1001D00041044FEA430594EA050F08BF90EA020F75
:1001E0001FBF54EA000C55EA020C7FEA645C7FEA08
:1001F000655C00F0E2804FEA5454D4EB5555B8BF2B
:100200006D420CDD2C4480EA020281EA030382EA9B
:10021000000083EA010180EA020281EA0303362D2D
:1002200088BF30BD11F0004F4FEA01314FF4801C00
:100230004CEA113102D0404261EB410113F0004F12
:100240004FEA03334CEA133302D0524263EB4303C9
:1002500094EA050F00F0A780A4F10104D5F1200E67
:100260000DDB02FA0EFC22FA05F2801841F10001C2
:1002700003FA0EF2801843FA05F359410EE0A5F196
:1002800020050EF1200E012A03FA0EFC28BF4CF0C7
:10029000020C43FA05F3C01851EBE37101F000457D
:1002A00007D54FF0000EDCF1000C7EEB00006EEB8A
:1002B0000101B1F5801F1BD3B1F5001F0CD3490814
:1002C0005FEA30004FEA3C0C04F101044FEA44526B
:1002D00012F5800F80F09A80BCF1004F08BF5FEAF2
:1002E000500C50F1000041EB045141EA050130BDD2
:1002F0005FEA4C0C404141EB0101013C28BFB1F5E4
:10030000801FE9D291F0000F04BF01460020B1FA2E
:1003100081F308BF2033A3F10B03B3F120020CDA01
:100320000C3208DD02F1140CC2F10C0201FA0CF0DF
:1003300021FA02F10CE002F11402D8BFC2F1200C44
:1003400001FA02F120FA0CFCDCBF41EA0C019040FA
:10035000E41AA2BF01EB0451294330BD6FEA040443
:100360001F3C1CDA0C340EDC04F11404C4F120022E
:1003700020FA04F001FA02F340EA030021FA04F340
:1003800045EA030130BDC4F10C04C4F1200220FA97
:1003900002F001FA04F340EA0300294630BD21FAD5
:1003A00004F0294630BD94F0000F83F4801306BF9B
:1003B00081F480110134013D4EE77FEA645C18BF8F
:1003C0007FEA655C29D094EA050F08BF90EA020F26
:1003D00005D054EA000C04BF1946104630BD91EA1E
:1003E000030F1EBF0021002030BD5FEA545C05D121
:1003F0004000494128BF41F0004130BD14F5800460
:100400003CBF01F5801130BD01F0004545F0FE41D3
:1004100041F470014FF0000030BD7FEA645C1ABF08
:10042000194610467FEA655C1CBF0B46024650EA3F
:10043000013406BF52EA033591EA030F41F400216B
:1004400030BD00BF90F0000F04BF0021704730B5F1
:100450004FF4806404F132044FF000054FF00001C6
:1004600050E700BF90F0000F04BF0021704730B587
:100470004FF4806404F1320410F0004548BF40425C
:100480004FF000013EE700BF42004FEAE2014FEAB1
:1004900031014FEA02701FBF12F07F4393F07F4F8C
:1004A00081F06051704732F07F4208BF704793F08F
:1004B0007F4F04BF41F40021704730B54FF46074A2
:1004C00001F0004521F000411CE700BF50EA0102A5
:1004D00008BF704730B54FF000050AE050EA01024E
:1004E00008BF704730B511F0004502D5404261EBBE
:1004F00041014FF4806404F132045FEA915C3FF4FF
:10050000D8AE4FF003025FEADC0C18BF03325FEA9B
:10051000DC0C18BF033202EBDC02C2F1200300FA4C
:1005200003FC20FA02F001FA03FE40EA0E0021FA71
:1005300002F11444BDE600BF4FEA4102B2F1E043CC
:1005400024BFB3F5001CDCF1FE5C0DD901F0004CBA
:100550004FEAC0024CEA5070B2F1004F40EB83000A
:1005600008BF20F00100704711F0804F21D113F136
:100570003872BCBF01F00040704741F480114FEA6F
:100580005252C2F11802C2F1200C10FA0CF320FAF8
:1005900002F018BF40F001004FEAC1234FEAD32315
:1005A00003FA0CFC40EA0C0023FA02F34FEA43037F
:1005B000CCE77FEA625307D150EA01331EBF4FF008
:1005C000FE4040F44000704701F0004040F0FE4023
:1005D00040F40000704700BF53B94AB9002908BF72
:1005E00000281CBF4FF0FF314FF0FF3000F00CB877
:1005F000ADF1080C6DE904CE06F09AFDDDF804E0DB
:10060000DDE9022304B07047704700BF844641EA29
:10061000000313F003036DD1403A41D351F8043B7A
:1006200040F8043B51F8043B40F8043B51F8043BCC
:1006300040F8043B51F8043B40F8043B51F8043BBC
:1006400040F8043B51F8043B40F8043B51F8043BAC
:1006500040F8043B51F8043B40F8043B51F8043B9C
:1006600040F8043B51F8043B40F8043B51F8043B8C
:1006700040F8043B51F8043B40F8043B51F8043B7C
:1006800040F8043B51F8043B40F8043B51F8043B6C
:1006900040F8043B51F8043B40F8043B403ABDD2DB
:1006A000303211D351F8043B40F8043B51F8043B7D
:1006B00040F8043B51F8043B40F8043B51F8043B3C
:1006C00040F8043B103AEDD20C3205D351F8043B0C
:1006D00040F8043B043AF9D2043208D0D2071CBFD8
:1006E00011F8013B00F8013B01D30B880380604601
:1006F000704700BF082A13D38B078DD010F0030377
:100700008AD0C3F10403D21ADB071CBF11F8013BE6
:1007100000F8013B80D331F8023B20F8023B7BE735
:10072000043AD9D3013A11F8013B00F8013BF9D260
:100730000B7803704B7843708B78837060467047FA
:1007400001F0FF01102A2BDB10F0070F08D010F882
:10075000013B013A8B422DD010F0070F42B3F6D186
:10076000F0B441EA012141EA014122F007047FF09F
:1007700000070023F0E80256083C85EA010586EAF6
:10078000010685FA47F5A3FA87F586FA47F6A5FA32
:1007900087F68EB9EED1F0BC01F0FF0102F007023E
:1007A00032B110F8013B013A83EA010313B1F8D1E9
:1007B0000020704701387047002D06BF35460338CA
:1007C000073815F0010F07D1013015F4807F02BF03
:1007D000013015F4C03F0130F0BC0138704700BF54
:1007E0000000000000000000000000000000000009
:1007F00000000000000000000000000000000000F9
:1008000030B490F800F020F007016FF0000C10F009
:10081000070491F820F040F048804FF000046FF09A
:100820000700D1E9002391F840F000F1080082FAB6
:100830004CF2A4FA8CF283FA4CF3A2FA8CF34BBB81
:10084000D1E9022382FA4CF200F10800A4FA8CF2FA
:1008500083FA4CF3A2FA8CF3E3B9D1E9042382FAC8
:100860004CF200F10800A4FA8CF283FA4CF3A2FADD
:100870008CF37BB9D1E9062301F1200182FA4CF215
:1008800000F10800A4FA8CF283FA4CF3A2FA8CF37C
:10089000002BC6D0002A04BF04301A4612BAB2FA9E
:1008A00082F200EBD20030BC7047D1E9002304F0A3
:1008B0000305C4F100004FEAC50514F0040F91F8D8
:1008C00040F00CFA05F562EA05021CBF63EA050375
:1008D00062464FF00004AAE770B54FF0FF0C4CF4ED
:1008E000E06C1CEA11541DBF1CEA135594EA0C0F6E
:1008F00095EA0C0F00F0DEF82C4481EA030621EAA9
:100900004C5123EA4C5350EA013518BF52EA0335E3
:1009100041F4801143F4801338D0A0FB02CE4FF095
:100920000005E1FB02E506F00042E0FB03E54FF0C5
:100930000006E1FB03569CF0000F18BF4EF0010EBD
:10094000A4F1FF04B6F5007F64F5407404D25FEAB9
:100950004E0E6D4146EB060642EAC62141EA55516C
:100960004FEAC52040EA5E504FEACE2EB4F1FD0CAE
:1009700088BFBCF5E06F1ED8BEF1004F08BF5FEA2C
:10098000500E50F1000041EB045170BD06F00046DE
:1009900046EA010140EA020081EA0301B4EB5C048B
:1009A000C2BFD4EB0C0541EA045170BD41F4801183
:1009B0004FF0000E013C00F3AB8014F1360FDEBFA8
:1009C000002001F0004170BDC4F10004203C35DA84
:1009D0000C341BDC04F11404C4F1200500FA05F307
:1009E00020FA04F001FA05F240EA020001F00042A8
:1009F00021F0004110EBD37021FA04F642EB06011E
:100A00005EEA430E08BF20EAD37070BDC4F10C0447
:100A1000C4F1200500FA04F320FA05F001FA04F20B
:100A200040EA020001F0004110EBD37041F10001F7
:100A30005EEA430E08BF20EAD37070BDC4F1200502
:100A400000FA05F24EEA020E20FA04F301FA05F26A
:100A500043EA020321FA04F001F0004121FA04F212
:100A600020EA020000EBD3705EEA430E08BF20EAE2
:100A7000D37070BD94F0000F0FD101F0004640001C
:100A800041EB010111F4801F08BF013CF7D041EA9E
:100A9000060195F0000F18BF704703F000465200A2
:100AA00043EB030313F4801F08BF013DF7D043EA73
:100AB0000603704794EA0C0F0CEA135518BF95EA29
:100AC0000C0F0CD050EA410618BF52EA4306D1D1B0
:100AD00081EA030101F000414FF0000070BD50EACF
:100AE000410606BF1046194652EA430619D094EA59
:100AF0000C0F02D150EA013613D195EA0C0F05D143
:100B000052EA03361CBF104619460AD181EA030196
:100B100001F0004141F0FE4141F470014FF000004E
:100B200070BD41F0FE4141F4780170BD70B54FF0E9
:100B3000FF0C4CF4E06C1CEA11541DBF1CEA135569
:100B400094EA0C0F95EA0C0F00F0A7F8A4EB05044B
:100B500081EA030E52EA03354FEA013100F0888042
:100B60004FEA03334FF0805545EA131343EA12630B
:100B70004FEA022245EA111545EA10654FEA0026C0
:100B80000EF000419D4208BF964244F1FD0404F579
:100B9000407402D25B084FEA3202B61A65EB0305D5
:100BA0005B084FEA32024FF480104FF4002CB6EB92
:100BB000020E75EB030E22BFB61A754640EA0C0012
:100BC0005B084FEA3202B6EB020E75EB030E22BF52
:100BD000B61A754640EA5C005B084FEA3202B6EB93
:100BE000020E75EB030E22BFB61A754640EA9C0052
:100BF0005B084FEA3202B6EB020E75EB030E22BF22
:100C0000B61A754640EADC0055EA060E18D04FEADF
:100C1000051545EA16754FEA06164FEAC30343EA7F
:100C200052734FEAC2025FEA1C1CC0D111F4801F4C
:100C30000BD141EA00014FF000004FF0004CB6E745
:100C400011F4801F04BF01430020B4F1FD0C88BFE4
:100C5000BCF5E06F3FF6AFAEB5EB030C04BFB6EBEF
:100C6000020C5FEA500C50F1000041EB045170BDE2
:100C70000EF0004E4EEA113114EB5C04C2BFD4EB0F
:100C80000C0541EA045170BD41F480114FF0000E93
:100C9000013C90E645EA060E8DE60CEA135594EA0F
:100CA0000C0F08BF95EA0C0F3FF43BAF94EA0C0F12
:100CB0000AD150EA01347FF434AF95EA0C0F7FF487
:100CC00025AF104619462CE795EA0C0F06D152EADB
:100CD00003353FF4FDAE1046194622E750EA4106BF
:100CE00018BF52EA43067FF4C5AE50EA41047FF4D0
:100CF0000DAF52EA43057FF4EBAE12E74FF0FF3C35
:100D000006E000BF4FF0010C02E000BF4FF0010C05
:100D10004DF804CD4FEA410C7FEA6C5C4FEA430C7E
:100D200018BF7FEA6C5C1BD001B050EA410C0CBFCD
:100D300052EA430C91EA030F02BF90EA020F00202F
:100D4000704710F1000F91EA030F58BF994208BF96
:100D500090422CBFD8176FEAE37040F00100704753
:100D60004FEA410C7FEA6C5C02D150EA013C07D1AA
:100D70004FEA430C7FEA6C5CD6D152EA033CD3D0F5
:100D80005DF8040B704700BF8446104662468C46EF
:100D90001946634600E000BF01B5FFF7B7FF002822
:100DA00048BF10F1000F01BD4DF808EDFFF7F4FF4B
:100DB0000CBF012000205DF808FB00BF4DF808EDD6
:100DC000FFF7EAFF34BF012000205DF808FB00BFF9
:100DD0004DF808EDFFF7E0FF94BF012000205DF81B
:100DE00008FB00BF4DF808EDFFF7CEFF94BF0120D0
:100DF00000205DF808FB00BF4DF808EDFFF7C4FFC9
:100E000034BF012000205DF808FB00BF4FEA410C11
:100E10007FEA6C5C02D150EA013C0AD14FEA430CF4
:100E20007FEA6C5C02D152EA033C02D14FF0000031
:100E300070474FF0010070474FEA410212F500126F
:100E400015D211D56FF47873B3EB625212D94FEA11
:100E5000C12343F0004343EA505311F0004F23FAFB
:100E600002F018BF404270474FF00000704750EA50
:100E7000013005D111F0004008BF6FF0004070470D
:100E80004FF00000704700BF0348044B834202D07C
:100E9000034B03B1184770476C0700206C07002014
:100EA000000000000548064B1B1AD90F01EBA301F7
:100EB000491002D0034B03B1184770476C0700205C
:100EC0006C0700200000000010B5064C237843B9E1
:100ED000FFF7DAFF044B13B10448AFF3008001239E
:100EE000237010BD7007002000000000E0D600084D
:100EF00008B5054B1BB105490548AFF30080BDE8B7
:100F00000840FFF7CFBF00BF0000000074070020BB
:100F1000E0D6000808B50D480D4B0360032343607D
:100F200000238360C3604FF4102202614FF400126B
:100F30004261037643768376C3760377437701F085
:100F4000DDF800B908BD00F081FAFBE7B807002022
:100F50000064004008B50D480D4B03600323436057
:100F600000238360C3604FF4102202614FF400122B
:100F70004261037643768376C3760377437701F045
:100F8000BDF800B908BD00F061FAFBE7900700204A
:100F90000068004010B58AB00023059306930793BC
:100FA000089309930368454A934204D0444A934204
:100FB0003CD00AB010BD434A136801331360012BC3
:100FC00027D000240194404B1A6B42F008021A63A8
:100FD0001B6B03F008030193019B0323059302227B
:100FE000069208930923099305A9384801F0E4FE05
:100FF00022460521142001F0B3FC142001F0C0FCAE
:1010000022460521152001F0ABFC152001F0B8FCAB
:10101000CFE7002300932C4B1A6C42F000721A6445
:101020001B6C03F000730093009BCAE7002302933C
:10103000254B1A6C42F080621A641B6C03F08063CB
:101040000293029B1F4A136801331360012B28D0BF
:10105000002404941C4B1A6B42F002021A631B6BAF
:1010600003F002030493049B602305930223069379
:10107000032308930923099305A9154801F09CFE51
:1010800022460521402001F06BFC402001F078FC55
:1010900022460521412001F063FC412001F070FC53
:1010A00087E700230393084B1A6C42F000721A641E
:1010B0001B6C03F000730393039BC9E700640040BB
:1010C000006800408C07002000380240000C0240FD
:1010D0000004024010B582B0002400941E4B1A6B2D
:1010E00042F480021A631A6B02F480020092009AA2
:1010F00001941A6B42F400121A631B6B03F4001381
:101100000193019B224605210C2001F029FC0C20B3
:1011100001F036FC22460521392001F021FC39205E
:1011200001F02EFC224605213A2001F019FC3A205C
:1011300001F026FC22460521452001F011FC452046
:1011400001F01EFC22460521462001F009FC462044
:1011500001F016FC02B010BD0038024008B50120B5
:1011600003F0C8FAFBE70000034B0360034B0B607E
:1011700080231360704700BFE0090020E0070020D3
:1011800010B5C0B0504C0DF1E40CA646BEE80F00FF
:10119000ACE80F009EE807008CE80700002139A8A2
:1011A00003F075FA494B18600DF1C80C04F11C0EE0
:1011B000BEE80F00ACE80F009EE807008CE80700CF
:1011C000002132A803F063FA414B18600DF1AC0C1A
:1011D00004F1380EBEE80F00ACE80F009EE80700EF
:1011E0008CE8070000212BA803F051FA394B186056
:1011F0000DF1900C04F1540EBEE80F00ACE80F00A6
:101200009EE807008CE80700002124A803F03FFABD
:10121000314B18600DF1740C04F1700EBEE80F0034
:10122000ACE80F009EE807008CE8070000211DA82D
:1012300003F02DFA294B18600DF1580C04F18C0EB7
:10124000BEE80F00ACE80F009EE807008CE807003E
:10125000002116A803F01BFA214B18600DF13C0C7D
:1012600004F1A80EBEE80F00ACE80F009EE80700EE
:101270008CE8070000210FA803F009FA194B186049
:101280000DF1200C04F1C40EBEE80F00ACE80F0015
:101290009EE807008CE80700002108A803F0F7F992
:1012A000114B18600DF1040CE0340FCCACE80F00CA
:1012B00094E807008CE80700002101A803F0E7F993
:1012C0000A4B186040B010BDF8D60008980B0020FB
:1012D000940B0020900B00208C0B0020880B00202A
:1012E000840B0020800B00207C0B0020780B00205A
:1012F0002DE9F0418EB0002409940A940B940C94CB
:101300000D940194464B1A6B42F002021A631A6B59
:1013100002F002020192019A02941A6B42F040021A
:101320001A631A6B02F040020292029A03941A6B3B
:1013300042F001021A631A6B02F001020392039A4F
:1013400004941A6B42F008021A631A6B02F0080246
:101350000492049A05941A6B42F004021A631A6B01
:1013600002F004020592059A06941A6B42F4807208
:101370001A631A6B02F480720692069A07941A6B2B
:1013800042F080021A631A6B02F080020792079AF9
:1013900008941A6B42F010021A631B6B03F01003DF
:1013A0000893089BDFF8888022464FF4E0514046BE
:1013B00001F0F8FD1B4F01221021384601F0F2FD2B
:1013C000194E01221146304601F0ECFD4FF4E05376
:1013D000099301250A950B940C9409A9404601F044
:1013E000EBFC102309930A950B9502240C9409A990
:1013F000384601F0E1FC302309934FF488130A9337
:101400000B9509A9094801F0D7FC09950A950B9598
:101410000C9409A9304601F0CFFC0EB0BDE8F08174
:101420000038024000000240000402400008024070
:10143000001C024008B50268034B9A4200D008BD68
:1014400000F04AFEFBE700BF0014004072B6FEE762
:1014500000B595B03022002108A806F01BF9002342
:10146000039304930593069307930193204A116C09
:1014700041F080511164126C02F080520192019A85
:1014800002931C4B1A6842F480421A601B6803F4F2
:1014900080430293029B012308934FF48033099306
:1014A00002230E934FF480020F9206221092A8227C
:1014B000119212930423139308A801F083FD98B9A5
:1014C0000F23039302230493002305934FF4A053A7
:1014D00006934FF480530793052103A801F0C2FF40
:1014E00020B915B05DF804FBFFF7B0FFFFF7AEFFC2
:1014F000003802400070004008B500F0D3FDFFF74F
:10150000A7FFFFF7F5FEFFF7E5FD00F01DFC00F07B
:10151000FDFBFFF7FFFCFFF71DFD00F0DDFB00F01A
:10152000C1FA00F051FB00F029F800F0E5F905F0F0
:1015300035FD05F03DFD104B186005F0E3F804F0B3
:1015400035FF04F0B5FA04F0FBFA04F041FB04F0B7
:1015500087FB04F0D1FA04F017FB04F05DFB04F004
:10156000A3FB04F0FFF904F0D9F904F073FDFFF7D1
:1015700007FE03F087F8FEE70C0C002008B50F48C3
:101580000F4B03604FF48273436000238360C3609A
:1015900002220261012242614FF40072826138220C
:1015A000C2610362436283620A23C36202F04EF89F
:1015B00000B908BDFFF74AFFFBE700BF100C002091
:1015C00000300140F0B589B00023039304930593E4
:1015D0000693079302681E4B9A4201D009B0F0BDF2
:1015E0000024009403F584335A6C42F480525A6408
:1015F0005A6C02F480520092009A01941A6B42F0E5
:1016000002021A631A6B02F002020192019A02941A
:101610001A6B42F001021A631B6B03F00103029381
:10162000029B182303930227049703260696052599
:10163000079503A9074801F0BFFB80230393049794
:1016400005940696079503A9034801F0B5FBC5E785
:1016500000300140000402400000024000B583B0A9
:10166000002200920D4B596C41F480415964596C31
:1016700001F48041009100990192196C41F0805170
:1016800019641B6C03F080530193019B0F216FF0D1
:10169000010001F065F903B05DF804FB0038024079
:1016A00030B589B0044600230193214B1A6C42F0F7
:1016B00020021A641B6C03F020030193019B02A912
:1016C00003A801F0A5FF069BCBB901F081FF0346FB
:1016D000184AA2FB03239B0C013B1748174A0260E0
:1016E00040F2E732C260436000230361836083619C
:1016F00002F038FA054630B1284609B030BD01F095
:1017000067FF4300E4E70C4802F0C8F805460028EC
:10171000F2D1372001F034F90F2C01D90125EBE784
:1017200000222146372001F01BF9054B1C60E3E73E
:101730000038024083DE1B43680C00200014004088
:1017400008000020FEE7FEE7FEE7FEE7FEE7704741
:1017500008B5024801F042FA08BD00BF4C0E002057
:1017600008B5024800F07FFF08BD00BFB8070020A1
:1017700008B5024800F077FF08BD00BFB807002099
:1017800008B5024802F036FE08BD00BFFC0F00207D
:1017900008B5034802F0CBF8024802F0C8F808BDCB
:1017A000FC0C0020B40C002008B5024802F0BFF881
:1017B00008BD00BF680C002008B5024801F00EFA11
:1017C00008BD00BF8C0D002008B5024801F006FAE4
:1017D00008BD00BF0C0F002008B5024800F043FF11
:1017E00008BD00BF9007002008B5024800F03BFF8D
:1017F00008BD00BF9007002008B5024801F0EEF9CF
:1018000008BD00BFEC0D002008B5024801F0E6F964
:1018100008BD00BFAC0E002008B5024802F0EAFD8A
:1018200008BD00BF6C0F00200120704708B506F00E
:101830000DF8162303604FF0FF3008BD08B54FF0D8
:10184000FF31FFF7F3FFFEE770B50C4616460025A3
:1018500006E0AFF30080214601F8010B01350C468C
:10186000B542F6DB304670BD70B50C461646002515
:1018700004E014F8010BAFF300800135B542F8DB4A
:10188000304670BD4FF0FF3070474FF400534B604F
:1018900000207047012070470020704710B50346B4
:1018A0000C4A0D490D48006840B10C4800680344DB
:1018B000521A934206D8094A136010BD0748084CD3
:1018C0000460F2E705F0C2FF0C2303604FF0FF3025
:1018D000F3E700BF0000022000040000B00C00206D
:1018E000187B0020034AD2F8883043F47003C2F812
:1018F0008830704700ED00E000B585B0002300930C
:101900000193029303930F480F4A026053224260EF
:10191000836040F2E732C2600361836102F022F922
:1019200050B94FF4805300936946064802F025FAF7
:1019300028B905B05DF804FBFFF788FDF1E7FFF774
:1019400085FDF6E7B40C00200018004000B585B016
:101950000368204A934208D01F4A934212D01F4A7C
:10196000934223D005B05DF804FB002301931C4B88
:101970005A6C42F001025A645B6C03F0010301935C
:10198000019BEFE700220292154B596C41F00201D6
:1019900059645B6C03F002030293029B05212B2028
:1019A00000F0DEFF2B2000F0EBFFDBE700220392CC
:1019B0000B4B196C41F0400119641B6C03F04003A0
:1019C0000393039B05212B2000F0CAFF2B2000F07E
:1019D000D7FFC7E7000001400004014000180040A5
:1019E0000038024070B588B0002303930493059338
:1019F000069307930368254A934204D0244A9342EE
:101A000019D008B070BD00230093224B1A6B42F02E
:101A100010021A631B6B03F010030093009B4FF43A
:101A2000D4430393022304930123079303A91A4881
:101A300001F0C2F9E5E700240194164B1A6B42F459
:101A400080721A631A6B02F480720192019A0294F6
:101A50001A6B42F004021A631B6B03F00403029337
:101A6000029BC0230393022604960325079503A92E
:101A70000A4801F0A1F940230393049605940694C3
:101A8000079503A9064801F097F9BAE7000001405D
:101A900000040140003802400010024000200240D3
:101AA0000008024010B596B00024129413941494C8
:101AB00015941094119409940A940B940C940D9419
:101AC0000E940F942022214601A805F0E3FD3C4826
:101AD0003C4B0360A7234360846044F61F63C360EC
:101AE00004614461846102F03DF800284DD14FF457
:101AF0008053129312A9324802F03FF9002847D1CF
:101B00002F4802F05BF8002845D100231093119371
:101B100010A92B4802F0B0F900283FD160230993A7
:101B20004FF4FA630A9300220B920C920D920E92DC
:101B30000F9209A9224802F0A5F8002831D1042209
:101B400009A91F4802F09EF870BB082209A91C4889
:101B500002F098F858BB0C2209A9194802F092F833
:101B600040BB0023019302930393049305934FF426
:101B700000520692089301A9114802F0C3F9E0B996
:101B80000F48FFF72FFF16B010BDFFF75FFCAEE761
:101B9000FFF75CFCB4E7FFF759FCB6E7FFF756FC2C
:101BA000BCE7FFF753FCCAE7FFF750FCCDE7FFF7B0
:101BB0004DFCD0E7FFF74AFCD3E7FFF747FCDFE730
:101BC000440D00200000014010B596B0002412948E
:101BD0001394149415941094119409940A940B94EA
:101BE0000C940D940E940F942022214601A805F028
:101BF00051FD3748374B0360A7234360846044F6A8
:101C00001F63C36004614461846101F0ABFF00287D
:101C100046D14FF48053129312A92D4802F0ADF82B
:101C2000002840D12A4801F0C9FF00283ED10023F6
:101C30001093119310A9264802F01EF9002838D1FC
:101C4000602309934FF4FA630A9300220B920C92DB
:101C50000D920E920F9209A91D4802F013F858BB7D
:101C6000042209A91A4802F00DF840BB082209A96C
:101C7000174802F007F828BB00230193029303934F
:101C8000049305934FF400520692089301A910485B
:101C900002F038F9C8B90E48FFF7A4FE16B010BD1F
:101CA000FFF7D4FBB5E7FFF7D1FBBBE7FFF7CEFBB0
:101CB000BDE7FFF7CBFBC3E7FFF7C8FBD0E7FFF7B4
:101CC000C5FBD3E7FFF7C2FBD6E7FFF7BFFBE2E7B1
:101CD000FC0C00200004014008B50A480A4B0360D0
:101CE0004FF4E133436000238360C36003610C223F
:101CF00042618361C36102F05AFA00B908BDFFF77F
:101D0000A5FBFBE7FC0F00200010014008B50B48C5
:101D10000B4B03600B4B436000238360C3604FF4A5
:101D200080620261042242618361C36102F03FFA72
:101D300000B908BDFFF78AFBFBE700BFB40F002026
:101D400000480040A086010008B50A480A4B03601D
:101D50004FF4E133436000238360C36003610C22CE
:101D600042618361C36102F022FA00B908BDFFF746
:101D70006DFBFBE76C0F0020001401402DE9F041E2
:101D80008CB0044600230793089309930A930B939E
:101D900003689D4A93420AD09C4A934200F0828095
:101DA0009B4A934200F0C7800CB0BDE8F08100254B
:101DB0000095984B5A6C42F010025A645A6C02F02B
:101DC00010020092009A01951A6B42F002021A6307
:101DD0001A6B02F002020192019A02951A6B42F00C
:101DE00001021A631B6B03F001030293029B802321
:101DF00007934FF00208CDF8208003270A970726A3
:101E00000B9607A9844800F0D7FF4FF4007307939F
:101E1000CDF8208009950A970B9607A97F4800F016
:101E2000CBFF7F487F4B03604FF0006343608560CA
:101E3000C5604FF48063036145618561C5614FF4FE
:101E400000330362456200F005FE28BB744BE36378
:101E50009C637548754B03604FF0006343604023FB
:101E600083600023C3604FF4806202614361836139
:101E7000C3614FF400320262436200F0EBFD70B9BF
:101E8000694BA3639C6300220521252000F068FDB7
:101E9000252000F075FD87E7FFF7D8FAD6E7FFF7B2
:101EA000D5FAEDE7002503955A4B1A6C42F48022CF
:101EB0001A641A6C02F480220392039A04951A6B36
:101EC00042F004021A631B6B03F004030493049BA7
:101ED0004FF4406307930223089303230A930723D5
:101EE0000B9307A9524800F067FF5248524B03601A
:101EF0004FF0006343608560C5604FF48063036109
:101F0000456185614FF48073C3614FF40033036210
:101F1000456200F09FFD58B9464BE3639C63002285
:101F20000521272000F01CFD272000F029FD3BE7BC
:101F3000FFF78CFAF0E700250595364B5A6C42F016
:101F400020025A645A6C02F020020592059A069506
:101F50001A6B42F040021A631B6B03F040030693B6
:101F6000069B4FF4844307930223089303230A93A9
:101F700008230B9307A9314800F01EFF3048314B6E
:101F800003604FF02063436040238360C5604FF4DB
:101F900080630361456185614FF48073C3614FF4D1
:101FA00080330362456200F055FD30BB244BA363D0
:101FB0009C632548254B03604FF02063436000235A
:101FC0008360C3604FF480620261436183614FF4B8
:101FD0008072C2614FF480320262436200F03AFDC7
:101FE00070B9194BE3639C6300220521472000F080
:101FF000B7FC472000F0C4FCD6E6FFF727FAD5E788
:10200000FFF724FAEDE700BF001001400048004050
:102010000014014000380240000402400000024069
:102020000C0F002040640240AC0E0020B864024057
:10203000000802404C0E00202860024000180240B8
:10204000EC0D0020A06402408C0D002028640240AA
:10205000DFF834D0FFF746FC0C480D490D4A002349
:1020600002E0D458C4500433C4188C42F9D30A4A4D
:102070000A4C002301E013600432A242FBD305F0B6
:10208000EBFBFFF739FA7047000002200000002048
:102090006C070020A0DC000870070020147B0020E3
:1020A000FEE7000008B50B4B1A6842F400721A6094
:1020B0001A6842F480621A601A6842F480721A60E8
:1020C000032000F03BFC0F20FFF7EAFAFFF7C6FA07
:1020D000002008BD003C0240034A1168034B1B78F6
:1020E0000B441360704700BF441000200400002020
:1020F000014B1868704700BF44100020002800F012
:10210000A18038B5044690F82030D3B12268136816
:1021100043F001031360FFF7EBFF054623685A689D
:1021200012F0010F10D1FFF7E3FF401B0A28F5D989
:10213000636A43F400336362052384F8203001208E
:1021400038BDFEF727FFE1E71A6822F002021A60A5
:10215000FFF7CEFF054623685A6812F0020F0DD034
:10216000FFF7C6FF401B0A28F5D9636A43F4003322
:102170006362052384F820300120E1E7227E012AF2
:102180003DD01A6822F080021A60637E012B3BD09A
:102190002268136823F040031360A37E012B39D01B
:1021A0002268136823F020031360E37E012B37D0ED
:1021B0002268136843F010031360237F012B35D08E
:1021C0002268136823F008031360637F012B33D068
:1021D0002268136823F004031360A368E2681343C2
:1021E00022691343626913436268013A2168134309
:1021F000CB6100206062012384F82030A0E71A68D8
:1022000042F080021A60C0E72268136843F040037E
:102210001360C2E72268136843F020031360C4E729
:102220002268136823F010031360C6E7226813685E
:1022300043F008031360C8E72268136843F00403FF
:102240001360CAE70120704790F82030013BDBB2F1
:10225000012B05D9436A43F4802343620120704770
:1022600030B5464BD3F8002242F00102C3F80022F9
:10227000D3F8002222F47C52C3F80022D3F80022C3
:10228000486A42EA0022C3F800224A6902F01F02AB
:10229000012000FA02F2D3F81C026FEA020C20EAD5
:1022A0000200C3F81C02CB69C3B9344BD3F80C024B
:1022B0000CEA0000C3F80C028C884869CD6844EA37
:1022C0000544483043F830408C68088840EA0440B0
:1022D0004C6904F1480E03EBCE035860CB69012B27
:1022E0001ED08B69002B33D12448D0F804320CEA7D
:1022F0000303C0F804320B698BBB2048D0F81432BA
:102300000CEA0303C0F814320B6A012B2ED01B4ACF
:10231000D2F8003223F00103C2F80032002030BDB1
:10232000164BD3F80C021043C3F80C028C88486992
:102330000D6844EA0544483043F8304088894C69C8
:102340008D6840EA0540483403EBC4035860C8E791
:102350000A48D0F804321343C0F80432CBE70748E8
:10236000D0F814321343C0F81432CDE70349D1F842
:102370001C321343C1F81C32C9E700BF006400409F
:1023800070B5044690F82050EDB2012D06D0436A96
:1023900043F4002343620125284670BD022380F8E0
:1023A00020300268136823F001031360FFF7A0FEDA
:1023B000064623685B6813F0010F0CD0FFF798FE08
:1023C000831B0A2BF5D9636A43F400336362052348
:1023D00084F82030E0E700256562DDE730B590F84D
:1023E00020C00468A4680CF1FF3C5FFA8CFCBCF1CF
:1023F000010F62D814F0E05F59D0C4F3016C0124DE
:1024000004FA0CF41C608B68002B3DD10D68CB687E
:10241000046843EA45550CF118031B01E5500368B5
:102420000C690CF1180E03EB0E135C600B7D012B95
:1024300035D0D17993791B0443EA0163517943EA9A
:10244000012314790168234301EB0C11C1F88C318D
:10245000D17893781B0443EA0163517843EA01235E
:10246000117802680B4302EB0C12C2F88831026843
:102470000CF1180C4FEA0C1C52F80C3043F001031D
:1024800042F80C3000201DE04C6843EAC403CC68DD
:1024900023430CF11804240105682B51BFE703689E
:1024A00003EB0E13596841F480715960C1E7436A28
:1024B00043F400134362012004E0436A43F48023A1
:1024C0004362012030BD90F820C00CF1FF3C5FFA60
:1024D0008CFCBCF1010F00F2A58030B451B9046846
:1024E000E46814F0030F10D1436A43F4001343620D
:1024F00001207EE00468246914F0030F05D1436ACB
:1025000043F400134362012073E0056801F11B04EA
:1025100024012C5904F004049460002C6BD105684C
:1025200001F11B0424012C59640D1460046801F1AD
:102530001B0C4FEA0C1C54F80C4004F00204D4604D
:102540000468A444DCF8045015F0080F5BD008249C
:102550001461046801F11B0C04EB0C146468C4F3EF
:1025600007249461046804EB0C146468240C54611F
:10257000026802EB0112D2F8B8211A70026802EB6D
:102580000112D2F8B821C2F307225A70026802EB96
:102590000112D2F8B821C2F307429A70026802EB26
:1025A0000112D2F8B821120EDA70026802EB0112A1
:1025B000D2F8BC211A71026802EB0112D2F8BC21D8
:1025C000C2F307225A71026802EB0112D2F8BC2151
:1025D000C2F307429A71026802EB0112D2F8BC21E1
:1025E000120EDA71C1B90268D36843F02003D360D8
:1025F000002030BC7047056801F11B0424012C59F0
:10260000E408546092E701F11B0504EB05146468CB
:1026100004F00F0414619CE70268136943F020037F
:102620001361E5E7436A43F4802343620120704766
:1026300090F82030013BDBB2012B05D9436A43F40B
:102640008023436201207047026853690B43536142
:102650000020704770477047704770477047704759
:102660007047704770472DE9F84F054603685C696D
:10267000D3F804809F68D3F80CA0D3F81090D3F857
:1026800018B014F001063BD017F0010616D0012255
:102690009A6017F0020F08D117F0040F0CD117F051
:1026A000080606D04FF4805608E003F0DBF8002659
:1026B00004E0FFF7CFFF01E04FF4006617F4807FDE
:1026C0000DD02B684FF480729A6017F4007F40F0B1
:1026D000968017F4806F00F0968046F4005617F449
:1026E000803F0DD02B684FF480329A6017F4003F82
:1026F00040F0938017F4802F00F0938046F400465A
:1027000014F0080F07D01AF0100F04D046F400762A
:102710002B681022DA6014F0040F03D01AF0080FAF
:1027200040F0898014F0020F05D02B68DB6813F0AD
:10273000030F40F0878014F0400F07D019F0100FFE
:1027400004D046F480662B6810221A6114F0200F22
:1027500002D019F0080F79D114F0100F04D02B68B3
:102760001B6913F0030F78D114F4003F02D018F066
:10277000100F76D114F4803F02D018F0080F77D1F3
:1027800014F4004F37D018F0040F31D014F4807FC8
:1027900004D01BF0010F01D046F0010614F4007FB5
:1027A00004D01BF0020F01D046F0020614F4806F33
:1027B00004D01BF0040F01D046F0040614F4006F9F
:1027C00016D01BF0700B13D0BBF1400F66D056D85B
:1027D000BBF1200F5CD0BBF1300F5CD0BBF1100F10
:1027E00001D146F008062A68936923F070039361CB
:1027F0002B6804225A60002E56D1BDE8F88F284677
:1028000003F031F86BE717F4006F02D046F480460E
:1028100065E72846FFF71FFF61E7284603F024F825
:102820006EE717F4002F02D046F4803668E728469A
:10283000FFF712FF64E72B680822DA602846FFF7EB
:102840000CFF6FE7284602F053FE74E72B6808225E
:102850001A612846FFF703FF7EE72846FFF7FEFED2
:1028600082E72B6810225A602846FFF7F9FE81E7BD
:102870002B6808225A602846FFF7F3FE80E7BBF179
:10288000500F0ED0BBF1600FADD146F48076AAE7B1
:1028900046F01006A7E746F02006A4E746F04006FB
:1028A000A1E746F080069EE76B6A33436B622846D9
:1028B000FFF7D8FEA1E70000002807DB00F01F02A9
:1028C000400901239340024A42F82030704700BF7C
:1028D00000E100E0002808DB0901C9B200F1604016
:1028E00000F5614080F80013704700F00F00090107
:1028F000C9B2014B1954704714ED00E000B500F067
:102900000700C0F1070CBCF1040F28BF4FF0040C06
:10291000031D062B0FD9C31E4FF0FF3E0EFA0CF01D
:1029200021EA000199400EFA03FE22EA0E0241EA72
:1029300002005DF804FB0023EEE70000074AD368BD
:1029400023F4E0631B041B0C000200F4E06003436B
:1029500043F0BF6343F40033D360704700ED00E001
:1029600010B50446054BD868C0F30220FFF7C6FF38
:1029700001462046FFF7AEFF10BD00BF00ED00E0AE
:1029800008B5FFF799FF08BD10B40368D9B2103934
:102990000A4AA2FB01421209094CA25CC2655F29E6
:1029A00007D96FF3090304338365806D5DF8044B29
:1029B00070476FF309038365F7E700BFABAAAAAAC4
:1029C00040DA0008836A826992B9012B0AD0022B8F
:1029D00002D00BB100207047C36A13F0807F28D16A
:1029E00000207047C36AB3F1C07F24D00020704735
:1029F000B2F5005F09D0022B25D9032B25D1C36A7C
:102A000013F0807F23D100207047032B03D8DFE829
:102A100003F01404140A00207047C36A13F0807F87
:102A20000DD100207047C36AB3F1C07F09D00020E8
:102A30007047012070470120704701207047012036
:102A40007047012070470120704700207047012027
:102A50007047000070B50446FFF74AFB002C5BD0BE
:102A60000546022384F83530002384F83430226888
:102A7000136823F00103136023681A6812F0010F32
:102A80000AD0FFF735FB431B052BF5D920236365DF
:102A9000032084F8350070BD1A682049114062682F
:102AA000A0680243E0680243206902436069024370
:102AB000A0690243E0690243206A02430A43616A53
:102AC00004291ED01A602668756925F00705636A17
:102AD0001D43042B07D1A36A1D43E36A1BB12046A3
:102AE000FFF770FF90B975612046FFF74DFFE26D6B
:102AF0003F239340836000206065012384F83530D4
:102B0000C9E7E16A206B01430A43DBE740236365C1
:102B1000012084F83500BEE70120BCE73F8010F0BB
:102B200070B50446866DFFF7E3FA94F83530DBB2F2
:102B3000022B06D080236365002384F83430012003
:102B400070BD05462268136823F0160313602268DF
:102B5000536923F080035361236CE3B12268136847
:102B600023F0080313602268136823F00103136045
:102B700023681B6813F0010F11D0FFF7B9FA431B4C
:102B8000052BF5D920236365032084F83500002345
:102B900084F83430D4E7A36C002BDFD1E3E7E26D97
:102BA0003F239340B360012384F83530002084F83C
:102BB0003400C5E790F83530DBB2022B03D0802318
:102BC000436501207047052380F83530026813689B
:102BD00023F001031360002070470000F0B583B0BC
:102BE000044600230193724B1D68724BA3FB05350D
:102BF000AD0A876D3E68C26D08239340334210D002
:102C000003681A6812F0040F0BD01A6822F004024D
:102C10001A60C26D08239340BB60436D43F001030B
:102C20004365E26D01239340334209D02268526923
:102C300012F0800F04D0BB60636D43F00203636544
:102C4000E26D04239340334209D02268126812F0E7
:102C5000020F04D0BB60636D43F004036365E26D53
:102C600010239340334224D02268126812F0080FD8
:102C70001FD0BB6023681A6812F4802F0DD01B6828
:102C800013F4002F04D1236C9BB12046984710E029
:102C9000A36C73B1204698470BE01A6812F4807F4A
:102CA00003D11A6822F008021A60236C0BB1204687
:102CB0009847E26D20239340334255D02268126832
:102CC00012F0100F50D0BB6094F83530DBB2052BFA
:102CD0000ED023681A6812F4802F33D01B6813F4C7
:102CE000002F2AD1636C002B3ED0204698473BE052
:102CF0002268136823F0160313602268536923F0D7
:102D000080035361236CA3B12268136823F0080386
:102D10001360E26D3F239340BB60012384F835309C
:102D2000002384F83430236D002B3FD02046984791
:102D30003CE0A36C002BE7D1EBE7E36BA3B12046AB
:102D4000984711E01A6812F4807F09D11A6822F0BE
:102D500010021A60012384F83530002384F83430DF
:102D6000E36B0BB120469847636DFBB1636D13F0C5
:102D7000010F17D0052384F835302268136823F03B
:102D800001031360019B01330193AB4204D8236814
:102D90001B6813F0010FF5D1012384F835300023AF
:102DA00084F83430E36C0BB12046984703B0F0BD93
:102DB00000000020B5814E1B00230F2B00F2E9809C
:102DC00070B582B065E085684FEA430E032404FACB
:102DD0000EF425EA0405CC6804FA0EF42C43846052
:102DE000446824EA02044A68C2F300129A4022436B
:102DF00042605CE0DC08083450F8242003F007054A
:102E0000AD004FF00F0E0EFA05FE22EA0E0E0A6913
:102E1000AA4042EA0E0240F824205CE0072200E0CB
:102E2000002202FA0EF22A4302345A4D45F82420B9
:102E3000594A94686FEA0C0224EA0C054E6816F4AD
:102E4000801F01D04CEA0405534CA560E46802EAF7
:102E500004054E6816F4001F01D04CEA04054E4CE0
:102E6000E560646802EA04054E6816F4003F01D08C
:102E70004CEA0405484C6560246822404D6815F40E
:102E8000803F01D04CEA0402434C226001330F2BF7
:102E90007DD801229A400C6804EA020C32EA04044C
:102EA000F4D14C6804F00304013C012C8BD94A682E
:102EB00002F00302032A09D0C4685D000322AA407D
:102EC00024EA02048A68AA402243C2604A6802F0E7
:102ED0000302022A8ED004684FEA430E032202FA4C
:102EE0000EF224EA02044A6802F0030202FA0EF229
:102EF000224302604A6812F4403FC7D00022019288
:102F0000264A546C44F480445464526C02F4804267
:102F10000192019A9C08A51C1E4A52F8255003F004
:102F2000030E4FEA8E0E0F2202FA0EF225EA020578
:102F30001B4A90423FF474AF02F5806290421AD06F
:102F400002F58062904218D002F58062904216D05D
:102F500002F58062904214D002F58062904212D055
:102F600002F58062904210D002F5806290423FF4F8
:102F700055AF082255E7012253E7022251E7032209
:102F80004FE704224DE705224BE7062249E702B04E
:102F900070BD704700380140003C014000380240DD
:102FA000000002400AB181617047090481617047E5
:102FB000436901EA030221EA030141EA0241816116
:102FC00070470000002800F0E08170B582B0044630
:102FD000036813F0010F3BD09F4B9B6803F00C0379
:102FE000042B2CD09C4B9B6803F00C03082B21D0A6
:102FF0006368B3F5803F4FD0B3F5A02F52D0964B06
:103000001A6822F480321A601A6822F480221A6048
:103010006368002B50D0FFF76BF805468E4B1B689A
:1030200013F4003F14D1FFF763F8401B6428F5D96F
:103030000320B1E1884B5B6813F4800FD8D0864B36
:103040001B6813F4003F03D06368002B00F09F81DE
:10305000236813F0020F54D07F4B9B6813F00C0FC2
:103060003ED07D4B9B6803F00C03082B33D0E36804
:10307000002B68D0794B01221A60FFF739F805461A
:10308000754B1B6813F0020F54D1FFF731F8401B4A
:103090000228F5D903207FE16F4A136843F4803397
:1030A0001360B5E76C4B1A6842F480221A601A6804
:1030B00042F480321A60ABE7FFF71AF80546664B18
:1030C0001B6813F4003FC3D0FFF712F8401B6428BD
:1030D000F5D9032060E1604B5B6813F4800FC6D123
:1030E0005D4B1B6813F0020F03D0E368012B40F027
:1030F0005081594A136823F0F803216943EAC10358
:103100001360236813F0080F42D063696BB3534B0D
:103110000122C3F8802EFEF7EBFF05464E4B5B6F96
:1031200013F0020F34D1FEF7E3FF401B0228F5D95C
:10313000032031E1484A136823F0F803216943EA88
:10314000C1031360DDE7454B00221A60FEF7D0FF94
:103150000546414B1B6813F0020FD2D0FEF7C8FFA3
:10316000401B0228F5D9032016E13C4B0022C3F88E
:10317000802EFEF7BDFF0546374B5B6F13F0020F45
:1031800006D0FEF7B5FF401B0228F5D9032003E166
:10319000236813F0040F77D02F4B1B6C13F0805F64
:1031A00033D1002301932C4B1A6C42F080521A64E5
:1031B0001B6C03F080530193019B0125284B1B6876
:1031C00013F4807F23D0A368012B34D0052B38D093
:1031D000214B1A6F22F001021A671A6F22F00402C3
:1031E0001A67A368002B3DD0FEF782FF06461A4BF4
:1031F0001B6F13F0020F46D1FEF77AFF801B41F2DE
:1032000088339842F3D90320C6E00025D6E7144A54
:10321000136843F480731360FEF76AFF0646104B91
:103220001B6813F4807FCED1FEF762FF801B02285B
:10323000F5D90320B0E0084A136F43F00103136788
:10324000CFE7054B1A6F42F004021A671A6F42F07B
:1032500001021A67C5E700BF00380240000047427C
:1032600000700040FEF744FF0646524B1B6F13F000
:10327000020F08D0FEF73CFF801B41F288339842D2
:10328000F3D9032088E0EDB9A369002B00F0838017
:10329000484A926802F00C02082A51D0022B17D03B
:1032A000454B00221A66FEF723FF0446414B1B687C
:1032B00013F0007F42D0FEF71BFF001B0228F5D958
:1032C000032069E03B4A136C23F080531364DBE76F
:1032D000394B00221A66FEF70BFF0546354B1B687B
:1032E00013F0007F06D0FEF703FF401B0228F5D93C
:1032F000032051E0E369226A1343626A43EA8213BE
:10330000A26A5208013A43EA0243E26A43EA0263CC
:10331000284A5360284B01221A66FEF7E9FE04464C
:10332000244B1B6813F0007F06D1FEF7E1FE001B63
:103330000228F5D903202FE000202DE000202BE00B
:10334000012B2BD01B4B5B6803F48001E269914297
:1033500026D103F03F02216A8A4223D1616A47F6EF
:10336000C0721A40B2EB811F1ED103F44031A26A31
:103370005208013AB1EB024F18D103F07063E26AD0
:10338000B3EB026F14D1002006E00120704701204A
:1033900002E0012000E0002002B070BD0120FBE748
:1033A0000120F9E70120F7E70120F5E70120F3E725
:1033B0000120F1E7003802400000474208B5264BE3
:1033C0009B6803F00C03042B41D0082B41D1224B06
:1033D0005A6802F03F025B6813F4800F12D01E4B54
:1033E0005968C1F388111D480023A1FB0001FDF7B6
:1033F000F3F8194B5B68C3F3014301335B00B0FB87
:10340000F3F008BD144B5868C0F388104FEA401C15
:10341000BCEB000C6EEB0E0E4FEA8E1343EA9C637E
:103420004FEA8C11B1EB0C0163EB0E03DB0043EAB6
:103430005173C90011EB000C43F100039902002302
:103440004FEA8C2041EA9C51FDF7C6F8D1E70348CA
:10345000D7E70348D5E700BF00380240001BB7009C
:103460000024F400002800F09B8070B50D4604464F
:103470004F4B1B6803F007038B4208D2CBB24C4A78
:103480001370136803F007038B4240F08B802368AE
:1034900013F0020F17D013F0040F04D0454A9368BD
:1034A00043F4E0539360236813F0080F04D0414ABB
:1034B000936843F4604393603E4A936823F0F003BB
:1034C000A1680B439360236813F0010F32D0636847
:1034D000012B21D09A1E012A25D9364A126812F0F2
:1034E000020F61D033498A6822F0030213438B60D4
:1034F000FEF7FEFD06462F4B9B6803F00C03626847
:10350000B3EB820F16D0FEF7F3FD801B41F2883338
:103510009842F0D9032042E0264A126812F4003F94
:10352000E0D101203BE0234A126812F0007FD9D19C
:10353000012034E01E4B1B6803F00703AB4207D9A0
:10354000EAB21B4B1A701B6803F00703AB422DD184
:10355000236813F0040F06D0164A936823F4E0534F
:10356000E1680B439360236813F0080F07D0114AFA
:10357000936823F46043216943EAC1039360FFF732
:103580001DFF0C4B9B68C3F303130B4AD35CD8405D
:103590000A4B18600A4B1868FEF782F8002070BDCD
:1035A000012070470120FAE70120F8E70120F6E743
:1035B000003C02400038024030DA000800000020E1
:1035C00008000020014B1868704700BF0000002071
:1035D00008B5FFF7F7FF044B9B68C3F38223034A48
:1035E000D35CD84008BD00BF0038024028DA00088C
:1035F00008B5FFF7E7FF044B9B68C3F34233034A68
:10360000D35CD84008BD00BF0038024028DA00086B
:103610000F2303600B4B9A6802F0030242609A6822
:1036200002F0F00282609A6802F4E052C2609B6885
:10363000DB0803F4E0530361034B1B6803F007034B
:103640000B60704700380240003C024000285AD00E
:1036500010B50446436A33B94368B3F5827F05D099
:103660000023C36102E00023036143610023A362DE
:1036700094F85130002B40D0022384F85130226856
:10368000136823F040031360636803F48273A26835
:1036900002F404421343E26802F400621343226915
:1036A00002F002021343626902F001021343A269AD
:1036B00002F400721343E26902F038021343226AF3
:1036C00002F080021343A26A02F4005221681343FD
:1036D0000B60638B03F00403626A02F0100221683E
:1036E00013434B602268D36923F40063D361002045
:1036F0006065012384F8513010BD84F850302046B5
:10370000FDF760FFB8E701207047000030B4036A9E
:10371000026A22F0010202624268846924F0730C9A
:103720000C6844EA0C0423F0020C8B6843EA0C0397
:10373000114DA84203D005F58065A84205D123F0BC
:103740000803CD682B4323F004030B4DA84203D09C
:1037500005F58065A84207D122F440724D6945EA1B
:10376000020C8A6942EA0C02426084614A68426340
:10377000036230BC704700BF0000014030B4036AF0
:10378000026A22F4807202624268C46924F0730CF7
:103790000C6844EA0C0523F400738C6843EA0423A4
:1037A000114CA04203D004F58064A04206D123F45A
:1037B0000063CC6843EA042323F480630A4CA042EC
:1037C00003D004F58064A04207D122F440524C6932
:1037D00042EA04128C6942EA04124260C5614A68F6
:1037E000C263036230BC70470000014030B4036A1A
:1037F000026A22F4805202624468C26922F4E642FC
:103800000D6842EA052223F400538D6843EA05332C
:10381000094DA84203D005F58065A84204D124F4DF
:1038200080444D6944EA85144460C2614A68026478
:10383000036230BC704700BF0000014010B4036A4F
:10384000046A24F001040462846924F0F00C4CEA58
:10385000021223F00A030B43826103625DF8044BFA
:10386000704710B4036A046A24F010040462846987
:1038700024F4704C4CEA023223F0A00343EA011313
:10388000826103625DF8044B7047836823F0700324
:103890000B4343F0070383607047000090F83D300E
:1038A000DBB2012B37D1022380F83D300268D368A8
:1038B00043F00103D3600368194A934220D0B3F167
:1038C000804F1DD0A2F57C42934219D002F5806250
:1038D000934215D002F58062934211D002F57842EE
:1038E00093420DD002F57052934209D0A2F5943262
:1038F000934205D01A6842F001021A600020704716
:103900009A6802F00702062A07D01A6842F00102FC
:103910001A6000207047012070470020704700BFE8
:10392000000001407047704770477047704770B59E
:1039300004460368DE681D6915F0020F10D016F00A
:10394000020F0DD06FF002021A61012303770368A2
:103950009B6913F0030F5ED0FFF7E6FF0023237788
:1039600015F0040F12D016F0040F0FD023686FF07B
:1039700004021A610223237723689B6913F4407FB2
:103980004FD02046FFF7D0FF0023237715F0080F14
:1039900012D016F0080F0FD023686FF008021A61DA
:1039A000042323772368DB6913F0030F40D02046FC
:1039B000FFF7BAFF0023237715F0100F12D016F08F
:1039C000100F0FD023686FF010021A6108232377BD
:1039D0002368DB6913F4407F31D02046FFF7A4FF52
:1039E0000023237715F0010F02D016F0010F2DD11F
:1039F00015F0800F02D016F0800F2FD115F0400F78
:103A000002D016F0400F31D115F0200F02D016F081
:103A1000200F33D170BDFFF786FF2046FFF785FFEB
:103A20009CE72046FFF77FFF2046FFF77EFFABE7CE
:103A30002046FFF778FF2046FFF777FFBAE72046DA
:103A4000FFF771FF2046FFF770FFC9E723686FF0AB
:103A500001021A612046FDF7EDFCC9E723686FF00B
:103A600080021A61204600F077FAC7E723686FF0FA
:103A700040021A612046FFF759FFC5E723686FF03F
:103A800020021A61204600F066FAC3E70368344A50
:103A9000904212D0B0F1804F0FD0A2F57C429042FC
:103AA0000BD002F58062904207D002F5806290420E
:103AB00003D002F57842904203D123F070034A68A4
:103AC0001343274A90422AD0B0F1804F27D0A2F565
:103AD0007C42904223D002F5806290421FD002F5D2
:103AE000806290421BD002F57842904217D002F5D6
:103AF0007052904213D002F5806290420FD002F5CE
:103B0000806290420BD0A2F59832904207D002F525
:103B10008062904203D002F58062904203D123F488
:103B20004073CA68134323F080034A691343036058
:103B30008B68C3620B688362094B984203D003F51C
:103B40008063984201D10B690363012343610369D8
:103B500013F0010F03D0036923F0010303617047E1
:103B60000000014040B310B5044690F83D30F3B179
:103B7000022384F83D30214651F8040BFFF786FFFD
:103B8000012384F8463084F83E3084F83F3084F8CE
:103B9000403084F8413084F8423084F8433084F86F
:103BA000443084F8453084F83D30002010BD80F862
:103BB0003C30FDF7CBFEDBE70120704740B310B58A
:103BC000044690F83D30F3B1022384F83D3021469D
:103BD00051F8040BFFF75AFF012384F8463084F8AC
:103BE0003E3084F83F3084F8403084F8413084F827
:103BF000423084F8433084F8443084F8453084F807
:103C00003D30002010BD80F83C30FFF78BFEDBE735
:103C10000120704730B4036A026A22F01002026287
:103C20004468826922F4E6420D6842EA052223F0E4
:103C300020038D6843EA0513114DA84203D005F512
:103C40008065A84206D123F08003CD6843EA0513BE
:103C500023F040030A4DA84203D005F58065A84231
:103C600007D124F440644D6944EA85048D6944EA2F
:103C70008504446082614A688263036230BC704795
:103C80000000014038B590F83C30012B66D0044666
:103C90000D46012380F83C300C2A5AD8DFE802F0A8
:103CA000075959591B5959593059595944000068F5
:103CB000FFF72CFD2268936943F0080393612268A3
:103CC000936923F0040393612268936929690B4384
:103CD000936100203EE00068FFF79CFF2268936933
:103CE00043F4006393612268936923F480639361D2
:103CF00022689369296943EA01239361002029E03E
:103D00000068FFF73BFD2268D36943F00803D361E5
:103D10002268D36923F00403D3612268D369296937
:103D20000B43D361002015E00068FFF75FFD2268B8
:103D3000D36943F40063D3612268D36923F48063B9
:103D4000D3612268D369296943EA0123D361002042
:103D500000E00120002384F83C3038BD0220FCE75D
:103D600010B4846824F47F4C42EA03220A4342EAF6
:103D70000C0282605DF8044B704790F83C30012BD8
:103D800078D010B50446012380F83C30022380F837
:103D90003D300268936823F47F4323F077039360F8
:103DA0000B68602B4CD023D8402B54D011D8202B3B
:103DB00003D00AD80BB1102B05D119462068FFF7A4
:103DC00064FD002028E0012026E0302BF5D0012002
:103DD00022E0502B0AD1CA6849680068FFF72EFD1F
:103DE00050212068FFF751FD002015E0012013E06D
:103DF000B3F5805F3AD0B3F5005F14D0702B37D1A4
:103E0000CB684A6889680068FFF7AAFF2268936850
:103E100043F0770393600020012384F83D300023B2
:103E200084F83C3010BDCB684A6889680068FFF7A9
:103E300097FF2268936843F4804393600020EBE788
:103E4000CA6849680068FFF70CFD60212068FFF729
:103E50001CFD0020E0E7CA6849680068FFF7EEFC37
:103E600040212068FFF711FD0020D5E70020D3E7AF
:103E70000120D1E70220704790F83C20012A3DD074
:103E800010B40346012280F83C20022280F83D2035
:103E900002685068946820F0700C086840EA0C00D2
:103EA00050601A68164882421AD0B2F1804F17D07B
:103EB000A0F57C40824213D000F5806082420FD092
:103EC00000F5806082420BD000F57840824207D036
:103ED00000F57050824203D0A0F59430824204D1A4
:103EE00024F08004496821439160012283F83D2039
:103EF000002083F83C005DF8044B704702207047B7
:103F000000000140024690F83C30012B21D00123F3
:103F100080F83C30CB6823F440738868034323F473
:103F200080634868034323F400630868034323F471
:103F300080530869034323F400534869034323F47F
:103F40008043C9690B4311684B64002082F83C0030
:103F500070470220704770477047026802F10C03F7
:103F600053E8003F23F490730C3242E800310029FB
:103F7000F3D1026802F1140353E8003F23F0010378
:103F8000143242E800310029F3D1036B012B05D034
:103F9000202380F84230002303637047026802F157
:103FA0000C0353E8003F23F010030C3242E80031C9
:103FB0000029F3D1ECE790F84130DBB2212B01D09E
:103FC000022070478368B3F5805F17D0036A5A1CDC
:103FD00002621A7803685A60C38C9BB2013B9BB2A1
:103FE000C3844BB90268D36823F08003D3600268AE
:103FF000D36843F04003D360002070470369002B6F
:10400000E4D1036A1B880268C3F308035360036AA0
:1040100002330362E0E7000010B50446026813694A
:1040200023F44053C1680B431361836802691A4348
:1040300043691A43C3691A430168CB6823F41643E2
:1040400023F00C031343CB600268536923F44073DD
:1040500081690B4353610368314A934206D002F5EC
:104060008062934202D0FFF7B3FA01E0FFF7C0FA93
:10407000E369B3F5004F29D00021031849411B180B
:1040800041F10001C90041EA5371DB00181863686F
:104090004FEA83024FEA937341F10001FCF79CFA67
:1040A000204AA2FB00314909642303FB11031B01D1
:1040B0003233A2FB03235B0903F0F00202EB01128F
:1040C00003F00F03216813448B6010BD0023021816
:1040D00043EB0301121841F10001C90041EA52719A
:1040E000D200101841F10001626892185B41FCF7A0
:1040F00073FA0C4AA2FB00314909642303FB110344
:10410000DB003233A2FB03235B095A0002F4F8728E
:1041100002EB011203F00703216813448B60D4E71C
:10412000001001401F85EB512DE9F04383B0054697
:104130000E4617469946DDF828802B681C6836EA3B
:1041400004040CBF01240024BC4228D1B8F1FF3F75
:10415000F3D0FDF7CDFFA0EB0900404523D8B8F11F
:10416000000F22D02B68DA6812F0040FE5D0802E01
:10417000E3D0402EE1D01A6812F0080FDDD0002401
:1041800001941A6801925B680193019B2846FFF72E
:10419000E4FE08236B6485F84040012000E0002025
:1041A00003B0BDE8F0830320FAE70320F8E760B32B
:1041B00010B5044690F8413013B3242384F84130FD
:1041C0002268D36823F40053D3602046FFF724FF0E
:1041D0002268136923F4904313612268536923F022
:1041E0002A0353612268D36843F40053D36000204C
:1041F0006064202384F8413084F84230606310BD4D
:1042000080F84030FDF7BAFDD7E7012070472DE96F
:10421000F04182B01E4690F84130DBB2202B56D1DF
:1042200004460D469046002955D00AB901204FE0BA
:1042300000234364212380F84130FDF759FF0746EE
:10424000A4F82480A4F82680A368B3F5805F02D088
:104250004FF0000814E023692BB34FF000080FE083
:10426000202384F84130032032E038F8023B2268F2
:10427000C3F308035360E28C92B2013A92B2E28433
:10428000E38C9BB293B100963B46002280212046EE
:10429000FFF74AFF0028E3D1002DE6D015F8012BE7
:1042A00023685A60E7E7A8460025E9E700963B4601
:1042B000002240212046FFF737FF18B9202384F859
:1042C000413005E0202384F84130032000E0022043
:1042D00002B0BDE8F0810120FAE7704708B5016837
:1042E000CA6822F04002CA60202280F84120FFF70D
:1042F000F4FF002008BD7047704708B5806B0023AD
:10430000C385C384FFF7F8FF08BD704790F84230BB
:10431000DBB2222B69D18368B3F5805F4FD0826A0C
:10432000B3F5805F04D0002B56D10369002B53D125
:1043300003685B681370836A01338362C38D9BB229
:10434000013B9BB2C385002B51D100B583B00268FD
:10435000D36823F02003D3600268D36823F480730A
:10436000D3600268536923F001035361202380F86E
:10437000423000234363036B012B33D100230363DB
:10438000026802F10C0353E8003F23F010030C32E3
:1043900042E800310029F3D103681A6812F0100FC7
:1043A00006D0002201921A6801925B680193019B7A
:1043B000818DFFF7AAFF002003B05DF804FB0269BE
:1043C000002AACD1826A03685B68C3F308031380D8
:1043D000836A02338362B1E703685B6803F07F039B
:1043E0001370A8E7FFF787FFE5E70220704700207A
:1043F0007047000010B582B0044602681368D068A8
:10440000516913F00F0F09D113F0200F0CD010F0E9
:10441000200F09D02046FFF779FF16E011F00101C7
:1044200015D110F4907F12D1216B012979D013F0AE
:10443000800F03D010F0800F40F0148113F0400F74
:1044400003D010F0400F40F0118102B010BD13F006
:10445000010F06D010F4807F03D0626C42F001029D
:10446000626413F0040F04D019B1626C42F00202CE
:10447000626413F0020F04D019B1626C42F00402BE
:10448000626413F0080F07D010F0200F00D119B1AB
:10449000626C42F008026264626C002AD5D013F0AC
:1044A000200F02D010F0200F29D123685B6903F0A0
:1044B0004003626C12F0080F00D163B32046FFF78F
:1044C0004CFD23685B6913F0400F20D0226802F195
:1044D000140353E8003F23F04003143242E8003154
:1044E0000029F3D1E36B73B1624A1A65E06BFEF702
:1044F00061FB0028A9D0E06B036D9847A5E7204633
:10450000FFF704FFD1E72046FFF7F6FE9DE72046C0
:10451000FFF7F2FE99E72046FFF7EEFE0023636403
:1045200093E713F0100F82D010F0100F3FF47FAF1D
:10453000002301931368019353680193019B53690E
:1045400013F0400F52D0E26B13685B689BB2002BF4
:104550003FF47BAFA18D99427FF677AFE385D369B6
:10456000B3F5807F37D0226802F10C0353E8003F97
:1045700023F480730C3242E800310029F3D1226821
:1045800002F1140353E8003F23F00103143242E820
:1045900000310029F3D1226802F1140353E8003FEF
:1045A00023F04003143242E800310029F3D12023E4
:1045B00084F8423000232363226802F10C0353E89D
:1045C000003F23F010030C3242E800310029F3D100
:1045D000E06BFEF7A5FA02236363A18DE38D9BB226
:1045E000C91A89B22046FFF790FE2EE7A18DE38D10
:1045F0009BB2C91A89B2E38D9BB2002B3FF425AF61
:1046000000293FF422AF226802F10C0353E8003F77
:1046100023F490730C3242E800300028F3D1226872
:1046200002F1140353E8003F23F00103143242E87F
:1046300000300028F3D1202384F842300023236384
:10464000226802F10C0353E8003F23F010030C3200
:1046500042E800300028F3D1022363632046FFF7CD
:1046600054FEF2E62046FFF7A6FCEEE62046FFF7F2
:1046700035FEEAE6FB420008842801D0033070478B
:104680000020704708B500F069FD002008BD2DE945
:10469000F04387B00E464469C4B18569B5B1476837
:1046A000D0F80080D0F81090B0F90800FFF7E4FFD0
:1046B00002950194009033464A464146384600F040
:1046C000DDFC0590059807B0BDE8F08344680568F7
:1046D0000769B0F90800FFF7CFFF05AB0193009021
:1046E0003346BAB22946204600F005FD0128E9D03C
:1046F0000020E8E708B500B9012000F081FE0020A5
:1047000008BD00F1080343604FF0FF328260C360D0
:10471000036100230360704700230361704743680F
:104720004B609A688A605160996008610368013340
:104730000360704730B40D68B5F1FF3F11D000F150
:1047400008031C465B681A68AA42FAD963684B6082
:1047500099608C606160086103680133036030BC5C
:1047600070470469F2E70369416882688A604168BA
:1047700051605A68824206D0002202611A68013AEA
:104780001A601868704782685A60F5E782B00023A3
:1047900001930D4B1B68B3F1FF3F08D04FF050035E
:1047A00083F31188BFF36F8FBFF34F8FFEE74FF096
:1047B000500383F31188BFF36F8FBFF34F8F019BBB
:1047C000002BFCD002B070470C00002008480068A5
:1047D000006880F308884FF0000080F3148862B608
:1047E00061B6BFF34F8FBFF36F8F00DF00BF0000D4
:1047F00008ED00E0DFF80C00016841F47001016091
:104800007047000088ED00E04FF0807340F8043CF2
:1048100021F0010140F8081C054B40F80C3C40F821
:10482000202C6FF0020340F8243C4438704700BF4E
:104830008D4700080000000000000000000000009C
:10484000074B19680868B0E8F04F80F30988BFF398
:104850006F8F4FF0000080F311887047AFF3008036
:10486000987100204FF0500383F31188BFF36F8FCE
:10487000BFF34F8F0B4A136801331360012B00D035
:1048800070474FF0E023D3F8043D13F0FF0FF7D04B
:104890004FF0500383F31188BFF36F8FBFF34F8F37
:1048A000FEE700BF0C000020094B1B6843B94FF026
:1048B000500383F31188BFF36F8FBFF34F8FFEE771
:1048C000013B034A13600BB983F31188704700BFA3
:1048D0000C000020000000000000000000000000AC
:1048E000EFF30980BFF36F8F154B1A681EF0100F9E
:1048F00008BF20ED108A20E9F04F10602DE9090073
:104900004FF0500080F31188BFF34F8FBFF36F8FCC
:1049100000F09CFD4FF0000080F3118809BC19687D
:104920000868B0E8F04F1EF0100F08BFB0EC108A16
:1049300080F30988BFF36F8F704700BFAFF300802B
:104940009871002008B54FF0500383F31188BFF32E
:104950006F8FBFF34F8F00F04BFC28B14FF0E02377
:104960004FF08052C3F8042D002383F3118808BD53
:104970004FF0E022002313619361054B1B6805494A
:10498000A1FB03139B09013B53610723136170478C
:1049900000000020D34D62104FF0E023D3F8002D2B
:1049A0003D4B9A421CD04FF0E023D3F8002D3B4BF7
:1049B0009A421ED030B583B0394B1A78D2B20192E8
:1049C000FF221A701B78DBB28DF803309DF803309C
:1049D00003F05003334A1370334B07221A601BE075
:1049E0004FF0500383F31188BFF36F8FBFF34F8FE6
:1049F000FEE74FF0500383F31188BFF36F8FBFF3CF
:104A00004F8FFEE7284A1368013B13609DF803307F
:104A10005B00DBB28DF803309DF8033013F0800F9C
:104A2000F0D1214B1B68032B08D04FF0500383F3C8
:104A30001188BFF36F8FBFF34F8FFEE71B021A4A37
:104A4000136003F4E0631360019BDBB2144A13703C
:104A50004FF0E024D4F8203D43F47003C4F8203D27
:104A6000D4F8203D43F07043C4F8203DFFF780FFA9
:104A700000250E4B1D60FFF7BDFED4F8343F43F018
:104A80004043C4F8343FFFF7A1FE00F0DFFCFFF71E
:104A90007DFE284603B030BD71C20F4170C20F4188
:104AA00000E400E04C100020481000200C00002022
:104AB000124A12F0070F1ED0D11D21F00701C1F5D7
:104AC000C04313440A460E4802600021416013446B
:104AD000083B23F007030B48036059601960991ADB
:104AE00051601360084B1960084B1960084B4FF078
:104AF00000421A6070474FF4C043E4E77010002092
:104B000068100020641000205C100020601000205D
:104B100050100020164B1A461B688342FBD3516885
:104B200002EB010C844509D0416800EB010C6345A0
:104B300009D00360904219D010607047406801446A
:104B400051601046F0E710B40A4C2468A3420BD021
:104B50005B681944416013681B680360904200D091
:104B600010605DF8044B70470460F7E7704700BFC2
:104B7000681000206410002038B5044600F030FBB7
:104B8000384B1B68B3B1384B1B681C4250D1002C0A
:104B900050D004F1080214F0070F02D022F00702EF
:104BA0000832002A55D0314B1B68934253D3304909
:104BB0000C6804E0FFF77CFFE5E721461C466368CC
:104BC000934202D22368002BF7D1264B1B68A342E5
:104BD00043D00D68083523680B6063689B1A102B5F
:104BE00010D9A01810F0070F08D04FF0500383F32E
:104BF0001188BFF36F8FBFF34F8FFEE74360626092
:104C0000FFF788FF626819490B689B1A0B60194906
:104C100009688B4201D217490B60134B1B68134381
:104C2000636000232360144A13680133136002E0B9
:104C3000002500E0002500F067FB15F0070F0ED0FF
:104C40004FF0500383F31188BFF36F8FBFF34F8F83
:104C5000FEE70025EFE70025EDE70025EBE7284616
:104C600038BD00BF641000205010002060100020EC
:104C7000681000205C10002058100020002834D05C
:104C800038B50446A0F1080550F8043C174A1268EC
:104C9000134208D14FF0500383F31188BFF36F8F95
:104CA000BFF34F8FFEE750F8081C41B14FF050039F
:104CB00083F31188BFF36F8FBFF34F8FFEE723EAB3
:104CC000020340F8043C00F08BFA54F8041C084A34
:104CD00013680B4413602846FFF71CFF054A13684E
:104CE0000133136000F010FB38BD704750100020F6
:104CF0006010002054100020084B1B681B6823B96B
:104D0000074B4FF0FF321A607047044B1B68DB689B
:104D1000DB685A68024B1A60704700BFE0700020E1
:104D2000787000202DE9F04707469846089DDDF889
:104D300024900A9C266B02F18042013A06EB82061F
:104D400026F00706002964D008464FF0000CBCF19D
:104D50000F0F09D810F80C2004EB0C0383F8342053
:104D600012B10CF1010CF2E7002384F84330062D58
:104D700000D90625E56265644FF0000AC4F848A032
:104D8000201DFFF7C9FC04F11800FFF7C5FC2461E2
:104D9000C5F10705A5616462C4F890A184F894A1E7
:104DA0004FF4A072514604F1500002F073FC1B4B0B
:104DB000636503F16802A265D033E3650122002335
:104DC000C4E93A2343F20E33A4F8F0304AF6CD3367
:104DD000A4F8F23041F23423A4F8F4304EF26D63BB
:104DE000A4F8F6304DF6EC63A4F8F8300523A4F8E7
:104DF000FA300B23A4F8FC30424639463046FFF720
:104E000003FD2060B9F1000F01D0C9F80040BDE8F2
:104E1000F087002384F83430A9E700BF0078002031
:104E200038B5002407E004EB840293000E481844D0
:104E3000FFF767FC0134062CF5D90C4D2846FFF727
:104E400060FC0B4C2046FFF75CFC0A48FFF759FC5E
:104E50000948FFF756FC0948FFF753FC084B1D6053
:104E6000084B1C6038BD00BF0C710020F87000209A
:104E7000E4700020C8700020B47000209C700020F6
:104E8000E0700020DC70002010B50446FFF7EAFC5B
:104E9000214A136801331360204B1B685BB1204B20
:104EA0001B686BB91D4B1B68DA6AE36A9A4207D824
:104EB0001A4B1C6004E0194B1C601368012B28D0AE
:104EC000184A136801331360E06A01238340164ACD
:104ED00011680B43136000EB8000211D134B03EBA3
:104EE0008000FFF71CFCFFF7DFFC0D4B1B687BB15C
:104EF0000A4B1B68DA6AE36A9A4209D24FF0E02350
:104F00004FF08052C3F8042DBFF34F8FBFF36F8F64
:104F100010BDFFF785FFD3E798700020987100203F
:104F20008C7000207C700020907000200C7100209C
:104F300010B50446503002F011FC94F8953163B17D
:104F4000012B11D0022B0ED04FF0500383F31188A8
:104F5000BFF36F8FBFF34F8FFEE7206BFFF78EFE1F
:104F60002046FFF78BFE10BD2046FFF787FEFAE7CD
:104F70000F4B1B68D3B110B5FFF774FC0D4BDB680A
:104F8000DC68201DFFF7EFFB0B4A1368013B136041
:104F9000074A1368013B1360FFF786FC2046FFF7C2
:104FA000C7FF034B1B68002BE6D110BD704700BF45
:104FB000B0700020B47000209870002008B5FFF792
:104FC000D7FF074B1B68012BF9D94FF0E0234FF0B7
:104FD0008052C3F8042DBFF34F8FBFF36F8FEEE7FE
:104FE0000C71002070B504460D461D4B1E681D4B0C
:104FF00018680430FFF7B7FB48B91A4B1B68DB6A27
:1050000001229A4018490B6823EA02030B60B4F1AD
:10501000FF3F0DD03444134B1B685C60A64210D98F
:10502000124B18680F4B19680431FFF783FB70BDF2
:10503000002DEFD00B4B196804310D48FFF76FFBC3
:10504000F5E70C4B1868074B19680431FFF772FB42
:10505000094B1B68A342EAD9074B1C60E7E700BF76
:10506000947000209871002090700020DC70002067
:105070009C700020E07000207870002030B587B070
:105080000B9C8CB10C9DC5B14FF4CC750495049D5F
:10509000B5F5CC7F1AD04FF0500383F31188BFF3DE
:1050A0006F8FBFF34F8FFEE74FF0500383F31188EC
:1050B000BFF36F8FBFF34F8FFEE74FF0500383F3C3
:1050C0001188BFF36F8FBFF34F8FFEE7049D0C9DD8
:1050D0002C63022485F8954100240394029505ACC5
:1050E00001940A9C0094FFF71DFE0C98FFF7CCFE7C
:1050F000059807B030BD2DE9F04385B007468846D6
:1051000014461E469000FFF737FD10B381464FF45A
:10511000CC70FFF731FD0546A8B1C0F830900023F0
:1051200080F89531039302900D9B01930C9B0093A3
:105130003346224641463846FFF7F4FD2846FFF73E
:10514000A3FE012007E04846FFF798FD4FF0FF302F
:1051500001E04FF0FF3005B0BDE8F08310B588B036
:1051600000240594069407AA06A905A8FBF7FCFFEE
:10517000059B0293069B019300942346079A1049CE
:105180001048FFF77BFF104B1860B8B14FF0500389
:1051900083F31188BFF36F8FBFF34F8F0B4B1B68E7
:1051A00050330B4A13600B4B4FF0FF321A600A4B1F
:1051B00001221A60094B1C60FFF7EEFB08B010BD1E
:1051C00064D80008BD4F000874700020987100205A
:1051D000A0000020787000208C70002094700020C7
:1051E000024A136801331360704700BF70700020DB
:1051F000F8B53A4B1B68002B69D1394B1D68013556
:105200001D60C5B9374B1B681B6843B14FF0500395
:1052100083F31188BFF36F8FBFF34F8FFEE7314ADF
:105220001168314B186810601960304A13680133F7
:105230001360FFF761FD2E4B1B68AB423DD9002781
:105240002C4B1B68DB6A03EB83039A002A4B9B58A9
:10525000012B00D90127294B1B68002B3CD00127CB
:105260003AE001271F4B1B681B6843B31D4B1B68AB
:10527000DB68DC6863689D4226D3261D3046FFF755
:1052800072FAA36A1BB104F11800FFF76CFAE36A23
:1052900001229A401A49086802430A6003EB83031B
:1052A0009A00314614481044FFF739FAE26A114B6C
:1052B0001B68DB6A9A42D4D2D4E70027D2E70C4BB2
:1052C0004FF0FF321A60BBE7094A1360B8E70D4A96
:1052D00013680133136000273846F8BD7070002052
:1052E00094700020E0700020DC70002080700020AE
:1052F00078700020987100200C71002084700020CC
:10530000907000208870002038B5354B1B6843B979
:105310004FF0500383F31188BFF36F8FBFF34F8FAC
:10532000FEE7FFF79FFA2E4B1A68013A1A601B68D6
:10533000002B4FD12B4B1B680BB900244BE00024F2
:10534000294B1B681BB3284BDB68DC6804F1180091
:10535000FFF709FA251D2846FFF705FAE06A012341
:105360008340224A11680B43136000EB80002946FA
:105370001F4B03EB8000FFF7D2F9E26A1D4B1B685D
:10538000DB6A9A42DCD31C4B01221A60D8E70CB1CD
:10539000FFF7B2FC194B1C6884B9174B1C68D4B1D9
:1053A0004FF0E0234FF08052C3F8042DBFF34F8F2E
:1053B000BFF36F8F01240EE0013C07D0FFF718FF09
:1053C0000028F9D00C4B01221A60F5E70B4B0022A4
:1053D0001A60E2E70024FFF767FA204638BD00BFF5
:1053E0007070002098700020C8700020907000201D
:1053F0000C710020987100208470002088700020BB
:1054000010B5A8B10446104B1B6843B14FF05003D0
:1054100083F31188BFF36F8FBFF34F8FFEE7FFF762
:10542000DFFE00212046FFF7DDFDFFF76DFF48B9E5
:105430004FF0E0234FF08052C3F8042DBFF34F8F9D
:10544000BFF36F8F10BD00BF70700020224B1B6830
:105450001BB1224B01221A607047204B00221A60B8
:105460001F4B1B68B3FA83F3DBB2C3F11F0303EBDB
:1054700083018A001B498A5842B94FF0500383F3D5
:105480001188BFF36F8FBFF34F8FFEE7154803EB13
:1054900083018A00024451684968516003EB830C20
:1054A0004FEA8C020832024491420DD003EB830391
:1054B0009A000C4B13445B68DA680B4B1A601B684C
:1054C00050330A4A13607047486862469100054AA3
:1054D0000A445060EAE700BF70700020847000202A
:1054E000907000200C71002098710020A000002016
:1054F00070B58AB0CD4B984205D0CD4B984200F0A4
:1055000059810AB070BD01AB03AA0021FCF7DBFF93
:10551000039B142B0AD8112BF3D3113B032BF0D888
:10552000DFE813F030007600BC000201A3F2012294
:10553000062AE6D8013BDBB2BE4A1370BE4903EB34
:10554000830201EB420031F9124004819DF80450BE
:105550009DF8054044EA052421F812409DF80620F4
:10556000120212B29DF80740224342809DF80820A3
:10557000120212B29DF80940224382809DF80A204F
:105580008271BEE79DF80430AC4D1B096B719DF82C
:1055900005009DF806209DF807109DF808301E09AB
:1055A00046EA01161C0204F470649DF809301C439D
:1055B0001021F2EE090ABAEE090A42EA002001F0CF
:1055C00071FA85ED030A0C21DFED9D0A9FED9D0A1E
:1055D000304601F067FA85ED040A0C21DFED9A0AE6
:1055E0009FED9A0A204601F05DFA85ED050A9DF8C7
:1055F0000A3007EE903AF8EE677AC5ED067A9DF824
:105600000B3007EE903AF8EE677AC5ED077A78E747
:105610009DF804308E4D1B096B719DF805009DF8B7
:1056200006209DF807109DF808301E0946EA01166D
:105630001C0204F470649DF809301C431021F2EE42
:10564000090ABAEE090A42EA002001F02BFA85EDB8
:10565000030A0C21DFED7A0A9FED7A0A304601F049
:1056600021FA85ED040A0C21DFED770A9FED770A18
:10567000204601F017FA85ED050A9DF80A3007EE7D
:10568000903AF8EE677AC5ED067A9DF80B3007EE92
:10569000903AF8EE677AC5ED077A32E79DF8043064
:1056A0006C4D1B096B719DF805009DF806209DF857
:1056B00007109DF808301E0946EA01161C0204F482
:1056C00070649DF809301C431021F2EE090ABAEE0D
:1056D000090A42EA002001F0E5F985ED030A0C21F0
:1056E000DFED570A9FED570A304601F0DBF985EDF3
:1056F000040A0C21DFED540A9FED540A204601F004
:10570000D1F985ED050A9DF80A3007EE903AF8EEDA
:10571000677AC5ED067A9DF80B3007EE903AF8EE01
:10572000677AC5ED077AECE69DF804304A4D1B090F
:105730006B719DF805009DF806209DF807109DF8F7
:1057400008301E0946EA01161C0204F470649DF834
:1057500009301C431021F2EE090ABAEE090A42EAA6
:10576000002001F09FF985ED030A0C21DFED340ADA
:105770009FED340A304601F095F985ED040A0C21BD
:10578000DFED310A9FED310A204601F08BF985EDFE
:10579000050A9DF80A3007EE903AF8EE677AC5EDF3
:1057A000067A9DF80B3007EE903AF8EE677AC5ED71
:1057B000077AA6E601AB03AA0021FCF784FE039B4F
:1057C000BC2B2ED0FFF49DAEA3F20122062A3FF699
:1057D00098AE013BDBB2214A1370214903EB8302EF
:1057E00001EB420031F9124004819DF804509DF80C
:1057F000054044EA052421F812409DF806201202D3
:1058000012B29DF80740224342809DF80820120200
:1058100012B29DF80940224382809DF80A208271CD
:105820006FE601A800F066FD6BE600BFB807002038
:10583000900700209D7100200872002068760020EB
:1058400000003442000034C200005842000058C238
:105850003876002008760020D87500209C71002042
:10586000C0710020704770477047000010B582B0CB
:105870008E4694460F494FF400720A6000228A60F7
:10588000CA6008220A610C4A0412147050704FEA70
:105890002E20907082F803E04FEA2C20107182F8DD
:1058A00005C018129071D37101AB0448FCF796FD46
:1058B00002B010BDA8710020A0710020B807002020
:1058C0000B4BB3F9022007EE902AF8EEE77AB3F912
:1058D0000C3007EE103AB8EEC77A77EEC77AB6EE1C
:1058E000007A67EE877A034BC3ED007A704700BFFA
:1058F000087200209C0B0020044B05491961054AE1
:105900005A60054B19615A60704700BF3C75002012
:10591000A4B01F43DB0FC93F2075002008B5DFEDA1
:10592000050AB0EE000A044A0021044801F000FA1A
:1059300008BD00BF000000007C0000205072002065
:1059400010B5F0EE400A054C054B93ED000A2046D9
:1059500001F008FA94ED080A10BD00BF5072002053
:10596000B40B002008B5DFED050A9FED050A054AD6
:105970000021054801F0DCF908BD00BF000000006F
:1059800000008046700000209872002010B5F0EEF4
:10599000400A054C054B93ED000A204601F0E2F960
:1059A00094ED080A10BD00BF98720020C00B0020C3
:1059B00038B5354BB3F90030032B3ED0334B93ED64
:1059C000000AFFF7BDFF324B83ED000A304D95ED25
:1059D000000AFFF7DBFFBDEEC00A10EE103A9BB2E3
:1059E0002C4C228802EB820292B29B1A2A4A138024
:1059F00095ED000AFFF7CAFFB1EE400ABDEEC00AFE
:105A000010EE103A9BB2228802EB820292B29B1AED
:105A10001BB2224A1380B3F5804F1FDD204B4FF499
:105A200080421A801C4BB3F90030B3F5804F20DD63
:105A30001C4B4FF480421A8038BD1B4BB3F9003029
:105A400000EE103AB8EEC00ADFED187A20EE270A11
:105A5000FFF776FF0E4B83ED000AB7E713F5804F93
:105A600004DA0F4B4FF440421A80DBE70C4A1380F4
:105A7000D8E713F5804F04DA0A4B4FF440421A80FE
:105A8000DAE7084A1380D7E7FC0B0020A40B0020BC
:105A9000A80B0020040C0020C40B0020C60B002023
:105AA000CA0B0020C80B0020020C00200AD7A33C20
:105AB00008B5F3EE040A9FED040A044A00210448E5
:105AC00001F036F908BD00BF000058426400002014
:105AD000D874002010B5F0EE400A054C054B93ED4C
:105AE000040A204601F03EF994ED080A10BD00BFFB
:105AF000D87400206876002008B5DFED050AB0EE06
:105B0000080A044A0021044801F012F908BD00BF48
:105B10000000000058000020B873002010B5F0EE1F
:105B2000400A054C054B93ED030A204601F01AF993
:105B300094ED080A10BD00BFB873002068760020FD
:105B400008B5F3EE040A9FED040A044A0021044854
:105B500001F0EEF808BD00BF000058424C000020E4
:105B60009074002010B5F0EE400A054C054B93ED03
:105B7000040A204601F0F6F894ED080A10BD00BFB3
:105B8000907400203876002008B5DFED050AB0EEED
:105B9000080A044A0021044801F0CAF808BD00BF01
:105BA00000000000400000207073002010B5F0EEEF
:105BB000400A054C054B93ED030A204601F0D2F84C
:105BC00094ED080A10BD00BF7073002038760020E5
:105BD00008B5F3EE040A9FED040A044A00210448C4
:105BE00001F0A6F808BD00BF0000584234000020B4
:105BF0004874002010B5F0EE400A054C054B93EDBB
:105C0000040A204601F0AEF894ED080A10BD00BF6A
:105C1000487400200876002008B5DFED050AB0EED4
:105C2000080A044A0021044801F082F808BD00BFB8
:105C300000000000280000202873002010B5F0EEBE
:105C4000400A054C054B93ED030A204601F08AF803
:105C500094ED080A10BD00BF2873002008760020CC
:105C600008B5F3EE040A9FED040A044A0021044833
:105C700001F05EF808BD00BF000058421C00002083
:105C80000074002010B5F0EE400A054C054B93ED72
:105C9000040A204601F066F894ED080A10BD00BF22
:105CA00000740020D875002008B5DFED050AB0EEBD
:105CB000080A044A0021044801F03AF808BD00BF70
:105CC0000000000010000020E072002010B5F0EE8F
:105CD000400A054C054B93ED030A204601F042F8BB
:105CE00094ED080A10BD00BFE0720020D8750020B6
:105CF00010B5164C94ED090AFFF710FF84ED0A0A5F
:105D0000FFF7E8FE84ED0B0A114C94ED090AFFF74A
:105D10004DFF84ED0A0AFFF725FF84ED0B0A0D4CB9
:105D200094ED090AFFF78AFF84ED0A0AFFF762FF84
:105D300084ED0B0A084C94ED090AFFF7C7FF84EDC8
:105D40000A0AFFF79FFF84ED0B0A10BD687600205A
:105D50003876002008760020D8750020B5EEC00AFD
:105D6000F1EE10FA45D9F5EEC00AF1EE10FA43D97A
:105D7000B5EEC01AF1EE10FA41D970EE207AF4EEC9
:105D8000C17AF1EE10FA3DD970EE017AF4EEE07AC4
:105D9000F1EE10FA39D970EE817AF4EEC07AF1EEB4
:105DA00010FA35D908B560EEA07A21EE017A77EEC7
:105DB000877A20EE000A77EEC07A70EEA00A60EED5
:105DC000810A87EEA00AF7EE007AB4EEE70AF1EE58
:105DD00010FA04DDB7EE000A07F022FB08BDFFEE63
:105DE000007AB4EEE70AF1EE10FAF5D5BFEE000A3C
:105DF000F2E7BFEE000A7047BFEE000A7047BFEE41
:105E0000000A7047BFEE000A7047BFEE000A7047F5
:105E1000BFEE000A7047000038B52DED048B404CF2
:105E2000DFED408A9FED408A94ED041AF0EE680A97
:105E3000B0EE480AFFF792FF84ED020A3B4D95ED64
:105E4000041AF0EE680AB0EE480AFFF787FF85ED06
:105E5000020AD4ED027AF5EEC07AF1EE10FA4CBFE8
:105E600001230023B5EEC00AF1EE10FA48BF43F05B
:105E7000010363B12E4A2F4B5A622F4B2F494B62BD
:105E80002F494A622F4A5362BDEC048B38BD244A25
:105E9000D2ED016A36EEE79A82ED009A234B93ED3C
:105EA000017A77EE408AC3ED008A77EEA67AC2EDDA
:105EB000037A30EE078A83ED038A17EE900AFAF729
:105EC000E3FA02460B4614A1D1E90001FAF77CF986
:105ED000FAF732FB07EE900AF1EE677A174BC3ED43
:105EE000097A174B83ED099A18EE100AFAF7CCFAE3
:105EF00002460B4608A1D1E90001FAF765F9FAF765
:105F00001BFB0C4B5862F1EE688A0E4BC3ED098AFD
:105F1000BAE700BFAFF30080182D4454FB210940BD
:105F20003C7500200000524300007A432075002099
:105F30009A99193E687600209A9919BE3876002001
:105F400008760020D875002080B58AB04FF4FA603A
:105F5000FEF7D0FB394CEC4604F10C0EBEE80F0006
:105F6000ACE80F00BEE80F00ACE80F00DEF8003030
:105F7000CCF8003094E80E00012000F025FC012050
:105F8000FEF7B8FB2E4DEC4605F10C0EBEE80F00F7
:105F9000ACE80F00BEE80F00ACE80F00DEF8003000
:105FA000CCF8003095E80E00012000F00DFC012037
:105FB000FEF7A0FB234FEC4607F10C0EBEE80F00E6
:105FC000ACE80F00BEE80F00ACE80F00DEF80030D0
:105FD000CCF8003097E80E00012000F0F5FB01201E
:105FE000FEF788FB184EEC4606F10C0EBEE80F00DB
:105FF000ACE80F00BEE80F00ACE80F00DEF80030A0
:10600000CCF8003096E80E00012000F0DDFB012006
:10601000FEF770FB0D4A62620D4B6B627A6273622F
:10602000FFF74EFCFFF7C4FCFFF766FCFFF7F4FE3A
:10603000FFF75EFE0120FEF75DFBF1E768760020CA
:106040003876002008760020D87500209A99193EED
:106050009A9919BE08B5F2EE000AB2EE0C0A034A8C
:106060000021034800F064FE08BD00BF8800002046
:106070005875002010B5F0EE400A054C054B93ED25
:10608000000A204600F06EFE94ED080A10BD00BF25
:10609000587500209C0B002008B59FED070A074BA0
:1060A00083ED000AFFF7E6FF054B83ED000A14209D
:1060B000FEF720FBF1E700BF00000000A00B00206E
:1060C000A40B002070B52DED028B82B00346C27880
:1060D000807840EA0220ADF800005A791D7945EA3F
:1060E0000225ADF80250DA799C7944EA0224ADF831
:1060F0000440DFED138A9FED138A1021F0EE680A49
:10610000B0EE480A00F0CEFC0F4E86ED060A1021D4
:10611000F0EE680AB0EE480A284600F0C3FC86EDAF
:10612000070A1021F0EE680AB0EE480A204600F097
:10613000B9FC86ED080A02B0BDEC028B70BD00BF51
:1061400033336B4333336BC3A075002070B52DED33
:10615000028B82B00346C278807840EA0220ADF814
:1061600000005A791D7945EA0225ADF80250DA7926
:106170009C7944EA0224ADF80440DFED138A9FEDD8
:10618000138A1021F0EE680AB0EE480A00F08AFC8B
:106190000F4E86ED030A1021F0EE680AB0EE480AB1
:1061A000284600F07FFC86ED040A1021F0EE680A14
:1061B000B0EE480A204600F075FC86ED050A02B0F4
:1061C000BDEC028B70BD00BF1F850B421F850BC24B
:1061D000A075002070B52DED028B84B00346C27807
:1061E000807840EA022001905A791D7945EA02251B
:1061F0000295DA799C7944EA022403941021DFEDB8
:10620000120A9FED120A00F04DFC114E86ED000AB5
:10621000DFED108A9FED108A1021F0EE680AB0EED3
:10622000480A284600F03EFC86ED020A1021F0EEF6
:10623000680AB0EE480A204600F034FC86ED010AF8
:1062400004B0BDEC028B70BD0000B4420000B4C2CB
:10625000A075002000003443000034C3F8B50346A5
:1062600090F801C08678B01000F03E00360306F4C6
:106270004056DA7846EA02161A7946EA121695026C
:1062800005F470555A7945EA82059A7945EA9215DE
:10629000140204F47C54DB791C430E21F7EE000A4F
:1062A000BFEE000A40EA8C1000F0FCFB104F87EDB7
:1062B000090A0E21F7EE000ABFEE000A304600F090
:1062C000F1FB87ED0A0A0E21F7EE000ABFEE000A85
:1062D000284600F0E7FB87ED0B0A0E21F7EE000AD7
:1062E000BFEE000A204600F0DDFB87ED0C0AF8BD8A
:1062F000A075002008B50378013B032B05D8DFE823
:1063000003F00205080BFFF7DDFE08BDFFF71EFFD7
:10631000FBE7FFF75FFFF8E7FFF7A0FFF5E70000F7
:1063200008B50B4BD9680B4A116019690A4A11600C
:1063300059690A4A11609968094A11601968094A3D
:1063400011605A68084B1A600120FEF7D3F9E8E79C
:10635000A0750020B80B0020C00B0020BC0B002053
:10636000B00B0020B40B0020AC0B002008B50E4C85
:106370004FF480612046FCF71BFE6420FEF7BAF95B
:106380004FF480512046FCF713FE6420FEF7B2F96B
:106390004FF400612046FCF70BFE6420FEF7AAF9DB
:1063A0000120FEF7A7F9E2E7001C024030B58BB0F0
:1063B0000125089500230693079500930193029306
:1063C000039305930493124C69462046FBF73CFF68
:1063D0002046FBF7D5FF02212046FCF729F9294684
:1063E0002046FCF725F90E2309930593094C6946CD
:1063F0002046FBF729FF2046FBF7C2FF022120467B
:10640000FCF716F929462046FCF712F90BB030BD0F
:10641000B80700209007002010B4164B1B685C6979
:1064200044F040045C61DC6844F01004DC60124B12
:106430001C68236823F00103236003E01C6824F038
:1064400001041C600C4B1B681C6814F0010FF5D193
:106450000A4C9C60D86019615A601A6842F4802224
:106460001A60054B1A68136843F0010313605DF866
:10647000044B7047B40F00204C0E0020044800402D
:1064800070B594B00120FEF735F901258DF8225042
:106490000023139300268DF820608DF824506C465D
:1064A0000DF1300CBCE80F000FC49CE80F0084E82D
:1064B0000F0008AC94E80F0000F0CCF92846FEF776
:1064C00019F902238DF82230EC460DF1300EBEE8AA
:1064D0000F00ACE80F009EE80F008CE80F0094E876
:1064E0000F0000F0B7F92846FEF704F92846FEF73A
:1064F00001F903238DF82230EC460DF1300EBEE891
:106500000F00ACE80F009EE80F008CE80F0094E845
:106510000F0000F09FF92846FEF7ECF82846FEF73A
:10652000E9F804238DF82230EC460DF1300EBEE878
:106530000F00ACE80F009EE80F008CE80F0094E815
:106540000F0000F087F92846FEF7D4F833463246AC
:1065500031463046FFF78AF914B070BD00B589B0F6
:1065600040F6C410FEF7C6F8A7E05C4CEC4604F118
:10657000100EBEE80F00ACE80F009EE80F008CE89C
:106580000F0094E80F0000F065F9554CEC4604F15B
:10659000100EBEE80F00ACE80F009EE80F008CE87C
:1065A0000F0094E80F0000F055F90120FEF7A2F863
:1065B0004C4B1888C0004C4BB3F900104942C9003D
:1065C00000231A4609B200B2FFF750F9474CEC46D7
:1065D00004F1100EBEE80F00ACE80F009EE80F00BB
:1065E0008CE80F0094E80F0000F034F9404CEC46C2
:1065F00004F1100EBEE80F00ACE80F009EE80F009B
:106600008CE80F0094E80F0000F024F90120FEF759
:1066100071F852E0314CEC4604F1100EBEE80F0068
:10662000ACE80F009EE80F008CE80F0094E80F0024
:1066300000F010F92A4CEC4604F1100EBEE80F00F1
:10664000ACE80F009EE80F008CE80F0094E80F0004
:1066500000F000F90120FEF74DF800231A46254905
:10666000B1F900102448B0F90000FFF7FFF81F4C03
:10667000EC4604F1100EBEE80F00ACE80F009EE8F7
:106680000F008CE80F0094E80F0000F0E3F8184CBE
:10669000EC4604F1100EBEE80F00ACE80F009EE8D7
:1066A0000F008CE80F0094E80F0000F0D3F80120F1
:1066B000FEF720F801E0FFF7E3FE104BB3F90030DE
:1066C000012BF8D10E4BB3F90030032B3FF44DAF43
:1066D000012B9FD0FFF7D4FEEFE700BF68760020C4
:1066E00038760020060C0020020C002008760020DE
:1066F000D8750020C80B0020CA0B0020CC0B00204E
:10670000FE0B00202DE9F041174F4FF030084246B4
:106710000021384600F0BEFF144E424600213046AC
:1067200000F0B8FF124D42460021284600F0B2FFAB
:10673000104C42460021204600F0ACFF0123BB7004
:106740001122FA703B710222B2701222F270337180
:106750000322AA701322EA702B710422A270142261
:10676000E2702371BDE8F081687600203876002061
:1067700008760020D8750020C8B18446C9B1082920
:1067800019D8012A11D0022A17D10D4800B589B0B5
:106790000293002304930593069101AB624602A97C
:1067A000FBF71CFE09B05DF804FB0648EEE701208C
:1067B000704701207047012070470120704700BFDB
:1067C00090070020B807002084B000B583B084464D
:1067D00005A880E80E00134B93E8030002AB03E921
:1067E0000300BCF1020F15D0BCF1030F16D0BCF1B1
:1067F000010F0AD1FC238DF807309DF816309DF863
:10680000182008216846FFF7B7FF03B05DF804EBD6
:1068100004B07047FD238DF80730EEE7FE238DF8B6
:106820000730EAE76CD8000831EE601A30EE600AF3
:1068300001238340013B07EE903AF8EEE77A20EE21
:10684000270AC0EE017AFCEEE77A17EE903A98B28A
:106850007047000084B0F0B52DED028B83B00AAC18
:1068600084E80F009DED158A0023009301939DF8A5
:106870002830012B74D0022B00F0BA80002B40F09E
:10688000FF80DFED827AB4EEE78AF1EE10FA09D9E3
:10689000DFED7F7AB4EEE78AF1EE10FA04DBB0EEBA
:1068A000678A01E09FED798ADFED7A8A1020B2EEE7
:1068B000091AFAEE090AB0EE680AFFF7B5FF0746B3
:1068C0000C209FED751ADFED750AB0EE680AFFF730
:1068D000ABFF06460C209FED721AF0EE680AB0EE90
:1068E000680AFFF7A1FF05460C20B1EE041AF0EE8E
:1068F000680AB0EE680AFFF797FF04460C209FED88
:10690000641ADFED620AB0EE480AFFF78DFF034616
:106910003A0A8DF800208DF8017032098DF80220B6
:106920002A0A42EA06128DF803208DF80450220943
:106930008DF805201A0A42EA04128DF806208DF817
:1069400007309DF82A309DF82C2008216846FFF773
:1069500013FF03B0BDEC028BBDE8F04004B07047FC
:10696000FAEE047AB4EEE78AF1EE10FA09D9F2EE03
:10697000047AB4EEE78AF1EE10FA04DBB0EE678A2F
:1069800001E0BAEE048ADFED438A1020B2EE091A64
:10699000FAEE090AB0EE680AFFF746FF07460C2038
:1069A000B3EE0E1AFBEE0E0AB0EE680AFFF73CFFDC
:1069B00006460C209FED3A1AF0EE680AB0EE680A1F
:1069C000FFF732FF05460C20B1EE041AF0EE680A1C
:1069D000B0EE680AFFF728FF04460C20B2EE041A56
:1069E000FAEE040AB0EE480AFFF71EFF03468FE7EF
:1069F000FAEE047AB4EEE78AF1EE10FA09D9F2EE73
:106A0000047AB4EEE78AF1EE10FA04DBB0EE678A9E
:106A100001E0BAEE048ADFED1F8A1020B2EE091AF7
:106A2000FAEE090AB0EE680AFFF7FEFE07460C20F0
:106A3000B3EE0E1AFBEE0E0AB0EE680AFFF7F4FE94
:106A400006460C209FED161AF0EE680AB0EE680AB2
:106A5000FFF7EAFE05460C20B1EE041AF0EE680AD4
:106A6000B0EE680AFFF7E0FE04460C20B2EE041A0E
:106A7000FAEE040AB0EE480AFFF7D6FE034647E7EF
:106A800000231C461D461E461F4641E7000058C213
:106A9000000058420000000000003442000034C2F0
:106AA0000000FA4307EE900A70EEC00AF8EEE77AAB
:106AB00027EEA07A01238B40013B07EE903AF8EED7
:106AC000E77AC7EE276A36EE800A704708B5FBF70B
:106AD0000FFB074B1B68C01AB0F5967F03D9054B17
:106AE00000221A8008BD034B01221A80FAE700BF7A
:106AF000D00B0020CC0B002008B5FFF7E7FF0120EA
:106B0000FDF7F8FDF9E7000008B544E06C49002006
:106B1000088072E06B490020088074E06A49002018
:106B2000088076E069490020088078E06849002004
:106B300008807AE06749002008807CE066490020F0
:106B400008807FE065490020088082E064490020D9
:106B5000088085E063490020088088E062490020C1
:106B600008808BE06149002008808EE060490020A9
:106B7000088091E05F490020088094E05E4B01218D
:106B8000198012F4004F40F096805C4B00221A806E
:106B90000120FDF7AFFD5A4B1B68B3F90010594AAD
:106BA0001180B3F90210584A1180B3F90410574A02
:106BB0001180B3F90610564A1180B3F90810554AEE
:106BC0001180997A544A1180D97A544A1180B3F9C4
:106BD0000C10534A1180B3F90E10524A1180997C5F
:106BE000514A1180D97C514A11809A8A93B212F08D
:106BF000010F8BD032490120088013F0020F89D099
:106C000030490120088013F0040F87D02E4901205D
:106C1000088013F0080F85D02C490120088013F05C
:106C2000100F83D02A490120088013F0200F81D053
:106C300028490120088013F0400F3FF47FAF264918
:106C40000120088013F0800F3FF47CAF234901201E
:106C5000088013F4807F3FF479AF21490120088038
:106C600013F4007F3FF476AF1E490120088013F42F
:106C7000806F3FF473AF1C490120088013F4006F4C
:106C80003FF470AF19490120088013F4805F3FF48E
:106C90006DAF17490120088013F4005F3FF46AAF1D
:106CA00014490120088013F4804F7FF467AF124B22
:106CB0000021198065E7114B01221A8068E700BFA7
:106CC000FA0B0020F80B0020F60B0020F40B00203C
:106CD000F20B0020F00B0020EE0B0020EC0B00204C
:106CE000EA0B0020E80B0020E60B0020E40B00205C
:106CF000E20B0020E00B0020DE0B0020DC0B00206C
:106D00000C0C0020080C0020060C0020040C0020B5
:106D1000020C0020000C0020FE0B0020FC0B0020C9
:106D2000DA0B0020D80B0020D60B0020D40B00205B
:106D3000B0B1AAB101701168416051688160926878
:106D4000C26080ED040AC0ED050A0022826342633E
:106D500002630262C2628262426242640264C2638D
:106D6000704700000346002800F0A380D0ED107AA1
:106D7000C0ED117A90ED0F7A80ED107AC0ED060A21
:106D800080ED070A70EEC00AC0ED0F0A0278002AF3
:106D90004CD1D0ED017A60EEA77AC0ED097AD0ED42
:106DA0000A6A90ED026A20EE866A76EE866AC0ED87
:106DB0000A6A426B8263026B426370EEC70AC0EDDF
:106DC0000C0A90ED037A60EE870AC0ED0B0A90ED95
:106DD000057AF4EEC76AF1EE10FA13DD80ED0A7A57
:106DE00093ED0A7A77EE877A70EEA70AC3ED080A68
:106DF000D3ED047AF4EEE70AF1EE10FA0CDDC3ED00
:106E0000087A15E0B1EE477AF4EEC76AF1EE10FAAF
:106E1000E6D580ED0A7AE3E7F1EE677AF4EEE70A69
:106E2000F1EE10FA04D5C3ED087A01E0012A02D090
:106E300093ED080A7047D0ED016A30EEC76A66EE3E
:106E4000866AC0ED096A90ED026A20EE866A80EDDE
:106E50000A6A426B8263026B426337EE077A70EE16
:106E6000C70A77EEA07AC0ED0C7A90ED037A67EE50
:106E7000877AC0ED0B7A90ED087A76EE866A77EE27
:106E8000A67A77EE277AC0ED087A90ED047AF4EED0
:106E9000C77AF1EE10FA02DD80ED087AC8E7B1EEAC
:106EA000477AF4EEC77AF1EE10FAC1D580ED087A90
:106EB000BEE79FED010A70470000000000286BD07C
:106EC0000346002968D030B50478427844EA0224A9
:106ED000C4F30A040C80427890F802E04FEA4E1E98
:106EE0004EEAD20ECEF30A0EA1F802E08078DA78EC
:106EF000920042EA9012187942EA8022C2F30A0212
:106F00008A801D795879C00140EA5500C0F30A0013
:106F1000C88093F805C0CCF3011C81F80AC093F82F
:106F200005C04FEA9C1C81F80BC093F806C0DD79C0
:106F30004CEA052CA1F80CC093F808C05D7A4CEA25
:106F4000052CA1F80EC093F80AC0DD7A4CEA052C96
:106F5000A1F810C01D7B8D745D7BCD7493F80EC0BD
:106F6000DD7B4CEA052CA1F814C093F810C05B7CC3
:106F70004CEA03230B81A4F580640C80AEF5806E8F
:106F8000A1F802E0A2F580628A80A0F58060C88046
:106F9000A3F580630B8130BD7047000008B503493D
:106FA0002422A1F12400FFF737FA08BDC0760020A3
:106FB00000487047E476002000B583B0314B1B6871
:106FC0001A6812F0200F09D0002200921A6800926D
:106FD0005B680093009B03B05DF804FB2A4A1268CB
:106FE00012F0100FF7D0002201921A6801925B682C
:106FF0000193019B254B1B681A6812F4002F1DD1C9
:107000001A6822F001021A60204802685368C3F12E
:1070100024039BB21E490B8024215160116841F466
:107020000021116001680A6842F001020A60122B17
:10703000D1D118491848FFF741FFCCE71A6822F070
:1070400001021A6011490A685368C3F124039BB214
:107050000F480380242050601048826A22F40022E6
:10706000826209680A6842F001020A60122BB2D1FA
:1070700008490B48FFF722FFFBF73AF8094B186065
:10708000A9E700BFB40F0020004800404C0E0020CC
:1070900098760020E47600209C7600200060024074
:1070A000C0760020D00B00200FB410B502AA52F811
:1070B000041B094B1A60094C204600F0CFFA82B23B
:1070C000074B1A80142321460648FDF7A0F8BDE8B7
:1070D000104004B0704700BFFC770020FC76002011
:1070E000FA7600206C0F002000B585B00C4B1868B4
:1070F000F9F7CAF904460D460A4BB3F9003002937A
:10710000094B1868F9F7C0F9CDE9000122462B4672
:107110000648FFF7C9FF0520FDF7ECFAE6E700BFD8
:10712000A80B0020FC0B0020C00B002074D8000826
:107130002DE9F047089D0E4604460F46002B4AD124
:1071400094468C45B2FA82F260D942B1C2F1200372
:10715000974020FA03F30CFA02FC1F4394404FEAD5
:107160001C4E1FFA8CF6B7FBFEF1230C0EFB1177B9
:1071700043EA074301FB06F098420AD91CEB0303DC
:1071800001F1FF3780F01581984240F212810239F7
:1071900063441B1AA4B2B3FBFEF00EFB103344EAA7
:1071A000034400FB06F6A6420AD91CEB040400F1D6
:1071B000FF3380F00081A64240F2FD806444023833
:1071C00040EA0140A41B00211DB1D4400023C5E9C1
:1071D0000043BDE8F0878B4205D90DB1C5E9000138
:1071E00000210846F5E7B3FA83F1002946D1B342FE
:1071F00002D3824200F2F580841A66EB030201207A
:107200001746002DE5D0C5E90047E2E7002A40F027
:107210009380A1EB0C034FEA1C471FFA8CFE01215F
:10722000B3FBF7F607FB1630230C43EA00430EFBD3
:1072300006F0984208D91CEB030306F1FF3802D28E
:10724000984200F2D08046461B1AA4B2B3FBF7F076
:1072500007FB103344EA03440EFB00FEA64508D9A1
:107260001CEB040400F1FF3302D2A64500F2B68005
:107270001846A4EB0E0440EA0640A5E7C1F120073A
:107280008B4022FA07FC4CEA030C06FA01FE20FAB6
:1072900007F426FA07F344EA0E0400FA01F84FEA6D
:1072A0001C404FEA1449B3FBF0FE1FFA8CF600FBBA
:1072B0001E3349EA03430EFB06F9994502FA01F22F
:1072C0000BD91CEB03030EF1FF3A80F08580994542
:1072D00040F28280AEF1020E6344A3EB0909A4B22E
:1072E000B9FBF0F300FB139944EA094403FB06F6EB
:1072F000A64208D91CEB040403F1FF3068D2A64271
:1073000066D9023B644443EA0E40A41BA0FB02E69C
:10731000B4427346B14652D34FD05DB1B8EB0302CD
:1073200064EB090404FA07F722FA01F31F43CC4087
:10733000C5E9007400214CE7C2F1200120FA01F3F5
:107340000CFA02FC26FA01F1964033434FEA1C473F
:107350001FFA8CFEB1FBF7F007FB1016190C41EA7F
:10736000064100FB0EF68E4204FA02F408D91CEB2B
:10737000010100F1FF382DD28E422BD90238614431
:10738000891B9BB2B1FBF7F607FB161143EA0143D9
:1073900006FB0EF1994208D91CEB030306F1FF38F6
:1073A00014D2994212D9023E63445B1A46EA004164
:1073B00036E73946EDE6184602E7F045ADD2BEEBBA
:1073C000020366EB0C060138B146A6E74646ECE739
:1073D000034698E74046D3E7D6467EE76444023842
:1073E00047E708460DE7023E63442DE7024A03499A
:1073F000034800F0C9B800BF940000209D9C00081D
:10740000A80000200C4B4168994210B5044601D0F9
:1074100002F044FCA168094B994202D0204602F0D8
:107420003DFCE168064B994204D02046BDE810407F
:1074300002F034BC10BD00BF007800206878002046
:10744000D07800202DE9F843314A324C3249DFF838
:10745000DC90DFF8DC80314F1160002504232946E1
:10746000082204F15C00C4E903352D4EA560C4E98F
:107470000055C4E90555656600F00CF904F15800A3
:10748000C4E90749C4E90987E66200F00DFA294614
:10749000244B6367082204F1C400C4E91A55C4E907
:1074A0001E552567C4F8CC50C4F8805000F0F2F89F
:1074B00004F1680304F1C000C4F88430C4E92298E0
:1074C000C4E9247600F0F0F9174BC4F8DC30294603
:1074D00004F596700822C4E93455C4E93855C4F857
:1074E000D850C4F83451C4F8E85000F0D3F804F18F
:1074F000D003C4E93D87C4F8F09004F59470C4F853
:10750000FC60C4F8EC30BDE8F84300F0CDB900BF32
:107510003879002000780020ED73000831760008EB
:10752000557600080900010012000200CD75000820
:10753000F175000810B504460A4800F0B9F9636B0C
:1075400023B9094B094A1B68626323B1BDE81040A7
:10755000044800F0AFB9FFF775FFBDE810400148DF
:1075600000F0A8B948790020387900200574000897
:10757000014800F09DB900BF48790020014800F0A3
:1075800099B900BF487900202DE9F843074688469D
:1075900016464FF00009D6E90154013D10D4A389E5
:1075A000012B08D9B4F90E3001332146384602D0F8
:1075B000C04749EA0009013D6B1C04F16804EED1A3
:1075C0003668002EE7D14846BDE8F88310B50C4672
:1075D000B1F90E1000F00EF9002803DB236D03440F
:1075E000236510BDA38923F48053A38110BD00BF80
:1075F0002DE9F0410C46B1F90C101F46CB050546AC
:1076000016460BD421F48051A1813B46B4F90E10EB
:1076100032462846BDE8F04100F002B9B4F90E1038
:107620000223002200F0D0F8B4F90C10EAE700BF02
:1076300010B50C46B1F90E1000F0C6F8B4F90C30D4
:10764000421C0EBF23F4805343F480532065A38172
:1076500010BD00BFB1F90E1000F06EB870B59AB051
:1076600013460A4E0A466FF00041029105910849FF
:1076700003910446002530681995694600940494E6
:1076800000F042FD009B1D701AB070BDA0000020EC
:107690000802FFFF830730B547D0541E002A3ED0B2
:1076A000CAB2034601E0013C39D303F8012B9D0720
:1076B000F9D1032C2CD9CDB205EB05250F2C05EB08
:1076C000054535D9A4F1100222F00F0C03F1100E7C
:1076D000E6444FEA121C1A46C2E90055C2E90255B7
:1076E00010327245F8D10CF1010214F00C0F03EBCB
:1076F000021204F00F0C13D0ACF1040323F00303C7
:107700000433134442F8045B9342FBD10CF00304AE
:107710002CB1C9B21C4403F8011BA342FBD130BDFC
:1077200064461346002CF4D1F9E703461446C0E73B
:107730001A46A446E0E700BF38B5074D00220446CC
:1077400008462A60FAF79EF8431C00D038BD2B6823
:10775000002BFBD0236038BD3C790020194B1B68FF
:1077600083422ED0416C70B5054681B100268C59FC
:107770003CB121462468284600F00AF9002CF8D1D3
:10778000696C0436802EF2D1284600F001F9A96B0D
:1077900011B1284600F0FCF82C6C34B12146246865
:1077A000284600F0F5F8002CF8D1E96C11B1284614
:1077B00000F0EEF86B6B1BB12846BDE8704018472F
:1077C00070BD7047A000002038B50C46084D8446B7
:1077D000114620461A4600232B606446FAF75CF8EF
:1077E000431C00D038BD2B68002BFBD0236038BD74
:1077F0003C79002038B50C46084D84461146204699
:107800001A4600232B606446FAF71EF8431C00D08A
:1078100038BD2B68002BFBD0236038BD3C7900209D
:1078200038B50C46084D8446114620461A460023BA
:107830002B606446FAF718F8431C00D038BD2B685B
:10784000002BFBD0236038BD3C790020014B186829
:10785000704700BFA000002070B50F4B0F4DAB422A
:10786000A3EB050607D0B610002455F8043B0134FD
:107870009847A642F9D805F033FF094D094B5E1B26
:10788000AB424FEAA60606D0002455F8043B01346B
:107890009847A642F9D870BD94DC000894DC000833
:1078A00094DC00089CDC0008704700BF704700BFF4
:1078B000704700BF704700BF024B13B1024800F091
:1078C00005B8704700000000899F000800230146AA
:1078D0001A46184602F0ACBB2DE9F84306460820CC
:1078E000894602F065FBDFF8A4800546304600F0CB
:1078F000FDFBD8F808305F6827F00307A7F11104F3
:10790000A4EB09042C44B4FBF5F4013C05FB04F49E
:10791000A54208DC0021304602F024FBD8F80830EC
:107920003B44984205D0304600F0E6FB0020BDE81D
:10793000F8836142304602F015FB01300FD0114A46
:10794000D8F808303F1B47F001075F6013683046E6
:107950001B1B136000F0D0FB0120BDE8F883002161
:10796000304602F0FFFAD8F80820831A0F2BDADD30
:1079700043F001035360044B02491B68C01A0860BE
:10798000D1E700BF50790020EC010020F801002071
:1079900000297CD02DE9F0410C46804600F0A6FB82
:1079A00054F8043C754FA4F1080523F00101681850
:1079B000BE684268864222F0030200F08380DE0740
:1079C000426000EB020C33D454F8084CDCF804306D
:1079D0002D1B2144AC6807F1080C644503F001033A
:1079E00064D0D5F80CE0C4F80CE0CEF80840002BC9
:1079F00000F0818041F001036B600160B1F5007F10
:107A000022D27868CB080122490901338A40024317
:107A100057F833107A6007EBC302083AC5E902123F
:107A200047F83350CD604046BDE8F04100F064BBFC
:107A3000DCF80430DB072BD541F00103B1F5007F02
:107A400044F8043C0160DCD3B1F5206F4FEA5123C8
:107A500053D28B0903F1390003F13802C300F8183F
:107A6000FB580838984203D161E09B68984204D0E3
:107A70005A6822F003028A42F7D8D868C5E9023072
:107A80008560DD604046BDE8F04100F035BB7047E1
:107A9000114407F1080C836863453FD0C268DA607F
:107AA000936041F001036B606950A7E7002B5FD141
:107AB0000A44D0E90213CB60996042F001036B6085
:107AC000AA50B0E7DB070A4407D454F8083CED1A83
:107AD0001A44D5E90213CB60996042F001036B6050
:107AE000274BBD601B6893429DD8264B40461968C2
:107AF000FFF7F2FE97E71144CDE7142B08D9542B7A
:107B00001DD80B0B03F16F0003F16E02C300A6E753
:107B100003F15C0003F15B02C300A0E741F0010345
:107B2000C7E90455C5E902CC6B6069507BE7796809
:107B30009210012404FA02F20A437A609EE7B3F538
:107B4000AA7F06D8CB0B03F1780003F17702C300BC
:107B500085E740F25452934206D88B0C03F17D0026
:107B600003F17C02C3007AE74FF47E737E2276E74E
:107B700041F001036B60016055E700BFF801002090
:107B8000F0010020807900202DE9F04F01F10B0574
:107B9000162D83B0064623D8102900F2AF8000F0DE
:107BA000A5FA102518230220B74F3B44A3F1080281
:107BB0005C68944200F01E816368E268A16823F06B
:107BC0000303CA602344304691605A6842F00102C0
:107BD0005A6000F091FA0834204603B0BDE8F08FF7
:107BE00035F0070500F18A80A94200F2878000F095
:107BF0007DFAB5F5FC7FC0F06E816B0A00F08280E3
:107C0000042B00F21D81AB0903F1390003F1380E9A
:107C1000C3009D4F3B44A3F1080C5C68A44507D109
:107C20000DE0002AE16880F2DF808C4507D00C4629
:107C3000636823F003035A1B0F2AF2DD7046DFF856
:107C400060823C69444500F0BC80636823F0030C0B
:107C5000ACEB05030F2B00F34281002BC7E904882E
:107C600080F22D81BCF5007FD7F804E080F0C88059
:107C70004FEADC0101314FEA5C1C012303FA0CF3EB
:107C800057F83120A2604EEA030E07EBC103083B10
:107C9000E360C7F804E047F83140D46083104FF048
:107CA000010C0CFA03FCF44532D81CEA0E0F08D183
:107CB00020F003004FEA4C0C1CEA0E0F00F1040008
:107CC000F8D007EBC00AD6468146DEF80C300BE050
:107CD000596821F003014A1B0F2A1C46DB6800F398
:107CE000BB80002A80F2DE809E45F1D109F10109B6
:107CF00019F0030F0EF1080EE7D119E10C233360E0
:107D0000002469E74FF4007340204FF03F0E80E7F6
:107D1000BC68636823F00309A94503D3A9EB0503F5
:107D20000F2B51DC594B1B68082003F1100804EBA2
:107D30000903009302F03CF9554A13680133A84443
:107D4000834605D008F1FF388044434203EA08081F
:107D50004146304602F006F9B0F1FF3F4C4A8246F8
:107D600000F0D880009B834200F2D280494B186813
:107D700040440BF1FF311860844640F0FC801AEA61
:107D8000010F40F0F880D7F808A0C84448F001027D
:107D9000CAF80420404B1968814238BF18603F4B35
:107DA0001968814238BF1860544622F00308A8457C
:107DB000A8EB050301D30F2B06DC304600F09CF93D
:107DC0009EE7D7F804E069E7621943F0010345F044
:107DD000010565603046BA60536000F08DF90834E3
:107DE000204603B0BDE8F08FA2682344D16030463E
:107DF0008A60EAE6DC68A3427FF4DEAE02301EE76A
:107E0000BCF5206F4FEA5C227BD3142A00F212816A
:107E100002F15C03DB005B32F918FB580839994228
:107E200003D1ECE09B68994204D05A6822F0030227
:107E30006245F7D8D968C4E902318C60DC602DE76F
:107E4000142B6AD9542B00F2FE802B0B03F16F0028
:107E500003F16E0EC300DCE6D4F808C030466619A4
:107E600045F001056560CCF80C30C3F808C042F05D
:107E70000103C7E90466C6E902887360625000F036
:107E80003BF90834A8E600BFF80100208079002003
:107E9000EC010020507900207C79002078790020C6
:107EA00000020020214430464A6842F001024A6044
:107EB00054F8082FD3609A6000F01EF98CE6A444B1
:107EC0003046DCF8043043F00103CCF8043000F015
:107ED00013F9083480E6E80805F1080364E662193E
:107EE00043F0010145F0010565603046C7E9042211
:107EF000C2E90288516044F80C3000F0FDF8083403
:107F00006AE64FEA9C1202F13903DB00383283E75C
:107F1000BC4228D0BC68626847E703F15C0003F10B
:107F20005B0EC30075E65AF80839534540F0D98016
:107F300010F0030F00F1FF30F5D17B6823EA0C034A
:107F40007B604FEA4C0C9C453FF6E2AEBCF1000F63
:107F500004D1DDE64FEA4C0C09F104091CEA030FD9
:107F6000F8D04846ADE6604B186808EB000C0BF102
:107F7000FF31C3F800C0106801306ED0009AAAEB40
:107F8000020262441A601AF00702CDE9002340D0D1
:107F9000C2F108029244D04408EA01005A44121A7D
:107FA00002EA010B5946304601F0DCFF421C019BFE
:107FB0006FD0A0EB0A0000EB0B081868C7F808A008
:107FC00048F001025844BC42CAF8042018603FF44B
:107FD000E1AEB9F10F0F43D96168A9F10C0222F0AB
:107FE000070201F00101114361604FF0050CA11877
:107FF0000F2AC1E901CC54D8DAF80420CAE692105D
:108000004FF0010C0CFA02F24EEA020EC7F804E03F
:1080100011E70AEB08020A40ABEB020202EA010B8D
:108020005946304601F09EFF431C019BC1D1DDF84B
:1080300000B0C2E7542A17D84FEA1C3202F16F038E
:10804000DB006E32E8E6B3F5AA7F17D8EB0B03F13D
:10805000780003F1770EC300DBE5C2F800A092E7D9
:108060000123CAF80430A8E6B2F5AA7F24D84FEA63
:10807000DC3202F17803DB007732CDE640F2545275
:10808000934224D8AB0C03F17D0003F17C0EC300B6
:10809000BFE5009A083A9044A8EB0A084FF0000B9D
:1080A0008BE7304604F108010093FFF771FC009B59
:1080B000D7F808A018689FE740F254539A420CD8AA
:1080C0004FEA9C4202F17D03DB007C32A4E64FF4D0
:1080D0007E737F204FF07E0E9BE54FF47E737E22F1
:1080E0009AE67B682DE700BF507900200148FFF732
:1080F000DFBB00BF407900200148FFF7DBBB00BFBA
:1081000040790020000000002DE9F04FD9B00C4666
:10811000099115460B93834601F020FF03681693DF
:108120001846F8F76DFB00211490082228A8FFF7E5
:10813000B1FAA389190603D52369002B00F05E87E5
:108140009FED7F7B0023CDE92D33CDE917338DEDF6
:10815000107B2FAA0E932C92144615931C931993FF
:1081600006932E46B246784BD3F8E45001F0F0FE69
:1081700028AA0346009224A952465846A847002838
:1081800000F0B180C0F2A780249A252A034601D0CE
:108190009A44E8E7BAEB0607054640F0A8800023BA
:1081A00019464FF0FF328DF8873007930AF1010A24
:1081B0009AF80030059204910AF1010AA3F1200215
:1081C0005A2A00F2C380DFE812F0F402C100C100B5
:1081D000ED02C100C100C1006A00C100C1003F0240
:1081E0005102C1004A020603C100FF025B005B00AE
:1081F0005B005B005B005B005B005B005B00C10041
:10820000C100C100C100C100C100C1003B01C100EB
:10821000BE01D3023B013B013B01C100C100C100D3
:10822000C100CC02C100C1008802C100C100C10070
:10823000E801C1005702C100C100B206C100C1007F
:10824000C100C100C100C100C100C1003B01C100AB
:10825000BE011A023B013B013B01A0021A027F0052
:10826000C100C202C100B302D80622037F00C100D0
:10827000E8017C00AE06C100C100DB06C1007C0045
:10828000A3F1300200211AF8013B01EB810102EB5E
:108290004101A3F13002092AF5D907918EE758462A
:1082A00001F05CFE436819931846F8F7A9FA1C9090
:1082B0000546584601F052FE83681793002D40F0A2
:1082C000B7859AF8003077E7049B43F020030493C6
:1082D0009AF8003070E70822002128A8FFF7DAF9A1
:1082E00001239A443FE7BAEB0607054610D02E9BC0
:1082F0003B442E932D9B0133072BC4E900672D933C
:1083000015DC0834069B3B440693002D7FF447AFF1
:108310002E9B002B41F09381099B9B8903F0400326
:10832000002B41F09283069859B0BDE8F08F09996F
:108330002CAA584601F086FC0028EDD12FACE1E7CD
:108340000000000000000000000600200C93002B3D
:10835000DED000228DF8FC3001238DF887200293B7
:108360000A920893059212920F920D923FAE049BCF
:1083700013F0020302D002990231029104992E9D5A
:1083800011F0840805D1079902980F1A002F00F305
:10839000A1806AB1012262602D9A013201350DF18E
:1083A0008701072A2E952D92216000F3DB83083484
:1083B0006BB12D9B22AA013302352260072B4FF0AF
:1083C00002022E952D93626000F3C1830834B8F148
:1083D000800F00F0C482059B089A9F1A002F00F3BB
:1083E000FE82049BDA0500F12482089B63601D4431
:1083F0002D9B26600133072B2E952D9300F33F8391
:108400000834049B5A0705D5079B029A9E1A002E32
:1084100000F3B583DDE9063202998A42ACBF9B18AE
:108420005B180693002D40F00B8300232D930A9BCD
:108430001BB10A995846FFF7ABFA2FAC564691E6A6
:108440000C930B9B073323F00703B3EC027B58EC30
:10845000177B0B9328F000431B938DED1A7ADDE90F
:108460001A01AF4B4FF0FF328DED107BF8F7CEFCC9
:10847000002840F00285DDE91A01A94B4FF0FF32D8
:10848000F8F7A6FC002840F0F884002200233846C4
:108490004146F8F793FC002841F021809DF88720A1
:1084A000049BA04E23F0800304939F4B0C99472913
:1084B000D8BF1E46002303210A9302910891059319
:1084C00012930F930D93002A3FF451AF029B013397
:1084D00002934CE795492D9A1391102F25DD2146E3
:1084E0002846099C914D1D934FF0100904E0103F60
:1084F000102F01F1080115DD01321030072AC1E902
:108500000059CDE92D20F2DD2CAA2146584601F074
:1085100099FB002840F09C82103F102FDDE92D20B0
:108520002FA9E9DC1D9B0C460546013213992160F9
:108530003D44072ACDE92D25676000F3D4869DF8D8
:108540008720083425E70B9A0C93432B02F104058E
:1085500003D0049BDA0640F11785082200212AA8DF
:10856000FFF798F80B9B3FAE1A6831462AAB584686
:1085700003F060F903460133089001F06182089B23
:1085800023EAE373029300220B958DF887200A9269
:10859000059212920F920D92E9E60B9F0C9357F8F9
:1085A000046B00238DF88730002E00F016850C9B9D
:1085B000532B00F0BF86049B13F010030D9340F083
:1085C000B986059B002BC1F245800D991A463046AD
:1085D000F8F7B6F80A90002801F066820A9B991B0A
:1085E0000D9B0891059321EAE17112930F930A9371
:1085F00073239DF887200B9702910C9363E70C93EC
:10860000049B9B0640F1BD800B9B073323F00703BF
:108610001A46596852F8083B0B920A460029C0F2E4
:10862000CA8305990029C0F28382049921F080054C
:1086300053EA020140F07D82059A002A40F07E82D2
:108640000495089258AE60E10B9B53F8042B0792F7
:10865000002A80F2DA83079A0B9352420792049B16
:1086600043F0040304939AF80030A5E52B238DF81A
:1086700087309AF800309FE50C93049B43F0100577
:1086800015F0200200F072830B9B073323F00703E1
:1086900019465A6851F8083B0B9101210020059EAC
:1086A0008DF88700002EC0F2198125F0800004901B
:1086B00053EA020040F01181002E40F02486002988
:1086C00040F0808315F00103089300F0A38330236A
:1086D0008DF85F310DF25F1617E10C93049B43F0A8
:1086E00010030493049B13F0200200F055830B9BAE
:1086F000073323F0070319465A6851F8083B0B91DA
:10870000049921F480650021C8E79AF80030682BAD
:1087100000F04E84049A42F0400204924CE500BFFF
:10872000FFFFEF7F84D8000880D8000858DA0008DF
:10873000049B9D0640F190830B9B069A1B681A6070
:10874000D2175A600B9B04330B9356460AE59AF8EE
:1087500000306C2B00F02284049A42F01002049244
:108760002AE5049B43F0080304939AF8003023E5BC
:108770000C93049B43F010030493049B9B063FF56A
:1087800043AF04990B9ACF0652F8043B00F14B8398
:1087900004994E0640F143860B9243F3C0321146D2
:1087A0001BB23BE7049B43F0010304939AF80030AB
:1087B00002E59DF887209AF80030002A7FF4FCAC8F
:1087C00020228DF88720F7E4049B43F08003049374
:1087D0009AF80030F0E4504610F8013B2A2B01F0E3
:1087E000E581A3F13002092A98BF002101F2E4805B
:1087F00010F8013B01EB810102EB4101A3F13002D2
:10880000092AF5D941EAE17205928246D6E40B9A2B
:10881000049B43F0020552F8043B0B9247F63002EA
:10882000ADF8882078209B4A1592022100220C90F6
:1088300034E70C9B652B40F33381DDE91001002206
:108840000023F8F7B1FA002800F0D2812D9B924A5C
:108850002260013301350122072B2E952D93626092
:1088600000F35C850834239B0E9A934280F2C88201
:10887000149B169A1D44C4E900232D9B2E950133A9
:10888000072B2D9300F39E8308340E9B5E1E002E53
:108890007FF7B7AD102E2D9BDFF8009240F3E580F7
:1088A000DDF82480102704E00834103E102E40F339
:1088B000DC8001331035072BC4E90097CDE92D3555
:1088C000F2DD2CAA4146584601F0BCF9002840F0E0
:1088D000BF80DDE92D352FACE7E7049D012900F0CD
:1088E0002881022958AE1FD1159803F00F011B09EA
:1088F000415C06F8011D43EA0273120953EA0201C2
:10890000F3D158AB9B1B04950893059908989DF8E3
:10891000872081424FF00003B8BF01460A930291BD
:1089200012930F930D93CEE503F00701DB0843EAA2
:108930004273D208303153EA0207304606F8011D6F
:10894000F2D1EF07DDD53029DBD03023023806F82D
:10895000013C58AB1B1A049508930646D5E7079BC4
:10896000029A9F1A002F7FF736AD102F2D9BDFF84C
:108970002C9122DD2A464FF010084D46DDF8249058
:1089800004E0103F102F04F1080414DD013310320D
:10899000072BC4E90058CDE92D32F2DD2CAA494657
:1089A000584601F04FF9002852D1103F102FDDE951
:1089B0002D322FACEADCA946154601333D44072B86
:1089C000CDE92D35C4F80090676000F3DB84059B8A
:1089D000089A9F1A002F04F108047FF702AD102FA8
:1089E0002D9BDFF8B8901FDD2A464FF01008099D37
:1089F00004E0103F102F04F1080414DD013327496F
:108A00001032072BC4E90018CDE92D32F1DD2CAA74
:108A10002946584601F016F9D0B9103F102FDDE96C
:108A20002D322FACEADC154601333D44072BCDE94E
:108A30002D35C4F80090676000F38C810834D0E4D1
:108A400009992CAA584601F0FDF800283FF4EDAC36
:108A50000A9B002B3FF460AC0A995846FEF798FF3A
:108A6000099B9B8903F040035AE401333544072BEB
:108A7000C4F800906660CDE92D357FF7C1AC099947
:108A80002CAA584601F0DEF80028E1D12E9D2FAC2B
:108A9000B7E400BF90D80008C0D8000848DA000842
:108AA0000E9B2D9F012B05F1010507F1010704F134
:108AB000080840F30B810123072FCDE92D752660AF
:108AC000636000F38381149B169A01371D44072FBE
:108AD000C8E90023CDE92D7500F3858108F1080868
:108AE0000E9BDDE910015C1E00220023F8F75CF903
:108AF000002840F00481013701362544072FCDE9D5
:108B00002D75C8F80060C8F8044000F3EB8008F148
:108B10000808189BC8F8043001371D44072F26ABFE
:108B2000CDE92D75C8F80030A9DC08F1080468E427
:108B3000049D0A2B72F1000180F05E8330338DF8C2
:108B40005F310123049508930DF25F16DDE6099964
:108B50002CAA584601F076F800287FF479AF2E9DB4
:108B60002FAC34E4099913932CAA584601F06AF803
:108B700000287FF46DAF2E9D139B2FAC18E4B44AF0
:108B80002D9B1392102E1FDDDDF8248010279146B7
:108B900004E0103E102E04F1080415DD01331035F9
:108BA000072BC4E90097CDE92D35F2DD2CAA41460B
:108BB000584601F047F800287FF44AAF103E102EC7
:108BC000DDE92D352FACE9DC0133139A3544072B51
:108BD000C4E90026CDE92D357FF71CAC09992CAAF4
:108BE000584601F02FF800287FF432AF2E9D11E493
:108BF0002399002940F35183DDE90D329342A8BF48
:108C00001346002B98460ADD1D44C4E900632D9BE2
:108C10002E950133072B2D9300F3618608340D9FA9
:108C2000B8F1000FA8BFA7EB0807002F00F3F581EC
:108C30000D9B33440593049B5F0500F11582239B34
:108C40000E9A9342C0F2A082049AD00700F19C824F
:108C50000E9AB718D61A059BFF1AB742A8BF374617
:108C6000002F0ADD23602D9B676001333D44072BF5
:108C70002E952D9300F365860834002FA8BFF61BB0
:108C8000002E7FF7BEAB102E2D9BDFF8C8917FF72B
:108C9000ECAEDDF82480102704E00834103E102EDE
:108CA0007FF7E3AE01331035072BC4E90097CDE918
:108CB0002D35F2DD2CAA4146584600F0C3FF0028AE
:108CC0007FF4C6AEDDE92D352FACE7E7049BD9076D
:108CD0003FF5F1AE0123072FCDE92D7526606360C6
:108CE0007FF717AF09992CAA584600F0ABFF002870
:108CF0007FF4AEAEDDE92D750DF1BC0809E70E9BE2
:108D0000012B7FF706AF112BDFF8489140F35C830E
:108D1000CDF814A01026CA46DDF8249005E008F12D
:108D20000808103C102C40F34C8301371035072FF6
:108D3000C8E900A6CDE92D75F1DD2CAA49465846B3
:108D400000F080FF00287FF483AEDDE92D750DF182
:108D5000BC08E6E709992CAA584600F073FF0028E2
:108D60007FF476AE2E9D2FACFFF73BBB0B9915F031
:108D7000100051F8043B0CD115F0400604D00B91C3
:108D80009BB20246012189E415F400721CBFDBB2DC
:108D900032460B91012181E404980B9910F01000E8
:108DA00051F8043B3DD1049A12F0400534D09BB2F7
:108DB00002460B91A4E45B42049D62EB42022D202B
:108DC00001216CE4059B089358AE9EE509992CAAF5
:108DD000584600F037FF00287FF43AAEDDE92D75E4
:108DE0000DF1BC086FE609992CAA584600F02AFF3D
:108DF00000287FF42DAEDDE92D750DF1BC086FE67E
:108E0000049BDB077FF5FDAA32E50B939AF800304F
:108E1000FFF7D2B958AE78E5049A12F4007240F028
:108E200009840B916CE40B92DA171146FFF7F6BB3D
:108E3000179A9AF80030002A3FF4BEA91278002A47
:108E40003FF4BAA9049A42F480620492FFF7B4B9DD
:108E500058DA000848DA0008049BD80600F1AB8213
:108E6000049B590600F1E083049B9A0540F1A3821C
:108E70000B9B069A1B681A7064E4DDE91001024638
:108E80000B46F7F7C3FF002840F01E860C9B612BB2
:108E900000F03185412B00F04E85059B013300F039
:108EA00002840C9B23F02003472B00F0E1850A90FD
:108EB000DDE91001049A002942F48079C0F2F984B6
:108EC0009DED107B8DED1E7B002313930C9B413B8E
:108ED000252B00F22583DFE813F029042303230365
:108EE0002303EA03B50423032303230323032303F8
:108EF0002303230323032303230323032303230342
:108F00002303230323032303230323032303230331
:108F1000230323032303230323032904230323031A
:108F20002303EA03B504049D0C93FFF7A9BB0C933C
:108F3000AD4B1593049B13F0200200F033810B9B83
:108F4000073323F0070319465A6851F8083B0B9181
:108F50000498C1070BD553EA020108D00C998DF88B
:108F6000891040F00201049130218DF88810049995
:108F700021F480650221FFF791BB0C93FFF7B2BB90
:108F80000C939A4B1593D5E70B9B1B688DF8FC301F
:108F90000123029308933FAEFFF7F5BA049B43F019
:108FA000200304930AF1010A9AF80030FFF704B98C
:108FB000049B43F4007304930AF1010A9AF8003009
:108FC000FFF7FAB809992CAA584600F03BFE002892
:108FD0007FF43EAD2E9D2FAC57E4059B0A96062BE1
:108FE000314628BF0623059632460293804E0B97E2
:108FF000089312910F910D91FFF765BA40215846E1
:10900000FEF7C2FD099B18601861002800F0038676
:10901000099A40235361FFF793B8102F2D9BDFF877
:10902000D49140F30B8249462A46B146099D4FF040
:1090300010080E4604E00834103F102F40F3FA8168
:1090400001331032072BC4E90068CDE92D32F2DD7F
:109050002CAA2946584600F0F5FD00287FF4F8AC0C
:10906000DDE92D322FACE7E70E9BCDF830A006EB03
:1090700003090F9BDDF85CA0DDF848800D96002BFE
:1090800022462946059C099DCDF81490DDF8709084
:1090900031DDB8F1000F40F33B8108F1FF382D9826
:1090A000199B013049440728C2E900392E912D90BF
:1090B00000F387800832059B9AF800001F1B874247
:1090C000A8BF0746002F0CDD2D9801303944072832
:1090D000C2E900472E912D9000F360819AF80000BC
:1090E0000832002FACBFC61B0646002E16DC044417
:1090F0000F9B002BCDDCB8F1000FCEDCDDE90D635A
:109100002046F31898421446024628BF1A46CDF866
:109110005CA00D46DDF830A0059290E5102E2D984C
:10912000344B23DD0894102734461E4604E0103CDF
:10913000102C02F1080216DD01302E4B10310728E9
:10914000C2E90037CDE92D01F1DD2CAA29465846A8
:1091500000F078FD00287FF47BAC103C102CDDE99A
:109160002D012FAAE8DC33462646089C1360013007
:1091700031440728CDE92D01566000F3A2839AF807
:10918000000008320444B3E7149A16991544C4E960
:1091900000122D9A2E950132072A2D9200F3BE83DC
:1091A000083455E504980B9910F0100051F8043B71
:1091B00017D1049A12F040050ED09BB202460B91D3
:1091C000C6E62CAA2946584600F03CFD00287FF44C
:1091D0003FAC2E992FAA6EE7049A12F4007240F069
:1091E0001F820B91B4E600BFA4D8000890D80008F5
:1091F000B8D8000848DA000800210894DFF81C936A
:10920000179CCDF810A005F4806758AE4FF0050804
:1092100002958C4605E00A2B72F1000234D35346C6
:109220002A46991841F10001A9FB010525F0030028
:1092300000EB9500091A581A4FF0CC3562F1000E78
:1092400005FB00F5A0FB09A009FB0E550AF0010E75
:109250000544AEFB080E40184FEA5A0A303006F8B3
:10926000010C4AEAC57A0CF1010C013E6D08002F91
:10927000D1D021788C45CED1BCF1FF0FCBD00A2BB9
:1092800072F1000280F0E7801794DDF810A0029DD3
:10929000089CCDF838C0FFF734BB2D9B9E4A226056
:1092A000013301350122072B2E952D93626000F3C7
:1092B0001B810834002940F09380049B0E9A03F030
:1092C000010313433FF49DA8149B169A1D44C4E95F
:1092D00000232D9B2E950133072B2D9300F3D68170
:1092E00004F108028DE0099913932CAA584600F066
:1092F000A9FC00287FF4ACAB9DF887202E9D139B22
:109300002FACFFF746B80129049D7FF4EAAA15E4C3
:109310000F9B013B0AF1FF3A0F93C0E609992CAA73
:10932000584600F08FFC00287FF492AB2E9D2FACA6
:10933000FFF799BA0DF1A8080822002140462596AA
:10934000FEF7A8F9059B002BC0F29280002502973A
:1093500099462F460EE03FA9584602F06BFA431C8F
:10936000384400F08F83484509DC05F1040500F01E
:10937000BD830746259A52594346002AEBD10897E8
:10938000029F83E009992CAA584600F05BFC002854
:109390007FF45EAB2E9D2FACFFF71DB82CAA29469B
:1093A000584600F04FFC00287FF452AB9AF80000BA
:1093B0002E992FAA95E60B9B069A1B681A60FFF759
:1093C000C1B9D146DDF814A0C8F800900137254492
:1093D000072FCDE92D75C8F804407FF798AB81E4DD
:1093E000149B169A1D44C4E900232D9B2E9501332E
:1093F000072B2D9300F34A8104F108020029C0F2E3
:10940000E0820E99166001330D44072BCDE92D350E
:1094100051603FF734AB02F10804FEF7F2BF049944
:109420000B928D054ABF43F3C012DA175BB21146A7
:10943000FFF7F4B8154632464E46914601333D4497
:10944000072BCDE92D35C4F80090676000F3128139
:109450000834FFF7EDBB1C9B1999F61A1A463046E3
:1094600000F042FD637803B101344FF0000CD6E602
:1094700000231946CDF8008025AA584602F000FACC
:1094800003460133089000F0FD822596089B002BCF
:1094900036D0632B00F3E48000230A933FAE08220A
:1094A00000214046FEF7F6F8089DCDF800802B46D7
:1094B00025AA3146584602F0E3F9854240F0A583DB
:1094C00008990B970023735421EAE1719DF88720D6
:1094D0000593029112930F930D93FEF7F4BF2D2283
:1094E0008DF88720FEF7DCBF09992CAA584600F0BA
:1094F000A9FB00287FF4ACAA23992E9D2FACD9E6B6
:10950000089B9DF887200B970293059312930F9366
:109510000D930A93FEF7D7BFC0D80008CDCCCCCCB2
:109520002AAB019325AB0093022123AB9DED1E0BCB
:10953000059A584600F054FE049BD907064600F1F0
:10954000FC812A9B1B1A0E93239B0D930D9BDA1C07
:1095500003DB059A9A4280F28B810C9B023B0C93B1
:109560000D9B013B9DF8302023930021002BB8BFB9
:109570000D9B8DF89820BABFC3F101032D222B2239
:10958000092B8DF8992040F365820DF1AF05B34F9B
:109590002A461046A7FB0312D20802EB8201A3EB76
:1095A0004101303100F8011C19466329134600F1CE
:1095B000FF32EEDC303302F8013C831EAB4280F018
:1095C00021830DF1990213F8011B02F8011FAB4230
:1095D000F9D158AB181AA0F1AD0318930E9B189A45
:1095E000012B1A44089240F35882089B149A1344A2
:1095F0000893049B089A23F4806343F480730493D4
:1096000022EAE2720023129302920F930D93139BAE
:10961000002B40F01B819DF887200593FEF753BF78
:10962000DBB22A460B9193E40B9B069A1B681A80C7
:10963000FFF788B8DBB22A460B91FFF761B8099CA7
:109640002CAA2146584600F0FDFAA38903F04003F6
:10965000FEF766BE3046F7F7D3F80146FEF7C0BF07
:10966000591C5846FEF790FA0646002800F0DB82A7
:109670000A9014E709992CAA584600F0E3FA00284A
:109680007FF4E6A92E9D2FACFFF7D2BA09992CAA38
:10969000584600F0D7FA00287FF4DAA9DDE92D3525
:1096A00023992FAAAAE606230A90059300E4059BB6
:1096B000022103F101082AAB019325AB00939DED34
:1096C0001E0B23AB4246584600F08AFD0C9B23F04C
:1096D0002007462F064600EB080518BF452705D191
:1096E0003378302B00F03C81239B1D44DDE91E01C3
:1096F00000220023F7F758FB002840F059812A9BED
:10970000AB4206D230215A1C2A9219702A9B9D42E4
:10971000F9D8239A0D929B1B472F0E933FF416AF57
:10972000462F00F02B810D9B013B1BE723A89DEDED
:109730001E0B00F04BFC00224FF07F5351EC100B3E
:10974000F7F7CAF802460B46CDE9022300220023B0
:10975000F7F72AFB08B101232393059B404A0C9895
:10976000CDF820A0591E3F4B0D96612808BF1A4620
:109770003746A0460592DDE902458A46164609E0CD
:10978000002200230AF1FF39F7F70EFB002840F012
:10979000BB81CA46344B002220462946F7F79CF885
:1097A0000D460446F7F748FB8146F6F75BFE024696
:1097B0000B4620462946F6F707FD16F80930BAF1A0
:1097C000FF3F3A46044607F8013B0D46D8D1CDE9A4
:1097D0000245264BDDF820A00D9E4446904600220F
:1097E0004D46F7F709FB002800F0FF81059BCDF8F7
:1097F000A880D97B17F8012C91423B4609D1302033
:1098000003F8010C2A9B5A1E2A9213F8012C91424C
:10981000F6D0392A0BBF059A0132927AD2B203F8F8
:10982000012C3B469B1B0C9A0E93239B0D93612AA4
:1098300003F1FF33239300F0B381412150220C91B7
:10984000012193E6DDF81480032134E72D22002363
:109850008DF887200593FEF739BE00BFCDCCCCCC68
:10986000A4D8000890D80008000030400000E03F75
:10987000DDE90D23934200F3C480049B13F0010F34
:109880000D9B00F00F81149A13440893049B5F050D
:1098900003D50D9B002B00F34781089B23EAE3735C
:1098A000029367230C930023CDF8109012930F932B
:1098B000ADE601F100431F932D231E901393FFF794
:1098C00005BB2CAA2946584600F0BCF900287FF4B5
:1098D000BFA89AF800002E992FAA044408E4099919
:1098E0002CAA584600F0AEF900287FF4B1A82E9DAE
:1098F0002FACFFF794B978238DF88930049B43F09F
:109900000203049330238DF88830059B632B00F30A
:109910008E8000230A933FAEFFF7CABA09992CAA9A
:10992000584600F08FF900287FF492A8239B2E9DC3
:109930002FACFFF78DB95823DEE7059B4727C518E5
:10994000D4E609992CAA584600F07CF900287FF447
:109950007FA8239E0E9B2E9D9E1B2FACFFF78DB9DB
:10996000DDE91E0100220023F7F71EFA002800F0AF
:109970001981239B0D931D44AB1B0E93049B0D99E2
:10998000059A03F00103002943EA020340F31A8118
:10999000002B40F0F2800D9B089366230C93049BF0
:1099A0005B0500F1C380089B23EAE37302937AE727
:1099B000239A0D922B46AEE6002282460592FEF7D0
:1099C000FDBB4F421031DFF87892B8BF102404DBA2
:1099D00021E00832103F102F1DDD01331035072B19
:1099E000C2E90094CDE92D35F3DD09992CAA58463A
:1099F00000F028F900287FF42BA8DDE92D352FAAE7
:109A0000E8E70E9B149A9A180D9B0892002B71DDC3
:109A100067230C93C3E701333D44072BCDE92D3574
:109A2000C2F80090576000F3AF800832E9E4591C97
:109A30005846FEF7A9F8064610B10A90FFF738BA63
:109A4000099A938943F0400393814FF0FF330693C3
:109A5000FEF769BC002934D130228DF89A200DF12F
:109A60009B02303302F8013B26ABD31A1893B5E5BD
:109A7000059B002B7FF41BAA059B0A9301230593EA
:109A8000FFF716BA099BB3F90C3000220A9243F093
:109A90004003099A9381FEF7DBBF049BDB077FF548
:109AA000A8ADA2E50893F1E6059B02930893732302
:109AB0009DF887200B97059012900F900C93FEF75E
:109AC00002BD0DF19A02CCE7119B5A4E002B049B6C
:109AD000A8BF9DF8872023F08003B8BF2D220493F0
:109AE000B8BF8DF88720544BFEF7E0BC059B029F62
:109AF0000893CBE4C3F101031A4422EAE273029310
:109B0000672308920C93CEE651460029DDF820A089
:109B10000D9E4446FFF685AE4B1C3B44302207F8B1
:109B2000012B9F42FBD17DE667230C9317990B789D
:109B3000FF2B74D000250D9A284603E00130013137
:109B4000FF2B08D0934206DAD21A4B78002BF5D1BE
:109B50000B780135F4E717910D920F901295129A38
:109B60000F9B1C99CDF810901344089A01FB032316
:109B7000089323EAE373029349E5149B1A445318AC
:109B8000089366230C930AE709992CAA584600F01B
:109B900059F800287EF45CAFDDE92D352FAA30E4BA
:109BA00070224DE6C8F1010323939EE50B9A9AF8C3
:109BB000013052F8041B0B9241EAE1718246059193
:109BC000FEF7FABA2BB90123662202930C9208938E
:109BD00069E6149B03F10108059B4344089323EABB
:109BE000E373029366230C935DE6DDE90201134BF8
:109BF0000022F7F7D9F800283FF413AEE8077FF505
:109C000010AEF3E502231893E8E4099BB3F90C3096
:109C100043F040033DE70C23CBF8003015E7002369
:109C200012930F939BE7099B0A90B3F90C3043F012
:109C300040032EE78CD8000888D800080000E03FD9
:109C400048DA00082DE9F843154692682C68FAB105
:109C500080468946083401E00834CFB16B68591E4C
:109C6000002B1746696013DD54F8046C002EF3D006
:109C7000334654F8082C4946404601F00DFE431C7B
:109C800007D0AA68921B1746AA600834002FE5D1B6
:109C900000200023C5E90133BDE8F88370B5002931
:109CA0003FD006460C4610B1436B002B3CD0636E90
:109CB000B4F90C20DD0732D4900538D52146304662
:109CC00000F04CF8E36A054633B1E1693046984745
:109CD0000028B8BF4FF0FF35A3891A0639D4216B8D
:109CE00041B104F14003994202D03046FDF750FEE5
:109CF00000232363616C21B13046FDF749FE002348
:109D00006364FDF735FC636E0022DB07A2811CD57E
:109D1000A06DFDF7CBFDFDF731FC284670BD002A94
:109D2000CCD10025284670BDFDF704FCBFE7A06D2F
:109D3000FDF7BEFDB4F90C30002BBFD1636ED9071F
:109D4000EFD4A06DFDF7B6FDEBE7A06DFDF7B2FD1A
:109D5000DEE721693046FDF71BFEC0E7B1F90C20B4
:109D60002DE9F04116070C4680464ED4496842F46E
:109D700000630029A38163DDA56A002D42D0002184
:109D800012F48052D8F80060C8F80010E16964D17C
:109D900001234046A847451C02466ED0B4F90C305A
:109DA000A56AE169580705D56368D21A236B0BB120
:109DB000E36BD21A00234046A847431C4FD1D8F882
:109DC0000010B4F90C301D2940D8314ACA40D707D9
:109DD0003CD52269226023F40062A281DD044FF0A9
:109DE0000002626001D5002945D0216BC8F80060EF
:109DF00041B104F14003994202D04046FDF7C8FD4D
:109E0000002323630020BDE8F0810E69002EF9D005
:109E10000D680E6092070CBF4B690023AD1B8B6071
:109E20000BE02B463246E169676A4046B847B0F11D
:109E3000000CA5EB0C05664406DD002DF1DCE1E726
:109E4000E16B002998DCDDE7B4F90C3043F0400306
:109E5000A3814FF0FF30BDE8F081226DA2E7B4F995
:109E60000C302269226023F40062A281DB044FF0EF
:109E700000026260B9D52065B7E7D8F80030002B42
:109E80008CD01D2B01D0162BDED1C8F80060B9E7AD
:109E90000100402038B50C46054608B1436B03B3BA
:109EA000B4F90C0088B1636EDB0701D481050FD5CE
:109EB00028462146FFF752FF636EDA07054602D4B3
:109EC000A3899B0508D5284638BD0546284638BDD8
:109ED000A06DFDF7EDFCEBE7A06DFDF7EBFC284670
:109EE00038BDFDF727FBDBE740EA01039B0710B510
:109EF00001D1032A17D8844601F1FF3E07E01EF87E
:109F0000011F03F8011B541E29B19C4622466346DB
:109F1000002AF4D110BD9444002CFBD003F8011B9F
:109F20006345FBD110BD8E468446DEF80040A4F1A7
:109F3000013323EA040313F0803F71460EF1040E4F
:109F4000DAD1043A032A4CF8044BEED87146D3E731
:109F5000014B93F828017047000600200048704725
:109F6000F006002038B5074D0022044608462A6056
:109F7000F7F794FC431C00D038BD2B68002BFBD0B6
:109F8000236038BD3C79002038B5074D074C2C1BA9
:109F9000A41005D0013C55F8043D9847002CF9D198
:109FA000BDE8384003F0A2BBA0DC00089CDC000840
:109FB000082802D14FF48050704708B5FDF746FCE1
:109FC000162303604FF0FF3008BD00BF70B555EC9D
:109FD000104B0646134825F00043002183423160B0
:109FE0001DD8204618431AD00F4828402A4658B991
:109FF0000E4B002220462946F6F76EFC0A4621F059
:10A00000004304466FF035011B156FF31E52A3F297
:10A01000FE3342F07F550B4445F40015336045ECA8
:10A02000104B70BDFFFFEF7F0000F07F000050433A
:10A030002DE9F8431B4D0646286898460F46914681
:10A04000FDF736FC184B1C681CB3286865681F2D8B
:10A0500022DC4EB96B1C0235636044F82570FDF7B5
:10A0600029FC0020BDE8F88304EB85010123C1F839
:10A070008890D4F88821AB401A43022EC4F8882176
:10A08000C1F80881E6D1D4F88C211A43C4F88C2198
:10A09000E0E7064C1C60D8E7FDF70CFC4FF0FF3002
:10A0A000E0E700BFE80100204C790020847900201F
:10A0B0002DE9F04F03690C69A34283B0C0F28A8096
:10A0C000013C01F1140500F1140855F8243058F84A
:10A0D000242001339A428E4681464FEA840105EBE3
:10A0E000840708EB840AB2FBF3F63AD3CDE90015F6
:10A0F0000022AC46404613465CF8041B05681FFA74
:10A1000081FB06FB0B22090C4FEA124B06FB01BB3D
:10A1100092B2A9B2891A19441FFA8BF3C3EB2143F7
:10A1200003EB154389B241EA0341674540F8041B3C
:10A130004FEA1B424FEA2343DED2DDE9001558F80F
:10A14000013073B9AAF1040AD04504D307E0D04521
:10A1500004F1FF3403D25AF80439002BF7D0C9F8C0
:10A1600010407146484601F019FA00282EDB41469E
:10A17000002255F8040BD1F800C01FFA80FE1FFA28
:10A180008CF3A3EB0E031344020CC2EB234202EB4D
:10A190001C429BB243EA0243AF4241F8043B4FEA00
:10A1A0002242E6D258F8242008EB84036AB9043B23
:10A1B000434504D807E0984504F1FF3403D253F82F
:10A1C0000429002AF7D0C9F810400136304603B000
:10A1D000BDE8F08F002003B0BDE8F08F0000000064
:10A1E0002DE9F04F9DB0CDE90A320291816B269D99
:10A1F00004908DED060B57EC106B49B1C26B4A60B1
:10A200000123934004468B6000F066FF0023A363A4
:10A21000B7F10009B4BF012300232B60764BBCBF0C
:10A2200029F00049CDF81C9033EA090300F0AA8018
:10A230009DED067B002251EC170B00238DED007B7A
:10A24000F6F7B2FD804668B10A9A01231360279B96
:10A2500013B1279A694B1360694B059305981DB09C
:10A26000BDE8F08F9DED000B04981AAA1BA901F020
:10A2700073FA5FEA1955824640F09A80DDE91A8543
:10A28000454405F23243202B40F38A83C3F1400357
:10A2900009FA03F905F2124326FA03F349EA030027
:10A2A000F6F7D0F80123013DA1F1F8711293554B57
:10A2B0000022F5F789FF4AA3D3E90023F6F70CFB48
:10A2C00049A3D3E90023F5F781FF064628460F4648
:10A2D000F6F7C8F846A3D3E90023F6F7FDFA0246DD
:10A2E0000B4630463946F5F771FF06460F46F6F73E
:10A2F000A3FD002204460990002330463946F6F7B4
:10A300005DFD002840F02283099CA8EB050808F1B8
:10A31000FF33162C089300F28A813B4B03EBC403F6
:10A32000D3E90023DDE90001F6F748FD002871D0EC
:10A33000631E099300231193089B002BC0F27D81BB
:10A3400000230C93099B002B6ADA099B0C9A0D934E
:10A35000D21A0C925A4200230993029B1092092BA5
:10A3600068D8052B40F32183043B02930025029B10
:10A37000023B032B00F23686DFE813F06E046B0419
:10A38000630447040A9AC9F3130942F20F7359EAA6
:10A39000060913601CD1279B002B00F043861B4B42
:10A3A00005930833279A059813601DB0BDE8F08F18
:10A3B000DDE90012C2F31303084643F07F51CDF8E4
:10A3C0004880A5F2FF35DDF8688041F440116EE762
:10A3D000279B002B40F0F4830D4B05933EE700BF15
:10A3E00061436F63A787D23FB3C8608B288AC63F9B
:10A3F000FB799F501344D33F0000F07FC1D8000881
:10A40000C0D800080000F83FA0DA00080CD9000806
:10A4100018D90008B8F1000F40F3A38411900C90F4
:10A42000DDE908321344089300231093029B0D9238
:10A43000092B96D90023012502930E954FF0FF3B7F
:10A440000B93049BCDF84CB00021D963049800F025
:10A450001DFE0590002800F0CE85DDE90432BBF139
:10A460000E0F9A6300F21881002D00F015810D99EE
:10A47000002940F34684B34B01F00F0203EBC20303
:10A48000C805D3E900894FEA211540F10884AE4B95
:10A49000DDE90001D3E90823F6F748FBCDE9140113
:10A4A00005F00F0503277DB1A74EE90708D5404603
:10A4B0004946D6E90023F6F70FFA01378046894668
:10A4C0006D1006F10806F0D142464B46DDE9140155
:10A4D000F6F72CFB80468946119B43B19B4B00222B
:10A4E00040464946F6F76AFC002840F00B8538469E
:10A4F000F5F7B8FF42464B46F6F7EEF9944B0022CB
:10A50000F5F764FEA1F15073CDE914011593BBF189
:10A51000000F00F0A8800D9BCDE918B349464046D6
:10A52000F6F78AFC189A874B03EBC20313ED027B04
:10A5300005468DED167BF5F795FF0B46024649461D
:10A540004046F5F741FE059F0E9B30357E1CECB270
:10A55000804689463546002B00F06C84DDE91623E1
:10A560007C490020F6F7E2FADDE91423F5F72CFE2A
:10A570003C7042464B4604460D46F6F73DFC00282B
:10A5800040F0B884CDF850A0CDF858B00027AB46C5
:10A59000A246189D2AE00137AF4280F2FD846E4B3F
:10A5A000504659460022F6F797F96B4B0022824637
:10A5B0008B4640464946F6F78FF989468046F6F7BE
:10A5C0003BFC0446F5F74EFF02460B464046494623
:10A5D000F5F7FAFD303406F8014B52465B468046EB
:10A5E0008946F6F7EBFB002840F0D38442464B4601
:10A5F00056490020F5F7E8FD52465B46F6F7DEFBCC
:10A600000028C8D0199BDDF850A0059A374603F101
:10A61000010802E0974200F09B843E4617F8013D96
:10A62000392BF7D00133DBB23B7045467DE1012386
:10A630001193089B002BBFF683AEC8F101030C9366
:10A64000002308937EE63846F5F70CFF42464B465A
:10A65000F6F742F93E4B0022F5F7B8FDA1F1507331
:10A66000CDE9140115933D4B002240464946F5F7CC
:10A67000ABFDDDE9144522462B4606460F46F6F7AC
:10A68000BBFB002840F0738430463946224605F172
:10A690000043F6F793FB28BB1B9B002BC0F2908076
:10A6A0000D9A0E2A00F38C80264B0D9A03EBC20301
:10A6B00093ED007B0B9B002B8DED027B19DABBF138
:10A6C000000F16DC0ED1254B0022DDE90201F6F762
:10A6D00003F902460B46DDE90001F6F779FB002895
:10A6E00000F045840023059E00931F460B9BDD432D
:10A6F0002DE2059B5D1CDDE90278DDE900013A46AB
:10A700004346F6F713FAF6F797FB0646F5F7AAFE67
:10A710003A464346F6F7E0F802460B46DDE900010B
:10A72000F5F752FD059A06F13003BBF1010F2F46F4
:10A73000137000F021830125CDF800A0A846DDE9C3
:10A74000029A2BE0A0DA000878DA00080000F03F57
:10A7500000001C400000E03F0000244000001440C6
:10A760004A46534620462946F6F7E0F9F6F764FBD9
:10A770000646F5F777FE4A465346F6F7ADF808F178
:10A7800001080B46024629462046F5F71DFD06F155
:10A790003003D84507F8013B00F0EC82844B0022DF
:10A7A000F6F79AF80022002304460D46F6F7FCFA65
:10A7B0000028D5D00D9DDDF800A001353E46B4E05F
:10A7C0000E9A002A40F0D8800023109E0C9D0E9314
:10A7D0001F4665B1089A002A09DD0C99AA42134662
:10A7E000A8BF2B46C91AED1AD31A0C910893109BD7
:10A7F00053B10E9B13B1002E40F0F7825146109AD0
:10A80000049800F0F9FD82460498012100F010FD43
:10A81000099B0090002B40F0BE81029B012B40F36E
:10A82000D4810120089A104410F01F0000F09B8092
:10A83000C0F12003042B40F3E3810C9BC0F11C000A
:10A84000034402440C93054408920C9B002B05DD45
:10A85000514604981A4600F029FE8246089B002BB8
:10A8600005DD009904981A4600F020FE0090119B27
:10A87000002B40F07581BBF1000F40F34C810E9B23
:10A88000002B40F0A4800D9D0135DDF81480009C64
:10A89000DDF81090012607E0514600230A224846C1
:10A8A00000F024FC0136824621465046FFF700FCAA
:10A8B000B34500F1300008F8010BEDDCBBF1000FEF
:10A8C000059BCCBF5E460126814603EB060B0024A8
:10A8D00051460122049800F0E9FD0099824600F0FB
:10A8E0005DFE002840F3EE81059A02E0934500F0FA
:10A8F00003825E460BF1FF3B16F8013C392BF5D085
:10A9000001338BF80030DDF810800099404600F0EC
:10A91000E3FB57B12CB1BC4203D02146404600F0C6
:10A92000DBFB0498394600F0D7FB0498514600F051
:10A93000D3FB002333700A9B1D60279B002B3FF441
:10A940008DAC05981E601DB0BDE8F08F2046F5F770
:10A9500089FD32463B46F6F727FA00287FF4D4AC4F
:10A96000631E0993D0E41C230C9A1A440C92089A93
:10A970001A441D44089268E7029A012A40F3AD8107
:10A98000109B0BF1FF36B342C0F26981BBF1000F9F
:10A99000A3EB060680F2EF820C9BA3EB0B056CE1A8
:10A9A000C3F1200306FA03F07AE40125DFE400BFD7
:10A9B000000024403946002304980A2200F096FB48
:10A9C000139B002B074640F3FF820D969B46002DFC
:10A9D00005DD394604982A4600F068FD0746099BC4
:10A9E000002B40F0E681B846059E731E03EB0B0476
:10A9F000069B03F00103CDE90B43049C00995046EC
:10AA0000FFF756FB39468346504600F0C7FD0099D4
:10AA100005464246204600F0E3FDC3680BF13009CD
:10AA20000146ABBB0990504600F0B8FD099908906B
:10AA3000204600F051FB089A002A54D1029B1BB912
:10AA40000C9B002B00F0AE82002D3FDB0B9BB3462E
:10AA50009E420BF8019B00F0C381514600230A225D
:10AA6000204600F043FB4745824639464FF000033D
:10AA70004FF00A02204630D000F038FB414607462E
:10AA800000230A22204600F031FB5E468046B5E7EF
:10AA9000049800F021FB002D06DB069B03F0010269
:10AAA000029B1D432A4329D151460122049800F0FC
:10AAB000FDFC0099824600F071FD002840F3F6800D
:10AAC000B9F1390F00F049820BF131090D9D06F8FB
:10AAD000019B3C460135474615E700F007FB5E4603
:10AAE000074680468AE7002DC0F29382029B1D43F1
:10AAF0000C9B1D4300F08D82002AA7DDB9F1390FB0
:10AB000000F02B820D9D09F101033C4606F8013B44
:10AB100001354746F7E6029B022B7FF7B0AEBBF14B
:10AB2000000F40F02581009904985B46052200F053
:10AB3000DDFA01460090504600F030FD002840F359
:10AB40001781059E0D9D312306F8013B01350099C3
:10AB5000049800F0C1FA0135002F7FF4E2AEE4E67C
:10AB60000099504600F01AFD0028BFF684AE514609
:10AB7000002304980D9C0A2200F0B8FA0E9B661E72
:10AB80008246002B7FF416AF139B002B40F31182FB
:10AB90000D9D9B4679E601461A46049800F02CFC70
:10ABA000029B0090012B6EDD00230993009A13692C
:10ABB00002EB8303186900F0E9FAC0F1200031E6E6
:10ABC000984B05930333FFF7EDBB069B002B7FF4F7
:10ABD00028AEDDE90612C2F31303002B7FF421AE89
:10ABE000914B134033B10C9B01330C93089B013301
:10ABF00008930123099A0993002A3FF412AED5E77E
:10AC00003FF423AEC0F13C03AEE601230E930B9B51
:10AC10000D9A134403F1010B5E46012E1393B8BF46
:10AC20000126172E40F3F981012204235B0003F172
:10AC30001400B042114602F10102F7D9049BD96316
:10AC400004E401230E930B9E002E36DD1396B346CB
:10AC5000E7E700230E93DAE700230E93F3E7109B58
:10AC6000099A1096F31A1A44089B09925B440893B8
:10AC70000C9B1D465B440C9300260498012100F0B8
:10AC8000D7FA0746A5E5069B002B8DD1DDE9060125
:10AC9000C1F313030A46002BA2D0099086E79DED6D
:10ACA000007B02278DED147BFFF7FDBB7FF40EAF19
:10ACB00019F0010F7FF404AF08E701230B939B46C3
:10ACC000FFF7BFBB03D119F0010F7FF40DAE5E4655
:10ACD0001BF8013D302BFAD015E6129A002A00F03D
:10ACE0009C8003F23343089A109E1A4408920C9AEF
:10ACF00015461A440C92C0E7059A312301351370AA
:10AD000001E600F0FA800D9A484B554205F00F021B
:10AD100003EBC203D3E90023DDE90001F5F7DCFD15
:10AD20002D11CDE9140100F05881414E0023022776
:10AD300080468946EA0709D5D6E9002340464946B8
:10AD4000F5F7CAFD01378046894601236D1006F1EB
:10AD50000806EFD1002B7FF4BFABDDE91489FFF7C4
:10AD6000BBBBC8F1010308900C931190FFF758BBCF
:10AD7000059EBBE4DDF800A002460B46F5F726FA77
:10AD80000D9DCDE90001013502460B46DDE90201CA
:10AD9000A846F6F713F840B9DDE90023DDE9020122
:10ADA000F6F702F818B1F30701D5059A35E43E46E7
:10ADB000BBE57968049800F069F90546002800F0C1
:10ADC00021813B6902339A0007F10C010C30F5F741
:10ADD0001DFC04982946012200F068FB804603E62A
:10ADE0000D9D3C460135474672E5049C3946324686
:10ADF000204600F001FB524601460746204600F07F
:10AE000045FA51468046204600F066F9109B9B1B90
:10AE1000C24610933FF4F8ACF0E41A9BC3F136033A
:10AE200061E700BF18D900080000F07FA0DA000831
:10AE300078DA0008DDE91623DDE91401F5F74CFDA9
:10AE4000059B1C70189B012BCDE90E0100F0C380FF
:10AE5000189F059B12961F447A4B00224046494694
:10AE6000F5F73AFD0D460446F5F7E6FF8146F5F79E
:10AE7000F9FA09F1300902460B4620462946F5F752
:10AE8000A3F906F8019BBE4280468946E4D1129D93
:10AE90006D4B0022DDE90E01F5F798F902460B46ED
:10AEA00040464946F5F7A8FF00286CD1DDE90E239E
:10AEB00065490020F5F788F902460B4640464946A9
:10AEC000F5F77CFF80B91B9B002BFFF67DAC0D9B3B
:10AED0000E2B3FF779AC5D4B0D9A03EBC20393ED5C
:10AEE000007B8DED027B06E43E46013F16F8013CF7
:10AEF000302BF9D0199D013517E5DDE900890227CE
:10AF0000FFF7EABABBF1000F3FF49DAB139C002C96
:10AF10007FF7C2AB0D9B013B002240464946199387
:10AF2000484BF5F7D9FC80468946781CF5F79AFA24
:10AF300042464B46F5F7D0FC454B0022F5F746F963
:10AF4000A1F15073CDE9140118941593FFF7E6BAF7
:10AF500008F101083123FFF767BB0D9D059AB34641
:10AF600039233C460BF8013B01354746C1E4002339
:10AF700000931F46E5E5089B5B4408930C9B1D4628
:10AF80005B440C9379E6199B059A03F10108FFF7DE
:10AF900044BBDDF850A0ADE7DDF850A0DDF858B0B7
:10AFA000FFF77ABBB9F1390FD7D0002D3FF78CAD41
:10AFB0008CE5029B022B03DC0D9DDDF84CB064E4B4
:10AFC000DDF84CB00D96AAE5029B022BF8DCDDF80B
:10AFD0004CB00D96FBE437465AE7DDE914890227A9
:10AFE000FFF77ABA049B0025DD632946184600F076
:10AFF0004DF80590D0B9174B1748002240F2AF1119
:10B0000000F02AFD134B14482A4640F2EF2100F0CD
:10B0100023FD002A3FF748AD58E5049B0021D96382
:10B02000FFF714BA0D4B0593FFF718B9DDE90432A9
:10B030009A634FF0FF3301220B9513930E929B46B8
:10B04000FFF72ABB000024400000E03FA0DA000820
:10B0500000001C401CD9000830D900080CD9000899
:10B0600082B049B15AB16BB113780B601278101EDF
:10B0700018BF012002B0704701A9002AF3D1104681
:10B0800002B070476FF00100F4E700BF436C70B589
:10B0900005460C464BB153F8240080B1026843F8D2
:10B0A00024200023C0E9033370BD2122042100F0D5
:10B0B000F3FC034668640028EDD1002070BD012137
:10B0C00001FA04F6721D9200284600F0E5FC002803
:10B0D000F3D0C0E90146E4E731B1436C4A6853F864
:10B0E0002200086043F82210704700BF2DE9F041AC
:10B0F0000D6907460E461C4601F1140E0020DEF8CD
:10B1000000108BB202FB03434FEA134C090C02FB05
:10B1100001CC01309BB203EB0C4385424EF8043B5B
:10B120004FEA1C44EBDC3CB1B368AB4207DD06EBF5
:10B13000850301355C6135613046BDE8F081716899
:10B1400038460131FFF7A2FF8046A8B132690232CA
:10B1500006F10C0192000C30F5F758FA7B6C72681E
:10B1600053F82210316043F82260464606EB85030F
:10B1700001355C613561DFE7024B03484246BA2185
:10B1800000F06AFC1CD900088CD90008B0F5803F9B
:10B19000034636BF030400201020B3F1807F3CBF7C
:10B1A0001B020830B3F1805F3CBF1B010430B3F1D8
:10B1B000804F03D3002B06DB013070479B0003D484
:10B1C0005B0003D420207047023070470330704783
:10B1D000036813F00702014607D0DA071FD4980767
:10B1E00021D55B080B600120704798B2A0B11046D2
:10B1F000DAB20AB908301B0A1A0704BF1B09043067
:10B200009A0704BF9B080230DA0703D45B0800F1F9
:10B21000010006D00B6070471B0C1020E8E70020EF
:10B220007047202070479B080B600220704700BFCA
:10B2300038B5436C04460D464BB15868B0B102684E
:10B240005A6000220123C0E90323456138BD212251
:10B25000042100F021FC034660640028EDD1094B75
:10B260000948002240F2451100F0F6FB1C220121A2
:10B27000204600F011FC0028F1D001220223C0E991
:10B280000123DEE71CD900088CD900082DE9F04F16
:10B29000D1F810801569A84585B00E46924605DBA9
:10B2A0002A46534645468A4690461E46DAF80830F6
:10B2B000DAF8041005EB0804A342B8BF0131FFF728
:10B2C000E5FE8446002800F08B8000F1140707EBB0
:10B2D000840E774505D23B46002243F8042B9E4559
:10B2E000FBD8143606EB88080AF11409464509EB29
:10B2F000850566D2A5EB0A03153B23F003030AF18B
:10B30000150A043355452CBF9B464FF0040BCDF86E
:10B3100008E00394AE46E24605E0090C2AD1B045A8
:10B3200007F104074AD956F8041B8DB2002DF4D05A
:10B33000CC463C46002301965CF8040B216886B29B
:10B340008AB2000C05FB0622090C1A4405FB001109
:10B3500001EB124192B242EA0142E64544F8042B65
:10B360004FEA1143E8D8019E47F80B3056F8041C09
:10B37000090CD4D03B68002248461D463C46944602
:10B38000028801FB02C202EB15429BB243EA024370
:10B3900044F8043B50F8043B25684FEA134CABB229
:10B3A00001FB0C3303EB124370454FEA134CE7D318
:10B3B000B04547F80B3007F10407B4D8DDE902E4E3
:10B3C000D446002C02DC05E0013C03D05EF8043DCD
:10B3D000002BF9D06046CCF8104005B0BDE8F08FE6
:10B3E000034B044862464FF4B17100F035FB00BFD7
:10B3F0001CD900088CD9000812F003032DE9F04194
:10B40000144607462CD10D46A4101CD03E6C86B3C2
:10B41000E3074FF0000806D4641014D03068A8B1D8
:10B420000646E307F8D5324629463846FFF72EFF91
:10B4300035B17B6C696853F821202A6043F82150AC
:10B4400064100546EAD12846BDE8F081324631460F
:10B450003846FFF71BFF3060C0F800800646E0E783
:10B46000013B0F4A52F823200023FFF73FFE054619
:10B47000CAE701213846FFF709FE064640B101231D
:10B4800040F27122C0E90432002338640360BFE750
:10B49000044B0548324640F2451100F0DDFA00BF8A
:10B4A00068DA00081CD900088CD900082DE9F0479B
:10B4B0000C4690462769A368496807EB62177D1C14
:10B4C0009D4206464FEA621904DD5B009D4201F190
:10B4D0000101FADC3046FFF7D9FD8446002851D03F
:10B4E000B9F1000F00F114000EDD09F105024FEA79
:10B4F000820E03460CEB8202002143F8041B9342A8
:10B50000FBD1AEF114031844216904F1140318F0BF
:10B510001F0803EB81012DD0C8F1200986464FF0AA
:10B52000000A1A6802FA08F242EA0A024EF8042BEC
:10B5300053F8042B994222FA09FAF2D80B1B153B57
:10B5400023F00303043304F11502914238BF0423AE
:10B5500040F803A0BAF1000F00D13D46736C626859
:10B56000CCF8105053F822102160604643F8224076
:10B57000BDE8F087043853F8042B40F8042F9942B3
:10B58000F9D8EAE7034B044862464FF4EF7100F044
:10B5900063FA00BF1CD900088CD900080B698446E7
:10B5A0000069C01A16D10CF1140C14310CEB830293
:10B5B00010B401EB830301E0944508D252F8044D26
:10B5C00053F8041D8C42F7D005D24FF0FF305DF8E0
:10B5D000044B7047704701205DF8044B704700BF73
:10B5E0002DE9F04F15460A692B69D21A002A83B05B
:10B5F000884640F0878001F1140605F1140101EB43
:10B60000830106EB830301E09E427ED253F8044D92
:10B6100051F8042D9442F7D075D32B4600244546AB
:10B6200098466968FFF732FD8146002800F089805E
:10B630002E69C460D8F8100005F1140B08F1140E3F
:10B6400009F1140A05F110020EEB80000BEB8601E4
:10B6500057464FF0000CCDF804B05EF8044B52F89A
:10B66000045F1FFA84FBABB2A3EB0B03240C63440F
:10B67000C4EB154404EB23449BB243EA04437045F6
:10B6800047F8043B4FEA244CE7D8A0EB080208F146
:10B6900015084045A2F1150234BF00200120920890
:10B6A0000028DDF804B002F101044FEA840408BF69
:10B6B00004240BEB0405A942544433D927462846F9
:10B6C00050F8043B1CFA83FE1A0C634402EB2E4232
:10B6D0009BB243EA0243814247F8043B4FEA224CC3
:10B6E000EED80139491B21F003010C4423B954F869
:10B6F000043D013E002BFAD04846C9F8106003B063
:10B70000BDE8F08F89DA01248BE70021FFF7BEFC4A
:10B71000814678B101220023C0E90423484603B0E2
:10B72000BDE8F08F00284FEA820208BF00220AEB32
:10B730000204DBE7064B07484A4640F2372100F097
:10B740008BF9034B03484A4640F2452100F084F947
:10B750001CD900088CD900082DE9F0430E4683B0AF
:10B76000012159EC108B1546FFF790FC0446002888
:10B7700046D0C9F30A57C9F313030FB143F480133A
:10B780000193B8F1000313D101A8FFF721FD019B3C
:10B7900063610122203022610FB3A7F233470744CF
:10B7A000C0F1350037602860204603B0BDE8F08363
:10B7B00068460093FFF70CFD019BF8B10099C0F1BA
:10B7C000200203FA02F2C3400A430193002B626194
:10B7D0000CBF01220222A3612261002FDDD104EB04
:10B7E0008203A0F2324030601869FFF7CFFCC0EB53
:10B7F00042102860204603B0BDE8F083009AE5E7D8
:10B80000034B0448224640F20F3100F025F900BFF7
:10B810001CD900088CD9000849B1FF2A02D80A7047
:10B82000012070478A2303604FF0FF3070470846BD
:10B83000704700BF70B5054684B05BB11C460F4B26
:10B84000D3F8E060234669B12846B047431C0FD0C7
:10B8500004B070BD094B00F58274D3F8E060234654
:10B860000029F1D10A46284601A9B047431CEFD16F
:10B8700000228A2322602B6004B070BD00060020E5
:10B8800010B582B0049CCDE900344FF0FF3300F0D6
:10B8900059FB02B010BD00BF2DE9F0478F681D466F
:10B8A000AF420B680C46164636D8B1F90CC01CF4F2
:10B8B000906F0ED13D46184631462A4600F04CF8AE
:10B8C000A368DF1B2368A7602B4400202360BDE82A
:10B8D000F0874A69096902EB42025F1A02EBD272F1
:10B8E0006B1C52103B44934292BF914699461A46B4
:10B8F0001CF4806F804611D01146FCF745F9824652
:10B9000000B321693A46F4F781FEA38923F49063DA
:10B9100043F08003A38105E02F46CCE700F0F2F866
:10B92000824658B10AEB0703A9EB0707A760C4F8E2
:10B9300010A0C4F8149023602F46BCE7216940464C
:10B94000FCF726F8A3890C2243F04003C8F8002036
:10B950004FF0FF30A381BAE788420ED98B1883429B
:10B960000BD900EB020C002A6ED0624613F801CD11
:10B9700002F801CD9942F9D170470F2A0FD803463A
:10B9800002F1FF3C002A5FD00CF1010C013B8C441A
:10B9900011F8012B03F8012F6145F9D1704740EAF6
:10B9A00001039B0751D1A2F1100370B501F1200CE6
:10B9B00023F00F0501F1100E00F11004AC441B0937
:10B9C0005EF8105C44F8105C5EF80C5C44F80C5CAB
:10B9D0005EF8085C44F8085C5EF8045C44F8045CBB
:10B9E0000EF1100EE64504F11004E9D1013312F016
:10B9F0000C0F01EB031102F00F0400EB031328D02E
:10BA0000043C24F003064FEA940C1E441C1F8E468F
:10BA10005EF8045B44F8045FB442F9D10CF1010410
:10BA200002F0030203EB840301EB840102F1FF3C0B
:10BA30004AB10CF1010C013B8C4411F8012B03F8C5
:10BA4000012F6145F9D170BD704702F1FF3C0346FB
:10BA50009AE72246EAE700BF00B50B4C256814467A
:10BA6000EE681A4685B003460D464CB1074900956D
:10BA7000CDE901143046064900F076FA01F0EEFBFC
:10BA800004490C46F3E700BFA0000020E8D90008F5
:10BA9000F8D90008F4D9000838B5A1FB021454BB4A
:10BAA000FCF772F8054650B350F8042C22F003025C
:10BAB000043A242A10D8132A13D91B2AC0E90044B7
:10BAC00016D9242AC0E902440ABFC0E9044400F19F
:10BAD000100200F1180205E02146FBF7DBFD2846C5
:10BAE00038BD02460023C2E900339360284638BDC2
:10BAF00000F10802F6E7FBF7A9FE0C23036000251E
:10BB0000284638BD2DE9F84F1646002900F09680EA
:10BB10000C46804606F10B05FCF7E8FA54F8041CC5
:10BB2000162DA4F1080921F0030758D81025AE42BC
:10BB300058D8AF4260DABE4B9A6809EB070C6245F1
:10BB4000DCF8040000F0908020F0010363445B689F
:10BB5000DB0768D420F003003B189D4247DDCB078C
:10BB600012D454F8083CA9EB030BDBF8043023F0A3
:10BB70000302104400EB070A554540F3F68007EB3B
:10BB8000020A554540F3CC8031464046FBF7FCFFA6
:10BB90000646002800F0208154F8043C23F00103FD
:10BBA0004B44A0F10802934200F0B4803A1F242ACB
:10BBB00000F2D780132A00F2A280034622461168C1
:10BBC00019605168596092689A6021464046FBF7B7
:10BBD000DFFE4046FCF790FA3046BDE8F88F35F0BE
:10BBE0000705A4D50C23C8F80030002618E01F462E
:10BBF000DCE90223D3609A60D9F804307A1B0F2A5B
:10BC000003F0010309EB07001DD83B43C9F80430DA
:10BC1000436843F0010343604046FCF76DFA264653
:10BC20003046BDE8F88FC907AED454F8083CA9EBFC
:10BC3000030BDBF8043023F00302A0E7BDE8F84F64
:10BC40001146FBF7A1BF09EB05012B4342F00102AE
:10BC5000C9F804304A60436843F001034360083187
:10BC60004046FBF795FED7E720F00300C21905F127
:10BC7000100C624580F29180CA0785D454F8082CD4
:10BC8000A9EB020BDBF8042022F00302104400EBC6
:10BC9000070AD4453FF773AF5E46DBF80C1056F841
:10BCA000080F3A1F242AC160886000F2AE80132A70
:10BCB00040F2A9802168CBF808106168CBF80C101D
:10BCC0001B2A00F2A88008340BF1100221681160D1
:10BCD00061685160A16891600BEB0501AAEB050258
:10BCE00042F0010299604A60DBF8043003F001037E
:10BCF0002B434046CBF80430FCF7FEF990E723686D
:10BD00000360636843601B2A3CD804F1080200F119
:10BD1000080354E750F8043C23F003031F446BE787
:10BD20003A1F5E46DBF80C3056F8081F242ACB6019
:10BD3000996022D8132A1ED92368CBF8083063688B
:10BD4000CBF80C301B2A3BD808340BF110032268C7
:10BD50001A6062685A60A2689A6034465746D946AB
:10BD60004AE72146FFF7F8FD2FE7DCE902133A1F07
:10BD7000CB609960D5E73346E9E721463046FFF7C7
:10BD8000EBFDEAE7A3688360E368C360242A27D059
:10BD900004F1100200F1100311E709EB05019960AD
:10BDA000531B43F001034B6054F8043C03F00103C0
:10BDB0002B43404644F8043CFCF79EF926462FE707
:10BDC000A368CBF81030E368CBF81430242A10D0E5
:10BDD00010340BF11803BAE74046FCF78DF904E77D
:10BDE000236903616169416104F1180200F11803DC
:10BDF000E5E62369CBF818306369CBF81C301834BA
:10BE00000BF12003A3E7324660E721463046FFF7F7
:10BE1000A3FD074B60E7A168CBF81010E168CBF8F1
:10BE20001410242A06D010340BF118024EE700BF7C
:10BE3000F80100202269CBF818206269CBF81C2099
:10BE400018340BF1200241E72DE9F04F8BB0DDE90A
:10BE5000157A86461E46002F5AD0156800295CD0F8
:10BE6000149B002B69D0741E4EB3043DCDE9015ED6
:10BE7000DDF850B004910026039105920BE0039B7E
:10BE80000BBB019B1868002836D0DC4557D2013C1B
:10BE9000631C664613D0019B029853F8042F01934C
:10BEA000DAF8E0503B4607A9D7E90098A847421CBA
:10BEB00037D000EB060CDC45E1D9C7E900983046E5
:10BEC0000BB0BDE8F08F00280EDD049B019D1844E7
:10BED0005A1E07A900F1FF3E11F8013B02F8013F8D
:10BEE0007245F9D101950490059B1A6804321A60D5
:10BEF000019B18680028C8D10399059A01B1106008
:10BF00000CF1FF36002230463A600BB0BDE8F08FEE
:10BF1000156800F586770029A2D14FF0FF331493FE
:10BF2000A1E7DDF808E006468A2100223046CEF877
:10BF300000103A600BB0BDE8F08F149EBFE7664674
:10BF4000BDE700BF10B584B0054C06980090079877
:10BF50000190044800680294FFF776FF04B010BD1A
:10BF600000060020A00000200EB410B583B005AB81
:10BF7000064C53F8042B01930146206800F008F8A2
:10BF800003B0BDE8104003B0704700BFA000002020
:10BF90002DE9F04FC7B016AFCDE906218346082240
:10BFA000002138461C460C93FBF774FBBBF1000FD5
:10BFB00004D0DBF83430002B00F02786079B5A6E44
:10BFC000B3F90C30D00702D4990540F10A859E04DC
:10BFD00006D4079943F4005322F400528B814A6639
:10BFE000950400F1C386079AB2F90C30190740F1A5
:10BFF000CB801269002A00F0C78003F01A020A2AD7
:10C0000000F0D18000239E46CDE90FEECDE91B3331
:10C01000DFF8F8A8CDF838E01DAB1A939946CDF8B3
:10C0200020E0CDF834E0069DDAF8E440FDF790FF1B
:10C03000009703462A4614A95846A047002800F056
:10C04000D180C0F2C780149A252A034601D01D442E
:10C05000EAE7069BEE1A044640F0C88000234FF042
:10C06000FF316A788DF84B3009936C1C059103936E
:10C070000134A2F120035A2B00F2F980DFE813F01B
:10C080006002F700F7005A02F700F700F7006A00B5
:10C09000F700F700E801F901F700F3010402F700E7
:10C0A000FE015B005B005B005B005B005B005B0014
:10C0B0005B005B00F700F700F700F700F700F70000
:10C0C000F700F700F7009D016A02F700F700F7009C
:10C0D000F700F700F700F700F700F700F70020027D
:10C0E000F700F700F7007601F7008D02F700F70080
:10C0F000E704F700F700F700F700F700F700F70094
:10C10000F700F700F7009D01C201F700F700F70004
:10C110008402C2017E00F7000A03F700FB02E40478
:10C12000DA027E00F70076017C00E104F700F700F8
:10C130000A05F7007C00A2F13003002114F8012B5E
:10C1400001EB810103EB4101A2F13003092BF5D989
:10C1500009918EE75846FDF701FF43680F93184693
:10C16000F4F74EFB109005465846FDF7F7FE83683E
:10C170000E93002D40F05684227879E7039B2278B5
:10C1800043F02003039373E7079D5846294601F0C7
:10C1900003F8002840F01E86B5F90C3003F01A02AF
:10C1A0000A2A7FF42FAF0799B1F90E20002AFFF673
:10C1B00029AF4A6ED60702D49D0540F1CB85DDE953
:10C1C00006212346584600F017FE0890089847B00D
:10C1D000BDE8F08F082200213846FBF75BFA012307
:10C1E0001D4421E7069BEE1A044612D0069BC9E9BE
:10C1F00000361C9B33441C931B9B0133072B1B9362
:10C2000011DC09F10809089B33440893002C7FF4E2
:10C2100025AF1C9B002B40F0B885079B0022B3F98B
:10C220000C301B9218E007991AAA584600F024FE19
:10C2300078B90DF17409E6E707991AAA584600F093
:10C240001BFE00287ED00B9B1BB10B995846FBF7B9
:10C250009FFB079BB3F90C30079A526ED1077CD530
:10C260005B0600F18D85089847B0BDE8F08F069415
:10C27000002ACED000238DF84B3001238DF8B42056
:10C2800004930A932DAC00230B930593039810F0AD
:10C290008408DDE91B2105D10998049D451B002D6B
:10C2A00000F3D6829DF84B0078B1013201200131B4
:10C2B000C9F80400072A0DF14B00CDE91B21C9F88C
:10C2C000000000F3FA8209F108097BB1013213A8DA
:10C2D0000231C9F80000072A4FF00200CDE91B2106
:10C2E000C9F8040000F3F88209F10809B8F1800FD9
:10C2F00000F00C82059B0A981D1A002D00F34A825B
:10C300000A9BC9F8004001321944072ACDE91B21D4
:10C31000C9F8043000F3798209F10809039B580732
:10C3200005D5099B049A9C1A002C00F3E282DDE9F2
:10C33000083204988242ACBF9B181B18089300294E
:10C340007FF47AAF00231B930B9B1BB10B995846CC
:10C35000FBF71EFB0DF1740965E69A0580D4079C76
:10C36000A06DFBF7A7FAB4F90C3079E70C9E0694A0
:10C3700056F8044B00238DF84B30002C00F05D8400
:10C38000532A00F0A283039B13F0100540F09D8315
:10C39000059B002BC0F2CD841A4629462046F4F7AF
:10C3A000CFF90B90002800F00685031BCDE90A3574
:10C3B00023EAE373049300F09DBC0C9B0694432A8C
:10C3C00003F1040503D0039BD80640F167830822DC
:10C3D000002118A8FBF75EF90C9B2DAC1A682146CA
:10C3E00018AB5846FFF726FA034601330A9000F0CF
:10C3F000D6840A9B23EAE373049300230C958DF8FB
:10C400004B3040E7039B0694990640F1AC800C9BAF
:10C41000073323F0070319465A6851F8083B0C917B
:10C420001146002AC0F23F81059A002AC0F24881D5
:10C43000039A22F08002039253EA010240F0408105
:10C44000059B002B40F08B8404930A9346AC49E192
:10C450000C9B53F8042B0992002A80F2BA82099AA5
:10C460000C9352420992039B227843F004030393F6
:10C47000FEE52B2322788DF84B30F9E5039B2278DB
:10C4800043F080030393F3E5204610F8012B2A2A9A
:10C4900000F09584A2F13003092B98BF002100F22F
:10C4A000608410F8012B01EB810103EB4101A2F143
:10C4B0003003092BF5D941EAE17305930446D8E529
:10C4C000039B069443F0100212F0200100F0518209
:10C4D0000C9B073323F007031846596850F8083BB4
:10C4E0000C9022F480640394059C002084428DF813
:10C4F0004B007CDB53EA010422F4906240F081831C
:10C50000039C0392059B002B69D1002840F05C82BC
:10C5100014F001020A9200F0608230238DF8173186
:10C520009DF84B3004920DF21714002B40F0DF8081
:10C530000B93E1E0039B227843F00103039397E51B
:10C540009DF84B302278002B7FF492AD20238DF89C
:10C550004B308DE5039B069443F010030393039B3C
:10C5600099063FF554AF0C9A52F8043B0C92039A8B
:10C57000D20600F14382039A560640F13B8243F310
:10C58000C0310A461BB24CE72278039B682A00F0B0
:10C59000958243F0400303936AE5039B069443F0BE
:10C5A000100414F0200100F0F3810C9B073323F0FA
:10C5B00007031A46596852F8083B0C9200228DF87E
:10C5C0004B20059A002AC0F21E8324F080020392B9
:10C5D00053EA010274D1059B0120002B95D001285C
:10C5E00000F0BD8300230228194600F01A8146ACF2
:10C5F00003F00702DB0843EA4173C908303253EA0B
:10C600000105204604F8012DF2D1039BDD0740F11E
:10C610001681302A00F013813023059A04F8013C7A
:10C62000023846AB1B1A9A42B8BF1A460A93044610
:10C63000049257E0039B0C9A069443F00203039381
:10C6400052F8043B0C9247F63002ADF84C20AD4A4C
:10C650000D92002100228DF84B20059A002AC0F28D
:10C66000E080039C53EA010024F08002039240F032
:10C67000D880022046E7039B06949C0640F1C181C6
:10C680000C9B089A1B681A60D2175A600C9B0433E3
:10C690000C93C8E42278039B6C2A00F0088243F0D4
:10C6A00010030393E4E42D228DF84B20059A5B429E
:10C6B00061EB4101002A03DB039A22F0800203921E
:10C6C0000A2B71F1000280F039823033DBB28DF831
:10C6D0001731059B012BB8BF0123049301230A9353
:10C6E0000DF217149DF84B30002B3FF421AF0023BF
:10C6F0000B93049B01330493039B13F002033FF459
:10C70000C5AD049B023304930223BFE5099B049843
:10C710001D1A002D7FF7EEAD102DDFF8EC8126DD20
:10C7200040464B46A046DDF81C901026044604E027
:10C73000103D102D03F1080315DD01321031072AD9
:10C74000C3E90046CDE91B21F2DD1AAA4946584645
:10C7500000F092FB00287FF476AD103D102DDDE94E
:10C760001B211DABE9DC994623464446984601321D
:10C770002944072ACDE91B21C9F80080C9F80450D3
:10C7800000F34882059B0A981D1A002D09F108093B
:10C790007FF7B6AD102DDFF8708128DD4B461026EF
:10C7A000A9462546079C06E0A9F11009B9F1100F2A
:10C7B00003F1080318DD013253481031072AC3E999
:10C7C0000006CDE91B21EFDD1AAA2146584600F0EC
:10C7D00053FB00287FF437ADA9F11009B9F1100F10
:10C7E000DDE91B211DABE6DC2C464D4699460132A6
:10C7F0002944072ACDE91B21C9F80080C9F8045053
:10C8000000F3D58009F108097AE507991AAA584674
:10C8100000F032FB00287FF416AD1C990DF174096D
:10C820007CE50D9846AC03F00F021B09825C04F80E
:10C83000012D43EA0173090953EA0102F3D1059A74
:10C8400046AB1B1B9A42B8BF1A460A93049249E7AB
:10C85000102D2F4E23DD48461193A146079C04E07E
:10C86000103D102D00F1080016DD013210311023AB
:10C87000072ACDE91B2106604360F1DD1AAA214693
:10C88000584600F0F9FA00287FF4DDAC103D102D79
:10C89000DDE91B211DA8E8DC119B4C4681460132D5
:10C8A0002944072ACDE91B21C9F80060C9F80450C2
:10C8B00000F3978109F10809F4E4079911931AAA82
:10C8C000584600F0D9FA00287FF4BDACDDE91B2101
:10C8D000119B0DF17409F8E407991AAA584600F063
:10C8E000CBFA00287FF4AFACDDE91B210DF1740910
:10C8F000FCE4102C1B9B064E28DDDDF81C80102567
:10C900000DE000BF90D800086CDC00080006002095
:10C910007CDC0008103C102C09F1080916DD0133FD
:10C920001031072BC9E90065CDE91B31F2DD1AAAE8
:10C930004146584600F0A0FA00287FF484AC103C31
:10C94000102CDDE91B310DF17409E8DC01332144C1
:10C95000072BC9E90064CDE91B317FF7E8AC0799E3
:10C960001AAA584600F088FA00287FF46CAC1C998B
:10C97000DDE40C9850F8043B0C9012F010007FF4AA
:10C98000B0AD12F0400400F062819BB20146A8E510
:10C990000C9A52F8043B0C9214F010027FF40EAE85
:10C9A00014F0400000F059819BB2114606E6079949
:10C9B0001AAA584600F060FA00287FF444ACDDE97A
:10C9C0001B210DF174099BE4059B04930A9346AC6B
:10C9D00088E622780C93FFF74BBB059B049346AC8B
:10C9E00080E6079DA86DFAF763FFB5F90C306A6E13
:10C9F000FFF7EDBA039A950500F18781D9170A462A
:10CA00000FE5039BD80600F11381039B590600F143
:10CA10008B81039B9A0540F10B810C9B089A1B6844
:10CA20001A7033E60E9B2278002B3FF421AB1B7863
:10CA3000002B3FF41DAB039B43F480630393FFF78C
:10CA400017BB0694039CACE5039A06943CE5B24BF5
:10CA500006940D93039B13F020015FD00C9B0733CA
:10CA600023F007031846596850F8083B0C90039CC4
:10CA7000E6070AD553EA010007D08DF84D2044F0AF
:10CA80000202039230228DF84C20039A22F4806235
:10CA90000392DFE5A14B06940D93DBE70C9B1B682B
:10CAA0008DF8B430012304930A932DACA5E443F030
:10CAB0002003627803930134FFF7DABA43F400737A
:10CAC000627803930134FFF7D3BA0822002118A833
:10CAD0001594FAF7DFFD059B002BC0F2DC800025E2
:10CAE000CDF81090A84699460EE02DA95846FEF7BD
:10CAF000A1FE431C404400F05281484509DC05F189
:10CB0000040500F054818046159A525918AB002A4A
:10CB1000EBD1DDF81090CDF82880C9E00C9850F8E2
:10CB2000043B0C90039810F01000A0D1039911F071
:10CB3000400400F099809BB2014698E7039ACDF833
:10CB4000109046AC02F48062A146CDF828B0744E35
:10CB5000DDF838B04FF0000C144605E00A2B71F1F7
:10CB6000000136D3434629465A1842F10002A6FB7B
:10CB7000020525F0030000EB9500121A981A4FF0F9
:10CB8000CC3561F1000E05FB00F506FB0E55A0FB50
:10CB90000680054408F0010E0520AEFB000E80184B
:10CBA0004FEA5808303009F8010C48EAC5780CF112
:10CBB000010C09F1FF396D08002CCFD09BF8002043
:10CBC0006245CBD1BCF1FF0FC8D00A2B71F1000137
:10CBD00051D2CDF838B04C46DDF828B0DDF81090D1
:10CBE0002DE6079911931AAA584600F045F9002836
:10CBF0007FF429ABDDE91B21119B0DF17409FFF7CF
:10CC000051BB0392F3E403945AE55846FAF792FCB9
:10CC1000FFF7D4B907991AAA584600F02DF9002851
:10CC20007FF411ABDDE91B210DF17409FFF762BB45
:10CC30000C9B089A1B681A6028E5059B394C0C96DA
:10CC4000062B28BF06230A930493FFF71CBB12F49C
:10CC500000711CBFDBB2214643E414F400713FF4C1
:10CC6000ADACDBB20146A9E4039911F400711CBF1D
:10CC7000DBB22146FBE6109B0F99A9EB03091A468C
:10CC80004846FDF731F99BF801300BB10BF1010B70
:10CC90004FF0000C66E718AB00930023194615AA65
:10CCA0005846FEF7EDFD034601330A9077D0159400
:10CCB0000A9BE3B1632B45DC00230B932DAC0822C8
:10CCC000002118A8FAF7E6FC0A9D18AB009315AAF4
:10CCD0002B4621465846FEF7D3FD854240F085801D
:10CCE0000A9A0023A35422EAE273049302E00A9B07
:10CCF00004930B939DF84B301BB100230C960593C6
:10CD0000F7E405930C96FFF7C1BA43F3C0110A4646
:10CD10005BB2FFF786BB00BFA4D8000890D800081C
:10CD2000CDCCCCCCB8D800080C9B089A1B681A80D4
:10CD3000ACE42046F3F764FD20EAE073CDE90A0590
:10CD40000493D7E7591C5846FAF71EFF044630B340
:10CD50000B90B4E7886DFAF7ADFDFFF730BA3023DA
:10CD6000B5E4002304460593FFF783B9D40707D43D
:10CD7000079B9B89980503D4079B986DFAF79AFD4A
:10CD80004FF0FF330893FFF76EBA07991AAA584677
:10CD900000F072F800283FF440AAFFF75ABA079A49
:10CDA000B2F90C3043F040039381FFF755BADDE947
:10CDB00004930A937CE7059B04930A939AE70C9BE0
:10CDC000627853F8041B0C9341EAE1710446059123
:10CDD000FFF74EB9079A536EDB07D1D493899F05AD
:10CDE000CED4906DFAF766FDCAE7079A938943F0AF
:10CDF00040039381FFF727BAF0B51F468B89ADF248
:10CE00006C4D23F00203ADF80C301AAB0093049381
:10CE10004FF48063029305934B6E1993CB89ADF861
:10CE20000E30CB6907934B6A0993154600230646DB
:10CE300016A80C460693FAF737FD2A463B46694684
:10CE40003046FFF7A5F8051E07DB69463046FDF7BB
:10CE500021F8002818BF4FF0FF35BDF80C305B06F5
:10CE600003D5A38943F04003A3811698FAF71EFD6A
:10CE700028460DF26C4DF0BD936810B514461BB9F1
:10CE800018460023636010BD00F006F80023A3607D
:10CE90000023636010BD00BF9368002B00F0F88092
:10CEA0002DE9F04FB1F90CC01CF0080F83B090468B
:10CEB00081460C4631D00B697BB31CF00207D8F8D1
:10CEC000006038D00027D4F824B0E169DFF8C4A2AC
:10CED0003D4655452B463A4628BF53464846C5B1C0
:10CEE000D847002840F3CA80D8F808301B1A0744F6
:10CEF0002D1AC8F80830002B00F0B68055452B4697
:10CF0000D4F824B0E16928BF53463A464846002D7C
:10CF1000E6D1D6E900750836DBE72146484600F041
:10CF20003BF9002840F0AF80B4F90CC0D8F800609D
:10CF30001CF00207C6D11CF0010A63D12368A16866
:10CF4000574618468B46002F58D01CF4007F00F03F
:10CF5000B580B9420A4600F2E1801CF4906F2FD0F0
:10CF6000216962695D1A02EB420202EBD2726B1C0C
:10CF700052103B44934292BF93469B461A461CF480
:10CF8000806F00F0EA8011464846FAF7FDFD002860
:10CF900000F0F9802A4621690090F3F737FBA28957
:10CFA000009B22F4906242F08002A2815819ABEB00
:10CFB0000505C4F814B02361A5602060BB463A465D
:10CFC00051460092FEF7C8FCA1682368009AA1EBC5
:10CFD0000B011A443D46A16022600027D8F80830B2
:10CFE0005B1BAA44C8F80830002B3DD02368A16819
:10CFF000B4F90CC018468B46002FA6D1D6E900A77D
:10D0000008369EE73846BB463D460097002D41D086
:10D01000002846D0009A2068A168D4E90473AA4287
:10D0200028BF2A46B84204D901EB030A524500F34F
:10D030008580934275DCE169676A5A464846B8477D
:10D04000B0F1000A1ADD009BB3EB0A0300930FD086
:10D050000120D8F80830A3EB0A03D344A5EB0A0556
:10D06000C8F80830002BD1D1002003B0BDE8F08F04
:10D0700021464846FCF70EFF0028EAD0B4F90C30F0
:10D0800043F04003A3814FF0FF3003B0BDE8F08FC1
:10D0900000207047756833460836002DFAD0D3F863
:10D0A00000B02A460A215846F3F74AFB002867D009
:10D0B0000130A0EB0B0300931A46ACE722699A42B9
:10D0C00014D36269BA4211D86FF00043BB4228BF43
:10D0D0003B46656A93FBF2F3E16902FB03F34846C2
:10D0E0005246A847051EC9DD7F1B77E7B94228BF16
:10D0F00039460D4618460A465146FEF72DFCA168F2
:10D100002368491B2B44A16023600029ECD12146F0
:10D110004846FCF7BFFE0028E6D0AFE7BB463A46DC
:10D120004EE759460192FEF717FC019AA3689B1A35
:10D13000A360236813442360924684E7594652460D
:10D14000FEF70AFC23685344236021464846FCF757
:10D15000A1FE00283FF477AF90E74846FEF7D2FCE7
:10D16000034600287FF422AF21694846FAF710FCF5
:10D17000B4F90C300C22C9F8002023F080037FE7BB
:10D180006A1C009247E70C22B4F90C30C9F8002061
:10D1900076E700BF00FCFF7F38B52F4B1B680546C4
:10D1A0000C4613B15A6B002A4BD0B4F90C30180757
:10D1B0001CD5226922B313F0010107D06169002058
:10D1C0004942A060A1613AB1002038BD980758BF1C
:10D1D0006169A160002AF7D1190658BF1046F4D53D
:10D1E00043F04003A3814FF0FF3038BDD9062CD562
:10D1F0005A0712D4226943F00803A381002ADAD126
:10D2000003F42071B1F5007FD5D02146284600F007
:10D210002DF8B4F90C302269CDE7216B51B104F13E
:10D220004002914204D02846FAF7B2FBB4F90C3020
:10D230000022226322690021C4E9002123F0240393
:10D24000D9E71846FAF776F9AFE7092243F0400329
:10D250002A60A381C7E700BFA000002008B5062010
:10D2600000F072F80120F4F7E9FA00BF2DE9F0416F
:10D27000B1F90C300C46990796B008D504F1430378
:10D280000122C4E90432236016B0BDE8F081B4F98C
:10D290000E100029064626DB6A4600F081F80028B9
:10D2A0001FDB019D05F47045A5F50055B5FA85F520
:10D2B0004FF480686D094FF4006741463046FAF735
:10D2C00063FCE8B1B4F90C30C4F8148043F0800377
:10D2D00020602061A3813DBB3B43A38116B0BDE824
:10D2E000F081B4F90C3013F0800519D04FF04008EC
:10D2F0000025414630462F46FAF746FC0028E1D18A
:10D30000B4F90C309A05BFD423F0030304F14302AF
:10D3100043F002030121C4E90421A3812260B3E7A1
:10D320004FF480682F46C8E7B4F90E10304600F07D
:10D330004DF810B9B4F90C30CEE7A38923F00303FC
:10D3400043F001031BB2C7E738B5144B1F281D6813
:10D350001ED8D5F83821044662B152F820304BB1BE
:10D36000012B05D0591C0FD0002142F820109847FE
:10D37000002038BD284600F051F8224601462846D4
:10D38000BDE8384000F034B816232B60012038BDCA
:10D3900016232B604FF0FF3038BD00BFA0000020E7
:10D3A00070B50C46084D03460026204611461C4623
:10D3B0002E60F4F76AFA431C00D070BD2B68002B76
:10D3C000FBD0236070BD00BF3C79002038B5074D0D
:10D3D0000022044608462A60F4F75CFA431C00D099
:10D3E00038BD2B68002BFBD0236038BD3C79002072
:10D3F00070B50C46084D03460026204611461C46D3
:10D400002E60F4F713FA431C00D070BD2B68002B7C
:10D41000FBD0236070BD00BF3C790020F4F704BA54
:10D4200008B52DED028BB0EE408A00F033F8B4EE73
:10D43000488AF1EE10FAF0EE408A0AD6B0EE480AB9
:10D4400000F01AF8F7EE007AB4EEE70AF1EE10FAFF
:10D4500004DCB0EE680ABDEC028B08BDFAF7F6F901
:10D46000BDEC028B034621221A600248BDE8084049
:10D4700000F00AB8F4D9000810EE103A23F0004387
:10D4800000EE103A704700BF9FED010A704700BFE1
:10D490000000C07F08B510EE102A22F00043B3F15F
:10D4A0007E5F2DED028B12D00AD8B3F17C5F19D2CA
:10D4B000B3F10C5F6AD8BDEC028B9FED760A08BD14
:10D4C00070EE407A87EEA70ABDEC028B08BDBDEC7A
:10D4D000028B9FED710ADFED717A002AC8BFB0EEB2
:10D4E000670A08BD002AC0F28E80F7EE008A38EE87
:10D4F000C00AF6EE007A20EE278AB0EE480A00F065
:10D50000EBF8DFED677A9FED677ADFED676ADFEDB5
:10D51000675A9FED676AA8EE277ADFED667AE7EE35
:10D52000086AE8EE067AE6EE885A9FED636A9FED98
:10D53000637ADFED636AA5EE886AA7EE887ADFED8D
:10D54000617AE6EE087A10EE103AE7EE086A6FF3B9
:10D550000B03B0EE677A07EE903AF0EE485AE7EE2A
:10D56000E75AE6EE888A30EE276A27EE087AC5EE9B
:10D57000866A87EE286ABDEC028BB0EE667AA0EE72
:10D58000067A37EE870A30EE000A08BD20EE007AF0
:10D59000DFED437A9FED436ADFED436A9FED445A26
:10D5A000DFED425AA7EE276ABDEC028BE6EE076A72
:10D5B000DFED407A9FED416AE7EE057AE6EE875AA5
:10D5C000A7EE876A9FED3C5ADFED3D7ADFED3D6ABD
:10D5D000A5EE875AE6EE077AE5EE076AF7EE005AFF
:10D5E000E7EE875A26EE877A9FED376ADFED377AC6
:10D5F000C7EE256AB0EE467AA0EE667A30EE470AAC
:10D6000037EEC00A08BDB7EE007A30EE070AF6EE34
:10D61000007A60EE277ADFED226A9FED226ADFED65
:10D62000224ADFED235A9FED215A9FED268AA7EE6D
:10D63000A66ADFED206AE6EE274AE7EEA56ADFED8F
:10D640001F5A9FED1D6AA4EEA75AE6EEA75ADFED1A
:10D650001C6AA5EE276AE5EEA76AA6EE278AA6EE63
:10D66000A77A28EE278AF0EE478AB0EE670A00F024
:10D6700033F888EE286A9FED167ADFED167AA0EE71
:10D68000067AF0EE006A37EE007AE7EE667AB0EEE0
:10D69000670A19E7DB0FC93FDB0F494000000000B4
:10D6A00008EF1138047F4F3A461124BDA80A4E3EB8
:10D6B0002EC69D3D613330BF90B0A6BE2D570140B0
:10D6C00039D119C0ABAA2A3E6821A233DA0FC93F6B
:10D6D0006821A2B3DA0F4940B1EEC00A704700BF1B
:10D6E000F8B500BFF8BC08BC9E467047F8B500BF4F
:08D6F000F8BC08BC9E4670471F
:10D6F80058D800085D110008000000000000000074
:10D7080080000000000000000000000048D8000869
:10D718006D630008FDFF00000000000080000000AD
:10D72800000000000000000038D80008E970000878
:10D73800FDFF0000000000000001000000000000E4
:10D74800000000002CD80008096B0008FDFF00004D
:10D758000000000080000000000000000000000041
:10D768001CD800085D650008FDFF000000000000EF
:10D7780080000000000000000000000014D800082D
:10D78800495F0008FDFF00000000000000010000E4
:10D79800000000000000000010D80008F96A000826
:10D7A800FDFF0000000000008000000000000000F5
:10D7B8000000000004D8000821630008FDFF0000F5
:10D7C8000000000000010000000000000000000050
:10D7D800F4D7000899600008FDFF00000000000071
:10D7E8008000000000000000000000006368617312
:10D7F8007369735F76785F7461736B00696D755FC9
:10D80800646174610000000065727200636861738E
:10D8180073697300646D5F73656E745F7461736BB5
:10D82800000000006765745F72635F7461736B006A
:10D83800756172745F73656E745F746573740000EC
:10D84800626F6172645F4C45445F7461736B000082
:10D8580064656661756C745461736B0049444C452A
:10D8680000000000FFFFFFFFFFFFFF0025662C25DB
:10D87800662C2564200D0A00494E4600696E660034
:10D888004E414E006E616E003031323334353637DA
:10D8980038396162636465660000000030313233F4
:10D8A8003435363738394142434445460000000094
:10D8B800286E756C6C290000300000002E000000F6
:10D8C8004C435F434F4C4C41544500004C435F432D
:10D8D80054595045000000004C435F4D4F4E45548D
:10D8E800415259004C435F4E554D45524943000043
:10D8F8004C435F54494D45004C435F4D455353419C
:10D9080047455300496E66696E69747900000000E6
:10D918004E614E0042616C6C6F6320737563636582
:10D9280065646564000000002F646174612F6A6596
:10D938006E6B696E732F776F726B73706163652F8F
:10D94800474E552D746F6F6C636861696E2F6172F5
:10D958006D2D31332F7372632F6E65776C69622D6D
:10D9680063796777696E2F6E65776C69622F6C696A
:10D9780062632F7374646C69622F64746F612E63C1
:10D98800000000002F646174612F6A656E6B696E18
:10D99800732F776F726B73706163652F474E552DC8
:10D9A800746F6F6C636861696E2F61726D2D3133AE
:10D9B8002F7372632F6E65776C69622D6379677751
:10D9C800696E2F6E65776C69622F6C6962632F735D
:10D9D80074646C69622F6D707265632E6300000059
:10D9E8002C2066756E6374696F6E3A200000000023
:10D9F800617373657274696F6E20222573222066C5
:10DA080061696C65643A2066696C65202225732219
:10DA18002C206C696E65202564257325730A000027
:10DA280000000000010203040000000000000000E4
:10DA3800010203040607080900061016000610165E
:10DA480030303030303030303030303030303030CE
:10DA580020202020202020202020202020202020BE
:10DA680005000000190000007D0000000000000013
:10DA78000080E03779C34143176E05B5B5B89346C2
:10DA8800F5F93FE9034F384D321D30F94877825A8E
:10DA98003CBF737FDD4F1575000000000000F03FAC
:10DAA8000000000000002440000000000000594071
:10DAB8000000000000408F40000000000088C340C4
:10DAC80000000000006AF8400000000080842E4139
:10DAD80000000000D01263410000000084D7974185
:10DAE8000000000065CDCD41000000205FA002428B
:10DAF800000000E876483742000000A2941A6D4200
:10DB0800000040E59C30A2420000901EC4BCD642F2
:10DB180000003426F56B0C430080E03779C341439D
:10DB280000A0D8855734764300C84E676DC1AB4313
:10DB3800003D9160E458E143408CB5781DAF154431
:10DB480050EFE2D6E41A4B4492D54D06CFF080440C
:10DB5800F64AE1C7022DB544B49DD9794378EA4421
:10DB680000202020202020202020282828282820A5
:10DB7800202020202020202020202020202020209D
:10DB88002088101010101010101010101010101005
:10DB980010040404040404040404041010101010F5
:10DBA80010104141414141410101010101010101BF
:10DBB8000101010101010101010101011010101011
:10DBC8001010424242424242020202020202020291
:10DBD80002020202020202020202020210101010E5
:10DBE800200000000000000000000000000000000D
:10DBF800000000000000000000000000000000001D
:10DC0800000000000000000000000000000000000C
:10DC180000000000000000000000000000000000FC
:10DC280000000000000000000000000000000000EC
:10DC380000000000000000000000000000000000DC
:10DC480000000000000000000000000000000000CC
:10DC580000000000000000000000000000000000BC
:10DC6800000000003030303030303030303030306C
:10DC7800303030302020202020202020202020205C
:04DC88002020202018
:08DC8C008029FF7F0100000068
:08DC9400B9780008F10E000848
:04DC9C00C90E0008A5
:10DCA0000024F4000100000010000000AAAAAAAAA3
:10DCB0000000F04100000000000000000000804073
:10DCC0008FC2F53C000000000000F04100000000A1
:10DCD00000000000000080408FC2F53C0000000002
:10DCE0000000F04100000000000000000000A04023
:10DCF0008FC2F53C000000000000F0410000000071
:10DD0000000000000000A0408FC2F53C00000000B1
:10DD10000080BB4500000000000000009A99193EF9
:10DD200000000000000000006F12033B6F12033B75
:10DD30000000000000000000030000000078002048
:10DD4000A800002000000000000000000078002073
:10DD500068780020D078002000000000000000005B
:10DD600000000000000000000000000000000000B3
:10DD700000000000000000000000000000000000A3
:10DD80000000000000000000000000000000000093
:10DD90000000000000000000000000000000000083
:10DDA0000000000000000000000000000000000073
:10DDB0000000000000000000000000000000000063
:10DDC0000000000000000000000000000000000053
:10DDD0000000000000000000000000000000000043
:10DDE00001000000000000000E33CDAB34126DE6E0
:10DDF000ECDE05000B000000000000000000000049
:10DE00000000000000000000000000000000000012
:10DE10000000000000000000000000000000000002
:10DE200000000000000000000000000000000000F2
:10DE300000000000000000000000000000000000E2
:10DE400000000000000000000000000000000000D2
:10DE500000000000000000000000000000000000C2
:10DE600000000000000000000000000000000000B2
:10DE700000000000000000000000000000000000A2
:10DE8000000000000000000044790020FFFFFFFFB9
:10DE90000000020000000000000000000000000080
:10DEA000F8010020F80100200002002000020020FC
:10DEB00008020020080200201002002010020020AA
:10DEC000180200201802002020020020200200205A
:10DED000280200202802002030020020300200200A
:10DEE00038020020380200204002002040020020BA
:10DEF000480200204802002050020020500200206A
:10DF00005802002058020020600200206002002019
:10DF100068020020680200207002002070020020C9
:10DF20007802002078020020800200208002002079
:10DF30008802002088020020900200209002002029
:10DF40009802002098020020A0020020A0020020D9
:10DF5000A8020020A8020020B0020020B002002089
:10DF6000B8020020B8020020C0020020C002002039
:10DF7000C8020020C8020020D0020020D0020020E9
:10DF8000D8020020D8020020E0020020E002002099
:10DF9000E8020020E8020020F0020020F002002049
:10DFA000F8020020F80200200003002000030020F7
:10DFB00008030020080300201003002010030020A5
:10DFC0001803002018030020200300202003002055
:10DFD0002803002028030020300300203003002005
:10DFE00038030020380300204003002040030020B5
:10DFF0004803002048030020500300205003002065
:10E000005803002058030020600300206003002014
:10E0100068030020680300207003002070030020C4
:10E020007803002078030020800300208003002074
:10E030008803002088030020900300209003002024
:10E040009803002098030020A0030020A0030020D4
:10E05000A8030020A8030020B0030020B003002084
:10E06000B8030020B8030020C0030020C003002034
:10E07000C8030020C8030020D0030020D0030020E4
:10E08000D8030020D8030020E0030020E003002094
:10E09000E8030020E8030020F0030020F003002044
:10E0A000F8030020F80300200004002000040020F2
:10E0B00008040020080400201004002010040020A0
:10E0C0001804002018040020200400202004002050
:10E0D0002804002028040020300400203004002000
:10E0E00038040020380400204004002040040020B0
:10E0F0004804002048040020500400205004002060
:10E10000580400205804002060040020600400200F
:10E1100068040020680400207004002070040020BF
:10E12000780400207804002080040020800400206F
:10E13000880400208804002090040020900400201F
:10E140009804002098040020A0040020A0040020CF
:10E15000A8040020A8040020B0040020B00400207F
:10E16000B8040020B8040020C0040020C00400202F
:10E17000C8040020C8040020D0040020D0040020DF
:10E18000D8040020D8040020E0040020E00400208F
:10E19000E8040020E8040020F0040020F00400203F
:10E1A000F8040020F80400200005002000050020ED
:10E1B000080500200805002010050020100500209B
:10E1C000180500201805002020050020200500204B
:10E1D00028050020280500203005002030050020FB
:10E1E00038050020380500204005002040050020AB
:10E1F000480500204805002050050020500500205B
:10E20000580500205805002060050020600500200A
:10E2100068050020680500207005002070050020BA
:10E22000780500207805002080050020800500206A
:10E23000880500208805002090050020900500201A
:10E240009805002098050020A0050020A0050020CA
:10E25000A8050020A8050020B0050020B00500207A
:10E26000B8050020B8050020C0050020C00500202A
:10E27000C8050020C8050020D0050020D0050020DA
:10E28000D8050020D8050020E0050020E00500208A
:10E29000E8050020E8050020F0050020F00500203A
:10E2A000430000000000000000000000000000002B
:10E2B000000000000000000000000000000000005E
:10E2C000430000000000000000000000000000000B
:10E2D000000000000000000000000000000000003E
:10E2E00043000000000000000000000000000000EB
:10E2F000000000000000000000000000000000001E
:10E3000043000000000000000000000000000000CA
:10E3100000000000000000000000000000000000FD
:10E3200043000000000000000000000000000000AA
:10E3300000000000000000000000000000000000DD
:10E34000430000000000000000000000000000008A
:10E3500000000000000000000000000000000000BD
:10E36000430000000000000000000000000000006A
:10E37000000000000000000000000000000000009D
:10E3800019B8000861B000080000000068DB000850
:10E39000C4D80008F4D90008F4D90008F4D900085A
:10E3A000F4D90008F4D90008F4D90008F4D9000819
:10E3B000F4D90008F4D90008FFFFFFFFFFFFFFFFBB
:10E3C000FFFFFFFFFFFF00000100415343494900E9
:10E3D000000000000000000000000000000000003D
:10E3E00000000000000000000000415343494900C4
:10E3F000000000000000000000000000000000001D
:0CE4000000000000000000000000000010
:04000005080020517E
:00000001FF
